ts,datetime,connections_30s,unique_dst_ports_30s,unique_dst_ips_30s,failed_conn_rate_30s,dns_rate_30s,avg_conn_duration_30s,outbound_ratio_30s,bytes_per_sec_30s,port_entropy_30s,burst_score_30s,conn_rate_per_ip_30s,unique_ports_per_ip_30s,connections_1m,unique_dst_ports_1m,unique_dst_ips_1m,failed_conn_rate_1m,dns_rate_1m,avg_conn_duration_1m,outbound_ratio_1m,bytes_per_sec_1m,port_entropy_1m,burst_score_1m,conn_rate_per_ip_1m,unique_ports_per_ip_1m,connections_5m,unique_dst_ports_5m,unique_dst_ips_5m,failed_conn_rate_5m,dns_rate_5m,avg_conn_duration_5m,outbound_ratio_5m,bytes_per_sec_5m,port_entropy_5m,burst_score_5m,conn_rate_per_ip_5m,unique_ports_per_ip_5m,flag_port_scan,flag_brute_force,flag_burst,flag_dns_flood,flag_any
1778619843.626654,2026-05-13 00:04:03,0,0,0,0.0,0.0,0.0,0.0,0.0,0.0,0.0,0.0,0,0,0,0,0.0,0.0,0.0,0.0,0.0,0.0,0.0,0.0,0,14,2,3,0.0,0.04,0.1047,0.1429,5.6,0.037,0.3173,0.04,1,0,0,0,0,0
1778619873.626654,2026-05-13 00:04:33,0,0,0,0.0,0.0,0.0,0.0,0.0,0.0,0.0,0.0,0,0,0,0,0.0,0.0,0.0,0.0,0.0,0.0,0.0,0.0,0,14,2,3,0.0,0.04,0.1047,0.1429,5.6,0.037,0.3173,0.04,1,0,0,0,0,0
1778619903.626654,2026-05-13 00:05:03,0,0,0,0.0,0.0,0.0,0.0,0.0,0.0,0.0,0.0,0,0,0,0,0.0,0.0,0.0,0.0,0.0,0.0,0.0,0.0,0,2,1,2,0.0,0.0,0.1179,1.0,0.13,0.0,0.0,0.0033,1,0,0,0,0,0
1778619933.626654,2026-05-13 00:05:33,0,0,0,0.0,0.0,0.0,0.0,0.0,0.0,0.0,0.0,0,0,0,0,0.0,0.0,0.0,0.0,0.0,0.0,0.0,0.0,0,0,0,0,0.0,0.0,0.0,0.0,0.0,0.0,0.0,0.0,0,0,0,0,0,0
1778619963.626654,2026-05-13 00:06:03,0,0,0,0.0,0.0,0.0,0.0,0.0,0.0,0.0,0.0,0,0,0,0,0.0,0.0,0.0,0.0,0.0,0.0,0.0,0.0,0,0,0,0,0.0,0.0,0.0,0.0,0.0,0.0,0.0,0.0,0,0,0,0,0,0
1778619993.626654,2026-05-13 00:06:33,0,0,0,0.0,0.0,0.0,0.0,0.0,0.0,0.0,0.0,0,0,0,0,0.0,0.0,0.0,0.0,0.0,0.0,0.0,0.0,0,0,0,0,0.0,0.0,0.0,0.0,0.0,0.0,0.0,0.0,0,0,0,0,0,0
1778620023.626654,2026-05-13 00:07:03,0,0,0,0.0,0.0,0.0,0.0,0.0,0.0,0.0,0.0,0,0,0,0,0.0,0.0,0.0,0.0,0.0,0.0,0.0,0.0,0,0,0,0,0.0,0.0,0.0,0.0,0.0,0.0,0.0,0.0,0,0,0,0,0,0
1778620053.626654,2026-05-13 00:07:33,0,0,0,0.0,0.0,0.0,0.0,0.0,0.0,0.0,0.0,0,0,0,0,0.0,0.0,0.0,0.0,0.0,0.0,0.0,0.0,0,0,0,0,0.0,0.0,0.0,0.0,0.0,0.0,0.0,0.0,0,0,0,0,0,0
1778620083.626654,2026-05-13 00:08:03,0,0,0,0.0,0.0,0.0,0.0,0.0,0.0,0.0,0.0,0,0,0,0,0.0,0.0,0.0,0.0,0.0,0.0,0.0,0.0,0,0,0,0,0.0,0.0,0.0,0.0,0.0,0.0,0.0,0.0,0,0,0,0,0,0
1778620113.626654,2026-05-13 00:08:33,0,0,0,0.0,0.0,0.0,0.0,0.0,0.0,0.0,0.0,0,0,0,0,0.0,0.0,0.0,0.0,0.0,0.0,0.0,0.0,0,0,0,0,0.0,0.0,0.0,0.0,0.0,0.0,0.0,0.0,0,0,0,0,0,0
1778620143.626654,2026-05-13 00:09:03,0,0,0,0.0,0.0,0.0,0.0,0.0,0.0,0.0,0.0,0,0,0,0,0.0,0.0,0.0,0.0,0.0,0.0,0.0,0.0,0,0,0,0,0.0,0.0,0.0,0.0,0.0,0.0,0.0,0.0,0,0,0,0,0,0
1778620173.626654,2026-05-13 00:09:33,0,0,0,0.0,0.0,0.0,0.0,0.0,0.0,0.0,0.0,0,0,0,0,0.0,0.0,0.0,0.0,0.0,0.0,0.0,0.0,0,0,0,0,0.0,0.0,0.0,0.0,0.0,0.0,0.0,0.0,0,0,0,0,0,0
1778620203.626654,2026-05-13 00:10:03,1,1,1,0.0,0.0,0.0,0.0,3.73,0.0,0.0,0.0333,1,1,1,1,0.0,0.0,0.0,0.0,1.87,0.0,0.0,0.0167,1,1,1,1,0.0,0.0,0.0,0.0,0.37,0.0,0.0,0.0033,1,0,0,0,0,0
1778620233.626654,2026-05-13 00:10:33,0,0,0,0.0,0.0,0.0,0.0,0.0,0.0,0.0,0.0,0,1,1,1,0.0,0.0,0.0,0.0,1.87,0.0,0.0,0.0167,1,1,1,1,0.0,0.0,0.0,0.0,0.37,0.0,0.0,0.0033,1,0,0,0,0,0
1778620263.626654,2026-05-13 00:11:03,4,2,3,0.0,0.0,0.2538,0.75,7.73,0.0507,0.1197,0.0667,2,4,2,3,0.0,0.0,0.2538,0.75,3.87,0.0507,0.1197,0.0333,2,5,2,3,0.0,0.0,0.203,0.6,1.15,0.0451,0.1489,0.0067,2,0,0,0,0,0
1778620293.626654,2026-05-13 00:11:33,0,0,0,0.0,0.0,0.0,0.0,0.0,0.0,0.0,0.0,0,4,2,3,0.0,0.0,0.2538,0.75,3.87,0.0507,0.1197,0.0333,2,5,2,3,0.0,0.0,0.203,0.6,1.15,0.0451,0.1489,0.0067,2,0,0,0,0,0
1778620323.626654,2026-05-13 00:12:03,1,1,1,0.0,0.0,0.0,0.0,3.73,0.0,0.0,0.0333,1,1,1,1,0.0,0.0,0.0,0.0,1.87,0.0,0.0,0.0167,1,6,2,3,0.0,0.0,0.1692,0.5,1.52,0.0406,0.1109,0.01,2,0,0,0,0,0
1778620353.626654,2026-05-13 00:12:33,0,0,0,0.0,0.0,0.0,0.0,0.0,0.0,0.0,0.0,0,1,1,1,0.0,0.0,0.0,0.0,1.87,0.0,0.0,0.0167,1,6,2,3,0.0,0.0,0.1692,0.5,1.52,0.0406,0.1109,0.01,2,0,0,0,0,0
1778620383.626654,2026-05-13 00:13:03,1,1,1,0.0,0.0,0.0,0.0,3.73,0.0,0.0,0.0333,1,1,1,1,0.0,0.0,0.0,0.0,1.87,0.0,0.0,0.0167,1,7,2,3,0.0,0.0,0.145,0.4286,1.89,0.037,0.0925,0.0133,2,0,0,0,0,0
1778620413.626654,2026-05-13 00:13:33,0,0,0,0.0,0.0,0.0,0.0,0.0,0.0,0.0,0.0,0,1,1,1,0.0,0.0,0.0,0.0,1.87,0.0,0.0,0.0167,1,7,2,3,0.0,0.0,0.145,0.4286,1.89,0.037,0.0925,0.0133,2,0,0,0,0,0
1778620443.626654,2026-05-13 00:14:03,1,1,1,0.0,0.0,0.0,0.0,3.73,0.0,0.0,0.0333,1,1,1,1,0.0,0.0,0.0,0.0,1.87,0.0,0.0,0.0167,1,8,2,3,0.0,0.0,0.1269,0.375,2.27,0.034,0.081,0.0167,2,0,0,0,0,0
1778620473.626654,2026-05-13 00:14:33,0,0,0,0.0,0.0,0.0,0.0,0.0,0.0,0.0,0.0,0,1,1,1,0.0,0.0,0.0,0.0,1.87,0.0,0.0,0.0167,1,8,2,3,0.0,0.0,0.1269,0.375,2.27,0.034,0.081,0.0167,2,0,0,0,0,0
1778620503.626654,2026-05-13 00:15:03,1,1,1,0.0,0.0,0.0,0.0,3.73,0.0,0.0,0.0333,1,1,1,1,0.0,0.0,0.0,0.0,1.87,0.0,0.0,0.0167,1,8,2,3,0.0,0.0,0.1269,0.375,2.27,0.034,0.081,0.0167,2,0,0,0,0,0
1778620533.626654,2026-05-13 00:15:33,0,0,0,0.0,0.0,0.0,0.0,0.0,0.0,0.0,0.0,0,1,1,1,0.0,0.0,0.0,0.0,1.87,0.0,0.0,0.0167,1,8,2,3,0.0,0.0,0.1269,0.375,2.27,0.034,0.081,0.0167,2,0,0,0,0,0
1778620563.626654,2026-05-13 00:16:03,1,1,1,0.0,0.0,0.0,0.0,3.73,0.0,0.0,0.0333,1,1,1,1,0.0,0.0,0.0,0.0,1.87,0.0,0.0,0.0167,1,5,1,1,0.0,0.0,0.0,0.0,1.87,0.0,0.0001,0.0167,1,0,0,0,0,0
1778620593.626654,2026-05-13 00:16:33,0,0,0,0.0,0.0,0.0,0.0,0.0,0.0,0.0,0.0,0,1,1,1,0.0,0.0,0.0,0.0,1.87,0.0,0.0,0.0167,1,5,1,1,0.0,0.0,0.0,0.0,1.87,0.0,0.0001,0.0167,1,0,0,0,0,0
1778620623.626654,2026-05-13 00:17:03,0,0,0,0.0,0.0,0.0,0.0,0.0,0.0,0.0,0.0,0,0,0,0,0.0,0.0,0.0,0.0,0.0,0.0,0.0,0.0,0,4,1,1,0.0,0.0,0.0,0.0,1.49,0.0,0.0001,0.0133,1,0,0,0,0,0
1778620653.626654,2026-05-13 00:17:33,1,1,1,0.0,0.0,0.1411,1.0,1.6,0.0,0.0,0.0333,1,1,1,1,0.0,0.0,0.1411,1.0,0.8,0.0,0.0,0.0167,1,5,2,2,0.0,0.0,0.0282,0.2,1.65,0.0451,0.0113,0.0133,1,0,0,0,0,0
1778620683.626654,2026-05-13 00:18:03,0,0,0,0.0,0.0,0.0,0.0,0.0,0.0,0.0,0.0,0,1,1,1,0.0,0.0,0.1411,1.0,0.8,0.0,0.0,0.0167,1,4,2,2,0.0,0.0,0.0353,0.25,1.28,0.0507,0.0121,0.01,1,0,0,0,0,0
1778620713.626654,2026-05-13 00:18:33,2,1,2,0.0,0.0,0.0,1.0,0.0,0.0,0.0,0.0333,1,2,1,2,0.0,0.0,0.0,1.0,0.0,0.0,0.0,0.0167,1,6,2,4,0.0,0.0,0.0235,0.5,1.28,0.0406,0.052,0.01,1,0,0,0,0,0
1778620743.626654,2026-05-13 00:19:03,1,1,1,0.0,0.0,0.0,0.0,3.73,0.0,0.0,0.0333,1,3,1,3,0.0,0.0,0.0,0.6667,1.87,0.0,0.1,0.0167,1,6,2,4,0.0,0.0,0.0235,0.5,1.28,0.0406,0.0642,0.01,1,0,0,0,0,0
1778620773.626654,2026-05-13 00:19:33,0,0,0,0.0,0.0,0.0,0.0,0.0,0.0,0.0,0.0,0,1,1,1,0.0,0.0,0.0,0.0,1.87,0.0,0.0,0.0167,1,6,2,4,0.0,0.0,0.0235,0.5,1.28,0.0406,0.0642,0.01,1,0,0,0,0,0
1778620803.626654,2026-05-13 00:20:03,0,0,0,0.0,0.0,0.0,0.0,0.0,0.0,0.0,0.0,0,0,0,0,0.0,0.0,0.0,0.0,0.0,0.0,0.0,0.0,0,5,2,4,0.0,0.0,0.0282,0.6,0.91,0.0451,0.0751,0.0067,1,0,0,0,0,0
1778620833.626654,2026-05-13 00:20:33,0,0,0,0.0,0.0,0.0,0.0,0.0,0.0,0.0,0.0,0,0,0,0,0.0,0.0,0.0,0.0,0.0,0.0,0.0,0.0,0,5,2,4,0.0,0.0,0.0282,0.6,0.91,0.0451,0.0751,0.0067,1,0,0,0,0,0
1778620863.626654,2026-05-13 00:21:03,0,0,0,0.0,0.0,0.0,0.0,0.0,0.0,0.0,0.0,0,0,0,0,0.0,0.0,0.0,0.0,0.0,0.0,0.0,0.0,0,4,2,4,0.0,0.0,0.0353,0.75,0.53,0.0507,0.0952,0.0033,1,0,0,0,0,0
1778620893.626654,2026-05-13 00:21:33,0,0,0,0.0,0.0,0.0,0.0,0.0,0.0,0.0,0.0,0,0,0,0,0.0,0.0,0.0,0.0,0.0,0.0,0.0,0.0,0,4,2,4,0.0,0.0,0.0353,0.75,0.53,0.0507,0.0952,0.0033,1,0,0,0,0,0
1778620923.626654,2026-05-13 00:22:03,0,0,0,0.0,0.0,0.0,0.0,0.0,0.0,0.0,0.0,0,0,0,0,0.0,0.0,0.0,0.0,0.0,0.0,0.0,0.0,0,4,2,4,0.0,0.0,0.0353,0.75,0.53,0.0507,0.0952,0.0033,1,0,0,0,0,0
1778620953.626654,2026-05-13 00:22:33,2,1,2,0.0,0.0,0.0105,1.0,1.33,0.0,0.0,0.0333,1,2,1,2,0.0,0.0,0.0105,1.0,0.67,0.0,0.0,0.0167,1,5,1,3,0.0,0.0,0.0042,0.8,0.51,0.0,0.1505,0.0067,1,0,0,0,0,0
1778620983.626654,2026-05-13 00:23:03,0,0,0,0.0,0.0,0.0,0.0,0.0,0.0,0.0,0.0,0,2,1,2,0.0,0.0,0.0105,1.0,0.67,0.0,0.0,0.0167,1,5,1,3,0.0,0.0,0.0042,0.8,0.51,0.0,0.1505,0.0067,1,0,0,0,0,0
1778621013.626654,2026-05-13 00:23:33,0,0,0,0.0,0.0,0.0,0.0,0.0,0.0,0.0,0.0,0,0,0,0,0.0,0.0,0.0,0.0,0.0,0.0,0.0,0.0,0,3,1,3,0.0,0.0,0.007,0.6667,0.51,0.0,0.1,0.0033,1,0,0,0,0,0
1778621043.626654,2026-05-13 00:24:03,0,0,0,0.0,0.0,0.0,0.0,0.0,0.0,0.0,0.0,0,0,0,0,0.0,0.0,0.0,0.0,0.0,0.0,0.0,0.0,0,2,1,2,0.0,0.0,0.0105,1.0,0.13,0.0,0.0,0.0033,1,0,0,0,0,0
1778621073.626654,2026-05-13 00:24:33,0,0,0,0.0,0.0,0.0,0.0,0.0,0.0,0.0,0.0,0,0,0,0,0.0,0.0,0.0,0.0,0.0,0.0,0.0,0.0,0,2,1,2,0.0,0.0,0.0105,1.0,0.13,0.0,0.0,0.0033,1,0,0,0,0,0
1778621103.626654,2026-05-13 00:25:03,0,0,0,0.0,0.0,0.0,0.0,0.0,0.0,0.0,0.0,0,0,0,0,0.0,0.0,0.0,0.0,0.0,0.0,0.0,0.0,0,2,1,2,0.0,0.0,0.0105,1.0,0.13,0.0,0.0,0.0033,1,0,0,0,0,0
1778621133.626654,2026-05-13 00:25:33,0,0,0,0.0,0.0,0.0,0.0,0.0,0.0,0.0,0.0,0,0,0,0,0.0,0.0,0.0,0.0,0.0,0.0,0.0,0.0,0,2,1,2,0.0,0.0,0.0105,1.0,0.13,0.0,0.0,0.0033,1,0,0,0,0,0
1778621163.626654,2026-05-13 00:26:03,0,0,0,0.0,0.0,0.0,0.0,0.0,0.0,0.0,0.0,0,0,0,0,0.0,0.0,0.0,0.0,0.0,0.0,0.0,0.0,0,2,1,2,0.0,0.0,0.0105,1.0,0.13,0.0,0.0,0.0033,1,0,0,0,0,0
1778621193.626654,2026-05-13 00:26:33,0,0,0,0.0,0.0,0.0,0.0,0.0,0.0,0.0,0.0,0,0,0,0,0.0,0.0,0.0,0.0,0.0,0.0,0.0,0.0,0,2,1,2,0.0,0.0,0.0105,1.0,0.13,0.0,0.0,0.0033,1,0,0,0,0,0
1778621223.626654,2026-05-13 00:27:03,0,0,0,0.0,0.0,0.0,0.0,0.0,0.0,0.0,0.0,0,0,0,0,0.0,0.0,0.0,0.0,0.0,0.0,0.0,0.0,0,2,1,2,0.0,0.0,0.0105,1.0,0.13,0.0,0.0,0.0033,1,0,0,0,0,0
1778621253.626654,2026-05-13 00:27:33,0,0,0,0.0,0.0,0.0,0.0,0.0,0.0,0.0,0.0,0,0,0,0,0.0,0.0,0.0,0.0,0.0,0.0,0.0,0.0,0,0,0,0,0.0,0.0,0.0,0.0,0.0,0.0,0.0,0.0,0,0,0,0,0,0
1778621283.626654,2026-05-13 00:28:03,0,0,0,0.0,0.0,0.0,0.0,0.0,0.0,0.0,0.0,0,0,0,0,0.0,0.0,0.0,0.0,0.0,0.0,0.0,0.0,0,0,0,0,0.0,0.0,0.0,0.0,0.0,0.0,0.0,0.0,0,0,0,0,0,0
1778621313.626654,2026-05-13 00:28:33,0,0,0,0.0,0.0,0.0,0.0,0.0,0.0,0.0,0.0,0,0,0,0,0.0,0.0,0.0,0.0,0.0,0.0,0.0,0.0,0,0,0,0,0.0,0.0,0.0,0.0,0.0,0.0,0.0,0.0,0,0,0,0,0,0
1778621343.626654,2026-05-13 00:29:03,0,0,0,0.0,0.0,0.0,0.0,0.0,0.0,0.0,0.0,0,0,0,0,0.0,0.0,0.0,0.0,0.0,0.0,0.0,0.0,0,0,0,0,0.0,0.0,0.0,0.0,0.0,0.0,0.0,0.0,0,0,0,0,0,0
1778621373.626654,2026-05-13 00:29:33,0,0,0,0.0,0.0,0.0,0.0,0.0,0.0,0.0,0.0,0,0,0,0,0.0,0.0,0.0,0.0,0.0,0.0,0.0,0.0,0,0,0,0,0.0,0.0,0.0,0.0,0.0,0.0,0.0,0.0,0,0,0,0,0,0
1778621403.626654,2026-05-13 00:30:03,0,0,0,0.0,0.0,0.0,0.0,0.0,0.0,0.0,0.0,0,0,0,0,0.0,0.0,0.0,0.0,0.0,0.0,0.0,0.0,0,0,0,0,0.0,0.0,0.0,0.0,0.0,0.0,0.0,0.0,0,0,0,0,0,0
1778621433.626654,2026-05-13 00:30:33,0,0,0,0.0,0.0,0.0,0.0,0.0,0.0,0.0,0.0,0,0,0,0,0.0,0.0,0.0,0.0,0.0,0.0,0.0,0.0,0,0,0,0,0.0,0.0,0.0,0.0,0.0,0.0,0.0,0.0,0,0,0,0,0,0
1778621463.626654,2026-05-13 00:31:03,0,0,0,0.0,0.0,0.0,0.0,0.0,0.0,0.0,0.0,0,0,0,0,0.0,0.0,0.0,0.0,0.0,0.0,0.0,0.0,0,0,0,0,0.0,0.0,0.0,0.0,0.0,0.0,0.0,0.0,0,0,0,0,0,0
1778621493.626654,2026-05-13 00:31:33,0,0,0,0.0,0.0,0.0,0.0,0.0,0.0,0.0,0.0,0,0,0,0,0.0,0.0,0.0,0.0,0.0,0.0,0.0,0.0,0,0,0,0,0.0,0.0,0.0,0.0,0.0,0.0,0.0,0.0,0,0,0,0,0,0
1778621523.626654,2026-05-13 00:32:03,0,0,0,0.0,0.0,0.0,0.0,0.0,0.0,0.0,0.0,0,0,0,0,0.0,0.0,0.0,0.0,0.0,0.0,0.0,0.0,0,0,0,0,0.0,0.0,0.0,0.0,0.0,0.0,0.0,0.0,0,0,0,0,0,0
1778621553.626654,2026-05-13 00:32:33,0,0,0,0.0,0.0,0.0,0.0,0.0,0.0,0.0,0.0,0,0,0,0,0.0,0.0,0.0,0.0,0.0,0.0,0.0,0.0,0,0,0,0,0.0,0.0,0.0,0.0,0.0,0.0,0.0,0.0,0,0,0,0,0,0
1778621583.626654,2026-05-13 00:33:03,0,0,0,0.0,0.0,0.0,0.0,0.0,0.0,0.0,0.0,0,0,0,0,0.0,0.0,0.0,0.0,0.0,0.0,0.0,0.0,0,0,0,0,0.0,0.0,0.0,0.0,0.0,0.0,0.0,0.0,0,0,0,0,0,0
1778621613.626654,2026-05-13 00:33:33,0,0,0,0.0,0.0,0.0,0.0,0.0,0.0,0.0,0.0,0,0,0,0,0.0,0.0,0.0,0.0,0.0,0.0,0.0,0.0,0,0,0,0,0.0,0.0,0.0,0.0,0.0,0.0,0.0,0.0,0,0,0,0,0,0
1778621643.626654,2026-05-13 00:34:03,2,1,1,0.0,0.0667,0.0896,0.0,7.0,0.0,0.0,0.0667,1,2,1,1,0.0,0.0333,0.0896,0.0,3.5,0.0,0.0,0.0333,1,2,1,1,0.0,0.0067,0.0896,0.0,0.7,0.0,0.0,0.0067,1,0,0,0,0,0
1778621673.626654,2026-05-13 00:34:33,0,0,0,0.0,0.0,0.0,0.0,0.0,0.0,0.0,0.0,0,2,1,1,0.0,0.0333,0.0896,0.0,3.5,0.0,0.0,0.0333,1,2,1,1,0.0,0.0067,0.0896,0.0,0.7,0.0,0.0,0.0067,1,0,0,0,0,0
1778621703.626654,2026-05-13 00:35:03,2,1,1,0.0,0.0,0.2753,1.0,2902.97,0.0,0.0,0.0667,1,2,1,1,0.0,0.0,0.2753,1.0,1451.48,0.0,0.0,0.0333,1,4,2,2,0.0,0.0067,0.1824,0.5,291.0,0.0625,0.1407,0.0133,2,0,0,0,0,0
1778621733.626654,2026-05-13 00:35:33,7,2,4,0.0,0.0667,0.1304,0.7143,1112.57,0.0539,0.1602,0.2333,2,9,2,5,0.0,0.0333,0.1626,0.7778,2007.77,0.0478,0.1812,0.15,2,11,2,5,0.0,0.0133,0.1493,0.6364,402.25,0.0591,0.163,0.0367,2,0,0,0,0,0
1778621763.626654,2026-05-13 00:36:03,2,1,1,0.0,0.0,2.4749,1.0,94.47,0.0,0.0,0.0667,1,9,2,5,0.0,0.0333,0.6514,0.7778,603.52,0.0478,0.1476,0.15,2,13,2,6,0.0,0.0133,0.5071,0.6923,411.7,0.0557,0.1567,0.0433,2,0,0,0,0,0
1778621793.626654,2026-05-13 00:36:33,0,0,0,0.0,0.0,0.0,0.0,0.0,0.0,0.0,0.0,0,2,1,1,0.0,0.0,2.4749,1.0,47.23,0.0,0.0,0.0333,1,13,2,6,0.0,0.0133,0.5071,0.6923,411.7,0.0557,0.1567,0.0433,2,0,0,0,0,0
1778621823.626654,2026-05-13 00:37:03,2,1,1,0.0,0.0667,0.0765,0.0,4.07,0.0,0.0,0.0667,1,2,1,1,0.0,0.0333,0.0765,0.0,2.03,0.0,0.0,0.0333,1,15,2,6,0.0,0.02,0.4497,0.6,412.11,0.0607,0.1662,0.05,2,0,0,0,0,0
1778621853.626654,2026-05-13 00:37:33,0,0,0,0.0,0.0,0.0,0.0,0.0,0.0,0.0,0.0,0,2,1,1,0.0,0.0333,0.0765,0.0,2.03,0.0,0.0,0.0333,1,15,2,6,0.0,0.02,0.4497,0.6,412.11,0.0607,0.1662,0.05,2,0,0,0,0,0
1778621883.626654,2026-05-13 00:38:03,2,1,2,0.0,0.0,0.2842,1.0,1.33,0.0,0.0,0.0333,1,2,1,2,0.0,0.0,0.2842,1.0,0.67,0.0,0.0,0.0167,1,17,3,8,0.0,0.02,0.4302,0.6471,412.24,0.0862,0.1567,0.05,2,0,0,0,0,0
1778621913.626654,2026-05-13 00:38:33,0,0,0,0.0,0.0,0.0,0.0,0.0,0.0,0.0,0.0,0,2,1,2,0.0,0.0,0.2842,1.0,0.67,0.0,0.0,0.0167,1,17,3,8,0.0,0.02,0.4302,0.6471,412.24,0.0862,0.1567,0.05,2,0,0,0,0,0
1778621943.626654,2026-05-13 00:39:03,0,0,0,0.0,0.0,0.0,0.0,0.0,0.0,0.0,0.0,0,0,0,0,0.0,0.0,0.0,0.0,0.0,0.0,0.0,0.0,0,15,3,8,0.0,0.0133,0.4756,0.7333,411.54,0.0836,0.1673,0.0433,2,0,0,0,0,0
1778621973.626654,2026-05-13 00:39:33,0,0,0,0.0,0.0,0.0,0.0,0.0,0.0,0.0,0.0,0,0,0,0,0.0,0.0,0.0,0.0,0.0,0.0,0.0,0.0,0,15,3,8,0.0,0.0133,0.4756,0.7333,411.54,0.0836,0.1673,0.0433,2,0,0,0,0,0
1778622003.626654,2026-05-13 00:40:03,0,0,0,0.0,0.0,0.0,0.0,0.0,0.0,0.0,0.0,0,0,0,0,0.0,0.0,0.0,0.0,0.0,0.0,0.0,0.0,0,13,3,7,0.0,0.0133,0.5064,0.6923,121.24,0.0887,0.1791,0.0367,2,0,0,0,0,0
1778622033.626654,2026-05-13 00:40:33,1,1,1,0.0,0.0,0.0,1.0,0.0,0.0,0.0,0.0333,1,1,1,1,0.0,0.0,0.0,1.0,0.0,0.0,0.0,0.0167,1,7,3,4,0.0,0.0067,0.8101,0.7143,9.99,0.0973,0.1105,0.0133,2,0,0,0,0,0
1778622063.626654,2026-05-13 00:41:03,0,0,0,0.0,0.0,0.0,0.0,0.0,0.0,0.0,0.0,0,1,1,1,0.0,0.0,0.0,1.0,0.0,0.0,0.0,0.0167,1,5,2,3,0.0,0.0067,0.1443,0.6,0.54,0.0607,0.1109,0.0067,1,0,0,0,0,0
1778622093.626654,2026-05-13 00:41:33,0,0,0,0.0,0.0,0.0,0.0,0.0,0.0,0.0,0.0,0,0,0,0,0.0,0.0,0.0,0.0,0.0,0.0,0.0,0.0,0,5,2,3,0.0,0.0067,0.1443,0.6,0.54,0.0607,0.1109,0.0067,1,0,0,0,0,0
1778622123.626654,2026-05-13 00:42:03,0,0,0,0.0,0.0,0.0,0.0,0.0,0.0,0.0,0.0,0,0,0,0,0.0,0.0,0.0,0.0,0.0,0.0,0.0,0.0,0,3,1,2,0.0,0.0,0.1895,1.0,0.13,0.0,0.1,0.0067,1,0,0,0,0,0
1778622153.626654,2026-05-13 00:42:33,0,0,0,0.0,0.0,0.0,0.0,0.0,0.0,0.0,0.0,0,0,0,0,0.0,0.0,0.0,0.0,0.0,0.0,0.0,0.0,0,3,1,2,0.0,0.0,0.1895,1.0,0.13,0.0,0.1,0.0067,1,0,0,0,0,0
1778622183.626654,2026-05-13 00:43:03,0,0,0,0.0,0.0,0.0,0.0,0.0,0.0,0.0,0.0,0,0,0,0,0.0,0.0,0.0,0.0,0.0,0.0,0.0,0.0,0,1,1,1,0.0,0.0,0.0,1.0,0.0,0.0,0.0,0.0033,1,0,0,0,0,0
1778622213.626654,2026-05-13 00:43:33,2,1,1,0.0,0.0667,0.1093,0.0,7.0,0.0,0.0,0.0667,1,2,1,1,0.0,0.0333,0.1093,0.0,3.5,0.0,0.0,0.0333,1,3,2,2,0.0,0.0067,0.0729,0.3333,0.7,0.0574,0.0999,0.0067,1,0,0,0,0,0
1778622243.626654,2026-05-13 00:44:03,0,0,0,0.0,0.0,0.0,0.0,0.0,0.0,0.0,0.0,0,2,1,1,0.0,0.0333,0.1093,0.0,3.5,0.0,0.0,0.0333,1,3,2,2,0.0,0.0067,0.0729,0.3333,0.7,0.0574,0.0999,0.0067,1,0,0,0,0,0
1778622273.626654,2026-05-13 00:44:33,0,0,0,0.0,0.0,0.0,0.0,0.0,0.0,0.0,0.0,0,0,0,0,0.0,0.0,0.0,0.0,0.0,0.0,0.0,0.0,0,3,2,2,0.0,0.0067,0.0729,0.3333,0.7,0.0574,0.0999,0.0067,1,0,0,0,0,0
1778622303.626654,2026-05-13 00:45:03,0,0,0,0.0,0.0,0.0,0.0,0.0,0.0,0.0,0.0,0,0,0,0,0.0,0.0,0.0,0.0,0.0,0.0,0.0,0.0,0,3,2,2,0.0,0.0067,0.0729,0.3333,0.7,0.0574,0.0999,0.0067,1,0,0,0,0,0
1778622333.626654,2026-05-13 00:45:33,0,0,0,0.0,0.0,0.0,0.0,0.0,0.0,0.0,0.0,0,0,0,0,0.0,0.0,0.0,0.0,0.0,0.0,0.0,0.0,0,2,1,1,0.0,0.0067,0.1093,0.0,0.7,0.0,0.0,0.0067,1,0,0,0,0,0
1778622363.626654,2026-05-13 00:46:03,0,0,0,0.0,0.0,0.0,0.0,0.0,0.0,0.0,0.0,0,0,0,0,0.0,0.0,0.0,0.0,0.0,0.0,0.0,0.0,0,2,1,1,0.0,0.0067,0.1093,0.0,0.7,0.0,0.0,0.0067,1,0,0,0,0,0
1778622393.626654,2026-05-13 00:46:33,0,0,0,0.0,0.0,0.0,0.0,0.0,0.0,0.0,0.0,0,0,0,0,0.0,0.0,0.0,0.0,0.0,0.0,0.0,0.0,0,2,1,1,0.0,0.0067,0.1093,0.0,0.7,0.0,0.0,0.0067,1,0,0,0,0,0
1778622423.626654,2026-05-13 00:47:03,0,0,0,0.0,0.0,0.0,0.0,0.0,0.0,0.0,0.0,0,0,0,0,0.0,0.0,0.0,0.0,0.0,0.0,0.0,0.0,0,2,1,1,0.0,0.0067,0.1093,0.0,0.7,0.0,0.0,0.0067,1,0,0,0,0,0
1778622453.626654,2026-05-13 00:47:33,1,1,1,0.0,0.0,0.0,1.0,0.0,0.0,0.0,0.0333,1,1,1,1,0.0,0.0,0.0,1.0,0.0,0.0,0.0,0.0167,1,3,2,2,0.0,0.0067,0.0729,0.3333,0.7,0.0574,0.0999,0.0067,1,0,0,0,0,0
1778622483.626654,2026-05-13 00:48:03,0,0,0,0.0,0.0,0.0,0.0,0.0,0.0,0.0,0.0,0,1,1,1,0.0,0.0,0.0,1.0,0.0,0.0,0.0,0.0167,1,3,2,2,0.0,0.0067,0.0729,0.3333,0.7,0.0574,0.0999,0.0067,1,0,0,0,0,0
1778622513.626654,2026-05-13 00:48:33,0,0,0,0.0,0.0,0.0,0.0,0.0,0.0,0.0,0.0,0,0,0,0,0.0,0.0,0.0,0.0,0.0,0.0,0.0,0.0,0,1,1,1,0.0,0.0,0.0,1.0,0.0,0.0,0.0,0.0033,1,0,0,0,0,0
1778622543.626654,2026-05-13 00:49:03,0,0,0,0.0,0.0,0.0,0.0,0.0,0.0,0.0,0.0,0,0,0,0,0.0,0.0,0.0,0.0,0.0,0.0,0.0,0.0,0,1,1,1,0.0,0.0,0.0,1.0,0.0,0.0,0.0,0.0033,1,0,0,0,0,0
1778622573.626654,2026-05-13 00:49:33,0,0,0,0.0,0.0,0.0,0.0,0.0,0.0,0.0,0.0,0,0,0,0,0.0,0.0,0.0,0.0,0.0,0.0,0.0,0.0,0,1,1,1,0.0,0.0,0.0,1.0,0.0,0.0,0.0,0.0033,1,0,0,0,0,0
1778622603.626654,2026-05-13 00:50:03,1,1,1,0.0,0.0,0.0001,0.0,3.73,0.0,0.0,0.0333,1,1,1,1,0.0,0.0,0.0001,0.0,1.87,0.0,0.0,0.0167,1,2,1,2,0.0,0.0,0.0001,0.5,0.37,0.0,0.0,0.0033,1,0,0,0,0,0
1778622633.626654,2026-05-13 00:50:33,0,0,0,0.0,0.0,0.0,0.0,0.0,0.0,0.0,0.0,0,1,1,1,0.0,0.0,0.0001,0.0,1.87,0.0,0.0,0.0167,1,2,1,2,0.0,0.0,0.0001,0.5,0.37,0.0,0.0,0.0033,1,0,0,0,0,0
1778622663.626654,2026-05-13 00:51:03,0,0,0,0.0,0.0,0.0,0.0,0.0,0.0,0.0,0.0,0,0,0,0,0.0,0.0,0.0,0.0,0.0,0.0,0.0,0.0,0,2,1,2,0.0,0.0,0.0001,0.5,0.37,0.0,0.0,0.0033,1,0,0,0,0,0
1778622693.626654,2026-05-13 00:51:33,4,2,2,0.0,0.0667,0.1777,0.5,157.87,0.0625,0.0699,0.1333,2,4,2,2,0.0,0.0333,0.1777,0.5,78.93,0.0625,0.0699,0.0667,2,6,3,4,0.0,0.0067,0.1185,0.5,16.16,0.0991,0.1318,0.0133,2,0,0,0,0,0
1778622723.626654,2026-05-13 00:52:03,0,0,0,0.0,0.0,0.0,0.0,0.0,0.0,0.0,0.0,0,4,2,2,0.0,0.0333,0.1777,0.5,78.93,0.0625,0.0699,0.0667,2,6,3,4,0.0,0.0067,0.1185,0.5,16.16,0.0991,0.1318,0.0133,2,0,0,0,0,0
1778622753.626654,2026-05-13 00:52:33,4,2,2,0.0,0.0667,0.1658,0.5,157.83,0.0625,0.0709,0.1333,2,4,2,2,0.0,0.0333,0.1658,0.5,78.92,0.0625,0.0709,0.0667,2,9,3,3,0.0,0.0133,0.1527,0.4444,31.94,0.087,0.1745,0.0267,2,0,0,0,0,0
1778622783.626654,2026-05-13 00:53:03,0,0,0,0.0,0.0,0.0,0.0,0.0,0.0,0.0,0.0,0,4,2,2,0.0,0.0333,0.1658,0.5,78.92,0.0625,0.0709,0.0667,2,9,3,3,0.0,0.0133,0.1527,0.4444,31.94,0.087,0.1745,0.0267,2,0,0,0,0,0
1778622813.626654,2026-05-13 00:53:33,1,1,1,0.0,0.0,0.0,0.0,3.73,0.0,0.0,0.0333,1,1,1,1,0.0,0.0,0.0,0.0,1.87,0.0,0.0,0.0167,1,10,3,3,0.0,0.0133,0.1374,0.4,32.32,0.0951,0.1433,0.0267,2,0,0,0,0,0
1778622843.626654,2026-05-13 00:54:03,0,0,0,0.0,0.0,0.0,0.0,0.0,0.0,0.0,0.0,0,1,1,1,0.0,0.0,0.0,0.0,1.87,0.0,0.0,0.0167,1,10,3,3,0.0,0.0133,0.1374,0.4,32.32,0.0951,0.1433,0.0267,2,0,0,0,0,0
1778622873.626654,2026-05-13 00:54:33,1,1,1,0.0,0.0,0.0,0.0,3.73,0.0,0.0,0.0333,1,1,1,1,0.0,0.0,0.0,0.0,1.87,0.0,0.0,0.0167,1,11,3,3,0.0,0.0133,0.1249,0.3636,32.69,0.0983,0.1243,0.0267,2,0,0,0,0,0
1778622903.626654,2026-05-13 00:55:03,0,0,0,0.0,0.0,0.0,0.0,0.0,0.0,0.0,0.0,0,1,1,1,0.0,0.0,0.0,0.0,1.87,0.0,0.0,0.0167,1,10,3,3,0.0,0.0133,0.1374,0.4,32.32,0.0951,0.1413,0.0267,2,0,0,0,0,0
1778622933.626654,2026-05-13 00:55:33,4,2,2,0.0,0.0667,0.1332,0.5,151.07,0.0625,0.0703,0.1333,2,4,2,2,0.0,0.0333,0.1332,0.5,75.53,0.0625,0.0703,0.0667,2,14,3,4,0.0,0.02,0.1362,0.4286,47.42,0.0906,0.1498,0.04,2,0,0,0,0,0
1778622963.626654,2026-05-13 00:56:03,0,0,0,0.0,0.0,0.0,0.0,0.0,0.0,0.0,0.0,0,4,2,2,0.0,0.0333,0.1332,0.5,75.53,0.0625,0.0703,0.0667,2,14,3,4,0.0,0.02,0.1362,0.4286,47.42,0.0906,0.1498,0.04,2,0,0,0,0,0
1778622993.626654,2026-05-13 00:56:33,2,1,2,0.0,0.0,0.0,0.5,3.73,0.0,0.0,0.0333,1,2,1,2,0.0,0.0,0.0,0.5,1.87,0.0,0.0,0.0167,1,12,3,5,0.0,0.0133,0.0997,0.4167,32.01,0.0991,0.1193,0.0267,2,0,0,0,0,0
1778623023.626654,2026-05-13 00:57:03,0,0,0,0.0,0.0,0.0,0.0,0.0,0.0,0.0,0.0,0,2,1,2,0.0,0.0,0.0,0.5,1.87,0.0,0.0,0.0167,1,12,3,5,0.0,0.0133,0.0997,0.4167,32.01,0.0991,0.1193,0.0267,2,0,0,0,0,0
1778623053.626654,2026-05-13 00:57:33,0,0,0,0.0,0.0,0.0,0.0,0.0,0.0,0.0,0.0,0,0,0,0,0.0,0.0,0.0,0.0,0.0,0.0,0.0,0.0,0,8,3,4,0.0,0.0067,0.0666,0.375,16.23,0.0938,0.0983,0.0133,2,0,0,0,0,0
1778623083.626654,2026-05-13 00:58:03,1,1,1,0.0,0.0,17.3612,1.0,2.0,0.0,0.0,0.0333,1,1,1,1,0.0,0.0,17.3612,1.0,1.0,0.0,0.0,0.0167,1,9,3,4,0.0,0.0067,1.9882,0.4444,16.43,0.0897,0.0882,0.0133,2,0,0,0,0,0
1778623113.626654,2026-05-13 00:58:33,1,1,1,0.0,0.0,0.0001,0.0,3.73,0.0,0.0,0.0333,1,2,1,2,0.0,0.0,8.6806,0.5,2.87,0.0,0.0,0.0167,1,9,3,4,0.0,0.0067,1.9883,0.4444,16.43,0.0897,0.0879,0.0133,2,0,0,0,0,0
1778623143.626654,2026-05-13 00:59:03,0,0,0,0.0,0.0,0.0,0.0,0.0,0.0,0.0,0.0,0,1,1,1,0.0,0.0,0.0001,0.0,1.87,0.0,0.0,0.0167,1,9,3,4,0.0,0.0067,1.9883,0.4444,16.43,0.0897,0.0879,0.0133,2,0,0,0,0,0
1778623173.626654,2026-05-13 00:59:33,0,0,0,0.0,0.0,0.0,0.0,0.0,0.0,0.0,0.0,0,0,0,0,0.0,0.0,0.0,0.0,0.0,0.0,0.0,0.0,0,8,3,4,0.0,0.0067,2.2368,0.5,16.05,0.0938,0.0994,0.0133,2,0,0,0,0,0
1778623203.626654,2026-05-13 01:00:03,9,1,1,0.0,0.3,0.0647,0.0,49.07,0.0,0.0973,0.3,1,9,1,1,0.0,0.15,0.0647,0.0,24.53,0.0,0.0973,0.15,1,17,3,4,0.0,0.0367,1.0868,0.2353,20.96,0.0788,0.1662,0.0433,2,0,0,0,0,0
1778623233.626654,2026-05-13 01:00:33,0,0,0,0.0,0.0,0.0,0.0,0.0,0.0,0.0,0.0,0,9,1,1,0.0,0.15,0.0647,0.0,24.53,0.0,0.0973,0.15,1,13,2,3,0.0,0.03,1.3803,0.1538,5.85,0.0557,0.1598,0.03,1,0,0,0,0,0
1778623263.626654,2026-05-13 01:01:03,0,0,0,0.0,0.0,0.0,0.0,0.0,0.0,0.0,0.0,0,0,0,0,0.0,0.0,0.0,0.0,0.0,0.0,0.0,0.0,0,13,2,3,0.0,0.03,1.3803,0.1538,5.85,0.0557,0.1598,0.03,1,0,0,0,0,0
1778623293.626654,2026-05-13 01:01:33,3,2,2,0.0,0.0,0.1357,1.0,2.67,0.0574,0.1,0.0667,2,3,2,2,0.0,0.0,0.1357,1.0,1.33,0.0574,0.1,0.0333,2,14,3,4,0.0,0.03,1.3107,0.2857,5.75,0.0749,0.1858,0.03,2,0,0,0,0,0
1778623323.626654,2026-05-13 01:02:03,0,0,0,0.0,0.0,0.0,0.0,0.0,0.0,0.0,0.0,0,3,2,2,0.0,0.0,0.1357,1.0,1.33,0.0574,0.1,0.0333,2,14,3,4,0.0,0.03,1.3107,0.2857,5.75,0.0749,0.1858,0.03,2,0,0,0,0,0
1778623353.626654,2026-05-13 01:02:33,0,0,0,0.0,0.0,0.0,0.0,0.0,0.0,0.0,0.0,0,0,0,0,0.0,0.0,0.0,0.0,0.0,0.0,0.0,0.0,0,14,3,4,0.0,0.03,1.3107,0.2857,5.75,0.0749,0.1858,0.03,2,0,0,0,0,0
1778623383.626654,2026-05-13 01:03:03,1,1,1,0.0,0.0,0.0317,1.0,3.73,0.0,0.0,0.0333,1,1,1,1,0.0,0.0,0.0317,1.0,1.87,0.0,0.0,0.0167,1,14,3,5,0.0,0.03,0.0729,0.2857,5.92,0.0749,0.1823,0.0333,2,0,0,0,0,0
1778623413.626654,2026-05-13 01:03:33,0,0,0,0.0,0.0,0.0,0.0,0.0,0.0,0.0,0.0,0,1,1,1,0.0,0.0,0.0317,1.0,1.87,0.0,0.0,0.0167,1,13,3,4,0.0,0.03,0.0785,0.3077,5.55,0.0713,0.2219,0.0333,2,0,0,0,0,0
1778623443.626654,2026-05-13 01:04:03,2,1,1,0.0,0.0667,0.1025,0.0,8.47,0.0,0.0,0.0667,1,2,1,1,0.0,0.0333,0.1025,0.0,4.23,0.0,0.0,0.0333,1,15,3,4,0.0,0.0367,0.0817,0.2667,6.39,0.0658,0.1905,0.04,2,0,0,0,0,0
1778623473.626654,2026-05-13 01:04:33,0,0,0,0.0,0.0,0.0,0.0,0.0,0.0,0.0,0.0,0,2,1,1,0.0,0.0333,0.1025,0.0,4.23,0.0,0.0,0.0333,1,15,3,4,0.0,0.0367,0.0817,0.2667,6.39,0.0658,0.1905,0.04,2,0,0,0,0,0
1778623503.626654,2026-05-13 01:05:03,4,2,2,0.0,0.0667,0.1743,0.5,152.57,0.0625,0.0733,0.1333,2,4,2,2,0.0,0.0333,0.1743,0.5,76.28,0.0625,0.0733,0.0667,2,10,4,5,0.0,0.0133,0.1341,0.6,16.74,0.1154,0.1404,0.0233,3,0,0,0,0,0
1778623533.626654,2026-05-13 01:05:33,11,2,4,0.0,0.1667,0.167,0.5455,3518.9,0.0621,0.2244,0.3667,2,15,2,5,0.0,0.1167,0.1689,0.5333,1835.73,0.0623,0.2056,0.25,2,21,4,8,0.0,0.03,0.1513,0.5714,368.63,0.104,0.2039,0.06,3,0,0,0,0,0
1778623563.626654,2026-05-13 01:06:03,1,1,1,0.0,0.0,180.6232,0.0,26.13,0.0,0.0,0.0333,1,12,3,5,0.0,0.0833,15.205,0.5,1772.52,0.0828,0.2111,0.1833,2,22,4,9,0.0,0.03,8.3546,0.5455,371.25,0.1068,0.1853,0.06,3,0,0,0,0,0
1778623593.626654,2026-05-13 01:06:33,0,0,0,0.0,0.0,0.0,0.0,0.0,0.0,0.0,0.0,0,1,1,1,0.0,0.0,180.6232,0.0,13.07,0.0,0.0,0.0167,1,19,3,7,0.0,0.03,9.6523,0.4737,370.98,0.0861,0.1944,0.06,3,0,0,0,0,0
1778623623.626654,2026-05-13 01:07:03,0,0,0,0.0,0.0,0.0,0.0,0.0,0.0,0.0,0.0,0,0,0,0,0.0,0.0,0.0,0.0,0.0,0.0,0.0,0.0,0,19,3,7,0.0,0.03,9.6523,0.4737,370.98,0.0861,0.1944,0.06,3,0,0,0,0,0
1778623653.626654,2026-05-13 01:07:33,0,0,0,0.0,0.0,0.0,0.0,0.0,0.0,0.0,0.0,0,0,0,0,0.0,0.0,0.0,0.0,0.0,0.0,0.0,0.0,0,19,3,7,0.0,0.03,9.6523,0.4737,370.98,0.0861,0.1944,0.06,3,0,0,0,0,0
1778623683.626654,2026-05-13 01:08:03,0,0,0,0.0,0.0,0.0,0.0,0.0,0.0,0.0,0.0,0,0,0,0,0.0,0.0,0.0,0.0,0.0,0.0,0.0,0.0,0,18,3,6,0.0,0.03,10.1868,0.4444,370.61,0.0782,0.2186,0.0567,2,0,0,0,0,0
1778623713.626654,2026-05-13 01:08:33,0,0,0,0.0,0.0,0.0,0.0,0.0,0.0,0.0,0.0,0,0,0,0,0.0,0.0,0.0,0.0,0.0,0.0,0.0,0.0,0,18,3,6,0.0,0.03,10.1868,0.4444,370.61,0.0782,0.2186,0.0567,2,0,0,0,0,0
1778623743.626654,2026-05-13 01:09:03,0,0,0,0.0,0.0,0.0,0.0,0.0,0.0,0.0,0.0,0,0,0,0,0.0,0.0,0.0,0.0,0.0,0.0,0.0,0.0,0,16,3,6,0.0,0.0233,11.4473,0.5,369.76,0.0795,0.2161,0.05,2,0,0,0,0,0
1778623773.626654,2026-05-13 01:09:33,0,0,0,0.0,0.0,0.0,0.0,0.0,0.0,0.0,0.0,0,0,0,0,0.0,0.0,0.0,0.0,0.0,0.0,0.0,0.0,0,16,3,6,0.0,0.0233,11.4473,0.5,369.76,0.0795,0.2161,0.05,2,0,0,0,0,0
1778623803.626654,2026-05-13 01:10:03,0,0,0,0.0,0.0,0.0,0.0,0.0,0.0,0.0,0.0,0,0,0,0,0.0,0.0,0.0,0.0,0.0,0.0,0.0,0.0,0,12,3,5,0.0,0.0167,15.205,0.5,354.5,0.0828,0.2111,0.0367,2,0,0,0,0,0
1778623833.626654,2026-05-13 01:10:33,4,2,2,0.0,0.0667,0.2196,0.5,170.1,0.0625,0.0704,0.1333,2,4,2,2,0.0,0.0333,0.2196,0.5,85.05,0.0625,0.0704,0.0667,2,5,3,3,0.0,0.0067,36.3003,0.4,19.62,0.0951,0.1731,0.0133,2,0,0,0,0,0
1778623863.626654,2026-05-13 01:11:03,0,0,0,0.0,0.0,0.0,0.0,0.0,0.0,0.0,0.0,0,4,2,2,0.0,0.0333,0.2196,0.5,85.05,0.0625,0.0704,0.0667,2,4,2,2,0.0,0.0067,0.2196,0.5,17.01,0.0625,0.0704,0.0133,2,0,0,0,0,0
1778623893.626654,2026-05-13 01:11:33,1,1,1,0.0,0.0,0.0001,0.0,3.73,0.0,0.0,0.0333,1,1,1,1,0.0,0.0,0.0001,0.0,1.87,0.0,0.0,0.0167,1,5,3,3,0.0,0.0067,0.1757,0.4,17.38,0.0951,0.1721,0.0133,2,0,0,0,0,0
1778623923.626654,2026-05-13 01:12:03,0,0,0,0.0,0.0,0.0,0.0,0.0,0.0,0.0,0.0,0,1,1,1,0.0,0.0,0.0001,0.0,1.87,0.0,0.0,0.0167,1,5,3,3,0.0,0.0067,0.1757,0.4,17.38,0.0951,0.1721,0.0133,2,0,0,0,0,0
1778623953.626654,2026-05-13 01:12:33,1,1,1,0.0,0.0,0.0002,0.0,3.73,0.0,0.0,0.0333,1,1,1,1,0.0,0.0,0.0002,0.0,1.87,0.0,0.0,0.0167,1,6,3,3,0.0,0.0067,0.1464,0.3333,17.76,0.0991,0.1312,0.0133,2,0,0,0,0,0
1778623983.626654,2026-05-13 01:13:03,0,0,0,0.0,0.0,0.0,0.0,0.0,0.0,0.0,0.0,0,1,1,1,0.0,0.0,0.0002,0.0,1.87,0.0,0.0,0.0167,1,6,3,3,0.0,0.0067,0.1464,0.3333,17.76,0.0991,0.1312,0.0133,2,0,0,0,0,0
1778624013.626654,2026-05-13 01:13:33,1,1,1,0.0,0.0,0.0001,0.0,3.73,0.0,0.0,0.0333,1,1,1,1,0.0,0.0,0.0001,0.0,1.87,0.0,0.0,0.0167,1,7,3,3,0.0,0.0067,0.1255,0.2857,18.13,0.0973,0.1064,0.0133,2,0,0,0,0,0
1778624043.626654,2026-05-13 01:14:03,0,0,0,0.0,0.0,0.0,0.0,0.0,0.0,0.0,0.0,0,1,1,1,0.0,0.0,0.0001,0.0,1.87,0.0,0.0,0.0167,1,7,3,3,0.0,0.0067,0.1255,0.2857,18.13,0.0973,0.1064,0.0133,2,0,0,0,0,0
1778624073.626654,2026-05-13 01:14:33,1,1,1,0.0,0.0,0.0003,0.0,3.73,0.0,0.0,0.0333,1,1,1,1,0.0,0.0,0.0003,0.0,1.87,0.0,0.0,0.0167,1,8,3,3,0.0,0.0067,0.1099,0.25,18.5,0.0938,0.0916,0.0133,2,0,0,0,0,0
1778624103.626654,2026-05-13 01:15:03,0,0,0,0.0,0.0,0.0,0.0,0.0,0.0,0.0,0.0,0,1,1,1,0.0,0.0,0.0003,0.0,1.87,0.0,0.0,0.0167,1,8,3,3,0.0,0.0067,0.1099,0.25,18.5,0.0938,0.0916,0.0133,2,0,0,0,0,0
1778624133.626654,2026-05-13 01:15:33,1,1,1,0.0,0.0,0.0001,0.0,3.73,0.0,0.0,0.0333,1,1,1,1,0.0,0.0,0.0001,0.0,1.87,0.0,0.0,0.0167,1,5,1,1,0.0,0.0,0.0002,0.0,1.87,0.0,0.0001,0.0167,1,0,0,0,0,0
1778624163.626654,2026-05-13 01:16:03,0,0,0,0.0,0.0,0.0,0.0,0.0,0.0,0.0,0.0,0,1,1,1,0.0,0.0,0.0001,0.0,1.87,0.0,0.0,0.0167,1,5,1,1,0.0,0.0,0.0002,0.0,1.87,0.0,0.0001,0.0167,1,0,0,0,0,0
1778624193.626654,2026-05-13 01:16:33,0,0,0,0.0,0.0,0.0,0.0,0.0,0.0,0.0,0.0,0,0,0,0,0.0,0.0,0.0,0.0,0.0,0.0,0.0,0.0,0,4,1,1,0.0,0.0,0.0002,0.0,1.49,0.0,0.0002,0.0133,1,0,0,0,0,0
1778624223.626654,2026-05-13 01:17:03,0,0,0,0.0,0.0,0.0,0.0,0.0,0.0,0.0,0.0,0,0,0,0,0.0,0.0,0.0,0.0,0.0,0.0,0.0,0.0,0,4,1,1,0.0,0.0,0.0002,0.0,1.49,0.0,0.0002,0.0133,1,0,0,0,0,0
1778624253.626654,2026-05-13 01:17:33,0,0,0,0.0,0.0,0.0,0.0,0.0,0.0,0.0,0.0,0,0,0,0,0.0,0.0,0.0,0.0,0.0,0.0,0.0,0.0,0,3,1,1,0.0,0.0,0.0002,0.0,1.12,0.0,0.0002,0.01,1,0,0,0,0,0
1778624283.626654,2026-05-13 01:18:03,0,0,0,0.0,0.0,0.0,0.0,0.0,0.0,0.0,0.0,0,0,0,0,0.0,0.0,0.0,0.0,0.0,0.0,0.0,0.0,0,3,1,1,0.0,0.0,0.0002,0.0,1.12,0.0,0.0002,0.01,1,0,0,0,0,0
1778624313.626654,2026-05-13 01:18:33,0,0,0,0.0,0.0,0.0,0.0,0.0,0.0,0.0,0.0,0,0,0,0,0.0,0.0,0.0,0.0,0.0,0.0,0.0,0.0,0,2,1,1,0.0,0.0,0.0002,0.0,0.75,0.0,0.0,0.0067,1,0,0,0,0,0
1778624343.626654,2026-05-13 01:19:03,0,0,0,0.0,0.0,0.0,0.0,0.0,0.0,0.0,0.0,0,0,0,0,0.0,0.0,0.0,0.0,0.0,0.0,0.0,0.0,0,2,1,1,0.0,0.0,0.0002,0.0,0.75,0.0,0.0,0.0067,1,0,0,0,0,0
1778624373.626654,2026-05-13 01:19:33,0,0,0,0.0,0.0,0.0,0.0,0.0,0.0,0.0,0.0,0,0,0,0,0.0,0.0,0.0,0.0,0.0,0.0,0.0,0.0,0,1,1,1,0.0,0.0,0.0001,0.0,0.37,0.0,0.0,0.0033,1,0,0,0,0,0
1778624403.626654,2026-05-13 01:20:03,0,0,0,0.0,0.0,0.0,0.0,0.0,0.0,0.0,0.0,0,0,0,0,0.0,0.0,0.0,0.0,0.0,0.0,0.0,0.0,0,1,1,1,0.0,0.0,0.0001,0.0,0.37,0.0,0.0,0.0033,1,0,0,0,0,0
1778624433.626654,2026-05-13 01:20:33,0,0,0,0.0,0.0,0.0,0.0,0.0,0.0,0.0,0.0,0,0,0,0,0.0,0.0,0.0,0.0,0.0,0.0,0.0,0.0,0,0,0,0,0.0,0.0,0.0,0.0,0.0,0.0,0.0,0.0,0,0,0,0,0,0
1778624463.626654,2026-05-13 01:21:03,0,0,0,0.0,0.0,0.0,0.0,0.0,0.0,0.0,0.0,0,0,0,0,0.0,0.0,0.0,0.0,0.0,0.0,0.0,0.0,0,0,0,0,0.0,0.0,0.0,0.0,0.0,0.0,0.0,0.0,0,0,0,0,0,0
1778624493.626654,2026-05-13 01:21:33,0,0,0,0.0,0.0,0.0,0.0,0.0,0.0,0.0,0.0,0,0,0,0,0.0,0.0,0.0,0.0,0.0,0.0,0.0,0.0,0,0,0,0,0.0,0.0,0.0,0.0,0.0,0.0,0.0,0.0,0,0,0,0,0,0
1778624523.626654,2026-05-13 01:22:03,0,0,0,0.0,0.0,0.0,0.0,0.0,0.0,0.0,0.0,0,0,0,0,0.0,0.0,0.0,0.0,0.0,0.0,0.0,0.0,0,0,0,0,0.0,0.0,0.0,0.0,0.0,0.0,0.0,0.0,0,0,0,0,0,0
1778624553.626654,2026-05-13 01:22:33,0,0,0,0.0,0.0,0.0,0.0,0.0,0.0,0.0,0.0,0,0,0,0,0.0,0.0,0.0,0.0,0.0,0.0,0.0,0.0,0,0,0,0,0.0,0.0,0.0,0.0,0.0,0.0,0.0,0.0,0,0,0,0,0,0
1778624583.626654,2026-05-13 01:23:03,0,0,0,0.0,0.0,0.0,0.0,0.0,0.0,0.0,0.0,0,0,0,0,0.0,0.0,0.0,0.0,0.0,0.0,0.0,0.0,0,0,0,0,0.0,0.0,0.0,0.0,0.0,0.0,0.0,0.0,0,0,0,0,0,0
1778624613.626654,2026-05-13 01:23:33,0,0,0,0.0,0.0,0.0,0.0,0.0,0.0,0.0,0.0,0,0,0,0,0.0,0.0,0.0,0.0,0.0,0.0,0.0,0.0,0,0,0,0,0.0,0.0,0.0,0.0,0.0,0.0,0.0,0.0,0,0,0,0,0,0
1778624643.626654,2026-05-13 01:24:03,0,0,0,0.0,0.0,0.0,0.0,0.0,0.0,0.0,0.0,0,0,0,0,0.0,0.0,0.0,0.0,0.0,0.0,0.0,0.0,0,0,0,0,0.0,0.0,0.0,0.0,0.0,0.0,0.0,0.0,0,0,0,0,0,0
1778624673.626654,2026-05-13 01:24:33,0,0,0,0.0,0.0,0.0,0.0,0.0,0.0,0.0,0.0,0,0,0,0,0.0,0.0,0.0,0.0,0.0,0.0,0.0,0.0,0,0,0,0,0.0,0.0,0.0,0.0,0.0,0.0,0.0,0.0,0,0,0,0,0,0
1778624703.626654,2026-05-13 01:25:03,0,0,0,0.0,0.0,0.0,0.0,0.0,0.0,0.0,0.0,0,0,0,0,0.0,0.0,0.0,0.0,0.0,0.0,0.0,0.0,0,0,0,0,0.0,0.0,0.0,0.0,0.0,0.0,0.0,0.0,0,0,0,0,0,0
1778624733.626654,2026-05-13 01:25:33,0,0,0,0.0,0.0,0.0,0.0,0.0,0.0,0.0,0.0,0,0,0,0,0.0,0.0,0.0,0.0,0.0,0.0,0.0,0.0,0,0,0,0,0.0,0.0,0.0,0.0,0.0,0.0,0.0,0.0,0,0,0,0,0,0
1778624763.626654,2026-05-13 01:26:03,0,0,0,0.0,0.0,0.0,0.0,0.0,0.0,0.0,0.0,0,0,0,0,0.0,0.0,0.0,0.0,0.0,0.0,0.0,0.0,0,0,0,0,0.0,0.0,0.0,0.0,0.0,0.0,0.0,0.0,0,0,0,0,0,0
1778624793.626654,2026-05-13 01:26:33,0,0,0,0.0,0.0,0.0,0.0,0.0,0.0,0.0,0.0,0,0,0,0,0.0,0.0,0.0,0.0,0.0,0.0,0.0,0.0,0,0,0,0,0.0,0.0,0.0,0.0,0.0,0.0,0.0,0.0,0,0,0,0,0,0
1778624823.626654,2026-05-13 01:27:03,0,0,0,0.0,0.0,0.0,0.0,0.0,0.0,0.0,0.0,0,0,0,0,0.0,0.0,0.0,0.0,0.0,0.0,0.0,0.0,0,0,0,0,0.0,0.0,0.0,0.0,0.0,0.0,0.0,0.0,0,0,0,0,0,0
1778624853.626654,2026-05-13 01:27:33,0,0,0,0.0,0.0,0.0,0.0,0.0,0.0,0.0,0.0,0,0,0,0,0.0,0.0,0.0,0.0,0.0,0.0,0.0,0.0,0,0,0,0,0.0,0.0,0.0,0.0,0.0,0.0,0.0,0.0,0,0,0,0,0,0
1778624883.626654,2026-05-13 01:28:03,0,0,0,0.0,0.0,0.0,0.0,0.0,0.0,0.0,0.0,0,0,0,0,0.0,0.0,0.0,0.0,0.0,0.0,0.0,0.0,0,0,0,0,0.0,0.0,0.0,0.0,0.0,0.0,0.0,0.0,0,0,0,0,0,0
1778624913.626654,2026-05-13 01:28:33,0,0,0,0.0,0.0,0.0,0.0,0.0,0.0,0.0,0.0,0,0,0,0,0.0,0.0,0.0,0.0,0.0,0.0,0.0,0.0,0,0,0,0,0.0,0.0,0.0,0.0,0.0,0.0,0.0,0.0,0,0,0,0,0,0
1778624943.626654,2026-05-13 01:29:03,0,0,0,0.0,0.0,0.0,0.0,0.0,0.0,0.0,0.0,0,0,0,0,0.0,0.0,0.0,0.0,0.0,0.0,0.0,0.0,0,0,0,0,0.0,0.0,0.0,0.0,0.0,0.0,0.0,0.0,0,0,0,0,0,0
1778624973.626654,2026-05-13 01:29:33,0,0,0,0.0,0.0,0.0,0.0,0.0,0.0,0.0,0.0,0,0,0,0,0.0,0.0,0.0,0.0,0.0,0.0,0.0,0.0,0,0,0,0,0.0,0.0,0.0,0.0,0.0,0.0,0.0,0.0,0,0,0,0,0,0
1778625003.626654,2026-05-13 01:30:03,0,0,0,0.0,0.0,0.0,0.0,0.0,0.0,0.0,0.0,0,0,0,0,0.0,0.0,0.0,0.0,0.0,0.0,0.0,0.0,0,0,0,0,0.0,0.0,0.0,0.0,0.0,0.0,0.0,0.0,0,0,0,0,0,0
1778625033.626654,2026-05-13 01:30:33,0,0,0,0.0,0.0,0.0,0.0,0.0,0.0,0.0,0.0,0,0,0,0,0.0,0.0,0.0,0.0,0.0,0.0,0.0,0.0,0,0,0,0,0.0,0.0,0.0,0.0,0.0,0.0,0.0,0.0,0,0,0,0,0,0
1778625063.626654,2026-05-13 01:31:03,0,0,0,0.0,0.0,0.0,0.0,0.0,0.0,0.0,0.0,0,0,0,0,0.0,0.0,0.0,0.0,0.0,0.0,0.0,0.0,0,0,0,0,0.0,0.0,0.0,0.0,0.0,0.0,0.0,0.0,0,0,0,0,0,0
1778625093.626654,2026-05-13 01:31:33,0,0,0,0.0,0.0,0.0,0.0,0.0,0.0,0.0,0.0,0,0,0,0,0.0,0.0,0.0,0.0,0.0,0.0,0.0,0.0,0,0,0,0,0.0,0.0,0.0,0.0,0.0,0.0,0.0,0.0,0,0,0,0,0,0
1778625123.626654,2026-05-13 01:32:03,0,0,0,0.0,0.0,0.0,0.0,0.0,0.0,0.0,0.0,0,0,0,0,0.0,0.0,0.0,0.0,0.0,0.0,0.0,0.0,0,0,0,0,0.0,0.0,0.0,0.0,0.0,0.0,0.0,0.0,0,0,0,0,0,0
1778625153.626654,2026-05-13 01:32:33,0,0,0,0.0,0.0,0.0,0.0,0.0,0.0,0.0,0.0,0,0,0,0,0.0,0.0,0.0,0.0,0.0,0.0,0.0,0.0,0,0,0,0,0.0,0.0,0.0,0.0,0.0,0.0,0.0,0.0,0,0,0,0,0,0
1778625183.626654,2026-05-13 01:33:03,0,0,0,0.0,0.0,0.0,0.0,0.0,0.0,0.0,0.0,0,0,0,0,0.0,0.0,0.0,0.0,0.0,0.0,0.0,0.0,0,0,0,0,0.0,0.0,0.0,0.0,0.0,0.0,0.0,0.0,0,0,0,0,0,0
1778625213.626654,2026-05-13 01:33:33,0,0,0,0.0,0.0,0.0,0.0,0.0,0.0,0.0,0.0,0,0,0,0,0.0,0.0,0.0,0.0,0.0,0.0,0.0,0.0,0,0,0,0,0.0,0.0,0.0,0.0,0.0,0.0,0.0,0.0,0,0,0,0,0,0
1778625243.626654,2026-05-13 01:34:03,0,0,0,0.0,0.0,0.0,0.0,0.0,0.0,0.0,0.0,0,0,0,0,0.0,0.0,0.0,0.0,0.0,0.0,0.0,0.0,0,0,0,0,0.0,0.0,0.0,0.0,0.0,0.0,0.0,0.0,0,0,0,0,0,0
1778625273.626654,2026-05-13 01:34:33,0,0,0,0.0,0.0,0.0,0.0,0.0,0.0,0.0,0.0,0,0,0,0,0.0,0.0,0.0,0.0,0.0,0.0,0.0,0.0,0,0,0,0,0.0,0.0,0.0,0.0,0.0,0.0,0.0,0.0,0,0,0,0,0,0
1778625303.626654,2026-05-13 01:35:03,0,0,0,0.0,0.0,0.0,0.0,0.0,0.0,0.0,0.0,0,0,0,0,0.0,0.0,0.0,0.0,0.0,0.0,0.0,0.0,0,0,0,0,0.0,0.0,0.0,0.0,0.0,0.0,0.0,0.0,0,0,0,0,0,0
1778625333.626654,2026-05-13 01:35:33,0,0,0,0.0,0.0,0.0,0.0,0.0,0.0,0.0,0.0,0,0,0,0,0.0,0.0,0.0,0.0,0.0,0.0,0.0,0.0,0,0,0,0,0.0,0.0,0.0,0.0,0.0,0.0,0.0,0.0,0,0,0,0,0,0
1778625363.626654,2026-05-13 01:36:03,0,0,0,0.0,0.0,0.0,0.0,0.0,0.0,0.0,0.0,0,0,0,0,0.0,0.0,0.0,0.0,0.0,0.0,0.0,0.0,0,0,0,0,0.0,0.0,0.0,0.0,0.0,0.0,0.0,0.0,0,0,0,0,0,0
1778625393.626654,2026-05-13 01:36:33,0,0,0,0.0,0.0,0.0,0.0,0.0,0.0,0.0,0.0,0,0,0,0,0.0,0.0,0.0,0.0,0.0,0.0,0.0,0.0,0,0,0,0,0.0,0.0,0.0,0.0,0.0,0.0,0.0,0.0,0,0,0,0,0,0
1778625423.626654,2026-05-13 01:37:03,0,0,0,0.0,0.0,0.0,0.0,0.0,0.0,0.0,0.0,0,0,0,0,0.0,0.0,0.0,0.0,0.0,0.0,0.0,0.0,0,0,0,0,0.0,0.0,0.0,0.0,0.0,0.0,0.0,0.0,0,0,0,0,0,0
1778625453.626654,2026-05-13 01:37:33,0,0,0,0.0,0.0,0.0,0.0,0.0,0.0,0.0,0.0,0,0,0,0,0.0,0.0,0.0,0.0,0.0,0.0,0.0,0.0,0,0,0,0,0.0,0.0,0.0,0.0,0.0,0.0,0.0,0.0,0,0,0,0,0,0
1778625483.626654,2026-05-13 01:38:03,0,0,0,0.0,0.0,0.0,0.0,0.0,0.0,0.0,0.0,0,0,0,0,0.0,0.0,0.0,0.0,0.0,0.0,0.0,0.0,0,0,0,0,0.0,0.0,0.0,0.0,0.0,0.0,0.0,0.0,0,0,0,0,0,0
1778625513.626654,2026-05-13 01:38:33,0,0,0,0.0,0.0,0.0,0.0,0.0,0.0,0.0,0.0,0,0,0,0,0.0,0.0,0.0,0.0,0.0,0.0,0.0,0.0,0,0,0,0,0.0,0.0,0.0,0.0,0.0,0.0,0.0,0.0,0,0,0,0,0,0
1778625543.626654,2026-05-13 01:39:03,0,0,0,0.0,0.0,0.0,0.0,0.0,0.0,0.0,0.0,0,0,0,0,0.0,0.0,0.0,0.0,0.0,0.0,0.0,0.0,0,0,0,0,0.0,0.0,0.0,0.0,0.0,0.0,0.0,0.0,0,0,0,0,0,0
1778625573.626654,2026-05-13 01:39:33,0,0,0,0.0,0.0,0.0,0.0,0.0,0.0,0.0,0.0,0,0,0,0,0.0,0.0,0.0,0.0,0.0,0.0,0.0,0.0,0,0,0,0,0.0,0.0,0.0,0.0,0.0,0.0,0.0,0.0,0,0,0,0,0,0
1778625603.626654,2026-05-13 01:40:03,0,0,0,0.0,0.0,0.0,0.0,0.0,0.0,0.0,0.0,0,0,0,0,0.0,0.0,0.0,0.0,0.0,0.0,0.0,0.0,0,0,0,0,0.0,0.0,0.0,0.0,0.0,0.0,0.0,0.0,0,0,0,0,0,0
1778625633.626654,2026-05-13 01:40:33,0,0,0,0.0,0.0,0.0,0.0,0.0,0.0,0.0,0.0,0,0,0,0,0.0,0.0,0.0,0.0,0.0,0.0,0.0,0.0,0,0,0,0,0.0,0.0,0.0,0.0,0.0,0.0,0.0,0.0,0,0,0,0,0,0
1778625663.626654,2026-05-13 01:41:03,3,2,2,0.0,0.0667,0.0656,0.0,7.8,0.0574,0.0309,0.0667,1,3,2,2,0.0,0.0333,0.0656,0.0,3.9,0.0574,0.0309,0.0333,1,3,2,2,0.0,0.0067,0.0656,0.0,0.78,0.0574,0.0309,0.0067,1,0,0,0,0,0
1778625693.626654,2026-05-13 01:41:33,0,0,0,0.0,0.0,0.0,0.0,0.0,0.0,0.0,0.0,0,3,2,2,0.0,0.0333,0.0656,0.0,3.9,0.0574,0.0309,0.0333,1,3,2,2,0.0,0.0067,0.0656,0.0,0.78,0.0574,0.0309,0.0067,1,0,0,0,0,0
1778625723.626654,2026-05-13 01:42:03,0,0,0,0.0,0.0,0.0,0.0,0.0,0.0,0.0,0.0,0,0,0,0,0.0,0.0,0.0,0.0,0.0,0.0,0.0,0.0,0,3,2,2,0.0,0.0067,0.0656,0.0,0.78,0.0574,0.0309,0.0067,1,0,0,0,0,0
1778625753.626654,2026-05-13 01:42:33,0,0,0,0.0,0.0,0.0,0.0,0.0,0.0,0.0,0.0,0,0,0,0,0.0,0.0,0.0,0.0,0.0,0.0,0.0,0.0,0,3,2,2,0.0,0.0067,0.0656,0.0,0.78,0.0574,0.0309,0.0067,1,0,0,0,0,0
1778625783.626654,2026-05-13 01:43:03,0,0,0,0.0,0.0,0.0,0.0,0.0,0.0,0.0,0.0,0,0,0,0,0.0,0.0,0.0,0.0,0.0,0.0,0.0,0.0,0,3,2,2,0.0,0.0067,0.0656,0.0,0.78,0.0574,0.0309,0.0067,1,0,0,0,0,0
1778625813.626654,2026-05-13 01:43:33,2,1,1,0.0,0.0667,0.0989,0.0,8.47,0.0,0.0,0.0667,1,2,1,1,0.0,0.0333,0.0989,0.0,4.23,0.0,0.0,0.0333,1,5,2,2,0.0,0.0133,0.0789,0.0,1.63,0.0451,0.1731,0.0133,1,0,0,0,0,0
1778625843.626654,2026-05-13 01:44:03,0,0,0,0.0,0.0,0.0,0.0,0.0,0.0,0.0,0.0,0,2,1,1,0.0,0.0333,0.0989,0.0,4.23,0.0,0.0,0.0333,1,5,2,2,0.0,0.0133,0.0789,0.0,1.63,0.0451,0.1731,0.0133,1,0,0,0,0,0
1778625873.626654,2026-05-13 01:44:33,6,2,3,0.0,0.0667,1.9047,0.6667,46052.13,0.0574,0.1958,0.2,2,6,2,3,0.0,0.0333,1.9047,0.6667,23026.07,0.0574,0.1958,0.1,2,11,3,4,0.0,0.02,1.0748,0.3636,4606.84,0.0826,0.2114,0.0333,2,0,0,0,0,0
1778625903.626654,2026-05-13 01:45:03,0,0,0,0.0,0.0,0.0,0.0,0.0,0.0,0.0,0.0,0,6,2,3,0.0,0.0333,1.9047,0.6667,23026.07,0.0574,0.1958,0.1,2,11,3,4,0.0,0.02,1.0748,0.3636,4606.84,0.0826,0.2114,0.0333,2,0,0,0,0,0
1778625933.626654,2026-05-13 01:45:33,0,0,0,0.0,0.0,0.0,0.0,0.0,0.0,0.0,0.0,0,0,0,0,0.0,0.0,0.0,0.0,0.0,0.0,0.0,0.0,0,11,3,4,0.0,0.02,1.0748,0.3636,4606.84,0.0826,0.2114,0.0333,2,0,0,0,0,0
1778625963.626654,2026-05-13 01:46:03,11,1,1,0.0,0.3667,0.0945,0.0,55.3,0.0,0.1409,0.3667,1,11,1,1,0.0,0.1833,0.0945,0.0,27.65,0.0,0.1409,0.1833,1,19,2,3,0.0,0.05,0.6666,0.2105,4611.59,0.0464,0.2518,0.0633,2,0,0,0,0,0
1778625993.626654,2026-05-13 01:46:33,7,3,3,0.1429,0.1333,0.7013,0.2857,78.4,0.0862,0.1132,0.2,2,18,3,3,0.0556,0.25,0.3305,0.1111,66.85,0.0502,0.253,0.2833,2,26,3,5,0.0385,0.0633,0.6759,0.2308,4619.43,0.0625,0.2337,0.0833,2,0,0,0,0,0
1778626023.626654,2026-05-13 01:47:03,0,0,0,0.0,0.0,0.0,0.0,0.0,0.0,0.0,0.0,0,7,3,3,0.1429,0.0667,0.7013,0.2857,39.2,0.0862,0.1132,0.1,2,26,3,5,0.0385,0.0633,0.6759,0.2308,4619.43,0.0625,0.2337,0.0833,2,0,0,0,0,0
1778626053.626654,2026-05-13 01:47:33,2,2,2,0.5,0.0,2.3929,0.5,69.5,0.0625,0.0,0.0333,1,2,2,2,0.5,0.0,2.3929,0.5,34.75,0.0625,0.0,0.0167,1,28,4,6,0.0714,0.0633,0.7986,0.25,4626.38,0.0812,0.2057,0.0867,3,0,0,0,0,0
1778626083.626654,2026-05-13 01:48:03,0,0,0,0.0,0.0,0.0,0.0,0.0,0.0,0.0,0.0,0,2,2,2,0.5,0.0,2.3929,0.5,34.75,0.0625,0.0,0.0167,1,28,4,6,0.0714,0.0633,0.7986,0.25,4626.38,0.0812,0.2057,0.0867,3,0,0,0,0,0
1778626113.626654,2026-05-13 01:48:33,0,0,0,0.0,0.0,0.0,0.0,0.0,0.0,0.0,0.0,0,0,0,0,0.0,0.0,0.0,0.0,0.0,0.0,0.0,0.0,0,26,4,6,0.0769,0.0567,0.8524,0.2692,4625.53,0.0847,0.2232,0.08,3,0,0,0,0,0
1778626143.626654,2026-05-13 01:49:03,2,1,1,0.0,0.0667,0.0964,0.0,8.47,0.0,0.0,0.0667,1,2,1,1,0.0,0.0333,0.0964,0.0,4.23,0.0,0.0,0.0333,1,28,4,6,0.0714,0.0633,0.7984,0.25,4626.38,0.0812,0.2128,0.0867,3,0,0,0,0,0
1778626173.626654,2026-05-13 01:49:33,0,0,0,0.0,0.0,0.0,0.0,0.0,0.0,0.0,0.0,0,2,1,1,0.0,0.0333,0.0964,0.0,4.23,0.0,0.0,0.0333,1,22,4,4,0.0909,0.0567,0.4967,0.1364,21.17,0.0699,0.223,0.0667,3,0,0,0,0,0
1778626203.626654,2026-05-13 01:50:03,3,2,2,0.0,0.0667,0.0711,0.3333,4.73,0.0574,0.0991,0.1,2,3,2,2,0.0,0.0333,0.0711,0.3333,2.37,0.0574,0.0991,0.05,2,25,4,5,0.08,0.0633,0.4456,0.16,21.64,0.0716,0.2102,0.0767,3,0,0,0,0,0
1778626233.626654,2026-05-13 01:50:33,2,1,1,0.0,0.0667,0.0886,0.0,8.33,0.0,0.0,0.0667,1,5,2,2,0.0,0.0667,0.0781,0.2,6.53,0.0451,0.1685,0.0833,2,27,4,5,0.0741,0.07,0.4192,0.1481,22.47,0.068,0.2122,0.0833,3,0,0,0,0,0
1778626263.626654,2026-05-13 01:51:03,4,2,2,0.0,0.0667,0.1891,0.5,157.87,0.0625,0.078,0.1333,2,6,2,2,0.0,0.0667,0.1556,0.3333,83.1,0.0574,0.1987,0.1,2,20,4,6,0.1,0.04,0.5517,0.3,32.73,0.0932,0.1711,0.06,3,0,0,0,0,0
1778626293.626654,2026-05-13 01:51:33,4,2,2,0.0,0.0667,0.3733,0.5,1260.3,0.0625,0.0846,0.1333,2,8,2,3,0.0,0.0667,0.2812,0.5,709.08,0.0625,0.2374,0.1333,2,17,4,5,0.0588,0.0333,0.4482,0.3529,150.92,0.0907,0.178,0.0533,3,0,0,0,0,0
1778626323.626654,2026-05-13 01:52:03,6,2,3,0.0,0.0667,0.5419,0.6667,19997.23,0.0574,0.1944,0.2,2,10,2,4,0.0,0.0667,0.4744,0.6,10628.77,0.0607,0.2197,0.1667,2,23,4,6,0.0435,0.04,0.4726,0.4348,2150.64,0.0883,0.184,0.0733,3,0,0,0,0,0
1778626353.626654,2026-05-13 01:52:33,2,1,1,0.0,0.0667,0.0762,0.0,7.0,0.0,0.0,0.0667,1,8,2,3,0.0,0.0667,0.4254,0.5,10002.12,0.0625,0.1831,0.1333,2,23,2,4,0.0,0.0467,0.2712,0.3913,2144.39,0.0604,0.1872,0.0767,2,0,0,0,0,0
1778626383.626654,2026-05-13 01:53:03,0,0,0,0.0,0.0,0.0,0.0,0.0,0.0,0.0,0.0,0,2,1,1,0.0,0.0333,0.0762,0.0,3.5,0.0,0.0,0.0333,1,23,2,4,0.0,0.0467,0.2712,0.3913,2144.39,0.0604,0.1872,0.0767,2,0,0,0,0,0
1778626413.626654,2026-05-13 01:53:33,4,2,2,0.0,0.0667,0.1319,0.5,152.53,0.0625,0.0752,0.1333,2,4,2,2,0.0,0.0333,0.1319,0.5,76.27,0.0625,0.0752,0.0667,2,27,2,5,0.0,0.0533,0.2505,0.4074,2159.65,0.0609,0.1848,0.09,2,0,0,0,0,0
1778626443.626654,2026-05-13 01:54:03,0,0,0,0.0,0.0,0.0,0.0,0.0,0.0,0.0,0.0,0,4,2,2,0.0,0.0333,0.1319,0.5,76.27,0.0625,0.0752,0.0667,2,25,2,5,0.0,0.0467,0.2629,0.44,2158.8,0.0618,0.182,0.0833,2,0,0,0,0,0
1778626473.626654,2026-05-13 01:54:33,2,1,1,0.0,0.0,0.1408,1.0,958.0,0.0,0.0,0.0667,1,2,1,1,0.0,0.0,0.1408,1.0,479.0,0.0,0.0,0.0333,1,27,2,6,0.0,0.0467,0.2538,0.4815,2254.6,0.0624,0.188,0.09,2,0,0,0,0,0
1778626503.626654,2026-05-13 01:55:03,5,2,3,0.0,0.0667,0.1212,0.6,2912.93,0.0607,0.1707,0.1667,2,7,2,4,0.0,0.0333,0.1268,0.7143,1935.47,0.0539,0.1568,0.1167,2,29,2,7,0.0,0.0467,0.2498,0.5172,2545.42,0.0624,0.1927,0.0967,2,0,0,0,0,0
1778626533.626654,2026-05-13 01:55:33,0,0,0,0.0,0.0,0.0,0.0,0.0,0.0,0.0,0.0,0,5,2,3,0.0,0.0333,0.1212,0.6,1456.47,0.0607,0.1707,0.0833,2,27,2,7,0.0,0.04,0.2618,0.5556,2544.59,0.0619,0.2065,0.09,2,0,0,0,0,0
1778626563.626654,2026-05-13 01:56:03,1,1,1,0.0,0.0,0.0,0.0,3.73,0.0,0.0,0.0333,1,1,1,1,0.0,0.0,0.0,0.0,1.87,0.0,0.0,0.0167,1,24,3,8,0.0,0.0333,0.263,0.5417,2529.17,0.0748,0.182,0.0767,2,0,0,0,0,0
1778626593.626654,2026-05-13 01:56:33,0,0,0,0.0,0.0,0.0,0.0,0.0,0.0,0.0,0.0,0,1,1,1,0.0,0.0,0.0,0.0,1.87,0.0,0.0,0.0167,1,20,3,8,0.0,0.0267,0.2409,0.55,2403.14,0.0762,0.1818,0.0633,2,0,0,0,0,0
1778626623.626654,2026-05-13 01:57:03,0,0,0,0.0,0.0,0.0,0.0,0.0,0.0,0.0,0.0,0,0,0,0,0.0,0.0,0.0,0.0,0.0,0.0,0.0,0.0,0,14,3,6,0.0,0.02,0.112,0.5,403.42,0.081,0.1722,0.0433,2,0,0,0,0,0
1778626653.626654,2026-05-13 01:57:33,3,2,2,0.0,0.0,0.1443,1.0,447.97,0.0574,0.0973,0.1,2,3,2,2,0.0,0.0,0.1443,1.0,223.98,0.0574,0.0973,0.05,2,15,4,8,0.0,0.0133,0.1232,0.6667,447.52,0.092,0.178,0.0467,3,0,0,0,0,0
1778626683.626654,2026-05-13 01:58:03,0,0,0,0.0,0.0,0.0,0.0,0.0,0.0,0.0,0.0,0,3,2,2,0.0,0.0,0.1443,1.0,223.98,0.0574,0.0973,0.05,2,15,4,8,0.0,0.0133,0.1232,0.6667,447.52,0.092,0.178,0.0467,3,0,0,0,0,0
1778626713.626654,2026-05-13 01:58:33,2,1,1,0.0,0.0,0.1253,1.0,958.73,0.0,0.0,0.0667,1,2,1,1,0.0,0.0,0.1253,1.0,479.37,0.0,0.0,0.0333,1,13,4,8,0.0,0.0067,0.1209,0.7692,528.14,0.0845,0.1617,0.04,3,0,0,0,0,0
1778626743.626654,2026-05-13 01:59:03,0,0,0,0.0,0.0,0.0,0.0,0.0,0.0,0.0,0.0,0,2,1,1,0.0,0.0,0.1253,1.0,479.37,0.0,0.0,0.0333,1,13,4,8,0.0,0.0067,0.1209,0.7692,528.14,0.0845,0.1617,0.04,3,0,0,0,0,0
1778626773.626654,2026-05-13 01:59:33,2,1,1,0.0,0.0667,0.0845,0.0,5.63,0.0,0.0,0.0667,1,2,1,1,0.0,0.0333,0.0845,0.0,2.82,0.0,0.0,0.0333,1,13,4,7,0.0,0.0133,0.1122,0.6154,432.9,0.0983,0.137,0.04,3,0,0,0,0,0
1778626803.626654,2026-05-13 02:00:03,8,1,1,0.0,0.2667,0.1714,0.0,37.13,0.0,0.1336,0.2667,1,10,1,1,0.0,0.1667,0.154,0.0,21.38,0.0,0.2748,0.1667,1,16,4,5,0.0,0.0333,0.139,0.3125,145.32,0.089,0.1689,0.05,3,0,0,0,0,0
1778626833.626654,2026-05-13 02:00:33,2,1,1,0.0,0.0,1.2288,1.0,19545.67,0.0,0.0,0.0667,1,10,2,2,0.0,0.1333,0.3829,0.2,9791.4,0.0451,0.2583,0.1667,2,18,4,6,0.0,0.0333,0.2601,0.3889,2099.89,0.0914,0.1712,0.0567,3,0,0,0,0,0
1778626863.626654,2026-05-13 02:01:03,0,0,0,0.0,0.0,0.0,0.0,0.0,0.0,0.0,0.0,0,2,1,1,0.0,0.0,1.2288,1.0,9772.83,0.0,0.0,0.0333,1,17,3,5,0.0,0.0333,0.2754,0.4118,2099.51,0.0763,0.182,0.0567,3,0,0,0,0,0
1778626893.626654,2026-05-13 02:01:33,1,1,1,0.0,0.0,0.0,0.0,3.73,0.0,0.0,0.0333,1,1,1,1,0.0,0.0,0.0,0.0,1.87,0.0,0.0,0.0167,1,18,4,6,0.0,0.0333,0.2601,0.3889,2099.89,0.0914,0.1621,0.0567,3,0,0,0,0,0
1778626923.626654,2026-05-13 02:02:03,0,0,0,0.0,0.0,0.0,0.0,0.0,0.0,0.0,0.0,0,1,1,1,0.0,0.0,0.0,0.0,1.87,0.0,0.0,0.0167,1,18,4,6,0.0,0.0333,0.2601,0.3889,2099.89,0.0914,0.1621,0.0567,3,0,0,0,0,0
1778626953.626654,2026-05-13 02:02:33,1,1,1,0.0,0.0,0.0,0.0,3.73,0.0,0.0,0.0333,1,1,1,1,0.0,0.0,0.0,0.0,1.87,0.0,0.0,0.0167,1,16,3,4,0.0,0.0333,0.2655,0.25,2055.46,0.0812,0.1519,0.0467,2,0,0,0,0,0
1778626983.626654,2026-05-13 02:03:03,0,0,0,0.0,0.0,0.0,0.0,0.0,0.0,0.0,0.0,0,1,1,1,0.0,0.0,0.0,0.0,1.87,0.0,0.0,0.0167,1,16,3,4,0.0,0.0333,0.2655,0.25,2055.46,0.0812,0.1519,0.0467,2,0,0,0,0,0
1778627013.626654,2026-05-13 02:03:33,1,1,1,0.0,0.0,0.0,0.0,3.73,0.0,0.0,0.0333,1,1,1,1,0.0,0.0,0.0,0.0,1.87,0.0,0.0,0.0167,1,15,3,3,0.0,0.0333,0.2665,0.1333,1959.96,0.0776,0.1448,0.04,2,0,0,0,0,0
1778627043.626654,2026-05-13 02:04:03,0,0,0,0.0,0.0,0.0,0.0,0.0,0.0,0.0,0.0,0,1,1,1,0.0,0.0,0.0,0.0,1.87,0.0,0.0,0.0167,1,15,3,3,0.0,0.0333,0.2665,0.1333,1959.96,0.0776,0.1448,0.04,2,0,0,0,0,0
1778627073.626654,2026-05-13 02:04:33,1,1,1,0.0,0.0,0.0001,0.0,3.73,0.0,0.0,0.0333,1,1,1,1,0.0,0.0,0.0001,0.0,1.87,0.0,0.0,0.0167,1,14,3,3,0.0,0.0267,0.2735,0.1429,1959.77,0.0862,0.1371,0.0333,2,0,0,0,0,0
1778627103.626654,2026-05-13 02:05:03,0,0,0,0.0,0.0,0.0,0.0,0.0,0.0,0.0,0.0,0,1,1,1,0.0,0.0,0.0001,0.0,1.87,0.0,0.0,0.0167,1,6,2,2,0.0,0.0,0.4096,0.3333,1956.06,0.0574,0.05,0.0133,1,0,0,0,0,0
1778627133.626654,2026-05-13 02:05:33,1,1,1,0.0,0.0,0.0,0.0,3.73,0.0,0.0,0.0333,1,1,1,1,0.0,0.0,0.0,0.0,1.87,0.0,0.0,0.0167,1,5,1,1,0.0,0.0,0.0,0.0,1.87,0.0,0.0001,0.0167,1,0,0,0,0,0
1778627163.626654,2026-05-13 02:06:03,0,0,0,0.0,0.0,0.0,0.0,0.0,0.0,0.0,0.0,0,1,1,1,0.0,0.0,0.0,0.0,1.87,0.0,0.0,0.0167,1,5,1,1,0.0,0.0,0.0,0.0,1.87,0.0,0.0001,0.0167,1,0,0,0,0,0
1778627193.626654,2026-05-13 02:06:33,1,1,1,0.0,0.0,0.0,0.0,3.73,0.0,0.0,0.0333,1,1,1,1,0.0,0.0,0.0,0.0,1.87,0.0,0.0,0.0167,1,5,1,1,0.0,0.0,0.0,0.0,1.87,0.0,0.0001,0.0167,1,0,0,0,0,0
1778627223.626654,2026-05-13 02:07:03,0,0,0,0.0,0.0,0.0,0.0,0.0,0.0,0.0,0.0,0,1,1,1,0.0,0.0,0.0,0.0,1.87,0.0,0.0,0.0167,1,5,1,1,0.0,0.0,0.0,0.0,1.87,0.0,0.0001,0.0167,1,0,0,0,0,0
1778627253.626654,2026-05-13 02:07:33,1,1,1,0.0,0.0,0.0,0.0,3.73,0.0,0.0,0.0333,1,1,1,1,0.0,0.0,0.0,0.0,1.87,0.0,0.0,0.0167,1,5,1,1,0.0,0.0,0.0,0.0,1.87,0.0,0.0001,0.0167,1,0,0,0,0,0
1778627283.626654,2026-05-13 02:08:03,0,0,0,0.0,0.0,0.0,0.0,0.0,0.0,0.0,0.0,0,1,1,1,0.0,0.0,0.0,0.0,1.87,0.0,0.0,0.0167,1,5,1,1,0.0,0.0,0.0,0.0,1.87,0.0,0.0001,0.0167,1,0,0,0,0,0
1778627313.626654,2026-05-13 02:08:33,1,1,1,0.0,0.0,0.0,0.0,3.73,0.0,0.0,0.0333,1,1,1,1,0.0,0.0,0.0,0.0,1.87,0.0,0.0,0.0167,1,5,1,1,0.0,0.0,0.0,0.0,1.87,0.0,0.0001,0.0167,1,0,0,0,0,0
1778627343.626654,2026-05-13 02:09:03,0,0,0,0.0,0.0,0.0,0.0,0.0,0.0,0.0,0.0,0,1,1,1,0.0,0.0,0.0,0.0,1.87,0.0,0.0,0.0167,1,5,1,1,0.0,0.0,0.0,0.0,1.87,0.0,0.0001,0.0167,1,0,0,0,0,0
1778627373.626654,2026-05-13 02:09:33,1,1,1,0.0,0.0,1.0723,1.0,7.47,0.0,0.0,0.0333,1,1,1,1,0.0,0.0,1.0723,1.0,3.73,0.0,0.0,0.0167,1,5,1,2,0.0,0.0,0.2145,0.2,2.24,0.0,0.007,0.0133,1,0,0,0,0,0
1778627403.626654,2026-05-13 02:10:03,0,0,0,0.0,0.0,0.0,0.0,0.0,0.0,0.0,0.0,0,1,1,1,0.0,0.0,1.0723,1.0,3.73,0.0,0.0,0.0167,1,5,1,2,0.0,0.0,0.2145,0.2,2.24,0.0,0.007,0.0133,1,0,0,0,0,0
1778627433.626654,2026-05-13 02:10:33,4,2,2,0.0,0.0667,0.2165,0.5,247.6,0.0625,0.0754,0.1333,2,4,2,2,0.0,0.0333,0.2165,0.5,123.8,0.0625,0.0754,0.0667,2,8,3,4,0.0,0.0067,0.2423,0.375,26.63,0.0938,0.0869,0.0167,3,0,0,0,0,0
1778627463.626654,2026-05-13 02:11:03,0,0,0,0.0,0.0,0.0,0.0,0.0,0.0,0.0,0.0,0,4,2,2,0.0,0.0333,0.2165,0.5,123.8,0.0625,0.0754,0.0667,2,8,3,4,0.0,0.0067,0.2423,0.375,26.63,0.0938,0.0869,0.0167,3,0,0,0,0,0
1778627493.626654,2026-05-13 02:11:33,4,2,2,0.0,0.0667,0.1727,0.5,247.53,0.0625,0.0734,0.1333,2,4,2,2,0.0,0.0333,0.1727,0.5,123.77,0.0625,0.0734,0.0667,2,11,3,4,0.0,0.0133,0.239,0.4545,51.01,0.0983,0.1253,0.03,3,0,0,0,0,0
1778627523.626654,2026-05-13 02:12:03,0,0,0,0.0,0.0,0.0,0.0,0.0,0.0,0.0,0.0,0,4,2,2,0.0,0.0333,0.1727,0.5,123.77,0.0625,0.0734,0.0667,2,11,3,4,0.0,0.0133,0.239,0.4545,51.01,0.0983,0.1253,0.03,3,0,0,0,0,0
1778627553.626654,2026-05-13 02:12:33,0,0,0,0.0,0.0,0.0,0.0,0.0,0.0,0.0,0.0,0,0,0,0,0.0,0.0,0.0,0.0,0.0,0.0,0.0,0.0,0,10,3,4,0.0,0.0133,0.2629,0.5,50.63,0.0951,0.1451,0.03,3,0,0,0,0,0
1778627583.626654,2026-05-13 02:13:03,0,0,0,0.0,0.0,0.0,0.0,0.0,0.0,0.0,0.0,0,0,0,0,0.0,0.0,0.0,0.0,0.0,0.0,0.0,0.0,0,10,3,4,0.0,0.0133,0.2629,0.5,50.63,0.0951,0.1451,0.03,3,0,0,0,0,0
1778627613.626654,2026-05-13 02:13:33,0,0,0,0.0,0.0,0.0,0.0,0.0,0.0,0.0,0.0,0,0,0,0,0.0,0.0,0.0,0.0,0.0,0.0,0.0,0.0,0,9,3,3,0.0,0.0133,0.2921,0.5556,50.26,0.087,0.1754,0.03,3,0,0,0,0,0
1778627643.626654,2026-05-13 02:14:03,0,0,0,0.0,0.0,0.0,0.0,0.0,0.0,0.0,0.0,0,0,0,0,0.0,0.0,0.0,0.0,0.0,0.0,0.0,0.0,0,9,3,3,0.0,0.0133,0.2921,0.5556,50.26,0.087,0.1754,0.03,3,0,0,0,0,0
1778627673.626654,2026-05-13 02:14:33,1,1,1,0.0,0.0,0.0774,1.0,1.6,0.0,0.0,0.0333,1,1,1,1,0.0,0.0,0.0774,1.0,0.8,0.0,0.0,0.0167,1,9,3,3,0.0,0.0133,0.1816,0.5556,49.67,0.087,0.1882,0.03,3,0,0,0,0,0
1778627703.626654,2026-05-13 02:15:03,0,0,0,0.0,0.0,0.0,0.0,0.0,0.0,0.0,0.0,0,1,1,1,0.0,0.0,0.0774,1.0,0.8,0.0,0.0,0.0167,1,9,3,3,0.0,0.0133,0.1816,0.5556,49.67,0.087,0.1882,0.03,3,0,0,0,0,0
1778627733.626654,2026-05-13 02:15:33,0,0,0,0.0,0.0,0.0,0.0,0.0,0.0,0.0,0.0,0,0,0,0,0.0,0.0,0.0,0.0,0.0,0.0,0.0,0.0,0,5,3,3,0.0,0.0067,0.1537,0.6,24.91,0.0951,0.173,0.0167,3,0,0,0,0,0
1778627763.626654,2026-05-13 02:16:03,0,0,0,0.0,0.0,0.0,0.0,0.0,0.0,0.0,0.0,0,0,0,0,0.0,0.0,0.0,0.0,0.0,0.0,0.0,0.0,0,5,3,3,0.0,0.0067,0.1537,0.6,24.91,0.0951,0.173,0.0167,3,0,0,0,0,0
1778627793.626654,2026-05-13 02:16:33,0,0,0,0.0,0.0,0.0,0.0,0.0,0.0,0.0,0.0,0,0,0,0,0.0,0.0,0.0,0.0,0.0,0.0,0.0,0.0,0,1,1,1,0.0,0.0,0.0774,1.0,0.16,0.0,0.0,0.0033,1,0,0,0,0,0
1778627823.626654,2026-05-13 02:17:03,0,0,0,0.0,0.0,0.0,0.0,0.0,0.0,0.0,0.0,0,0,0,0,0.0,0.0,0.0,0.0,0.0,0.0,0.0,0.0,0,1,1,1,0.0,0.0,0.0774,1.0,0.16,0.0,0.0,0.0033,1,0,0,0,0,0
1778627853.626654,2026-05-13 02:17:33,0,0,0,0.0,0.0,0.0,0.0,0.0,0.0,0.0,0.0,0,0,0,0,0.0,0.0,0.0,0.0,0.0,0.0,0.0,0.0,0,1,1,1,0.0,0.0,0.0774,1.0,0.16,0.0,0.0,0.0033,1,0,0,0,0,0
1778627883.626654,2026-05-13 02:18:03,0,0,0,0.0,0.0,0.0,0.0,0.0,0.0,0.0,0.0,0,0,0,0,0.0,0.0,0.0,0.0,0.0,0.0,0.0,0.0,0,1,1,1,0.0,0.0,0.0774,1.0,0.16,0.0,0.0,0.0033,1,0,0,0,0,0
1778627913.626654,2026-05-13 02:18:33,0,0,0,0.0,0.0,0.0,0.0,0.0,0.0,0.0,0.0,0,0,0,0,0.0,0.0,0.0,0.0,0.0,0.0,0.0,0.0,0,1,1,1,0.0,0.0,0.0774,1.0,0.16,0.0,0.0,0.0033,1,0,0,0,0,0
1778627943.626654,2026-05-13 02:19:03,0,0,0,0.0,0.0,0.0,0.0,0.0,0.0,0.0,0.0,0,0,0,0,0.0,0.0,0.0,0.0,0.0,0.0,0.0,0.0,0,1,1,1,0.0,0.0,0.0774,1.0,0.16,0.0,0.0,0.0033,1,0,0,0,0,0
1778627973.626654,2026-05-13 02:19:33,0,0,0,0.0,0.0,0.0,0.0,0.0,0.0,0.0,0.0,0,0,0,0,0.0,0.0,0.0,0.0,0.0,0.0,0.0,0.0,0,0,0,0,0.0,0.0,0.0,0.0,0.0,0.0,0.0,0.0,0,0,0,0,0,0
1778628003.626654,2026-05-13 02:20:03,0,0,0,0.0,0.0,0.0,0.0,0.0,0.0,0.0,0.0,0,0,0,0,0.0,0.0,0.0,0.0,0.0,0.0,0.0,0.0,0,0,0,0,0.0,0.0,0.0,0.0,0.0,0.0,0.0,0.0,0,0,0,0,0,0
1778628033.626654,2026-05-13 02:20:33,1,1,1,0.0,0.0,0.0,0.0,3.73,0.0,0.0,0.0333,1,1,1,1,0.0,0.0,0.0,0.0,1.87,0.0,0.0,0.0167,1,1,1,1,0.0,0.0,0.0,0.0,0.37,0.0,0.0,0.0033,1,0,0,0,0,0
1778628063.626654,2026-05-13 02:21:03,0,0,0,0.0,0.0,0.0,0.0,0.0,0.0,0.0,0.0,0,1,1,1,0.0,0.0,0.0,0.0,1.87,0.0,0.0,0.0167,1,1,1,1,0.0,0.0,0.0,0.0,0.37,0.0,0.0,0.0033,1,0,0,0,0,0
1778628093.626654,2026-05-13 02:21:33,1,1,1,0.0,0.0,0.0,0.0,3.73,0.0,0.0,0.0333,1,1,1,1,0.0,0.0,0.0,0.0,1.87,0.0,0.0,0.0167,1,2,1,1,0.0,0.0,0.0,0.0,0.75,0.0,0.0,0.0067,1,0,0,0,0,0
1778628123.626654,2026-05-13 02:22:03,0,0,0,0.0,0.0,0.0,0.0,0.0,0.0,0.0,0.0,0,1,1,1,0.0,0.0,0.0,0.0,1.87,0.0,0.0,0.0167,1,2,1,1,0.0,0.0,0.0,0.0,0.75,0.0,0.0,0.0067,1,0,0,0,0,0
1778628153.626654,2026-05-13 02:22:33,1,1,1,0.0,0.0,0.0,0.0,3.73,0.0,0.0,0.0333,1,1,1,1,0.0,0.0,0.0,0.0,1.87,0.0,0.0,0.0167,1,3,1,1,0.0,0.0,0.0,0.0,1.12,0.0,0.0001,0.01,1,0,0,0,0,0
1778628183.626654,2026-05-13 02:23:03,0,0,0,0.0,0.0,0.0,0.0,0.0,0.0,0.0,0.0,0,1,1,1,0.0,0.0,0.0,0.0,1.87,0.0,0.0,0.0167,1,3,1,1,0.0,0.0,0.0,0.0,1.12,0.0,0.0001,0.01,1,0,0,0,0,0
1778628213.626654,2026-05-13 02:23:33,1,1,1,0.0,0.0,0.0,0.0,3.73,0.0,0.0,0.0333,1,1,1,1,0.0,0.0,0.0,0.0,1.87,0.0,0.0,0.0167,1,4,1,1,0.0,0.0,0.0,0.0,1.49,0.0,0.0,0.0133,1,0,0,0,0,0
1778628243.626654,2026-05-13 02:24:03,0,0,0,0.0,0.0,0.0,0.0,0.0,0.0,0.0,0.0,0,1,1,1,0.0,0.0,0.0,0.0,1.87,0.0,0.0,0.0167,1,4,1,1,0.0,0.0,0.0,0.0,1.49,0.0,0.0,0.0133,1,0,0,0,0,0
1778628273.626654,2026-05-13 02:24:33,0,0,0,0.0,0.0,0.0,0.0,0.0,0.0,0.0,0.0,0,0,0,0,0.0,0.0,0.0,0.0,0.0,0.0,0.0,0.0,0,4,1,1,0.0,0.0,0.0,0.0,1.49,0.0,0.0,0.0133,1,0,0,0,0,0
1778628303.626654,2026-05-13 02:25:03,0,0,0,0.0,0.0,0.0,0.0,0.0,0.0,0.0,0.0,0,0,0,0,0.0,0.0,0.0,0.0,0.0,0.0,0.0,0.0,0,4,1,1,0.0,0.0,0.0,0.0,1.49,0.0,0.0,0.0133,1,0,0,0,0,0
1778628333.626654,2026-05-13 02:25:33,0,0,0,0.0,0.0,0.0,0.0,0.0,0.0,0.0,0.0,0,0,0,0,0.0,0.0,0.0,0.0,0.0,0.0,0.0,0.0,0,3,1,1,0.0,0.0,0.0,0.0,1.12,0.0,0.0001,0.01,1,0,0,0,0,0
1778628363.626654,2026-05-13 02:26:03,0,0,0,0.0,0.0,0.0,0.0,0.0,0.0,0.0,0.0,0,0,0,0,0.0,0.0,0.0,0.0,0.0,0.0,0.0,0.0,0,3,1,1,0.0,0.0,0.0,0.0,1.12,0.0,0.0001,0.01,1,0,0,0,0,0
1778628393.626654,2026-05-13 02:26:33,0,0,0,0.0,0.0,0.0,0.0,0.0,0.0,0.0,0.0,0,0,0,0,0.0,0.0,0.0,0.0,0.0,0.0,0.0,0.0,0,2,1,1,0.0,0.0,0.0,0.0,0.75,0.0,0.0,0.0067,1,0,0,0,0,0
1778628423.626654,2026-05-13 02:27:03,0,0,0,0.0,0.0,0.0,0.0,0.0,0.0,0.0,0.0,0,0,0,0,0.0,0.0,0.0,0.0,0.0,0.0,0.0,0.0,0,2,1,1,0.0,0.0,0.0,0.0,0.75,0.0,0.0,0.0067,1,0,0,0,0,0
1778628453.626654,2026-05-13 02:27:33,0,0,0,0.0,0.0,0.0,0.0,0.0,0.0,0.0,0.0,0,0,0,0,0.0,0.0,0.0,0.0,0.0,0.0,0.0,0.0,0,1,1,1,0.0,0.0,0.0,0.0,0.37,0.0,0.0,0.0033,1,0,0,0,0,0
1778628483.626654,2026-05-13 02:28:03,0,0,0,0.0,0.0,0.0,0.0,0.0,0.0,0.0,0.0,0,0,0,0,0.0,0.0,0.0,0.0,0.0,0.0,0.0,0.0,0,1,1,1,0.0,0.0,0.0,0.0,0.37,0.0,0.0,0.0033,1,0,0,0,0,0
1778628513.626654,2026-05-13 02:28:33,2,1,1,0.0,0.0667,0.0876,0.0,5.93,0.0,0.0,0.0667,1,2,1,1,0.0,0.0333,0.0876,0.0,2.97,0.0,0.0,0.0333,1,2,1,1,0.0,0.0067,0.0876,0.0,0.59,0.0,0.0,0.0067,1,0,0,0,0,0
1778628543.626654,2026-05-13 02:29:03,0,0,0,0.0,0.0,0.0,0.0,0.0,0.0,0.0,0.0,0,2,1,1,0.0,0.0333,0.0876,0.0,2.97,0.0,0.0,0.0333,1,2,1,1,0.0,0.0067,0.0876,0.0,0.59,0.0,0.0,0.0067,1,0,0,0,0,0
1778628573.626654,2026-05-13 02:29:33,0,0,0,0.0,0.0,0.0,0.0,0.0,0.0,0.0,0.0,0,0,0,0,0.0,0.0,0.0,0.0,0.0,0.0,0.0,0.0,0,2,1,1,0.0,0.0067,0.0876,0.0,0.59,0.0,0.0,0.0067,1,0,0,0,0,0
1778628603.626654,2026-05-13 02:30:03,0,0,0,0.0,0.0,0.0,0.0,0.0,0.0,0.0,0.0,0,0,0,0,0.0,0.0,0.0,0.0,0.0,0.0,0.0,0.0,0,2,1,1,0.0,0.0067,0.0876,0.0,0.59,0.0,0.0,0.0067,1,0,0,0,0,0
1778628633.626654,2026-05-13 02:30:33,0,0,0,0.0,0.0,0.0,0.0,0.0,0.0,0.0,0.0,0,0,0,0,0.0,0.0,0.0,0.0,0.0,0.0,0.0,0.0,0,2,1,1,0.0,0.0067,0.0876,0.0,0.59,0.0,0.0,0.0067,1,0,0,0,0,0
1778628663.626654,2026-05-13 02:31:03,0,0,0,0.0,0.0,0.0,0.0,0.0,0.0,0.0,0.0,0,0,0,0,0.0,0.0,0.0,0.0,0.0,0.0,0.0,0.0,0,2,1,1,0.0,0.0067,0.0876,0.0,0.59,0.0,0.0,0.0067,1,0,0,0,0,0
1778628693.626654,2026-05-13 02:31:33,0,0,0,0.0,0.0,0.0,0.0,0.0,0.0,0.0,0.0,0,0,0,0,0.0,0.0,0.0,0.0,0.0,0.0,0.0,0.0,0,2,1,1,0.0,0.0067,0.0876,0.0,0.59,0.0,0.0,0.0067,1,0,0,0,0,0
1778628723.626654,2026-05-13 02:32:03,0,0,0,0.0,0.0,0.0,0.0,0.0,0.0,0.0,0.0,0,0,0,0,0.0,0.0,0.0,0.0,0.0,0.0,0.0,0.0,0,2,1,1,0.0,0.0067,0.0876,0.0,0.59,0.0,0.0,0.0067,1,0,0,0,0,0
1778628753.626654,2026-05-13 02:32:33,4,2,2,0.0,0.0667,0.1778,0.5,248.33,0.0625,0.0717,0.1333,2,4,2,2,0.0,0.0333,0.1778,0.5,124.17,0.0625,0.0717,0.0667,2,6,2,2,0.0,0.0133,0.1478,0.3333,25.43,0.0574,0.1998,0.02,2,0,0,0,0,0
1778628783.626654,2026-05-13 02:33:03,0,0,0,0.0,0.0,0.0,0.0,0.0,0.0,0.0,0.0,0,4,2,2,0.0,0.0333,0.1778,0.5,124.17,0.0625,0.0717,0.0667,2,6,2,2,0.0,0.0133,0.1478,0.3333,25.43,0.0574,0.1998,0.02,2,0,0,0,0,0
1778628813.626654,2026-05-13 02:33:33,0,0,0,0.0,0.0,0.0,0.0,0.0,0.0,0.0,0.0,0,0,0,0,0.0,0.0,0.0,0.0,0.0,0.0,0.0,0.0,0,4,2,2,0.0,0.0067,0.1778,0.5,24.83,0.0625,0.0717,0.0133,2,0,0,0,0,0
1778628843.626654,2026-05-13 02:34:03,0,0,0,0.0,0.0,0.0,0.0,0.0,0.0,0.0,0.0,0,0,0,0,0.0,0.0,0.0,0.0,0.0,0.0,0.0,0.0,0,4,2,2,0.0,0.0067,0.1778,0.5,24.83,0.0625,0.0717,0.0133,2,0,0,0,0,0
1778628873.626654,2026-05-13 02:34:33,0,0,0,0.0,0.0,0.0,0.0,0.0,0.0,0.0,0.0,0,0,0,0,0.0,0.0,0.0,0.0,0.0,0.0,0.0,0.0,0,4,2,2,0.0,0.0067,0.1778,0.5,24.83,0.0625,0.0717,0.0133,2,0,0,0,0,0
1778628903.626654,2026-05-13 02:35:03,4,2,2,0.0,0.0667,0.1081,0.5,150.2,0.0625,0.0767,0.1333,2,4,2,2,0.0,0.0333,0.1081,0.5,75.1,0.0625,0.0767,0.0667,2,8,2,3,0.0,0.0133,0.143,0.5,39.85,0.0625,0.2445,0.0267,2,0,0,0,0,0
1778628933.626654,2026-05-13 02:35:33,0,0,0,0.0,0.0,0.0,0.0,0.0,0.0,0.0,0.0,0,4,2,2,0.0,0.0333,0.1081,0.5,75.1,0.0625,0.0767,0.0667,2,8,2,3,0.0,0.0133,0.143,0.5,39.85,0.0625,0.2445,0.0267,2,0,0,0,0,0
1778628963.626654,2026-05-13 02:36:03,0,0,0,0.0,0.0,0.0,0.0,0.0,0.0,0.0,0.0,0,0,0,0,0.0,0.0,0.0,0.0,0.0,0.0,0.0,0.0,0,8,2,3,0.0,0.0133,0.143,0.5,39.85,0.0625,0.2445,0.0267,2,0,0,0,0,0
1778628993.626654,2026-05-13 02:36:33,2,1,1,0.0,0.0667,0.0774,0.0,4.27,0.0,0.0,0.0667,1,2,1,1,0.0,0.0333,0.0774,0.0,2.13,0.0,0.0,0.0333,1,10,2,3,0.0,0.02,0.1299,0.4,40.28,0.0607,0.1998,0.0333,2,0,0,0,0,0
1778629023.626654,2026-05-13 02:37:03,0,0,0,0.0,0.0,0.0,0.0,0.0,0.0,0.0,0.0,0,2,1,1,0.0,0.0333,0.0774,0.0,2.13,0.0,0.0,0.0333,1,10,2,3,0.0,0.02,0.1299,0.4,40.28,0.0607,0.1998,0.0333,2,0,0,0,0,0
1778629053.626654,2026-05-13 02:37:33,4,2,2,0.0,0.0667,0.1945,0.5,247.0,0.0625,0.0755,0.1333,2,4,2,2,0.0,0.0333,0.1945,0.5,123.5,0.0625,0.0755,0.0667,2,10,2,3,0.0,0.02,0.1366,0.4,40.15,0.0607,0.2025,0.0333,2,0,0,0,0,0
1778629083.626654,2026-05-13 02:38:03,2,1,1,0.0,0.0,0.1772,1.0,145.27,0.0,0.0,0.0667,1,6,2,3,0.0,0.0333,0.1887,0.6667,196.13,0.0574,0.1985,0.1,2,12,2,4,0.0,0.02,0.1433,0.5,54.67,0.0625,0.1783,0.04,2,0,0,0,0,0
1778629113.626654,2026-05-13 02:38:33,1,1,1,0.0,0.0,60.256,0.0,11.2,0.0,0.0,0.0333,1,3,2,2,0.0,0.0,20.2035,0.6667,78.23,0.0574,0.0995,0.0333,1,13,3,5,0.0,0.02,4.7674,0.4615,55.79,0.0821,0.1578,0.04,2,0,0,0,0,0
1778629143.626654,2026-05-13 02:39:03,0,0,0,0.0,0.0,0.0,0.0,0.0,0.0,0.0,0.0,0,1,1,1,0.0,0.0,60.256,0.0,5.6,0.0,0.0,0.0167,1,13,3,5,0.0,0.02,4.7674,0.4615,55.79,0.0821,0.1578,0.04,2,0,0,0,0,0
1778629173.626654,2026-05-13 02:39:33,0,0,0,0.0,0.0,0.0,0.0,0.0,0.0,0.0,0.0,0,0,0,0,0.0,0.0,0.0,0.0,0.0,0.0,0.0,0.0,0,13,3,5,0.0,0.02,4.7674,0.4615,55.79,0.0821,0.1578,0.04,2,0,0,0,0,0
1778629203.626654,2026-05-13 02:40:03,0,0,0,0.0,0.0,0.0,0.0,0.0,0.0,0.0,0.0,0,0,0,0,0.0,0.0,0.0,0.0,0.0,0.0,0.0,0.0,0,9,3,4,0.0,0.0133,6.8382,0.4444,40.77,0.087,0.1293,0.0267,2,0,0,0,0,0
1778629233.626654,2026-05-13 02:40:33,0,0,0,0.0,0.0,0.0,0.0,0.0,0.0,0.0,0.0,0,0,0,0,0.0,0.0,0.0,0.0,0.0,0.0,0.0,0.0,0,9,3,4,0.0,0.0133,6.8382,0.4444,40.77,0.087,0.1293,0.0267,2,0,0,0,0,0
1778629263.626654,2026-05-13 02:41:03,2,1,1,0.0,0.0,0.29,1.0,164.1,0.0,0.0,0.0667,1,2,1,1,0.0,0.0,0.29,1.0,82.05,0.0,0.0,0.0333,1,11,3,4,0.0,0.0133,5.6476,0.5455,57.18,0.0826,0.1654,0.0333,2,0,0,0,0,0
1778629293.626654,2026-05-13 02:41:33,4,2,2,0.0,0.0667,1.4244,0.5,2119.83,0.0625,0.0703,0.1333,2,6,2,3,0.0,0.0333,1.0463,0.6667,1141.97,0.0574,0.1978,0.1,2,13,3,5,0.0,0.0133,5.2051,0.6154,268.74,0.0774,0.1966,0.04,2,0,0,0,0,0
1778629323.626654,2026-05-13 02:42:03,2,1,1,0.0,0.0,5.0931,1.0,45257.87,0.0,0.0,0.0667,1,6,2,3,0.0,0.0333,2.6473,0.6667,23688.85,0.0574,0.1985,0.1,2,15,3,6,0.0,0.0133,5.1902,0.6667,4794.53,0.0724,0.1864,0.0467,2,0,0,0,0,0
1778629353.626654,2026-05-13 02:42:33,5,2,3,0.0,0.0667,0.0964,0.6,143.87,0.0607,0.1681,0.1667,2,7,2,4,0.0,0.0333,1.524,0.7143,22700.87,0.0539,0.1686,0.1167,2,16,3,8,0.0,0.0133,4.8473,0.6875,4784.21,0.0701,0.1988,0.05,2,0,0,0,0,0
1778629383.626654,2026-05-13 02:43:03,8,2,3,0.0,0.1333,0.7049,0.5,237.33,0.0625,0.2385,0.2667,2,13,2,5,0.0,0.1,0.4708,0.5385,190.6,0.0622,0.179,0.2167,2,22,3,9,0.0,0.0267,3.7655,0.5909,4793.42,0.0739,0.2453,0.07,2,0,0,0,0,0
1778629413.626654,2026-05-13 02:43:33,0,0,0,0.0,0.0,0.0,0.0,0.0,0.0,0.0,0.0,0,8,2,3,0.0,0.0667,0.7049,0.5,118.67,0.0625,0.2385,0.1333,2,21,2,8,0.0,0.0267,1.0755,0.619,4792.3,0.0599,0.1776,0.07,2,0,0,0,0,0
1778629443.626654,2026-05-13 02:44:03,3,2,2,0.0,0.0333,1.6397,0.6667,82.7,0.0574,0.0083,0.1,2,3,2,2,0.0,0.0167,1.6397,0.6667,41.35,0.0574,0.0083,0.05,2,24,2,8,0.0,0.03,1.146,0.625,4800.57,0.0597,0.1789,0.08,2,0,0,0,0,0
1778629473.626654,2026-05-13 02:44:33,2,1,1,0.0,0.0,0.1598,1.0,958.0,0.0,0.0,0.0667,1,5,2,3,0.0,0.0167,1.0477,0.8,520.35,0.0451,0.1716,0.0833,2,26,2,9,0.0,0.03,1.0701,0.6538,4896.37,0.0582,0.1694,0.0867,2,0,0,0,0,0
1778629503.626654,2026-05-13 02:45:03,1,1,1,0.0,0.0,0.0,0.0,3.73,0.0,0.0,0.0333,1,3,2,2,0.0,0.0,0.1065,0.6667,480.87,0.0574,0.0996,0.0333,1,27,3,10,0.0,0.03,1.0305,0.6296,4896.74,0.0703,0.1579,0.0867,2,0,0,0,0,0
1778629533.626654,2026-05-13 02:45:33,1,1,1,0.0,0.0,2.0792,1.0,11.2,0.0,0.0,0.0333,1,2,1,2,0.0,0.0,1.0396,0.5,7.47,0.0,0.0,0.0167,1,28,3,11,0.0,0.03,1.0679,0.6429,4897.86,0.0772,0.149,0.09,3,0,0,0,0,0
1778629563.626654,2026-05-13 02:46:03,0,0,0,0.0,0.0,0.0,0.0,0.0,0.0,0.0,0.0,0,1,1,1,0.0,0.0,2.0792,1.0,5.6,0.0,0.0,0.0167,1,26,3,10,0.0,0.03,1.1278,0.6154,4881.45,0.0795,0.1536,0.0833,3,0,0,0,0,0
1778629593.626654,2026-05-13 02:46:33,2,1,1,0.0,0.0667,0.0836,0.0,4.07,0.0,0.0,0.0667,1,2,1,1,0.0,0.0333,0.0836,0.0,2.03,0.0,0.0,0.0333,1,24,3,9,0.0,0.03,0.9913,0.5833,4669.88,0.0818,0.1457,0.0767,3,0,0,0,0,0
1778629623.626654,2026-05-13 02:47:03,2,1,1,0.0,0.0667,0.0877,0.0,4.27,0.0,0.0,0.0667,1,4,1,1,0.0,0.0667,0.0857,0.0,4.17,0.0,0.1406,0.0667,1,24,3,8,0.0,0.0367,0.5742,0.5,144.52,0.0832,0.1449,0.0767,3,0,0,0,0,0
1778629653.626654,2026-05-13 02:47:33,0,0,0,0.0,0.0,0.0,0.0,0.0,0.0,0.0,0.0,0,2,1,1,0.0,0.0333,0.0877,0.0,2.13,0.0,0.0,0.0333,1,19,3,6,0.0,0.03,0.7,0.4737,130.13,0.0861,0.1335,0.06,3,0,0,0,0,0
1778629683.626654,2026-05-13 02:48:03,4,2,2,0.0,0.0667,0.2288,0.5,4197.83,0.0625,0.0703,0.1333,2,4,2,2,0.0,0.0333,0.2288,0.5,2098.92,0.0625,0.0703,0.0667,2,15,3,6,0.0,0.0233,0.5717,0.4667,526.18,0.0893,0.1187,0.0467,3,0,0,0,0,0
1778629713.626654,2026-05-13 02:48:33,1,1,1,0.0,0.0,0.0,0.0,3.73,0.0,0.0,0.0333,1,5,3,3,0.0,0.0333,0.1831,0.4,2100.78,0.0951,0.1725,0.0667,2,16,3,6,0.0,0.0233,0.536,0.4375,526.55,0.0941,0.1111,0.0467,3,0,0,0,0,0
1778629743.626654,2026-05-13 02:49:03,0,0,0,0.0,0.0,0.0,0.0,0.0,0.0,0.0,0.0,0,1,1,1,0.0,0.0,0.0,0.0,1.87,0.0,0.0,0.0167,1,13,3,5,0.0,0.02,0.2813,0.3846,518.28,0.0954,0.1046,0.0367,3,0,0,0,0,0
1778629773.626654,2026-05-13 02:49:33,1,1,1,0.0,0.0,0.0,0.0,3.73,0.0,0.0,0.0333,1,1,1,1,0.0,0.0,0.0,0.0,1.87,0.0,0.0,0.0167,1,12,3,4,0.0,0.02,0.2781,0.25,422.86,0.0912,0.0972,0.03,3,0,0,0,0,0
1778629803.626654,2026-05-13 02:50:03,0,0,0,0.0,0.0,0.0,0.0,0.0,0.0,0.0,0.0,0,1,1,1,0.0,0.0,0.0,0.0,1.87,0.0,0.0,0.0167,1,11,3,4,0.0,0.02,0.3034,0.2727,422.48,0.0897,0.1018,0.03,3,0,0,0,0,0
1778629833.626654,2026-05-13 02:50:33,1,1,1,0.0,0.0,0.0,0.0,3.73,0.0,0.0,0.0333,1,1,1,1,0.0,0.0,0.0,0.0,1.87,0.0,0.0,0.0167,1,11,3,3,0.0,0.02,0.1144,0.1818,421.74,0.0897,0.1019,0.0267,2,0,0,0,0,0
1778629863.626654,2026-05-13 02:51:03,0,0,0,0.0,0.0,0.0,0.0,0.0,0.0,0.0,0.0,0,1,1,1,0.0,0.0,0.0,0.0,1.87,0.0,0.0,0.0167,1,11,3,3,0.0,0.02,0.1144,0.1818,421.74,0.0897,0.1019,0.0267,2,0,0,0,0,0
1778629893.626654,2026-05-13 02:51:33,1,1,1,0.0,0.0,0.0,0.0,3.73,0.0,0.0,0.0333,1,1,1,1,0.0,0.0,0.0,0.0,1.87,0.0,0.0,0.0167,1,10,3,3,0.0,0.0133,0.1091,0.2,421.7,0.0951,0.0901,0.02,2,0,0,0,0,0
1778629923.626654,2026-05-13 02:52:03,0,0,0,0.0,0.0,0.0,0.0,0.0,0.0,0.0,0.0,0,1,1,1,0.0,0.0,0.0,0.0,1.87,0.0,0.0,0.0167,1,8,3,3,0.0,0.0067,0.1144,0.25,421.28,0.0938,0.0867,0.0133,2,0,0,0,0,0
1778629953.626654,2026-05-13 02:52:33,0,0,0,0.0,0.0,0.0,0.0,0.0,0.0,0.0,0.0,0,0,0,0,0.0,0.0,0.0,0.0,0.0,0.0,0.0,0.0,0,8,3,3,0.0,0.0067,0.1144,0.25,421.28,0.0938,0.0867,0.0133,2,0,0,0,0,0
1778629983.626654,2026-05-13 02:53:03,4,2,2,0.0,0.0667,0.1779,0.5,247.63,0.0625,0.07,0.1333,2,4,2,2,0.0,0.0333,0.1779,0.5,123.82,0.0625,0.07,0.0667,2,8,3,3,0.0,0.0067,0.089,0.25,26.26,0.0938,0.0869,0.0133,2,0,0,0,0,0
1778630013.626654,2026-05-13 02:53:33,1,1,1,0.0,0.0,0.0,0.0,3.73,0.0,0.0,0.0333,1,5,3,3,0.0,0.0333,0.1423,0.4,125.68,0.0951,0.1724,0.0667,2,8,3,3,0.0,0.0067,0.089,0.25,26.26,0.0938,0.0878,0.0133,2,0,0,0,0,0
1778630043.626654,2026-05-13 02:54:03,0,0,0,0.0,0.0,0.0,0.0,0.0,0.0,0.0,0.0,0,1,1,1,0.0,0.0,0.0,0.0,1.87,0.0,0.0,0.0167,1,8,3,3,0.0,0.0067,0.089,0.25,26.26,0.0938,0.0878,0.0133,2,0,0,0,0,0
1778630073.626654,2026-05-13 02:54:33,1,1,1,0.0,0.0,0.0,0.0,3.73,0.0,0.0,0.0333,1,1,1,1,0.0,0.0,0.0,0.0,1.87,0.0,0.0,0.0167,1,8,3,3,0.0,0.0067,0.089,0.25,26.26,0.0938,0.0878,0.0133,2,0,0,0,0,0
1778630103.626654,2026-05-13 02:55:03,0,0,0,0.0,0.0,0.0,0.0,0.0,0.0,0.0,0.0,0,1,1,1,0.0,0.0,0.0,0.0,1.87,0.0,0.0,0.0167,1,8,3,3,0.0,0.0067,0.089,0.25,26.26,0.0938,0.0878,0.0133,2,0,0,0,0,0
1778630133.626654,2026-05-13 02:55:33,1,1,1,0.0,0.0,0.0,0.0,3.73,0.0,0.0,0.0333,1,1,1,1,0.0,0.0,0.0,0.0,1.87,0.0,0.0,0.0167,1,8,3,3,0.0,0.0067,0.089,0.25,26.26,0.0938,0.0878,0.0133,2,0,0,0,0,0
1778630163.626654,2026-05-13 02:56:03,0,0,0,0.0,0.0,0.0,0.0,0.0,0.0,0.0,0.0,0,1,1,1,0.0,0.0,0.0,0.0,1.87,0.0,0.0,0.0167,1,8,3,3,0.0,0.0067,0.089,0.25,26.26,0.0938,0.0878,0.0133,2,0,0,0,0,0
1778630193.626654,2026-05-13 02:56:33,1,1,1,0.0,0.0,0.0,0.0,3.73,0.0,0.0,0.0333,1,1,1,1,0.0,0.0,0.0,0.0,1.87,0.0,0.0,0.0167,1,8,3,3,0.0,0.0067,0.089,0.25,26.26,0.0938,0.087,0.0133,2,0,0,0,0,0
1778630223.626654,2026-05-13 02:57:03,0,0,0,0.0,0.0,0.0,0.0,0.0,0.0,0.0,0.0,0,1,1,1,0.0,0.0,0.0,0.0,1.87,0.0,0.0,0.0167,1,8,3,3,0.0,0.0067,0.089,0.25,26.26,0.0938,0.087,0.0133,2,0,0,0,0,0
1778630253.626654,2026-05-13 02:57:33,1,1,1,0.0,0.0,0.0001,0.0,3.73,0.0,0.0,0.0333,1,1,1,1,0.0,0.0,0.0001,0.0,1.87,0.0,0.0,0.0167,1,9,3,3,0.0,0.0067,0.0791,0.2222,26.63,0.0897,0.0778,0.0167,2,0,0,0,0,0
1778630283.626654,2026-05-13 02:58:03,0,0,0,0.0,0.0,0.0,0.0,0.0,0.0,0.0,0.0,0,1,1,1,0.0,0.0,0.0001,0.0,1.87,0.0,0.0,0.0167,1,5,1,1,0.0,0.0,0.0,0.0,1.87,0.0,0.0,0.0167,1,0,0,0,0,0
1778630313.626654,2026-05-13 02:58:33,0,0,0,0.0,0.0,0.0,0.0,0.0,0.0,0.0,0.0,0,0,0,0,0.0,0.0,0.0,0.0,0.0,0.0,0.0,0.0,0,4,1,1,0.0,0.0,0.0,0.0,1.49,0.0,0.0,0.0133,1,0,0,0,0,0
1778630343.626654,2026-05-13 02:59:03,0,0,0,0.0,0.0,0.0,0.0,0.0,0.0,0.0,0.0,0,0,0,0,0.0,0.0,0.0,0.0,0.0,0.0,0.0,0.0,0,4,1,1,0.0,0.0,0.0,0.0,1.49,0.0,0.0,0.0133,1,0,0,0,0,0
1778630373.626654,2026-05-13 02:59:33,1,1,1,0.0,0.0,0.0004,0.0,0.0,0.0,0.0,0.0333,1,1,1,1,0.0,0.0,0.0004,0.0,0.0,0.0,0.0,0.0167,1,4,2,1,0.0,0.0,0.0001,0.0,1.12,0.0507,0.0311,0.01,1,0,0,0,0,0
1778630403.626654,2026-05-13 03:00:03,9,1,1,0.0,0.3,0.1853,0.0,55.33,0.0,0.1341,0.3,1,10,2,2,0.0,0.15,0.1668,0.0,27.67,0.0293,0.2708,0.15,1,13,3,2,0.0,0.03,0.1283,0.0,6.65,0.0713,0.1554,0.03,1,0,0,0,0,0
1778630433.626654,2026-05-13 03:00:33,0,0,0,0.0,0.0,0.0,0.0,0.0,0.0,0.0,0.0,0,9,1,1,0.0,0.15,0.1853,0.0,27.67,0.0,0.1341,0.15,1,12,3,2,0.0,0.03,0.139,0.0,6.28,0.0651,0.181,0.03,1,0,0,0,0,0
1778630463.626654,2026-05-13 03:01:03,0,0,0,0.0,0.0,0.0,0.0,0.0,0.0,0.0,0.0,0,0,0,0,0.0,0.0,0.0,0.0,0.0,0.0,0.0,0.0,0,12,3,2,0.0,0.03,0.139,0.0,6.28,0.0651,0.181,0.03,1,0,0,0,0,0
1778630493.626654,2026-05-13 03:01:33,0,0,0,0.0,0.0,0.0,0.0,0.0,0.0,0.0,0.0,0,0,0,0,0.0,0.0,0.0,0.0,0.0,0.0,0.0,0.0,0,11,3,2,0.0,0.03,0.1517,0.0,5.91,0.0541,0.2237,0.03,1,0,0,0,0,0
1778630523.626654,2026-05-13 03:02:03,0,0,0,0.0,0.0,0.0,0.0,0.0,0.0,0.0,0.0,0,0,0,0,0.0,0.0,0.0,0.0,0.0,0.0,0.0,0.0,0,11,3,2,0.0,0.03,0.1517,0.0,5.91,0.0541,0.2237,0.03,1,0,0,0,0,0
1778630553.626654,2026-05-13 03:02:33,0,0,0,0.0,0.0,0.0,0.0,0.0,0.0,0.0,0.0,0,0,0,0,0.0,0.0,0.0,0.0,0.0,0.0,0.0,0.0,0,10,2,2,0.0,0.03,0.1668,0.0,5.53,0.0293,0.2708,0.03,1,0,0,0,0,0
1778630583.626654,2026-05-13 03:03:03,3,1,2,0.0,0.0,0.1083,1.0,446.4,0.0,0.0988,0.1,1,3,1,2,0.0,0.0,0.1083,1.0,223.2,0.0,0.0988,0.05,1,13,3,4,0.0,0.03,0.1533,0.2308,50.17,0.0713,0.2564,0.04,2,0,0,0,0,0
1778630613.626654,2026-05-13 03:03:33,0,0,0,0.0,0.0,0.0,0.0,0.0,0.0,0.0,0.0,0,3,1,2,0.0,0.0,0.1083,1.0,223.2,0.0,0.0988,0.05,1,13,3,4,0.0,0.03,0.1533,0.2308,50.17,0.0713,0.2564,0.04,2,0,0,0,0,0
1778630643.626654,2026-05-13 03:04:03,0,0,0,0.0,0.0,0.0,0.0,0.0,0.0,0.0,0.0,0,0,0,0,0.0,0.0,0.0,0.0,0.0,0.0,0.0,0.0,0,13,3,4,0.0,0.03,0.1533,0.2308,50.17,0.0713,0.2564,0.04,2,0,0,0,0,0
1778630673.626654,2026-05-13 03:04:33,0,0,0,0.0,0.0,0.0,0.0,0.0,0.0,0.0,0.0,0,0,0,0,0.0,0.0,0.0,0.0,0.0,0.0,0.0,0.0,0,12,2,3,0.0,0.03,0.1661,0.25,50.17,0.0507,0.2972,0.04,2,0,0,0,0,0
1778630703.626654,2026-05-13 03:05:03,0,0,0,0.0,0.0,0.0,0.0,0.0,0.0,0.0,0.0,0,0,0,0,0.0,0.0,0.0,0.0,0.0,0.0,0.0,0.0,0,3,1,2,0.0,0.0,0.1083,1.0,44.64,0.0,0.0988,0.01,1,0,0,0,0,0
1778630733.626654,2026-05-13 03:05:33,1,1,1,0.0,0.0,0.0,0.0,3.73,0.0,0.0,0.0333,1,1,1,1,0.0,0.0,0.0,0.0,1.87,0.0,0.0,0.0167,1,4,2,3,0.0,0.0,0.0812,0.75,45.01,0.0507,0.1307,0.01,1,0,0,0,0,0
1778630763.626654,2026-05-13 03:06:03,0,0,0,0.0,0.0,0.0,0.0,0.0,0.0,0.0,0.0,0,1,1,1,0.0,0.0,0.0,0.0,1.87,0.0,0.0,0.0167,1,4,2,3,0.0,0.0,0.0812,0.75,45.01,0.0507,0.1307,0.01,1,0,0,0,0,0
1778630793.626654,2026-05-13 03:06:33,1,1,1,0.0,0.0,0.0,0.0,3.73,0.0,0.0,0.0333,1,1,1,1,0.0,0.0,0.0,0.0,1.87,0.0,0.0,0.0167,1,5,2,3,0.0,0.0,0.065,0.6,45.39,0.0607,0.1101,0.01,1,0,0,0,0,0
1778630823.626654,2026-05-13 03:07:03,0,0,0,0.0,0.0,0.0,0.0,0.0,0.0,0.0,0.0,0,1,1,1,0.0,0.0,0.0,0.0,1.87,0.0,0.0,0.0167,1,5,2,3,0.0,0.0,0.065,0.6,45.39,0.0607,0.1101,0.01,1,0,0,0,0,0
1778630853.626654,2026-05-13 03:07:33,1,1,1,0.0,0.0,1.034,1.0,7.47,0.0,0.0,0.0333,1,1,1,1,0.0,0.0,1.034,1.0,3.73,0.0,0.0,0.0167,1,6,2,4,0.0,0.0,0.2265,0.6667,46.13,0.0625,0.1064,0.0133,2,0,0,0,0,0
1778630883.626654,2026-05-13 03:08:03,0,0,0,0.0,0.0,0.0,0.0,0.0,0.0,0.0,0.0,0,1,1,1,0.0,0.0,1.034,1.0,3.73,0.0,0.0,0.0167,1,3,1,2,0.0,0.0,0.3447,0.3333,1.49,0.0,0.0237,0.0067,1,0,0,0,0,0
1778630913.626654,2026-05-13 03:08:33,4,2,2,0.0,0.0667,0.6564,0.5,19551.53,0.0625,0.0719,0.1333,2,4,2,2,0.0,0.0333,0.6564,0.5,9775.77,0.0625,0.0719,0.0667,2,7,3,4,0.0,0.0067,0.5228,0.4286,1956.65,0.0973,0.1036,0.0167,3,0,0,0,0,0
1778630943.626654,2026-05-13 03:09:03,4,2,2,0.0,0.0667,0.2366,0.5,4197.07,0.0625,0.0702,0.1333,2,8,2,3,0.0,0.0667,0.4465,0.5,11874.3,0.0625,0.2427,0.1333,2,11,3,5,0.0,0.0133,0.4187,0.4545,2376.35,0.0983,0.1264,0.03,3,0,0,0,0,0
1778630973.626654,2026-05-13 03:09:33,9,2,3,0.0,0.1667,0.0764,0.4444,464.57,0.0619,0.1892,0.3,2,13,2,4,0.0,0.1167,0.1257,0.4615,2330.82,0.0622,0.2309,0.2167,2,20,3,7,0.0,0.03,0.2647,0.45,2422.81,0.0911,0.161,0.06,3,0,0,0,0,0
1778631003.626654,2026-05-13 03:10:03,2,1,1,0.0,0.0,0.3717,1.0,4189.63,0.0,0.0,0.0667,1,11,2,4,0.0,0.0833,0.1301,0.5455,2327.1,0.0621,0.1667,0.1833,2,22,3,7,0.0,0.03,0.2744,0.5,2841.77,0.0898,0.1678,0.0667,3,0,0,0,0,0
1778631033.626654,2026-05-13 03:10:33,1,1,1,0.0,0.0,0.0,0.0,3.73,0.0,0.0,0.0333,1,3,2,2,0.0,0.0,0.2478,0.6667,2096.68,0.0574,0.0997,0.0333,1,22,3,7,0.0,0.03,0.2744,0.5,2841.77,0.0898,0.1664,0.0667,3,0,0,0,0,0
1778631063.626654,2026-05-13 03:11:03,0,0,0,0.0,0.0,0.0,0.0,0.0,0.0,0.0,0.0,0,1,1,1,0.0,0.0,0.0,0.0,1.87,0.0,0.0,0.0167,1,22,3,7,0.0,0.03,0.2744,0.5,2841.77,0.0898,0.1664,0.0667,3,0,0,0,0,0
1778631093.626654,2026-05-13 03:11:33,1,1,1,0.0,0.0,0.0,0.0,3.73,0.0,0.0,0.0333,1,1,1,1,0.0,0.0,0.0,0.0,1.87,0.0,0.0,0.0167,1,22,3,7,0.0,0.03,0.2744,0.5,2841.77,0.0898,0.1678,0.0667,3,0,0,0,0,0
1778631123.626654,2026-05-13 03:12:03,0,0,0,0.0,0.0,0.0,0.0,0.0,0.0,0.0,0.0,0,1,1,1,0.0,0.0,0.0,0.0,1.87,0.0,0.0,0.0167,1,22,3,7,0.0,0.03,0.2744,0.5,2841.77,0.0898,0.1678,0.0667,3,0,0,0,0,0
1778631153.626654,2026-05-13 03:12:33,0,0,0,0.0,0.0,0.0,0.0,0.0,0.0,0.0,0.0,0,0,0,0,0.0,0.0,0.0,0.0,0.0,0.0,0.0,0.0,0,21,3,6,0.0,0.03,0.2382,0.4762,2841.03,0.0848,0.1844,0.0633,2,0,0,0,0,0
1778631183.626654,2026-05-13 03:13:03,1,1,1,0.0,0.0,0.0,0.0,3.73,0.0,0.0,0.0333,1,1,1,1,0.0,0.0,0.0,0.0,1.87,0.0,0.0,0.0167,1,22,3,6,0.0,0.03,0.2274,0.4545,2841.4,0.0898,0.1685,0.0633,2,0,0,0,0,0
1778631213.626654,2026-05-13 03:13:33,0,0,0,0.0,0.0,0.0,0.0,0.0,0.0,0.0,0.0,0,1,1,1,0.0,0.0,0.0,0.0,1.87,0.0,0.0,0.0167,1,18,3,5,0.0,0.0233,0.1321,0.4444,886.25,0.0925,0.1666,0.05,2,0,0,0,0,0
1778631243.626654,2026-05-13 03:14:03,1,1,1,0.0,0.0,0.0,0.0,3.73,0.0,0.0,0.0333,1,1,1,1,0.0,0.0,0.0,0.0,1.87,0.0,0.0,0.0167,1,15,3,5,0.0,0.0167,0.0954,0.4,466.91,0.0978,0.1422,0.0367,2,0,0,0,0,0
1778631273.626654,2026-05-13 03:14:33,0,0,0,0.0,0.0,0.0,0.0,0.0,0.0,0.0,0.0,0,1,1,1,0.0,0.0,0.0,0.0,1.87,0.0,0.0,0.0167,1,6,2,2,0.0,0.0,0.1239,0.3333,420.46,0.0574,0.0501,0.0133,1,0,0,0,0,0
1778631303.626654,2026-05-13 03:15:03,0,0,0,0.0,0.0,0.0,0.0,0.0,0.0,0.0,0.0,0,0,0,0,0.0,0.0,0.0,0.0,0.0,0.0,0.0,0.0,0,4,1,1,0.0,0.0,0.0,0.0,1.49,0.0,0.0,0.0133,1,0,0,0,0,0
1778631333.626654,2026-05-13 03:15:33,0,0,0,0.0,0.0,0.0,0.0,0.0,0.0,0.0,0.0,0,0,0,0,0.0,0.0,0.0,0.0,0.0,0.0,0.0,0.0,0,3,1,1,0.0,0.0,0.0,0.0,1.12,0.0,0.0,0.01,1,0,0,0,0,0
1778631363.626654,2026-05-13 03:16:03,3,2,2,0.0,0.0667,0.0776,0.3333,4.73,0.0574,0.099,0.1,2,3,2,2,0.0,0.0333,0.0776,0.3333,2.37,0.0574,0.099,0.05,2,6,3,3,0.0,0.0067,0.0388,0.1667,1.59,0.0912,0.0959,0.01,2,0,0,0,0,0
1778631393.626654,2026-05-13 03:16:33,0,0,0,0.0,0.0,0.0,0.0,0.0,0.0,0.0,0.0,0,3,2,2,0.0,0.0333,0.0776,0.3333,2.37,0.0574,0.099,0.05,2,5,3,3,0.0,0.0067,0.0466,0.2,1.22,0.0951,0.1124,0.01,2,0,0,0,0,0
1778631423.626654,2026-05-13 03:17:03,0,0,0,0.0,0.0,0.0,0.0,0.0,0.0,0.0,0.0,0,0,0,0,0.0,0.0,0.0,0.0,0.0,0.0,0.0,0.0,0,5,3,3,0.0,0.0067,0.0466,0.2,1.22,0.0951,0.1124,0.01,2,0,0,0,0,0
1778631453.626654,2026-05-13 03:17:33,0,0,0,0.0,0.0,0.0,0.0,0.0,0.0,0.0,0.0,0,0,0,0,0.0,0.0,0.0,0.0,0.0,0.0,0.0,0.0,0,5,3,3,0.0,0.0067,0.0466,0.2,1.22,0.0951,0.1124,0.01,2,0,0,0,0,0
1778631483.626654,2026-05-13 03:18:03,0,0,0,0.0,0.0,0.0,0.0,0.0,0.0,0.0,0.0,0,0,0,0,0.0,0.0,0.0,0.0,0.0,0.0,0.0,0.0,0,4,3,3,0.0,0.0067,0.0582,0.25,0.85,0.0938,0.1412,0.01,2,0,0,0,0,0
1778631513.626654,2026-05-13 03:18:33,0,0,0,0.0,0.0,0.0,0.0,0.0,0.0,0.0,0.0,0,0,0,0,0.0,0.0,0.0,0.0,0.0,0.0,0.0,0.0,0,4,3,3,0.0,0.0067,0.0582,0.25,0.85,0.0938,0.1412,0.01,2,0,0,0,0,0
1778631543.626654,2026-05-13 03:19:03,0,0,0,0.0,0.0,0.0,0.0,0.0,0.0,0.0,0.0,0,0,0,0,0.0,0.0,0.0,0.0,0.0,0.0,0.0,0.0,0,3,2,2,0.0,0.0067,0.0776,0.3333,0.47,0.0574,0.099,0.01,2,0,0,0,0,0
1778631573.626654,2026-05-13 03:19:33,0,0,0,0.0,0.0,0.0,0.0,0.0,0.0,0.0,0.0,0,0,0,0,0.0,0.0,0.0,0.0,0.0,0.0,0.0,0.0,0,3,2,2,0.0,0.0067,0.0776,0.3333,0.47,0.0574,0.099,0.01,2,0,0,0,0,0
1778631603.626654,2026-05-13 03:20:03,0,0,0,0.0,0.0,0.0,0.0,0.0,0.0,0.0,0.0,0,0,0,0,0.0,0.0,0.0,0.0,0.0,0.0,0.0,0.0,0,3,2,2,0.0,0.0067,0.0776,0.3333,0.47,0.0574,0.099,0.01,2,0,0,0,0,0
1778631633.626654,2026-05-13 03:20:33,0,0,0,0.0,0.0,0.0,0.0,0.0,0.0,0.0,0.0,0,0,0,0,0.0,0.0,0.0,0.0,0.0,0.0,0.0,0.0,0,3,2,2,0.0,0.0067,0.0776,0.3333,0.47,0.0574,0.099,0.01,2,0,0,0,0,0
1778631663.626654,2026-05-13 03:21:03,0,0,0,0.0,0.0,0.0,0.0,0.0,0.0,0.0,0.0,0,0,0,0,0.0,0.0,0.0,0.0,0.0,0.0,0.0,0.0,0,0,0,0,0.0,0.0,0.0,0.0,0.0,0.0,0.0,0.0,0,0,0,0,0,0
1778631693.626654,2026-05-13 03:21:33,0,0,0,0.0,0.0,0.0,0.0,0.0,0.0,0.0,0.0,0,0,0,0,0.0,0.0,0.0,0.0,0.0,0.0,0.0,0.0,0,0,0,0,0.0,0.0,0.0,0.0,0.0,0.0,0.0,0.0,0,0,0,0,0,0
1778631723.626654,2026-05-13 03:22:03,0,0,0,0.0,0.0,0.0,0.0,0.0,0.0,0.0,0.0,0,0,0,0,0.0,0.0,0.0,0.0,0.0,0.0,0.0,0.0,0,0,0,0,0.0,0.0,0.0,0.0,0.0,0.0,0.0,0.0,0,0,0,0,0,0
1778631753.626654,2026-05-13 03:22:33,0,0,0,0.0,0.0,0.0,0.0,0.0,0.0,0.0,0.0,0,0,0,0,0.0,0.0,0.0,0.0,0.0,0.0,0.0,0.0,0,0,0,0,0.0,0.0,0.0,0.0,0.0,0.0,0.0,0.0,0,0,0,0,0,0
1778631783.626654,2026-05-13 03:23:03,1,1,1,0.0,0.0,0.0804,1.0,1.6,0.0,0.0,0.0333,1,1,1,1,0.0,0.0,0.0804,1.0,0.8,0.0,0.0,0.0167,1,1,1,1,0.0,0.0,0.0804,1.0,0.16,0.0,0.0,0.0033,1,0,0,0,0,0
1778631813.626654,2026-05-13 03:23:33,0,0,0,0.0,0.0,0.0,0.0,0.0,0.0,0.0,0.0,0,1,1,1,0.0,0.0,0.0804,1.0,0.8,0.0,0.0,0.0167,1,1,1,1,0.0,0.0,0.0804,1.0,0.16,0.0,0.0,0.0033,1,0,0,0,0,0
1778631843.626654,2026-05-13 03:24:03,0,0,0,0.0,0.0,0.0,0.0,0.0,0.0,0.0,0.0,0,0,0,0,0.0,0.0,0.0,0.0,0.0,0.0,0.0,0.0,0,1,1,1,0.0,0.0,0.0804,1.0,0.16,0.0,0.0,0.0033,1,0,0,0,0,0
1778631873.626654,2026-05-13 03:24:33,0,0,0,0.0,0.0,0.0,0.0,0.0,0.0,0.0,0.0,0,0,0,0,0.0,0.0,0.0,0.0,0.0,0.0,0.0,0.0,0,1,1,1,0.0,0.0,0.0804,1.0,0.16,0.0,0.0,0.0033,1,0,0,0,0,0
1778631903.626654,2026-05-13 03:25:03,0,0,0,0.0,0.0,0.0,0.0,0.0,0.0,0.0,0.0,0,0,0,0,0.0,0.0,0.0,0.0,0.0,0.0,0.0,0.0,0,1,1,1,0.0,0.0,0.0804,1.0,0.16,0.0,0.0,0.0033,1,0,0,0,0,0
1778631933.626654,2026-05-13 03:25:33,0,0,0,0.0,0.0,0.0,0.0,0.0,0.0,0.0,0.0,0,0,0,0,0.0,0.0,0.0,0.0,0.0,0.0,0.0,0.0,0,1,1,1,0.0,0.0,0.0804,1.0,0.16,0.0,0.0,0.0033,1,0,0,0,0,0
1778631963.626654,2026-05-13 03:26:03,1,1,1,0.0,0.0,0.0,0.0,3.73,0.0,0.0,0.0333,1,1,1,1,0.0,0.0,0.0,0.0,1.87,0.0,0.0,0.0167,1,2,2,2,0.0,0.0,0.0402,0.5,0.53,0.0625,0.0,0.0033,1,0,0,0,0,0
1778631993.626654,2026-05-13 03:26:33,0,0,0,0.0,0.0,0.0,0.0,0.0,0.0,0.0,0.0,0,1,1,1,0.0,0.0,0.0,0.0,1.87,0.0,0.0,0.0167,1,2,2,2,0.0,0.0,0.0402,0.5,0.53,0.0625,0.0,0.0033,1,0,0,0,0,0
1778632023.626654,2026-05-13 03:27:03,1,1,1,0.0,0.0,0.0,0.0,3.73,0.0,0.0,0.0333,1,1,1,1,0.0,0.0,0.0,0.0,1.87,0.0,0.0,0.0167,1,3,2,2,0.0,0.0,0.0268,0.3333,0.91,0.0574,0.0491,0.0067,1,0,0,0,0,0
1778632053.626654,2026-05-13 03:27:33,0,0,0,0.0,0.0,0.0,0.0,0.0,0.0,0.0,0.0,0,1,1,1,0.0,0.0,0.0,0.0,1.87,0.0,0.0,0.0167,1,3,2,2,0.0,0.0,0.0268,0.3333,0.91,0.0574,0.0491,0.0067,1,0,0,0,0,0
1778632083.626654,2026-05-13 03:28:03,1,1,1,0.0,0.0,0.0,0.0,3.73,0.0,0.0,0.0333,1,1,1,1,0.0,0.0,0.0,0.0,1.87,0.0,0.0,0.0167,1,3,1,1,0.0,0.0,0.0,0.0,1.12,0.0,0.0,0.01,1,0,0,0,0,0
1778632113.626654,2026-05-13 03:28:33,0,0,0,0.0,0.0,0.0,0.0,0.0,0.0,0.0,0.0,0,1,1,1,0.0,0.0,0.0,0.0,1.87,0.0,0.0,0.0167,1,3,1,1,0.0,0.0,0.0,0.0,1.12,0.0,0.0,0.01,1,0,0,0,0,0
1778632143.626654,2026-05-13 03:29:03,1,1,1,0.0,0.0,0.0,0.0,3.73,0.0,0.0,0.0333,1,1,1,1,0.0,0.0,0.0,0.0,1.87,0.0,0.0,0.0167,1,4,1,1,0.0,0.0,0.0,0.0,1.49,0.0,0.0,0.0133,1,0,0,0,0,0
1778632173.626654,2026-05-13 03:29:33,0,0,0,0.0,0.0,0.0,0.0,0.0,0.0,0.0,0.0,0,1,1,1,0.0,0.0,0.0,0.0,1.87,0.0,0.0,0.0167,1,4,1,1,0.0,0.0,0.0,0.0,1.49,0.0,0.0,0.0133,1,0,0,0,0,0
1778632203.626654,2026-05-13 03:30:03,1,1,1,0.0,0.0,0.0,0.0,3.73,0.0,0.0,0.0333,1,1,1,1,0.0,0.0,0.0,0.0,1.87,0.0,0.0,0.0167,1,5,1,1,0.0,0.0,0.0,0.0,1.87,0.0,0.0,0.0167,1,0,0,0,0,0
1778632233.626654,2026-05-13 03:30:33,0,0,0,0.0,0.0,0.0,0.0,0.0,0.0,0.0,0.0,0,1,1,1,0.0,0.0,0.0,0.0,1.87,0.0,0.0,0.0167,1,5,1,1,0.0,0.0,0.0,0.0,1.87,0.0,0.0,0.0167,1,0,0,0,0,0
1778632263.626654,2026-05-13 03:31:03,1,1,1,0.0,0.0,0.0,0.0,3.73,0.0,0.0,0.0333,1,1,1,1,0.0,0.0,0.0,0.0,1.87,0.0,0.0,0.0167,1,5,1,1,0.0,0.0,0.0,0.0,1.87,0.0,0.0,0.0167,1,0,0,0,0,0
1778632293.626654,2026-05-13 03:31:33,0,0,0,0.0,0.0,0.0,0.0,0.0,0.0,0.0,0.0,0,1,1,1,0.0,0.0,0.0,0.0,1.87,0.0,0.0,0.0167,1,5,1,1,0.0,0.0,0.0,0.0,1.87,0.0,0.0,0.0167,1,0,0,0,0,0
1778632323.626654,2026-05-13 03:32:03,1,1,1,0.0,0.0,0.0,0.0,3.73,0.0,0.0,0.0333,1,1,1,1,0.0,0.0,0.0,0.0,1.87,0.0,0.0,0.0167,1,5,1,1,0.0,0.0,0.0,0.0,1.87,0.0,0.0001,0.0167,1,0,0,0,0,0
1778632353.626654,2026-05-13 03:32:33,0,0,0,0.0,0.0,0.0,0.0,0.0,0.0,0.0,0.0,0,1,1,1,0.0,0.0,0.0,0.0,1.87,0.0,0.0,0.0167,1,5,1,1,0.0,0.0,0.0,0.0,1.87,0.0,0.0001,0.0167,1,0,0,0,0,0
1778632383.626654,2026-05-13 03:33:03,1,1,1,0.0,0.0,0.0,0.0,3.73,0.0,0.0,0.0333,1,1,1,1,0.0,0.0,0.0,0.0,1.87,0.0,0.0,0.0167,1,5,1,1,0.0,0.0,0.0,0.0,1.87,0.0,0.0001,0.0167,1,0,0,0,0,0
1778632413.626654,2026-05-13 03:33:33,0,0,0,0.0,0.0,0.0,0.0,0.0,0.0,0.0,0.0,0,1,1,1,0.0,0.0,0.0,0.0,1.87,0.0,0.0,0.0167,1,5,1,1,0.0,0.0,0.0,0.0,1.87,0.0,0.0001,0.0167,1,0,0,0,0,0
1778632443.626654,2026-05-13 03:34:03,1,1,1,0.0,0.0,0.0,0.0,3.73,0.0,0.0,0.0333,1,1,1,1,0.0,0.0,0.0,0.0,1.87,0.0,0.0,0.0167,1,5,1,1,0.0,0.0,0.0,0.0,1.87,0.0,0.0001,0.0167,1,0,0,0,0,0
1778632473.626654,2026-05-13 03:34:33,0,0,0,0.0,0.0,0.0,0.0,0.0,0.0,0.0,0.0,0,1,1,1,0.0,0.0,0.0,0.0,1.87,0.0,0.0,0.0167,1,5,1,1,0.0,0.0,0.0,0.0,1.87,0.0,0.0001,0.0167,1,0,0,0,0,0
1778632503.626654,2026-05-13 03:35:03,0,0,0,0.0,0.0,0.0,0.0,0.0,0.0,0.0,0.0,0,0,0,0,0.0,0.0,0.0,0.0,0.0,0.0,0.0,0.0,0,4,1,1,0.0,0.0,0.0,0.0,1.49,0.0,0.0001,0.0133,1,0,0,0,0,0
1778632533.626654,2026-05-13 03:35:33,0,0,0,0.0,0.0,0.0,0.0,0.0,0.0,0.0,0.0,0,0,0,0,0.0,0.0,0.0,0.0,0.0,0.0,0.0,0.0,0,4,1,1,0.0,0.0,0.0,0.0,1.49,0.0,0.0001,0.0133,1,0,0,0,0,0
1778632563.626654,2026-05-13 03:36:03,0,0,0,0.0,0.0,0.0,0.0,0.0,0.0,0.0,0.0,0,0,0,0,0.0,0.0,0.0,0.0,0.0,0.0,0.0,0.0,0,3,1,1,0.0,0.0,0.0,0.0,1.12,0.0,0.0,0.01,1,0,0,0,0,0
1778632593.626654,2026-05-13 03:36:33,0,0,0,0.0,0.0,0.0,0.0,0.0,0.0,0.0,0.0,0,0,0,0,0.0,0.0,0.0,0.0,0.0,0.0,0.0,0.0,0,3,1,1,0.0,0.0,0.0,0.0,1.12,0.0,0.0,0.01,1,0,0,0,0,0
1778632623.626654,2026-05-13 03:37:03,0,0,0,0.0,0.0,0.0,0.0,0.0,0.0,0.0,0.0,0,0,0,0,0.0,0.0,0.0,0.0,0.0,0.0,0.0,0.0,0,2,1,1,0.0,0.0,0.0,0.0,0.75,0.0,0.0,0.0067,1,0,0,0,0,0
1778632653.626654,2026-05-13 03:37:33,0,0,0,0.0,0.0,0.0,0.0,0.0,0.0,0.0,0.0,0,0,0,0,0.0,0.0,0.0,0.0,0.0,0.0,0.0,0.0,0,2,1,1,0.0,0.0,0.0,0.0,0.75,0.0,0.0,0.0067,1,0,0,0,0,0
1778632683.626654,2026-05-13 03:38:03,0,0,0,0.0,0.0,0.0,0.0,0.0,0.0,0.0,0.0,0,0,0,0,0.0,0.0,0.0,0.0,0.0,0.0,0.0,0.0,0,1,1,1,0.0,0.0,0.0,0.0,0.37,0.0,0.0,0.0033,1,0,0,0,0,0
1778632713.626654,2026-05-13 03:38:33,0,0,0,0.0,0.0,0.0,0.0,0.0,0.0,0.0,0.0,0,0,0,0,0.0,0.0,0.0,0.0,0.0,0.0,0.0,0.0,0,1,1,1,0.0,0.0,0.0,0.0,0.37,0.0,0.0,0.0033,1,0,0,0,0,0
1778632743.626654,2026-05-13 03:39:03,0,0,0,0.0,0.0,0.0,0.0,0.0,0.0,0.0,0.0,0,0,0,0,0.0,0.0,0.0,0.0,0.0,0.0,0.0,0.0,0,0,0,0,0.0,0.0,0.0,0.0,0.0,0.0,0.0,0.0,0,0,0,0,0,0
1778632773.626654,2026-05-13 03:39:33,0,0,0,0.0,0.0,0.0,0.0,0.0,0.0,0.0,0.0,0,0,0,0,0.0,0.0,0.0,0.0,0.0,0.0,0.0,0.0,0,0,0,0,0.0,0.0,0.0,0.0,0.0,0.0,0.0,0.0,0,0,0,0,0,0
1778632803.626654,2026-05-13 03:40:03,0,0,0,0.0,0.0,0.0,0.0,0.0,0.0,0.0,0.0,0,0,0,0,0.0,0.0,0.0,0.0,0.0,0.0,0.0,0.0,0,0,0,0,0.0,0.0,0.0,0.0,0.0,0.0,0.0,0.0,0,0,0,0,0,0
1778632833.626654,2026-05-13 03:40:33,0,0,0,0.0,0.0,0.0,0.0,0.0,0.0,0.0,0.0,0,0,0,0,0.0,0.0,0.0,0.0,0.0,0.0,0.0,0.0,0,0,0,0,0.0,0.0,0.0,0.0,0.0,0.0,0.0,0.0,0,0,0,0,0,0
1778632863.626654,2026-05-13 03:41:03,0,0,0,0.0,0.0,0.0,0.0,0.0,0.0,0.0,0.0,0,0,0,0,0.0,0.0,0.0,0.0,0.0,0.0,0.0,0.0,0,0,0,0,0.0,0.0,0.0,0.0,0.0,0.0,0.0,0.0,0,0,0,0,0,0
1778632893.626654,2026-05-13 03:41:33,0,0,0,0.0,0.0,0.0,0.0,0.0,0.0,0.0,0.0,0,0,0,0,0.0,0.0,0.0,0.0,0.0,0.0,0.0,0.0,0,0,0,0,0.0,0.0,0.0,0.0,0.0,0.0,0.0,0.0,0,0,0,0,0,0
1778632923.626654,2026-05-13 03:42:03,0,0,0,0.0,0.0,0.0,0.0,0.0,0.0,0.0,0.0,0,0,0,0,0.0,0.0,0.0,0.0,0.0,0.0,0.0,0.0,0,0,0,0,0.0,0.0,0.0,0.0,0.0,0.0,0.0,0.0,0,0,0,0,0,0
1778632953.626654,2026-05-13 03:42:33,0,0,0,0.0,0.0,0.0,0.0,0.0,0.0,0.0,0.0,0,0,0,0,0.0,0.0,0.0,0.0,0.0,0.0,0.0,0.0,0,0,0,0,0.0,0.0,0.0,0.0,0.0,0.0,0.0,0.0,0,0,0,0,0,0
1778632983.626654,2026-05-13 03:43:03,0,0,0,0.0,0.0,0.0,0.0,0.0,0.0,0.0,0.0,0,0,0,0,0.0,0.0,0.0,0.0,0.0,0.0,0.0,0.0,0,0,0,0,0.0,0.0,0.0,0.0,0.0,0.0,0.0,0.0,0,0,0,0,0,0
1778633013.626654,2026-05-13 03:43:33,0,0,0,0.0,0.0,0.0,0.0,0.0,0.0,0.0,0.0,0,0,0,0,0.0,0.0,0.0,0.0,0.0,0.0,0.0,0.0,0,0,0,0,0.0,0.0,0.0,0.0,0.0,0.0,0.0,0.0,0,0,0,0,0,0
1778633043.626654,2026-05-13 03:44:03,0,0,0,0.0,0.0,0.0,0.0,0.0,0.0,0.0,0.0,0,0,0,0,0.0,0.0,0.0,0.0,0.0,0.0,0.0,0.0,0,0,0,0,0.0,0.0,0.0,0.0,0.0,0.0,0.0,0.0,0,0,0,0,0,0
1778633073.626654,2026-05-13 03:44:33,0,0,0,0.0,0.0,0.0,0.0,0.0,0.0,0.0,0.0,0,0,0,0,0.0,0.0,0.0,0.0,0.0,0.0,0.0,0.0,0,0,0,0,0.0,0.0,0.0,0.0,0.0,0.0,0.0,0.0,0,0,0,0,0,0
1778633103.626654,2026-05-13 03:45:03,0,0,0,0.0,0.0,0.0,0.0,0.0,0.0,0.0,0.0,0,0,0,0,0.0,0.0,0.0,0.0,0.0,0.0,0.0,0.0,0,0,0,0,0.0,0.0,0.0,0.0,0.0,0.0,0.0,0.0,0,0,0,0,0,0
1778633133.626654,2026-05-13 03:45:33,0,0,0,0.0,0.0,0.0,0.0,0.0,0.0,0.0,0.0,0,0,0,0,0.0,0.0,0.0,0.0,0.0,0.0,0.0,0.0,0,0,0,0,0.0,0.0,0.0,0.0,0.0,0.0,0.0,0.0,0,0,0,0,0,0
1778633163.626654,2026-05-13 03:46:03,1,1,1,0.0,0.0,0.0,0.0,3.73,0.0,0.0,0.0333,1,1,1,1,0.0,0.0,0.0,0.0,1.87,0.0,0.0,0.0167,1,1,1,1,0.0,0.0,0.0,0.0,0.37,0.0,0.0,0.0033,1,0,0,0,0,0
1778633193.626654,2026-05-13 03:46:33,0,0,0,0.0,0.0,0.0,0.0,0.0,0.0,0.0,0.0,0,1,1,1,0.0,0.0,0.0,0.0,1.87,0.0,0.0,0.0167,1,1,1,1,0.0,0.0,0.0,0.0,0.37,0.0,0.0,0.0033,1,0,0,0,0,0
1778633223.626654,2026-05-13 03:47:03,1,1,1,0.0,0.0,0.0,0.0,3.73,0.0,0.0,0.0333,1,1,1,1,0.0,0.0,0.0,0.0,1.87,0.0,0.0,0.0167,1,2,1,1,0.0,0.0,0.0,0.0,0.75,0.0,0.0,0.0067,1,0,0,0,0,0
1778633253.626654,2026-05-13 03:47:33,0,0,0,0.0,0.0,0.0,0.0,0.0,0.0,0.0,0.0,0,1,1,1,0.0,0.0,0.0,0.0,1.87,0.0,0.0,0.0167,1,2,1,1,0.0,0.0,0.0,0.0,0.75,0.0,0.0,0.0067,1,0,0,0,0,0
1778633283.626654,2026-05-13 03:48:03,0,0,0,0.0,0.0,0.0,0.0,0.0,0.0,0.0,0.0,0,0,0,0,0.0,0.0,0.0,0.0,0.0,0.0,0.0,0.0,0,2,1,1,0.0,0.0,0.0,0.0,0.75,0.0,0.0,0.0067,1,0,0,0,0,0
1778633313.626654,2026-05-13 03:48:33,0,0,0,0.0,0.0,0.0,0.0,0.0,0.0,0.0,0.0,0,0,0,0,0.0,0.0,0.0,0.0,0.0,0.0,0.0,0.0,0,2,1,1,0.0,0.0,0.0,0.0,0.75,0.0,0.0,0.0067,1,0,0,0,0,0
1778633343.626654,2026-05-13 03:49:03,0,0,0,0.0,0.0,0.0,0.0,0.0,0.0,0.0,0.0,0,0,0,0,0.0,0.0,0.0,0.0,0.0,0.0,0.0,0.0,0,2,1,1,0.0,0.0,0.0,0.0,0.75,0.0,0.0,0.0067,1,0,0,0,0,0
1778633373.626654,2026-05-13 03:49:33,0,0,0,0.0,0.0,0.0,0.0,0.0,0.0,0.0,0.0,0,0,0,0,0.0,0.0,0.0,0.0,0.0,0.0,0.0,0.0,0,2,1,1,0.0,0.0,0.0,0.0,0.75,0.0,0.0,0.0067,1,0,0,0,0,0
1778633403.626654,2026-05-13 03:50:03,0,0,0,0.0,0.0,0.0,0.0,0.0,0.0,0.0,0.0,0,0,0,0,0.0,0.0,0.0,0.0,0.0,0.0,0.0,0.0,0,2,1,1,0.0,0.0,0.0,0.0,0.75,0.0,0.0,0.0067,1,0,0,0,0,0
1778633433.626654,2026-05-13 03:50:33,0,0,0,0.0,0.0,0.0,0.0,0.0,0.0,0.0,0.0,0,0,0,0,0.0,0.0,0.0,0.0,0.0,0.0,0.0,0.0,0,2,1,1,0.0,0.0,0.0,0.0,0.75,0.0,0.0,0.0067,1,0,0,0,0,0
1778633463.626654,2026-05-13 03:51:03,0,0,0,0.0,0.0,0.0,0.0,0.0,0.0,0.0,0.0,0,0,0,0,0.0,0.0,0.0,0.0,0.0,0.0,0.0,0.0,0,1,1,1,0.0,0.0,0.0,0.0,0.37,0.0,0.0,0.0033,1,0,0,0,0,0
1778633493.626654,2026-05-13 03:51:33,0,0,0,0.0,0.0,0.0,0.0,0.0,0.0,0.0,0.0,0,0,0,0,0.0,0.0,0.0,0.0,0.0,0.0,0.0,0.0,0,1,1,1,0.0,0.0,0.0,0.0,0.37,0.0,0.0,0.0033,1,0,0,0,0,0
1778633523.626654,2026-05-13 03:52:03,0,0,0,0.0,0.0,0.0,0.0,0.0,0.0,0.0,0.0,0,0,0,0,0.0,0.0,0.0,0.0,0.0,0.0,0.0,0.0,0,0,0,0,0.0,0.0,0.0,0.0,0.0,0.0,0.0,0.0,0,0,0,0,0,0
1778633553.626654,2026-05-13 03:52:33,0,0,0,0.0,0.0,0.0,0.0,0.0,0.0,0.0,0.0,0,0,0,0,0.0,0.0,0.0,0.0,0.0,0.0,0.0,0.0,0,0,0,0,0.0,0.0,0.0,0.0,0.0,0.0,0.0,0.0,0,0,0,0,0,0
1778633583.626654,2026-05-13 03:53:03,0,0,0,0.0,0.0,0.0,0.0,0.0,0.0,0.0,0.0,0,0,0,0,0.0,0.0,0.0,0.0,0.0,0.0,0.0,0.0,0,0,0,0,0.0,0.0,0.0,0.0,0.0,0.0,0.0,0.0,0,0,0,0,0,0
1778633613.626654,2026-05-13 03:53:33,0,0,0,0.0,0.0,0.0,0.0,0.0,0.0,0.0,0.0,0,0,0,0,0.0,0.0,0.0,0.0,0.0,0.0,0.0,0.0,0,0,0,0,0.0,0.0,0.0,0.0,0.0,0.0,0.0,0.0,0,0,0,0,0,0
1778633643.626654,2026-05-13 03:54:03,0,0,0,0.0,0.0,0.0,0.0,0.0,0.0,0.0,0.0,0,0,0,0,0.0,0.0,0.0,0.0,0.0,0.0,0.0,0.0,0,0,0,0,0.0,0.0,0.0,0.0,0.0,0.0,0.0,0.0,0,0,0,0,0,0
1778633673.626654,2026-05-13 03:54:33,0,0,0,0.0,0.0,0.0,0.0,0.0,0.0,0.0,0.0,0,0,0,0,0.0,0.0,0.0,0.0,0.0,0.0,0.0,0.0,0,0,0,0,0.0,0.0,0.0,0.0,0.0,0.0,0.0,0.0,0,0,0,0,0,0
1778633703.626654,2026-05-13 03:55:03,0,0,0,0.0,0.0,0.0,0.0,0.0,0.0,0.0,0.0,0,0,0,0,0.0,0.0,0.0,0.0,0.0,0.0,0.0,0.0,0,0,0,0,0.0,0.0,0.0,0.0,0.0,0.0,0.0,0.0,0,0,0,0,0,0
1778633733.626654,2026-05-13 03:55:33,0,0,0,0.0,0.0,0.0,0.0,0.0,0.0,0.0,0.0,0,0,0,0,0.0,0.0,0.0,0.0,0.0,0.0,0.0,0.0,0,0,0,0,0.0,0.0,0.0,0.0,0.0,0.0,0.0,0.0,0,0,0,0,0,0
1778633763.626654,2026-05-13 03:56:03,1,1,1,0.0,0.0,0.0,0.0,3.73,0.0,0.0,0.0333,1,1,1,1,0.0,0.0,0.0,0.0,1.87,0.0,0.0,0.0167,1,1,1,1,0.0,0.0,0.0,0.0,0.37,0.0,0.0,0.0033,1,0,0,0,0,0
1778633793.626654,2026-05-13 03:56:33,0,0,0,0.0,0.0,0.0,0.0,0.0,0.0,0.0,0.0,0,1,1,1,0.0,0.0,0.0,0.0,1.87,0.0,0.0,0.0167,1,1,1,1,0.0,0.0,0.0,0.0,0.37,0.0,0.0,0.0033,1,0,0,0,0,0
1778633823.626654,2026-05-13 03:57:03,0,0,0,0.0,0.0,0.0,0.0,0.0,0.0,0.0,0.0,0,0,0,0,0.0,0.0,0.0,0.0,0.0,0.0,0.0,0.0,0,1,1,1,0.0,0.0,0.0,0.0,0.37,0.0,0.0,0.0033,1,0,0,0,0,0
1778633853.626654,2026-05-13 03:57:33,0,0,0,0.0,0.0,0.0,0.0,0.0,0.0,0.0,0.0,0,0,0,0,0.0,0.0,0.0,0.0,0.0,0.0,0.0,0.0,0,1,1,1,0.0,0.0,0.0,0.0,0.37,0.0,0.0,0.0033,1,0,0,0,0,0
1778633883.626654,2026-05-13 03:58:03,0,0,0,0.0,0.0,0.0,0.0,0.0,0.0,0.0,0.0,0,0,0,0,0.0,0.0,0.0,0.0,0.0,0.0,0.0,0.0,0,1,1,1,0.0,0.0,0.0,0.0,0.37,0.0,0.0,0.0033,1,0,0,0,0,0
1778633913.626654,2026-05-13 03:58:33,0,0,0,0.0,0.0,0.0,0.0,0.0,0.0,0.0,0.0,0,0,0,0,0.0,0.0,0.0,0.0,0.0,0.0,0.0,0.0,0,1,1,1,0.0,0.0,0.0,0.0,0.37,0.0,0.0,0.0033,1,0,0,0,0,0
1778633943.626654,2026-05-13 03:59:03,0,0,0,0.0,0.0,0.0,0.0,0.0,0.0,0.0,0.0,0,0,0,0,0.0,0.0,0.0,0.0,0.0,0.0,0.0,0.0,0,1,1,1,0.0,0.0,0.0,0.0,0.37,0.0,0.0,0.0033,1,0,0,0,0,0
1778633973.626654,2026-05-13 03:59:33,0,0,0,0.0,0.0,0.0,0.0,0.0,0.0,0.0,0.0,0,0,0,0,0.0,0.0,0.0,0.0,0.0,0.0,0.0,0.0,0,1,1,1,0.0,0.0,0.0,0.0,0.37,0.0,0.0,0.0033,1,0,0,0,0,0
1778634003.626654,2026-05-13 04:00:03,12,1,1,0.0,0.4,0.1534,0.0,64.77,0.0,0.1452,0.4,1,12,1,1,0.0,0.2,0.1534,0.0,32.38,0.0,0.1452,0.2,1,13,2,2,0.0,0.04,0.1416,0.0,6.85,0.0245,0.3292,0.04,1,0,0,0,0,0
1778634033.626654,2026-05-13 04:00:33,0,0,0,0.0,0.0,0.0,0.0,0.0,0.0,0.0,0.0,0,12,1,1,0.0,0.2,0.1534,0.0,32.38,0.0,0.1452,0.2,1,13,2,2,0.0,0.04,0.1416,0.0,6.85,0.0245,0.3292,0.04,1,0,0,0,0,0
1778634063.626654,2026-05-13 04:01:03,1,1,1,0.0,0.0,0.0,0.0,3.73,0.0,0.0,0.0333,1,1,1,1,0.0,0.0,0.0,0.0,1.87,0.0,0.0,0.0167,1,13,2,2,0.0,0.04,0.1416,0.0,6.85,0.0245,0.3175,0.04,1,0,0,0,0,0
1778634093.626654,2026-05-13 04:01:33,0,0,0,0.0,0.0,0.0,0.0,0.0,0.0,0.0,0.0,0,1,1,1,0.0,0.0,0.0,0.0,1.87,0.0,0.0,0.0167,1,13,2,2,0.0,0.04,0.1416,0.0,6.85,0.0245,0.3175,0.04,1,0,0,0,0,0
1778634123.626654,2026-05-13 04:02:03,1,1,1,0.0,0.0,0.0,0.0,3.73,0.0,0.0,0.0333,1,1,1,1,0.0,0.0,0.0,0.0,1.87,0.0,0.0,0.0167,1,14,2,2,0.0,0.04,0.1315,0.0,7.22,0.037,0.2336,0.04,1,0,0,0,0,0
1778634153.626654,2026-05-13 04:02:33,0,0,0,0.0,0.0,0.0,0.0,0.0,0.0,0.0,0.0,0,1,1,1,0.0,0.0,0.0,0.0,1.87,0.0,0.0,0.0167,1,14,2,2,0.0,0.04,0.1315,0.0,7.22,0.037,0.2336,0.04,1,0,0,0,0,0
1778634183.626654,2026-05-13 04:03:03,0,0,0,0.0,0.0,0.0,0.0,0.0,0.0,0.0,0.0,0,0,0,0,0.0,0.0,0.0,0.0,0.0,0.0,0.0,0.0,0,14,2,2,0.0,0.04,0.1315,0.0,7.22,0.037,0.2336,0.04,1,0,0,0,0,0
1778634213.626654,2026-05-13 04:03:33,0,0,0,0.0,0.0,0.0,0.0,0.0,0.0,0.0,0.0,0,0,0,0,0.0,0.0,0.0,0.0,0.0,0.0,0.0,0.0,0,14,2,2,0.0,0.04,0.1315,0.0,7.22,0.037,0.2336,0.04,1,0,0,0,0,0
1778634243.626654,2026-05-13 04:04:03,1,1,1,0.0,0.0,0.0,0.0,3.73,0.0,0.0,0.0333,1,1,1,1,0.0,0.0,0.0,0.0,1.87,0.0,0.0,0.0167,1,15,2,2,0.0,0.04,0.1228,0.0,7.6,0.0451,0.2122,0.04,1,0,0,0,0,0
1778634273.626654,2026-05-13 04:04:33,0,0,0,0.0,0.0,0.0,0.0,0.0,0.0,0.0,0.0,0,1,1,1,0.0,0.0,0.0,0.0,1.87,0.0,0.0,0.0167,1,15,2,2,0.0,0.04,0.1228,0.0,7.6,0.0451,0.2122,0.04,1,0,0,0,0,0
1778634303.626654,2026-05-13 04:05:03,1,1,1,0.0,0.0,0.0,0.0,3.73,0.0,0.0,0.0333,1,1,1,1,0.0,0.0,0.0,0.0,1.87,0.0,0.0,0.0167,1,4,1,1,0.0,0.0,0.0,0.0,1.49,0.0,0.0354,0.0133,1,0,0,0,0,0
1778634333.626654,2026-05-13 04:05:33,0,0,0,0.0,0.0,0.0,0.0,0.0,0.0,0.0,0.0,0,1,1,1,0.0,0.0,0.0,0.0,1.87,0.0,0.0,0.0167,1,4,1,1,0.0,0.0,0.0,0.0,1.49,0.0,0.0354,0.0133,1,0,0,0,0,0
1778634363.626654,2026-05-13 04:06:03,1,1,1,0.0,0.0,0.0,0.0,3.73,0.0,0.0,0.0333,1,1,1,1,0.0,0.0,0.0,0.0,1.87,0.0,0.0,0.0167,1,4,1,1,0.0,0.0,0.0,0.0,1.49,0.0,0.0354,0.0133,1,0,0,0,0,0
1778634393.626654,2026-05-13 04:06:33,0,0,0,0.0,0.0,0.0,0.0,0.0,0.0,0.0,0.0,0,1,1,1,0.0,0.0,0.0,0.0,1.87,0.0,0.0,0.0167,1,4,1,1,0.0,0.0,0.0,0.0,1.49,0.0,0.0354,0.0133,1,0,0,0,0,0
1778634423.626654,2026-05-13 04:07:03,0,0,0,0.0,0.0,0.0,0.0,0.0,0.0,0.0,0.0,0,0,0,0,0.0,0.0,0.0,0.0,0.0,0.0,0.0,0.0,0,3,1,1,0.0,0.0,0.0,0.0,1.12,0.0,0.0,0.01,1,0,0,0,0,0
1778634453.626654,2026-05-13 04:07:33,0,0,0,0.0,0.0,0.0,0.0,0.0,0.0,0.0,0.0,0,0,0,0,0.0,0.0,0.0,0.0,0.0,0.0,0.0,0.0,0,3,1,1,0.0,0.0,0.0,0.0,1.12,0.0,0.0,0.01,1,0,0,0,0,0
1778634483.626654,2026-05-13 04:08:03,1,1,1,0.0,0.0,0.0,0.0,3.73,0.0,0.0,0.0333,1,1,1,1,0.0,0.0,0.0,0.0,1.87,0.0,0.0,0.0167,1,4,1,1,0.0,0.0,0.0,0.0,1.49,0.0,0.0354,0.0133,1,0,0,0,0,0
1778634513.626654,2026-05-13 04:08:33,0,0,0,0.0,0.0,0.0,0.0,0.0,0.0,0.0,0.0,0,1,1,1,0.0,0.0,0.0,0.0,1.87,0.0,0.0,0.0167,1,4,1,1,0.0,0.0,0.0,0.0,1.49,0.0,0.0354,0.0133,1,0,0,0,0,0
1778634543.626654,2026-05-13 04:09:03,1,1,1,0.0,0.0,0.0,0.0,3.73,0.0,0.0,0.0333,1,1,1,1,0.0,0.0,0.0,0.0,1.87,0.0,0.0,0.0167,1,4,1,1,0.0,0.0,0.0,0.0,1.49,0.0,0.0354,0.0133,1,0,0,0,0,0
1778634573.626654,2026-05-13 04:09:33,0,0,0,0.0,0.0,0.0,0.0,0.0,0.0,0.0,0.0,0,1,1,1,0.0,0.0,0.0,0.0,1.87,0.0,0.0,0.0167,1,4,1,1,0.0,0.0,0.0,0.0,1.49,0.0,0.0354,0.0133,1,0,0,0,0,0
1778634603.626654,2026-05-13 04:10:03,1,1,1,0.0,0.0,0.0,0.0,3.73,0.0,0.0,0.0333,1,1,1,1,0.0,0.0,0.0,0.0,1.87,0.0,0.0,0.0167,1,4,1,1,0.0,0.0,0.0,0.0,1.49,0.0,0.0354,0.0133,1,0,0,0,0,0
1778634633.626654,2026-05-13 04:10:33,0,0,0,0.0,0.0,0.0,0.0,0.0,0.0,0.0,0.0,0,1,1,1,0.0,0.0,0.0,0.0,1.87,0.0,0.0,0.0167,1,4,1,1,0.0,0.0,0.0,0.0,1.49,0.0,0.0354,0.0133,1,0,0,0,0,0
1778634663.626654,2026-05-13 04:11:03,1,1,1,0.0,0.0,0.0,0.0,3.73,0.0,0.0,0.0333,1,1,1,1,0.0,0.0,0.0,0.0,1.87,0.0,0.0,0.0167,1,4,1,1,0.0,0.0,0.0,0.0,1.49,0.0,0.0001,0.0133,1,0,0,0,0,0
1778634693.626654,2026-05-13 04:11:33,0,0,0,0.0,0.0,0.0,0.0,0.0,0.0,0.0,0.0,0,1,1,1,0.0,0.0,0.0,0.0,1.87,0.0,0.0,0.0167,1,4,1,1,0.0,0.0,0.0,0.0,1.49,0.0,0.0001,0.0133,1,0,0,0,0,0
1778634723.626654,2026-05-13 04:12:03,1,1,1,0.0,0.0,0.0,0.0,3.73,0.0,0.0,0.0333,1,1,1,1,0.0,0.0,0.0,0.0,1.87,0.0,0.0,0.0167,1,5,1,1,0.0,0.0,0.0,0.0,1.87,0.0,0.0001,0.0167,1,0,0,0,0,0
1778634753.626654,2026-05-13 04:12:33,0,0,0,0.0,0.0,0.0,0.0,0.0,0.0,0.0,0.0,0,1,1,1,0.0,0.0,0.0,0.0,1.87,0.0,0.0,0.0167,1,5,1,1,0.0,0.0,0.0,0.0,1.87,0.0,0.0001,0.0167,1,0,0,0,0,0
1778634783.626654,2026-05-13 04:13:03,1,1,1,0.0,0.0,0.0,0.0,3.73,0.0,0.0,0.0333,1,1,1,1,0.0,0.0,0.0,0.0,1.87,0.0,0.0,0.0167,1,5,1,1,0.0,0.0,0.0,0.0,1.87,0.0,0.0001,0.0167,1,0,0,0,0,0
1778634813.626654,2026-05-13 04:13:33,0,0,0,0.0,0.0,0.0,0.0,0.0,0.0,0.0,0.0,0,1,1,1,0.0,0.0,0.0,0.0,1.87,0.0,0.0,0.0167,1,5,1,1,0.0,0.0,0.0,0.0,1.87,0.0,0.0001,0.0167,1,0,0,0,0,0
1778634843.626654,2026-05-13 04:14:03,1,1,1,0.0,0.0,0.0,0.0,3.73,0.0,0.0,0.0333,1,1,1,1,0.0,0.0,0.0,0.0,1.87,0.0,0.0,0.0167,1,5,1,1,0.0,0.0,0.0,0.0,1.87,0.0,0.0001,0.0167,1,0,0,0,0,0
1778634873.626654,2026-05-13 04:14:33,0,0,0,0.0,0.0,0.0,0.0,0.0,0.0,0.0,0.0,0,1,1,1,0.0,0.0,0.0,0.0,1.87,0.0,0.0,0.0167,1,5,1,1,0.0,0.0,0.0,0.0,1.87,0.0,0.0001,0.0167,1,0,0,0,0,0
1778634903.626654,2026-05-13 04:15:03,0,0,0,0.0,0.0,0.0,0.0,0.0,0.0,0.0,0.0,0,0,0,0,0.0,0.0,0.0,0.0,0.0,0.0,0.0,0.0,0,4,1,1,0.0,0.0,0.0,0.0,1.49,0.0,0.0001,0.0133,1,0,0,0,0,0
1778634933.626654,2026-05-13 04:15:33,0,0,0,0.0,0.0,0.0,0.0,0.0,0.0,0.0,0.0,0,0,0,0,0.0,0.0,0.0,0.0,0.0,0.0,0.0,0.0,0,4,1,1,0.0,0.0,0.0,0.0,1.49,0.0,0.0001,0.0133,1,0,0,0,0,0
1778634963.626654,2026-05-13 04:16:03,0,0,0,0.0,0.0,0.0,0.0,0.0,0.0,0.0,0.0,0,0,0,0,0.0,0.0,0.0,0.0,0.0,0.0,0.0,0.0,0,3,1,1,0.0,0.0,0.0,0.0,1.12,0.0,0.0001,0.01,1,0,0,0,0,0
1778634993.626654,2026-05-13 04:16:33,0,0,0,0.0,0.0,0.0,0.0,0.0,0.0,0.0,0.0,0,0,0,0,0.0,0.0,0.0,0.0,0.0,0.0,0.0,0.0,0,3,1,1,0.0,0.0,0.0,0.0,1.12,0.0,0.0001,0.01,1,0,0,0,0,0
1778635023.626654,2026-05-13 04:17:03,0,0,0,0.0,0.0,0.0,0.0,0.0,0.0,0.0,0.0,0,0,0,0,0.0,0.0,0.0,0.0,0.0,0.0,0.0,0.0,0,2,1,1,0.0,0.0,0.0,0.0,0.75,0.0,0.0,0.0067,1,0,0,0,0,0
1778635053.626654,2026-05-13 04:17:33,0,0,0,0.0,0.0,0.0,0.0,0.0,0.0,0.0,0.0,0,0,0,0,0.0,0.0,0.0,0.0,0.0,0.0,0.0,0.0,0,2,1,1,0.0,0.0,0.0,0.0,0.75,0.0,0.0,0.0067,1,0,0,0,0,0
1778635083.626654,2026-05-13 04:18:03,0,0,0,0.0,0.0,0.0,0.0,0.0,0.0,0.0,0.0,0,0,0,0,0.0,0.0,0.0,0.0,0.0,0.0,0.0,0.0,0,1,1,1,0.0,0.0,0.0,0.0,0.37,0.0,0.0,0.0033,1,0,0,0,0,0
1778635113.626654,2026-05-13 04:18:33,0,0,0,0.0,0.0,0.0,0.0,0.0,0.0,0.0,0.0,0,0,0,0,0.0,0.0,0.0,0.0,0.0,0.0,0.0,0.0,0,1,1,1,0.0,0.0,0.0,0.0,0.37,0.0,0.0,0.0033,1,0,0,0,0,0
1778635143.626654,2026-05-13 04:19:03,0,0,0,0.0,0.0,0.0,0.0,0.0,0.0,0.0,0.0,0,0,0,0,0.0,0.0,0.0,0.0,0.0,0.0,0.0,0.0,0,0,0,0,0.0,0.0,0.0,0.0,0.0,0.0,0.0,0.0,0,0,0,0,0,0
1778635173.626654,2026-05-13 04:19:33,0,0,0,0.0,0.0,0.0,0.0,0.0,0.0,0.0,0.0,0,0,0,0,0.0,0.0,0.0,0.0,0.0,0.0,0.0,0.0,0,0,0,0,0.0,0.0,0.0,0.0,0.0,0.0,0.0,0.0,0,0,0,0,0,0
1778635203.626654,2026-05-13 04:20:03,0,0,0,0.0,0.0,0.0,0.0,0.0,0.0,0.0,0.0,0,0,0,0,0.0,0.0,0.0,0.0,0.0,0.0,0.0,0.0,0,0,0,0,0.0,0.0,0.0,0.0,0.0,0.0,0.0,0.0,0,0,0,0,0,0
1778635233.626654,2026-05-13 04:20:33,0,0,0,0.0,0.0,0.0,0.0,0.0,0.0,0.0,0.0,0,0,0,0,0.0,0.0,0.0,0.0,0.0,0.0,0.0,0.0,0,0,0,0,0.0,0.0,0.0,0.0,0.0,0.0,0.0,0.0,0,0,0,0,0,0
1778635263.626654,2026-05-13 04:21:03,1,1,1,0.0,0.0,0.0,0.0,3.73,0.0,0.0,0.0333,1,1,1,1,0.0,0.0,0.0,0.0,1.87,0.0,0.0,0.0167,1,1,1,1,0.0,0.0,0.0,0.0,0.37,0.0,0.0,0.0033,1,0,0,0,0,0
1778635293.626654,2026-05-13 04:21:33,0,0,0,0.0,0.0,0.0,0.0,0.0,0.0,0.0,0.0,0,1,1,1,0.0,0.0,0.0,0.0,1.87,0.0,0.0,0.0167,1,1,1,1,0.0,0.0,0.0,0.0,0.37,0.0,0.0,0.0033,1,0,0,0,0,0
1778635323.626654,2026-05-13 04:22:03,1,1,1,0.0,0.0,0.0,0.0,3.73,0.0,0.0,0.0333,1,1,1,1,0.0,0.0,0.0,0.0,1.87,0.0,0.0,0.0167,1,2,1,1,0.0,0.0,0.0,0.0,0.75,0.0,0.0,0.0067,1,0,0,0,0,0
1778635353.626654,2026-05-13 04:22:33,0,0,0,0.0,0.0,0.0,0.0,0.0,0.0,0.0,0.0,0,1,1,1,0.0,0.0,0.0,0.0,1.87,0.0,0.0,0.0167,1,2,1,1,0.0,0.0,0.0,0.0,0.75,0.0,0.0,0.0067,1,0,0,0,0,0
1778635383.626654,2026-05-13 04:23:03,1,1,1,0.0,0.0,0.0,0.0,3.73,0.0,0.0,0.0333,1,1,1,1,0.0,0.0,0.0,0.0,1.87,0.0,0.0,0.0167,1,3,1,1,0.0,0.0,0.0,0.0,1.12,0.0,0.0001,0.01,1,0,0,0,0,0
1778635413.626654,2026-05-13 04:23:33,0,0,0,0.0,0.0,0.0,0.0,0.0,0.0,0.0,0.0,0,1,1,1,0.0,0.0,0.0,0.0,1.87,0.0,0.0,0.0167,1,3,1,1,0.0,0.0,0.0,0.0,1.12,0.0,0.0001,0.01,1,0,0,0,0,0
1778635443.626654,2026-05-13 04:24:03,1,1,1,0.0,0.0,0.0,0.0,3.73,0.0,0.0,0.0333,1,1,1,1,0.0,0.0,0.0,0.0,1.87,0.0,0.0,0.0167,1,4,1,1,0.0,0.0,0.0,0.0,1.49,0.0,0.0001,0.0133,1,0,0,0,0,0
1778635473.626654,2026-05-13 04:24:33,0,0,0,0.0,0.0,0.0,0.0,0.0,0.0,0.0,0.0,0,1,1,1,0.0,0.0,0.0,0.0,1.87,0.0,0.0,0.0167,1,4,1,1,0.0,0.0,0.0,0.0,1.49,0.0,0.0001,0.0133,1,0,0,0,0,0
1778635503.626654,2026-05-13 04:25:03,0,0,0,0.0,0.0,0.0,0.0,0.0,0.0,0.0,0.0,0,0,0,0,0.0,0.0,0.0,0.0,0.0,0.0,0.0,0.0,0,4,1,1,0.0,0.0,0.0,0.0,1.49,0.0,0.0001,0.0133,1,0,0,0,0,0
1778635533.626654,2026-05-13 04:25:33,0,0,0,0.0,0.0,0.0,0.0,0.0,0.0,0.0,0.0,0,0,0,0,0.0,0.0,0.0,0.0,0.0,0.0,0.0,0.0,0,4,1,1,0.0,0.0,0.0,0.0,1.49,0.0,0.0001,0.0133,1,0,0,0,0,0
1778635563.626654,2026-05-13 04:26:03,0,0,0,0.0,0.0,0.0,0.0,0.0,0.0,0.0,0.0,0,0,0,0,0.0,0.0,0.0,0.0,0.0,0.0,0.0,0.0,0,3,1,1,0.0,0.0,0.0,0.0,1.12,0.0,0.0002,0.01,1,0,0,0,0,0
1778635593.626654,2026-05-13 04:26:33,0,0,0,0.0,0.0,0.0,0.0,0.0,0.0,0.0,0.0,0,0,0,0,0.0,0.0,0.0,0.0,0.0,0.0,0.0,0.0,0,3,1,1,0.0,0.0,0.0,0.0,1.12,0.0,0.0002,0.01,1,0,0,0,0,0
1778635623.626654,2026-05-13 04:27:03,0,0,0,0.0,0.0,0.0,0.0,0.0,0.0,0.0,0.0,0,0,0,0,0.0,0.0,0.0,0.0,0.0,0.0,0.0,0.0,0,2,1,1,0.0,0.0,0.0,0.0,0.75,0.0,0.0,0.0067,1,0,0,0,0,0
1778635653.626654,2026-05-13 04:27:33,0,0,0,0.0,0.0,0.0,0.0,0.0,0.0,0.0,0.0,0,0,0,0,0.0,0.0,0.0,0.0,0.0,0.0,0.0,0.0,0,2,1,1,0.0,0.0,0.0,0.0,0.75,0.0,0.0,0.0067,1,0,0,0,0,0
1778635683.626654,2026-05-13 04:28:03,0,0,0,0.0,0.0,0.0,0.0,0.0,0.0,0.0,0.0,0,0,0,0,0.0,0.0,0.0,0.0,0.0,0.0,0.0,0.0,0,1,1,1,0.0,0.0,0.0,0.0,0.37,0.0,0.0,0.0033,1,0,0,0,0,0
1778635713.626654,2026-05-13 04:28:33,0,0,0,0.0,0.0,0.0,0.0,0.0,0.0,0.0,0.0,0,0,0,0,0.0,0.0,0.0,0.0,0.0,0.0,0.0,0.0,0,1,1,1,0.0,0.0,0.0,0.0,0.37,0.0,0.0,0.0033,1,0,0,0,0,0
1778635743.626654,2026-05-13 04:29:03,0,0,0,0.0,0.0,0.0,0.0,0.0,0.0,0.0,0.0,0,0,0,0,0.0,0.0,0.0,0.0,0.0,0.0,0.0,0.0,0,0,0,0,0.0,0.0,0.0,0.0,0.0,0.0,0.0,0.0,0,0,0,0,0,0
1778635773.626654,2026-05-13 04:29:33,0,0,0,0.0,0.0,0.0,0.0,0.0,0.0,0.0,0.0,0,0,0,0,0.0,0.0,0.0,0.0,0.0,0.0,0.0,0.0,0,0,0,0,0.0,0.0,0.0,0.0,0.0,0.0,0.0,0.0,0,0,0,0,0,0
1778635803.626654,2026-05-13 04:30:03,0,0,0,0.0,0.0,0.0,0.0,0.0,0.0,0.0,0.0,0,0,0,0,0.0,0.0,0.0,0.0,0.0,0.0,0.0,0.0,0,0,0,0,0.0,0.0,0.0,0.0,0.0,0.0,0.0,0.0,0,0,0,0,0,0
1778635833.626654,2026-05-13 04:30:33,1,1,1,0.0,0.0,0.0,0.0,3.73,0.0,0.0,0.0333,1,1,1,1,0.0,0.0,0.0,0.0,1.87,0.0,0.0,0.0167,1,1,1,1,0.0,0.0,0.0,0.0,0.37,0.0,0.0,0.0033,1,0,0,0,0,0
1778635863.626654,2026-05-13 04:31:03,1,1,1,0.0,0.0,0.0792,1.0,1.6,0.0,0.0,0.0333,1,2,2,2,0.0,0.0,0.0396,0.5,2.67,0.0625,0.0,0.0167,1,2,2,2,0.0,0.0,0.0396,0.5,0.53,0.0625,0.0,0.0033,1,0,0,0,0,0
1778635893.626654,2026-05-13 04:31:33,1,1,1,0.0,0.0,0.0,0.0,3.73,0.0,0.0,0.0333,1,2,2,2,0.0,0.0,0.0396,0.5,2.67,0.0625,0.0,0.0167,1,3,2,2,0.0,0.0,0.0264,0.3333,0.91,0.0574,0.0135,0.0067,1,0,0,0,0,0
1778635923.626654,2026-05-13 04:32:03,0,0,0,0.0,0.0,0.0,0.0,0.0,0.0,0.0,0.0,0,1,1,1,0.0,0.0,0.0,0.0,1.87,0.0,0.0,0.0167,1,3,2,2,0.0,0.0,0.0264,0.3333,0.91,0.0574,0.0135,0.0067,1,0,0,0,0,0
1778635953.626654,2026-05-13 04:32:33,0,0,0,0.0,0.0,0.0,0.0,0.0,0.0,0.0,0.0,0,0,0,0,0.0,0.0,0.0,0.0,0.0,0.0,0.0,0.0,0,3,2,2,0.0,0.0,0.0264,0.3333,0.91,0.0574,0.0135,0.0067,1,0,0,0,0,0
1778635983.626654,2026-05-13 04:33:03,0,0,0,0.0,0.0,0.0,0.0,0.0,0.0,0.0,0.0,0,0,0,0,0.0,0.0,0.0,0.0,0.0,0.0,0.0,0.0,0,3,2,2,0.0,0.0,0.0264,0.3333,0.91,0.0574,0.0135,0.0067,1,0,0,0,0,0
1778636013.626654,2026-05-13 04:33:33,1,1,1,0.0,0.0,0.0,0.0,3.73,0.0,0.0,0.0333,1,1,1,1,0.0,0.0,0.0,0.0,1.87,0.0,0.0,0.0167,1,4,2,2,0.0,0.0,0.0198,0.25,1.28,0.0507,0.071,0.01,1,0,0,0,0,0
1778636043.626654,2026-05-13 04:34:03,0,0,0,0.0,0.0,0.0,0.0,0.0,0.0,0.0,0.0,0,1,1,1,0.0,0.0,0.0,0.0,1.87,0.0,0.0,0.0167,1,4,2,2,0.0,0.0,0.0198,0.25,1.28,0.0507,0.071,0.01,1,0,0,0,0,0
1778636073.626654,2026-05-13 04:34:33,1,1,1,0.0,0.0,0.0,0.0,3.73,0.0,0.0,0.0333,1,1,1,1,0.0,0.0,0.0,0.0,1.87,0.0,0.0,0.0167,1,5,2,2,0.0,0.0,0.0159,0.2,1.65,0.0451,0.0615,0.0133,1,0,0,0,0,0
1778636103.626654,2026-05-13 04:35:03,0,0,0,0.0,0.0,0.0,0.0,0.0,0.0,0.0,0.0,0,1,1,1,0.0,0.0,0.0,0.0,1.87,0.0,0.0,0.0167,1,5,2,2,0.0,0.0,0.0159,0.2,1.65,0.0451,0.0615,0.0133,1,0,0,0,0,0
1778636133.626654,2026-05-13 04:35:33,1,1,1,0.0,0.0,0.0,0.0,3.73,0.0,0.0,0.0333,1,1,1,1,0.0,0.0,0.0,0.0,1.87,0.0,0.0,0.0167,1,5,2,2,0.0,0.0,0.0159,0.2,1.65,0.0451,0.051,0.0133,1,0,0,0,0,0
1778636163.626654,2026-05-13 04:36:03,0,0,0,0.0,0.0,0.0,0.0,0.0,0.0,0.0,0.0,0,1,1,1,0.0,0.0,0.0,0.0,1.87,0.0,0.0,0.0167,1,4,1,1,0.0,0.0,0.0,0.0,1.49,0.0,0.0353,0.0133,1,0,0,0,0,0
1778636193.626654,2026-05-13 04:36:33,1,1,1,0.0,0.0,0.0,0.0,3.73,0.0,0.0,0.0333,1,1,1,1,0.0,0.0,0.0,0.0,1.87,0.0,0.0,0.0167,1,4,1,1,0.0,0.0,0.0,0.0,1.49,0.0,0.0,0.0133,1,0,0,0,0,0
1778636223.626654,2026-05-13 04:37:03,0,0,0,0.0,0.0,0.0,0.0,0.0,0.0,0.0,0.0,0,1,1,1,0.0,0.0,0.0,0.0,1.87,0.0,0.0,0.0167,1,4,1,1,0.0,0.0,0.0,0.0,1.49,0.0,0.0,0.0133,1,0,0,0,0,0
1778636253.626654,2026-05-13 04:37:33,1,1,1,0.0,0.0,0.0,0.0,3.73,0.0,0.0,0.0333,1,1,1,1,0.0,0.0,0.0,0.0,1.87,0.0,0.0,0.0167,1,5,1,1,0.0,0.0,0.0,0.0,1.87,0.0,0.0,0.0167,1,0,0,0,0,0
1778636283.626654,2026-05-13 04:38:03,0,0,0,0.0,0.0,0.0,0.0,0.0,0.0,0.0,0.0,0,1,1,1,0.0,0.0,0.0,0.0,1.87,0.0,0.0,0.0167,1,5,1,1,0.0,0.0,0.0,0.0,1.87,0.0,0.0,0.0167,1,0,0,0,0,0
1778636313.626654,2026-05-13 04:38:33,1,1,1,0.0,0.0,0.0,0.0,3.73,0.0,0.0,0.0333,1,1,1,1,0.0,0.0,0.0,0.0,1.87,0.0,0.0,0.0167,1,5,1,1,0.0,0.0,0.0,0.0,1.87,0.0,0.0001,0.0167,1,0,0,0,0,0
1778636343.626654,2026-05-13 04:39:03,0,0,0,0.0,0.0,0.0,0.0,0.0,0.0,0.0,0.0,0,1,1,1,0.0,0.0,0.0,0.0,1.87,0.0,0.0,0.0167,1,5,1,1,0.0,0.0,0.0,0.0,1.87,0.0,0.0001,0.0167,1,0,0,0,0,0
1778636373.626654,2026-05-13 04:39:33,1,1,1,0.0,0.0,0.0,0.0,3.73,0.0,0.0,0.0333,1,1,1,1,0.0,0.0,0.0,0.0,1.87,0.0,0.0,0.0167,1,5,1,1,0.0,0.0,0.0,0.0,1.87,0.0,0.0001,0.0167,1,0,0,0,0,0
1778636403.626654,2026-05-13 04:40:03,0,0,0,0.0,0.0,0.0,0.0,0.0,0.0,0.0,0.0,0,1,1,1,0.0,0.0,0.0,0.0,1.87,0.0,0.0,0.0167,1,5,1,1,0.0,0.0,0.0,0.0,1.87,0.0,0.0001,0.0167,1,0,0,0,0,0
1778636433.626654,2026-05-13 04:40:33,1,1,1,0.0,0.0,0.0,0.0,3.73,0.0,0.0,0.0333,1,1,1,1,0.0,0.0,0.0,0.0,1.87,0.0,0.0,0.0167,1,5,1,1,0.0,0.0,0.0,0.0,1.87,0.0,0.0,0.0167,1,0,0,0,0,0
1778636463.626654,2026-05-13 04:41:03,0,0,0,0.0,0.0,0.0,0.0,0.0,0.0,0.0,0.0,0,1,1,1,0.0,0.0,0.0,0.0,1.87,0.0,0.0,0.0167,1,5,1,1,0.0,0.0,0.0,0.0,1.87,0.0,0.0,0.0167,1,0,0,0,0,0
1778636493.626654,2026-05-13 04:41:33,1,1,1,0.0,0.0,0.0,0.0,3.73,0.0,0.0,0.0333,1,1,1,1,0.0,0.0,0.0,0.0,1.87,0.0,0.0,0.0167,1,5,1,1,0.0,0.0,0.0,0.0,1.87,0.0,0.0,0.0167,1,0,0,0,0,0
1778636523.626654,2026-05-13 04:42:03,0,0,0,0.0,0.0,0.0,0.0,0.0,0.0,0.0,0.0,0,1,1,1,0.0,0.0,0.0,0.0,1.87,0.0,0.0,0.0167,1,5,1,1,0.0,0.0,0.0,0.0,1.87,0.0,0.0,0.0167,1,0,0,0,0,0
1778636553.626654,2026-05-13 04:42:33,1,1,1,0.0,0.0,0.0,0.0,3.73,0.0,0.0,0.0333,1,1,1,1,0.0,0.0,0.0,0.0,1.87,0.0,0.0,0.0167,1,5,1,1,0.0,0.0,0.0,0.0,1.87,0.0,0.0,0.0167,1,0,0,0,0,0
1778636583.626654,2026-05-13 04:43:03,0,0,0,0.0,0.0,0.0,0.0,0.0,0.0,0.0,0.0,0,1,1,1,0.0,0.0,0.0,0.0,1.87,0.0,0.0,0.0167,1,5,1,1,0.0,0.0,0.0,0.0,1.87,0.0,0.0,0.0167,1,0,0,0,0,0
1778636613.626654,2026-05-13 04:43:33,1,1,1,0.0,0.0,0.0,0.0,3.73,0.0,0.0,0.0333,1,1,1,1,0.0,0.0,0.0,0.0,1.87,0.0,0.0,0.0167,1,5,1,1,0.0,0.0,0.0,0.0,1.87,0.0,0.0,0.0167,1,0,0,0,0,0
1778636643.626654,2026-05-13 04:44:03,0,0,0,0.0,0.0,0.0,0.0,0.0,0.0,0.0,0.0,0,1,1,1,0.0,0.0,0.0,0.0,1.87,0.0,0.0,0.0167,1,5,1,1,0.0,0.0,0.0,0.0,1.87,0.0,0.0,0.0167,1,0,0,0,0,0
1778636673.626654,2026-05-13 04:44:33,1,1,1,0.0,0.0,30.1294,0.0,7.47,0.0,0.0,0.0333,1,1,1,1,0.0,0.0,30.1294,0.0,3.73,0.0,0.0,0.0167,1,5,1,1,0.0,0.0,6.0259,0.0,2.24,0.0,0.0,0.0167,1,0,0,0,0,0
1778636703.626654,2026-05-13 04:45:03,0,0,0,0.0,0.0,0.0,0.0,0.0,0.0,0.0,0.0,0,1,1,1,0.0,0.0,30.1294,0.0,3.73,0.0,0.0,0.0167,1,5,1,1,0.0,0.0,6.0259,0.0,2.24,0.0,0.0,0.0167,1,0,0,0,0,0
1778636733.626654,2026-05-13 04:45:33,0,0,0,0.0,0.0,0.0,0.0,0.0,0.0,0.0,0.0,0,0,0,0,0.0,0.0,0.0,0.0,0.0,0.0,0.0,0.0,0,4,1,1,0.0,0.0,7.5324,0.0,1.87,0.0,0.0,0.0133,1,0,0,0,0,0
1778636763.626654,2026-05-13 04:46:03,1,1,1,0.0,0.0,0.0001,0.0,3.73,0.0,0.0,0.0333,1,1,1,1,0.0,0.0,0.0001,0.0,1.87,0.0,0.0,0.0167,1,5,1,1,0.0,0.0,6.0259,0.0,2.24,0.0,0.0193,0.0167,1,0,0,0,0,0
1778636793.626654,2026-05-13 04:46:33,0,0,0,0.0,0.0,0.0,0.0,0.0,0.0,0.0,0.0,0,1,1,1,0.0,0.0,0.0001,0.0,1.87,0.0,0.0,0.0167,1,4,1,1,0.0,0.0,7.5324,0.0,1.87,0.0,0.0202,0.0133,1,0,0,0,0,0
1778636823.626654,2026-05-13 04:47:03,1,1,1,0.0,0.0,0.0,0.0,3.73,0.0,0.0,0.0333,1,1,1,1,0.0,0.0,0.0,0.0,1.87,0.0,0.0,0.0167,1,5,1,1,0.0,0.0,6.0259,0.0,2.24,0.0,0.0192,0.0167,1,0,0,0,0,0
1778636853.626654,2026-05-13 04:47:33,0,0,0,0.0,0.0,0.0,0.0,0.0,0.0,0.0,0.0,0,1,1,1,0.0,0.0,0.0,0.0,1.87,0.0,0.0,0.0167,1,4,1,1,0.0,0.0,7.5324,0.0,1.87,0.0,0.0202,0.0133,1,0,0,0,0,0
1778636883.626654,2026-05-13 04:48:03,1,1,1,0.0,0.0,0.0,0.0,3.73,0.0,0.0,0.0333,1,1,1,1,0.0,0.0,0.0,0.0,1.87,0.0,0.0,0.0167,1,5,1,1,0.0,0.0,6.0259,0.0,2.24,0.0,0.0193,0.0167,1,0,0,0,0,0
1778636913.626654,2026-05-13 04:48:33,0,0,0,0.0,0.0,0.0,0.0,0.0,0.0,0.0,0.0,0,1,1,1,0.0,0.0,0.0,0.0,1.87,0.0,0.0,0.0167,1,4,1,1,0.0,0.0,7.5324,0.0,1.87,0.0,0.0202,0.0133,1,0,0,0,0,0
1778636943.626654,2026-05-13 04:49:03,0,0,0,0.0,0.0,0.0,0.0,0.0,0.0,0.0,0.0,0,0,0,0,0.0,0.0,0.0,0.0,0.0,0.0,0.0,0.0,0,4,1,1,0.0,0.0,7.5324,0.0,1.87,0.0,0.0202,0.0133,1,0,0,0,0,0
1778636973.626654,2026-05-13 04:49:33,0,0,0,0.0,0.0,0.0,0.0,0.0,0.0,0.0,0.0,0,0,0,0,0.0,0.0,0.0,0.0,0.0,0.0,0.0,0.0,0,3,1,1,0.0,0.0,0.0,0.0,1.12,0.0,0.0001,0.01,1,0,0,0,0,0
1778637003.626654,2026-05-13 04:50:03,1,1,1,0.0,0.0,0.0,0.0,3.73,0.0,0.0,0.0333,1,1,1,1,0.0,0.0,0.0,0.0,1.87,0.0,0.0,0.0167,1,4,1,1,0.0,0.0,0.0,0.0,1.49,0.0,0.0354,0.0133,1,0,0,0,0,0
1778637033.626654,2026-05-13 04:50:33,0,0,0,0.0,0.0,0.0,0.0,0.0,0.0,0.0,0.0,0,1,1,1,0.0,0.0,0.0,0.0,1.87,0.0,0.0,0.0167,1,4,1,1,0.0,0.0,0.0,0.0,1.49,0.0,0.0354,0.0133,1,0,0,0,0,0
1778637063.626654,2026-05-13 04:51:03,1,1,1,0.0,0.0,0.0,0.0,3.73,0.0,0.0,0.0333,1,1,1,1,0.0,0.0,0.0,0.0,1.87,0.0,0.0,0.0167,1,4,1,1,0.0,0.0,0.0,0.0,1.49,0.0,0.0354,0.0133,1,0,0,0,0,0
1778637093.626654,2026-05-13 04:51:33,0,0,0,0.0,0.0,0.0,0.0,0.0,0.0,0.0,0.0,0,1,1,1,0.0,0.0,0.0,0.0,1.87,0.0,0.0,0.0167,1,4,1,1,0.0,0.0,0.0,0.0,1.49,0.0,0.0354,0.0133,1,0,0,0,0,0
1778637123.626654,2026-05-13 04:52:03,1,1,1,0.0,0.0,0.0,0.0,3.73,0.0,0.0,0.0333,1,1,1,1,0.0,0.0,0.0,0.0,1.87,0.0,0.0,0.0167,1,4,1,1,0.0,0.0,0.0,0.0,1.49,0.0,0.0354,0.0133,1,0,0,0,0,0
1778637153.626654,2026-05-13 04:52:33,0,0,0,0.0,0.0,0.0,0.0,0.0,0.0,0.0,0.0,0,1,1,1,0.0,0.0,0.0,0.0,1.87,0.0,0.0,0.0167,1,4,1,1,0.0,0.0,0.0,0.0,1.49,0.0,0.0354,0.0133,1,0,0,0,0,0
1778637183.626654,2026-05-13 04:53:03,1,1,1,0.0,0.0,0.0,0.0,3.73,0.0,0.0,0.0333,1,1,1,1,0.0,0.0,0.0,0.0,1.87,0.0,0.0,0.0167,1,4,1,1,0.0,0.0,0.0,0.0,1.49,0.0,0.0001,0.0133,1,0,0,0,0,0
1778637213.626654,2026-05-13 04:53:33,0,0,0,0.0,0.0,0.0,0.0,0.0,0.0,0.0,0.0,0,1,1,1,0.0,0.0,0.0,0.0,1.87,0.0,0.0,0.0167,1,4,1,1,0.0,0.0,0.0,0.0,1.49,0.0,0.0001,0.0133,1,0,0,0,0,0
1778637243.626654,2026-05-13 04:54:03,1,1,1,0.0,0.0,0.0,0.0,3.73,0.0,0.0,0.0333,1,1,1,1,0.0,0.0,0.0,0.0,1.87,0.0,0.0,0.0167,1,5,1,1,0.0,0.0,0.0,0.0,1.87,0.0,0.0001,0.0167,1,0,0,0,0,0
1778637273.626654,2026-05-13 04:54:33,0,0,0,0.0,0.0,0.0,0.0,0.0,0.0,0.0,0.0,0,1,1,1,0.0,0.0,0.0,0.0,1.87,0.0,0.0,0.0167,1,5,1,1,0.0,0.0,0.0,0.0,1.87,0.0,0.0001,0.0167,1,0,0,0,0,0
1778637303.626654,2026-05-13 04:55:03,1,1,1,0.0,0.0,0.0,0.0,3.73,0.0,0.0,0.0333,1,1,1,1,0.0,0.0,0.0,0.0,1.87,0.0,0.0,0.0167,1,5,1,1,0.0,0.0,0.0,0.0,1.87,0.0,0.0001,0.0167,1,0,0,0,0,0
1778637333.626654,2026-05-13 04:55:33,0,0,0,0.0,0.0,0.0,0.0,0.0,0.0,0.0,0.0,0,1,1,1,0.0,0.0,0.0,0.0,1.87,0.0,0.0,0.0167,1,5,1,1,0.0,0.0,0.0,0.0,1.87,0.0,0.0001,0.0167,1,0,0,0,0,0
1778637363.626654,2026-05-13 04:56:03,1,1,1,0.0,0.0,0.0,0.0,3.73,0.0,0.0,0.0333,1,1,1,1,0.0,0.0,0.0,0.0,1.87,0.0,0.0,0.0167,1,5,1,1,0.0,0.0,0.0,0.0,1.87,0.0,0.0001,0.0167,1,0,0,0,0,0
1778637393.626654,2026-05-13 04:56:33,0,0,0,0.0,0.0,0.0,0.0,0.0,0.0,0.0,0.0,0,1,1,1,0.0,0.0,0.0,0.0,1.87,0.0,0.0,0.0167,1,5,1,1,0.0,0.0,0.0,0.0,1.87,0.0,0.0001,0.0167,1,0,0,0,0,0
1778637423.626654,2026-05-13 04:57:03,1,1,1,0.0,0.0,0.0,0.0,3.73,0.0,0.0,0.0333,1,1,1,1,0.0,0.0,0.0,0.0,1.87,0.0,0.0,0.0167,1,5,1,1,0.0,0.0,0.0,0.0,1.87,0.0,0.0001,0.0167,1,0,0,0,0,0
1778637453.626654,2026-05-13 04:57:33,0,0,0,0.0,0.0,0.0,0.0,0.0,0.0,0.0,0.0,0,1,1,1,0.0,0.0,0.0,0.0,1.87,0.0,0.0,0.0167,1,5,1,1,0.0,0.0,0.0,0.0,1.87,0.0,0.0001,0.0167,1,0,0,0,0,0
1778637483.626654,2026-05-13 04:58:03,1,1,1,0.0,0.0,0.0,0.0,3.73,0.0,0.0,0.0333,1,1,1,1,0.0,0.0,0.0,0.0,1.87,0.0,0.0,0.0167,1,5,1,1,0.0,0.0,0.0,0.0,1.87,0.0,0.0001,0.0167,1,0,0,0,0,0
1778637513.626654,2026-05-13 04:58:33,0,0,0,0.0,0.0,0.0,0.0,0.0,0.0,0.0,0.0,0,1,1,1,0.0,0.0,0.0,0.0,1.87,0.0,0.0,0.0167,1,5,1,1,0.0,0.0,0.0,0.0,1.87,0.0,0.0001,0.0167,1,0,0,0,0,0
1778637543.626654,2026-05-13 04:59:03,0,0,0,0.0,0.0,0.0,0.0,0.0,0.0,0.0,0.0,0,0,0,0,0.0,0.0,0.0,0.0,0.0,0.0,0.0,0.0,0,4,1,1,0.0,0.0,0.0,0.0,1.49,0.0,0.0,0.0133,1,0,0,0,0,0
1778637573.626654,2026-05-13 04:59:33,0,0,0,0.0,0.0,0.0,0.0,0.0,0.0,0.0,0.0,0,0,0,0,0.0,0.0,0.0,0.0,0.0,0.0,0.0,0.0,0,4,1,1,0.0,0.0,0.0,0.0,1.49,0.0,0.0,0.0133,1,0,0,0,0,0
1778637603.626654,2026-05-13 05:00:03,8,1,1,0.0,0.2667,0.0339,0.0,34.9,0.0,0.1407,0.2667,1,8,1,1,0.0,0.1333,0.0339,0.0,17.45,0.0,0.1407,0.1333,1,11,2,2,0.0,0.0267,0.0247,0.0,4.61,0.0528,0.1658,0.0267,1,0,0,0,0,0
1778637633.626654,2026-05-13 05:00:33,0,0,0,0.0,0.0,0.0,0.0,0.0,0.0,0.0,0.0,0,8,1,1,0.0,0.1333,0.0339,0.0,17.45,0.0,0.1407,0.1333,1,11,2,2,0.0,0.0267,0.0247,0.0,4.61,0.0528,0.1658,0.0267,1,0,0,0,0,0
1778637663.626654,2026-05-13 05:01:03,0,0,0,0.0,0.0,0.0,0.0,0.0,0.0,0.0,0.0,0,0,0,0,0.0,0.0,0.0,0.0,0.0,0.0,0.0,0.0,0,10,2,2,0.0,0.0267,0.0271,0.0,4.24,0.0451,0.1998,0.0267,1,0,0,0,0,0
1778637693.626654,2026-05-13 05:01:33,0,0,0,0.0,0.0,0.0,0.0,0.0,0.0,0.0,0.0,0,0,0,0,0.0,0.0,0.0,0.0,0.0,0.0,0.0,0.0,0,10,2,2,0.0,0.0267,0.0271,0.0,4.24,0.0451,0.1998,0.0267,1,0,0,0,0,0
1778637723.626654,2026-05-13 05:02:03,0,0,0,0.0,0.0,0.0,0.0,0.0,0.0,0.0,0.0,0,0,0,0,0.0,0.0,0.0,0.0,0.0,0.0,0.0,0.0,0,9,2,2,0.0,0.0267,0.0301,0.0,3.86,0.0315,0.2639,0.0267,1,0,0,0,0,0
1778637753.626654,2026-05-13 05:02:33,0,0,0,0.0,0.0,0.0,0.0,0.0,0.0,0.0,0.0,0,0,0,0,0.0,0.0,0.0,0.0,0.0,0.0,0.0,0.0,0,9,2,2,0.0,0.0267,0.0301,0.0,3.86,0.0315,0.2639,0.0267,1,0,0,0,0,0
1778637783.626654,2026-05-13 05:03:03,0,0,0,0.0,0.0,0.0,0.0,0.0,0.0,0.0,0.0,0,0,0,0,0.0,0.0,0.0,0.0,0.0,0.0,0.0,0.0,0,8,1,1,0.0,0.0267,0.0339,0.0,3.49,0.0,0.1407,0.0267,1,0,0,0,0,0
1778637813.626654,2026-05-13 05:03:33,0,0,0,0.0,0.0,0.0,0.0,0.0,0.0,0.0,0.0,0,0,0,0,0.0,0.0,0.0,0.0,0.0,0.0,0.0,0.0,0,8,1,1,0.0,0.0267,0.0339,0.0,3.49,0.0,0.1407,0.0267,1,0,0,0,0,0
1778637843.626654,2026-05-13 05:04:03,0,0,0,0.0,0.0,0.0,0.0,0.0,0.0,0.0,0.0,0,0,0,0,0.0,0.0,0.0,0.0,0.0,0.0,0.0,0.0,0,8,1,1,0.0,0.0267,0.0339,0.0,3.49,0.0,0.1407,0.0267,1,0,0,0,0,0
1778637873.626654,2026-05-13 05:04:33,0,0,0,0.0,0.0,0.0,0.0,0.0,0.0,0.0,0.0,0,0,0,0,0.0,0.0,0.0,0.0,0.0,0.0,0.0,0.0,0,8,1,1,0.0,0.0267,0.0339,0.0,3.49,0.0,0.1407,0.0267,1,0,0,0,0,0
1778637903.626654,2026-05-13 05:05:03,0,0,0,0.0,0.0,0.0,0.0,0.0,0.0,0.0,0.0,0,0,0,0,0.0,0.0,0.0,0.0,0.0,0.0,0.0,0.0,0,0,0,0,0.0,0.0,0.0,0.0,0.0,0.0,0.0,0.0,0,0,0,0,0,0
1778637933.626654,2026-05-13 05:05:33,2,2,2,0.0,0.0,0.035,0.5,5.33,0.0625,0.0,0.0333,1,2,2,2,0.0,0.0,0.035,0.5,2.67,0.0625,0.0,0.0167,1,2,2,2,0.0,0.0,0.035,0.5,0.53,0.0625,0.0,0.0033,1,0,0,0,0,0
1778637963.626654,2026-05-13 05:06:03,0,0,0,0.0,0.0,0.0,0.0,0.0,0.0,0.0,0.0,0,2,2,2,0.0,0.0,0.035,0.5,2.67,0.0625,0.0,0.0167,1,2,2,2,0.0,0.0,0.035,0.5,0.53,0.0625,0.0,0.0033,1,0,0,0,0,0
1778637993.626654,2026-05-13 05:06:33,1,1,1,0.0,0.0,0.0,0.0,3.73,0.0,0.0,0.0333,1,1,1,1,0.0,0.0,0.0,0.0,1.87,0.0,0.0,0.0167,1,3,2,2,0.0,0.0,0.0233,0.3333,0.91,0.0574,0.0395,0.0067,1,0,0,0,0,0
1778638023.626654,2026-05-13 05:07:03,0,0,0,0.0,0.0,0.0,0.0,0.0,0.0,0.0,0.0,0,1,1,1,0.0,0.0,0.0,0.0,1.87,0.0,0.0,0.0167,1,3,2,2,0.0,0.0,0.0233,0.3333,0.91,0.0574,0.0395,0.0067,1,0,0,0,0,0
1778638053.626654,2026-05-13 05:07:33,1,1,1,0.0,0.0,0.0,0.0,3.73,0.0,0.0,0.0333,1,1,1,1,0.0,0.0,0.0,0.0,1.87,0.0,0.0,0.0167,1,4,2,2,0.0,0.0,0.0175,0.25,1.28,0.0507,0.0329,0.01,1,0,0,0,0,0
1778638083.626654,2026-05-13 05:08:03,0,0,0,0.0,0.0,0.0,0.0,0.0,0.0,0.0,0.0,0,1,1,1,0.0,0.0,0.0,0.0,1.87,0.0,0.0,0.0167,1,4,2,2,0.0,0.0,0.0175,0.25,1.28,0.0507,0.0329,0.01,1,0,0,0,0,0
1778638113.626654,2026-05-13 05:08:33,1,1,1,0.0,0.0,0.0,0.0,3.73,0.0,0.0,0.0333,1,1,1,1,0.0,0.0,0.0,0.0,1.87,0.0,0.0,0.0167,1,5,2,2,0.0,0.0,0.014,0.2,1.65,0.0451,0.0285,0.0133,1,0,0,0,0,0
1778638143.626654,2026-05-13 05:09:03,0,0,0,0.0,0.0,0.0,0.0,0.0,0.0,0.0,0.0,0,1,1,1,0.0,0.0,0.0,0.0,1.87,0.0,0.0,0.0167,1,5,2,2,0.0,0.0,0.014,0.2,1.65,0.0451,0.0285,0.0133,1,0,0,0,0,0
1778638173.626654,2026-05-13 05:09:33,1,1,1,0.0,0.0,0.0,0.0,3.73,0.0,0.0,0.0333,1,1,1,1,0.0,0.0,0.0,0.0,1.87,0.0,0.0,0.0167,1,6,2,2,0.0,0.0,0.0117,0.1667,2.03,0.0406,0.0255,0.0167,1,0,0,0,0,0
1778638203.626654,2026-05-13 05:10:03,0,0,0,0.0,0.0,0.0,0.0,0.0,0.0,0.0,0.0,0,1,1,1,0.0,0.0,0.0,0.0,1.87,0.0,0.0,0.0167,1,6,2,2,0.0,0.0,0.0117,0.1667,2.03,0.0406,0.0255,0.0167,1,0,0,0,0,0
1778638233.626654,2026-05-13 05:10:33,1,1,1,0.0,0.0,0.0,0.0,3.73,0.0,0.0,0.0333,1,1,1,1,0.0,0.0,0.0,0.0,1.87,0.0,0.0,0.0167,1,5,1,1,0.0,0.0,0.0,0.0,1.87,0.0,0.0001,0.0167,1,0,0,0,0,0
1778638263.626654,2026-05-13 05:11:03,0,0,0,0.0,0.0,0.0,0.0,0.0,0.0,0.0,0.0,0,1,1,1,0.0,0.0,0.0,0.0,1.87,0.0,0.0,0.0167,1,5,1,1,0.0,0.0,0.0,0.0,1.87,0.0,0.0001,0.0167,1,0,0,0,0,0
1778638293.626654,2026-05-13 05:11:33,1,1,1,0.0,0.0,0.0,0.0,3.73,0.0,0.0,0.0333,1,1,1,1,0.0,0.0,0.0,0.0,1.87,0.0,0.0,0.0167,1,5,1,1,0.0,0.0,0.0,0.0,1.87,0.0,0.0001,0.0167,1,0,0,0,0,0
1778638323.626654,2026-05-13 05:12:03,0,0,0,0.0,0.0,0.0,0.0,0.0,0.0,0.0,0.0,0,1,1,1,0.0,0.0,0.0,0.0,1.87,0.0,0.0,0.0167,1,5,1,1,0.0,0.0,0.0,0.0,1.87,0.0,0.0001,0.0167,1,0,0,0,0,0
1778638353.626654,2026-05-13 05:12:33,1,1,1,0.0,0.0,0.0,0.0,3.73,0.0,0.0,0.0333,1,1,1,1,0.0,0.0,0.0,0.0,1.87,0.0,0.0,0.0167,1,5,1,1,0.0,0.0,0.0,0.0,1.87,0.0,0.0001,0.0167,1,0,0,0,0,0
1778638383.626654,2026-05-13 05:13:03,0,0,0,0.0,0.0,0.0,0.0,0.0,0.0,0.0,0.0,0,1,1,1,0.0,0.0,0.0,0.0,1.87,0.0,0.0,0.0167,1,5,1,1,0.0,0.0,0.0,0.0,1.87,0.0,0.0001,0.0167,1,0,0,0,0,0
1778638413.626654,2026-05-13 05:13:33,1,1,1,0.0,0.0,0.0,0.0,3.73,0.0,0.0,0.0333,1,1,1,1,0.0,0.0,0.0,0.0,1.87,0.0,0.0,0.0167,1,5,1,1,0.0,0.0,0.0,0.0,1.87,0.0,0.0001,0.0167,1,0,0,0,0,0
1778638443.626654,2026-05-13 05:14:03,0,0,0,0.0,0.0,0.0,0.0,0.0,0.0,0.0,0.0,0,1,1,1,0.0,0.0,0.0,0.0,1.87,0.0,0.0,0.0167,1,5,1,1,0.0,0.0,0.0,0.0,1.87,0.0,0.0001,0.0167,1,0,0,0,0,0
1778638473.626654,2026-05-13 05:14:33,0,0,0,0.0,0.0,0.0,0.0,0.0,0.0,0.0,0.0,0,0,0,0,0.0,0.0,0.0,0.0,0.0,0.0,0.0,0.0,0,4,1,1,0.0,0.0,0.0,0.0,1.49,0.0,0.0001,0.0133,1,0,0,0,0,0
1778638503.626654,2026-05-13 05:15:03,1,1,1,0.0,0.0,0.0,0.0,3.73,0.0,0.0,0.0333,1,1,1,1,0.0,0.0,0.0,0.0,1.87,0.0,0.0,0.0167,1,5,1,1,0.0,0.0,0.0,0.0,1.87,0.0,0.0001,0.0167,1,0,0,0,0,0
1778638533.626654,2026-05-13 05:15:33,0,0,0,0.0,0.0,0.0,0.0,0.0,0.0,0.0,0.0,0,1,1,1,0.0,0.0,0.0,0.0,1.87,0.0,0.0,0.0167,1,4,1,1,0.0,0.0,0.0,0.0,1.49,0.0,0.0001,0.0133,1,0,0,0,0,0
1778638563.626654,2026-05-13 05:16:03,1,1,1,0.0,0.0,0.0,0.0,3.73,0.0,0.0,0.0333,1,1,1,1,0.0,0.0,0.0,0.0,1.87,0.0,0.0,0.0167,1,5,1,1,0.0,0.0,0.0,0.0,1.87,0.0,0.0001,0.0167,1,0,0,0,0,0
1778638593.626654,2026-05-13 05:16:33,0,0,0,0.0,0.0,0.0,0.0,0.0,0.0,0.0,0.0,0,1,1,1,0.0,0.0,0.0,0.0,1.87,0.0,0.0,0.0167,1,4,1,1,0.0,0.0,0.0,0.0,1.49,0.0,0.0,0.0133,1,0,0,0,0,0
1778638623.626654,2026-05-13 05:17:03,1,1,1,0.0,0.0,0.0,0.0,3.73,0.0,0.0,0.0333,1,1,1,1,0.0,0.0,0.0,0.0,1.87,0.0,0.0,0.0167,1,5,1,1,0.0,0.0,0.0,0.0,1.87,0.0,0.0001,0.0167,1,0,0,0,0,0
1778638653.626654,2026-05-13 05:17:33,0,0,0,0.0,0.0,0.0,0.0,0.0,0.0,0.0,0.0,0,1,1,1,0.0,0.0,0.0,0.0,1.87,0.0,0.0,0.0167,1,4,1,1,0.0,0.0,0.0,0.0,1.49,0.0,0.0001,0.0133,1,0,0,0,0,0
1778638683.626654,2026-05-13 05:18:03,1,1,1,0.0,0.0,0.0,0.0,3.73,0.0,0.0,0.0333,1,1,1,1,0.0,0.0,0.0,0.0,1.87,0.0,0.0,0.0167,1,5,1,1,0.0,0.0,0.0,0.0,1.87,0.0,0.0001,0.0167,1,0,0,0,0,0
1778638713.626654,2026-05-13 05:18:33,0,0,0,0.0,0.0,0.0,0.0,0.0,0.0,0.0,0.0,0,1,1,1,0.0,0.0,0.0,0.0,1.87,0.0,0.0,0.0167,1,4,1,1,0.0,0.0,0.0,0.0,1.49,0.0,0.0001,0.0133,1,0,0,0,0,0
1778638743.626654,2026-05-13 05:19:03,1,1,1,0.0,0.0,0.0,0.0,3.73,0.0,0.0,0.0333,1,1,1,1,0.0,0.0,0.0,0.0,1.87,0.0,0.0,0.0167,1,5,1,1,0.0,0.0,0.0,0.0,1.87,0.0,0.0001,0.0167,1,0,0,0,0,0
1778638773.626654,2026-05-13 05:19:33,0,0,0,0.0,0.0,0.0,0.0,0.0,0.0,0.0,0.0,0,1,1,1,0.0,0.0,0.0,0.0,1.87,0.0,0.0,0.0167,1,5,1,1,0.0,0.0,0.0,0.0,1.87,0.0,0.0001,0.0167,1,0,0,0,0,0
1778638803.626654,2026-05-13 05:20:03,1,1,1,0.0,0.0,0.0,0.0,3.73,0.0,0.0,0.0333,1,1,1,1,0.0,0.0,0.0,0.0,1.87,0.0,0.0,0.0167,1,5,1,1,0.0,0.0,0.0,0.0,1.87,0.0,0.0001,0.0167,1,0,0,0,0,0
1778638833.626654,2026-05-13 05:20:33,0,0,0,0.0,0.0,0.0,0.0,0.0,0.0,0.0,0.0,0,1,1,1,0.0,0.0,0.0,0.0,1.87,0.0,0.0,0.0167,1,5,1,1,0.0,0.0,0.0,0.0,1.87,0.0,0.0001,0.0167,1,0,0,0,0,0
1778638863.626654,2026-05-13 05:21:03,1,1,1,0.0,0.0,0.0,0.0,3.73,0.0,0.0,0.0333,1,1,1,1,0.0,0.0,0.0,0.0,1.87,0.0,0.0,0.0167,1,5,1,1,0.0,0.0,0.0,0.0,1.87,0.0,0.0,0.0167,1,0,0,0,0,0
1778638893.626654,2026-05-13 05:21:33,0,0,0,0.0,0.0,0.0,0.0,0.0,0.0,0.0,0.0,0,1,1,1,0.0,0.0,0.0,0.0,1.87,0.0,0.0,0.0167,1,5,1,1,0.0,0.0,0.0,0.0,1.87,0.0,0.0,0.0167,1,0,0,0,0,0
1778638923.626654,2026-05-13 05:22:03,1,1,1,0.0,0.0,0.0,0.0,3.73,0.0,0.0,0.0333,1,1,1,1,0.0,0.0,0.0,0.0,1.87,0.0,0.0,0.0167,1,5,1,1,0.0,0.0,0.0,0.0,1.87,0.0,0.0,0.0167,1,0,0,0,0,0
1778638953.626654,2026-05-13 05:22:33,0,0,0,0.0,0.0,0.0,0.0,0.0,0.0,0.0,0.0,0,1,1,1,0.0,0.0,0.0,0.0,1.87,0.0,0.0,0.0167,1,5,1,1,0.0,0.0,0.0,0.0,1.87,0.0,0.0,0.0167,1,0,0,0,0,0
1778638983.626654,2026-05-13 05:23:03,1,1,1,0.0,0.0,0.0,0.0,3.73,0.0,0.0,0.0333,1,1,1,1,0.0,0.0,0.0,0.0,1.87,0.0,0.0,0.0167,1,5,1,1,0.0,0.0,0.0,0.0,1.87,0.0,0.0,0.0167,1,0,0,0,0,0
1778639013.626654,2026-05-13 05:23:33,0,0,0,0.0,0.0,0.0,0.0,0.0,0.0,0.0,0.0,0,1,1,1,0.0,0.0,0.0,0.0,1.87,0.0,0.0,0.0167,1,5,1,1,0.0,0.0,0.0,0.0,1.87,0.0,0.0,0.0167,1,0,0,0,0,0
1778639043.626654,2026-05-13 05:24:03,1,1,1,0.0,0.0,0.0,0.0,3.73,0.0,0.0,0.0333,1,1,1,1,0.0,0.0,0.0,0.0,1.87,0.0,0.0,0.0167,1,5,1,1,0.0,0.0,0.0,0.0,1.87,0.0,0.0,0.0167,1,0,0,0,0,0
1778639073.626654,2026-05-13 05:24:33,0,0,0,0.0,0.0,0.0,0.0,0.0,0.0,0.0,0.0,0,1,1,1,0.0,0.0,0.0,0.0,1.87,0.0,0.0,0.0167,1,5,1,1,0.0,0.0,0.0,0.0,1.87,0.0,0.0,0.0167,1,0,0,0,0,0
1778639103.626654,2026-05-13 05:25:03,1,1,1,0.0,0.0,0.0,0.0,3.73,0.0,0.0,0.0333,1,1,1,1,0.0,0.0,0.0,0.0,1.87,0.0,0.0,0.0167,1,5,1,1,0.0,0.0,0.0,0.0,1.87,0.0,0.0,0.0167,1,0,0,0,0,0
1778639133.626654,2026-05-13 05:25:33,0,0,0,0.0,0.0,0.0,0.0,0.0,0.0,0.0,0.0,0,1,1,1,0.0,0.0,0.0,0.0,1.87,0.0,0.0,0.0167,1,5,1,1,0.0,0.0,0.0,0.0,1.87,0.0,0.0,0.0167,1,0,0,0,0,0
1778639163.626654,2026-05-13 05:26:03,1,1,1,0.0,0.0,0.0,0.0,3.73,0.0,0.0,0.0333,1,1,1,1,0.0,0.0,0.0,0.0,1.87,0.0,0.0,0.0167,1,5,1,1,0.0,0.0,0.0,0.0,1.87,0.0,0.0,0.0167,1,0,0,0,0,0
1778639193.626654,2026-05-13 05:26:33,0,0,0,0.0,0.0,0.0,0.0,0.0,0.0,0.0,0.0,0,1,1,1,0.0,0.0,0.0,0.0,1.87,0.0,0.0,0.0167,1,5,1,1,0.0,0.0,0.0,0.0,1.87,0.0,0.0,0.0167,1,0,0,0,0,0
1778639223.626654,2026-05-13 05:27:03,1,1,1,0.0,0.0,0.0,0.0,3.73,0.0,0.0,0.0333,1,1,1,1,0.0,0.0,0.0,0.0,1.87,0.0,0.0,0.0167,1,5,1,1,0.0,0.0,0.0,0.0,1.87,0.0,0.0,0.0167,1,0,0,0,0,0
1778639253.626654,2026-05-13 05:27:33,0,0,0,0.0,0.0,0.0,0.0,0.0,0.0,0.0,0.0,0,1,1,1,0.0,0.0,0.0,0.0,1.87,0.0,0.0,0.0167,1,5,1,1,0.0,0.0,0.0,0.0,1.87,0.0,0.0,0.0167,1,0,0,0,0,0
1778639283.626654,2026-05-13 05:28:03,1,1,1,0.0,0.0,0.0,0.0,3.73,0.0,0.0,0.0333,1,1,1,1,0.0,0.0,0.0,0.0,1.87,0.0,0.0,0.0167,1,5,1,1,0.0,0.0,0.0,0.0,1.87,0.0,0.0,0.0167,1,0,0,0,0,0
1778639313.626654,2026-05-13 05:28:33,0,0,0,0.0,0.0,0.0,0.0,0.0,0.0,0.0,0.0,0,1,1,1,0.0,0.0,0.0,0.0,1.87,0.0,0.0,0.0167,1,5,1,1,0.0,0.0,0.0,0.0,1.87,0.0,0.0,0.0167,1,0,0,0,0,0
1778639343.626654,2026-05-13 05:29:03,1,1,1,0.0,0.0,0.0,0.0,3.73,0.0,0.0,0.0333,1,1,1,1,0.0,0.0,0.0,0.0,1.87,0.0,0.0,0.0167,1,5,1,1,0.0,0.0,0.0,0.0,1.87,0.0,0.0,0.0167,1,0,0,0,0,0
1778639373.626654,2026-05-13 05:29:33,0,0,0,0.0,0.0,0.0,0.0,0.0,0.0,0.0,0.0,0,1,1,1,0.0,0.0,0.0,0.0,1.87,0.0,0.0,0.0167,1,5,1,1,0.0,0.0,0.0,0.0,1.87,0.0,0.0,0.0167,1,0,0,0,0,0
1778639403.626654,2026-05-13 05:30:03,1,1,1,0.0,0.0,0.0,0.0,3.73,0.0,0.0,0.0333,1,1,1,1,0.0,0.0,0.0,0.0,1.87,0.0,0.0,0.0167,1,5,1,1,0.0,0.0,0.0,0.0,1.87,0.0,0.0,0.0167,1,0,0,0,0,0
1778639433.626654,2026-05-13 05:30:33,0,0,0,0.0,0.0,0.0,0.0,0.0,0.0,0.0,0.0,0,1,1,1,0.0,0.0,0.0,0.0,1.87,0.0,0.0,0.0167,1,5,1,1,0.0,0.0,0.0,0.0,1.87,0.0,0.0,0.0167,1,0,0,0,0,0
1778639463.626654,2026-05-13 05:31:03,1,1,1,0.0,0.0,0.0,0.0,3.73,0.0,0.0,0.0333,1,1,1,1,0.0,0.0,0.0,0.0,1.87,0.0,0.0,0.0167,1,5,1,1,0.0,0.0,0.0,0.0,1.87,0.0,0.0,0.0167,1,0,0,0,0,0
1778639493.626654,2026-05-13 05:31:33,0,0,0,0.0,0.0,0.0,0.0,0.0,0.0,0.0,0.0,0,1,1,1,0.0,0.0,0.0,0.0,1.87,0.0,0.0,0.0167,1,5,1,1,0.0,0.0,0.0,0.0,1.87,0.0,0.0,0.0167,1,0,0,0,0,0
1778639523.626654,2026-05-13 05:32:03,1,1,1,0.0,0.0,0.0,0.0,3.73,0.0,0.0,0.0333,1,1,1,1,0.0,0.0,0.0,0.0,1.87,0.0,0.0,0.0167,1,5,1,1,0.0,0.0,0.0,0.0,1.87,0.0,0.0001,0.0167,1,0,0,0,0,0
1778639553.626654,2026-05-13 05:32:33,0,0,0,0.0,0.0,0.0,0.0,0.0,0.0,0.0,0.0,0,1,1,1,0.0,0.0,0.0,0.0,1.87,0.0,0.0,0.0167,1,5,1,1,0.0,0.0,0.0,0.0,1.87,0.0,0.0001,0.0167,1,0,0,0,0,0
1778639583.626654,2026-05-13 05:33:03,0,0,0,0.0,0.0,0.0,0.0,0.0,0.0,0.0,0.0,0,0,0,0,0.0,0.0,0.0,0.0,0.0,0.0,0.0,0.0,0,4,1,1,0.0,0.0,0.0,0.0,1.49,0.0,0.0001,0.0133,1,0,0,0,0,0
1778639613.626654,2026-05-13 05:33:33,0,0,0,0.0,0.0,0.0,0.0,0.0,0.0,0.0,0.0,0,0,0,0,0.0,0.0,0.0,0.0,0.0,0.0,0.0,0.0,0,4,1,1,0.0,0.0,0.0,0.0,1.49,0.0,0.0001,0.0133,1,0,0,0,0,0
1778639643.626654,2026-05-13 05:34:03,1,1,1,0.0,0.0,0.0,0.0,3.73,0.0,0.0,0.0333,1,1,1,1,0.0,0.0,0.0,0.0,1.87,0.0,0.0,0.0167,1,4,1,1,0.0,0.0,0.0,0.0,1.49,0.0,0.0354,0.0133,1,0,0,0,0,0
1778639673.626654,2026-05-13 05:34:33,0,0,0,0.0,0.0,0.0,0.0,0.0,0.0,0.0,0.0,0,1,1,1,0.0,0.0,0.0,0.0,1.87,0.0,0.0,0.0167,1,4,1,1,0.0,0.0,0.0,0.0,1.49,0.0,0.0354,0.0133,1,0,0,0,0,0
1778639703.626654,2026-05-13 05:35:03,1,1,1,0.0,0.0,0.0,0.0,3.73,0.0,0.0,0.0333,1,1,1,1,0.0,0.0,0.0,0.0,1.87,0.0,0.0,0.0167,1,4,1,1,0.0,0.0,0.0,0.0,1.49,0.0,0.0354,0.0133,1,0,0,0,0,0
1778639733.626654,2026-05-13 05:35:33,0,0,0,0.0,0.0,0.0,0.0,0.0,0.0,0.0,0.0,0,1,1,1,0.0,0.0,0.0,0.0,1.87,0.0,0.0,0.0167,1,4,1,1,0.0,0.0,0.0,0.0,1.49,0.0,0.0354,0.0133,1,0,0,0,0,0
1778639763.626654,2026-05-13 05:36:03,1,1,1,0.0,0.0,0.0,0.0,3.73,0.0,0.0,0.0333,1,1,1,1,0.0,0.0,0.0,0.0,1.87,0.0,0.0,0.0167,1,4,1,1,0.0,0.0,0.0,0.0,1.49,0.0,0.0353,0.0133,1,0,0,0,0,0
1778639793.626654,2026-05-13 05:36:33,0,0,0,0.0,0.0,0.0,0.0,0.0,0.0,0.0,0.0,0,1,1,1,0.0,0.0,0.0,0.0,1.87,0.0,0.0,0.0167,1,4,1,1,0.0,0.0,0.0,0.0,1.49,0.0,0.0353,0.0133,1,0,0,0,0,0
1778639823.626654,2026-05-13 05:37:03,1,1,1,0.0,0.0,0.0,0.0,3.73,0.0,0.0,0.0333,1,1,1,1,0.0,0.0,0.0,0.0,1.87,0.0,0.0,0.0167,1,4,1,1,0.0,0.0,0.0,0.0,1.49,0.0,0.0001,0.0133,1,0,0,0,0,0
1778639853.626654,2026-05-13 05:37:33,0,0,0,0.0,0.0,0.0,0.0,0.0,0.0,0.0,0.0,0,1,1,1,0.0,0.0,0.0,0.0,1.87,0.0,0.0,0.0167,1,4,1,1,0.0,0.0,0.0,0.0,1.49,0.0,0.0001,0.0133,1,0,0,0,0,0
1778639883.626654,2026-05-13 05:38:03,1,1,1,0.0,0.0,0.0,0.0,3.73,0.0,0.0,0.0333,1,1,1,1,0.0,0.0,0.0,0.0,1.87,0.0,0.0,0.0167,1,5,1,1,0.0,0.0,0.0,0.0,1.87,0.0,0.0001,0.0167,1,0,0,0,0,0
1778639913.626654,2026-05-13 05:38:33,0,0,0,0.0,0.0,0.0,0.0,0.0,0.0,0.0,0.0,0,1,1,1,0.0,0.0,0.0,0.0,1.87,0.0,0.0,0.0167,1,5,1,1,0.0,0.0,0.0,0.0,1.87,0.0,0.0001,0.0167,1,0,0,0,0,0
1778639943.626654,2026-05-13 05:39:03,0,0,0,0.0,0.0,0.0,0.0,0.0,0.0,0.0,0.0,0,0,0,0,0.0,0.0,0.0,0.0,0.0,0.0,0.0,0.0,0,4,1,1,0.0,0.0,0.0,0.0,1.49,0.0,0.0001,0.0133,1,0,0,0,0,0
1778639973.626654,2026-05-13 05:39:33,1,1,1,0.0,0.0,0.0702,1.0,1.6,0.0,0.0,0.0333,1,1,1,1,0.0,0.0,0.0702,1.0,0.8,0.0,0.0,0.0167,1,5,2,2,0.0,0.0,0.0141,0.2,1.65,0.0451,0.0212,0.0133,1,0,0,0,0,0
1778640003.626654,2026-05-13 05:40:03,0,0,0,0.0,0.0,0.0,0.0,0.0,0.0,0.0,0.0,0,1,1,1,0.0,0.0,0.0702,1.0,0.8,0.0,0.0,0.0167,1,4,2,2,0.0,0.0,0.0176,0.25,1.28,0.0507,0.0222,0.01,1,0,0,0,0,0
1778640033.626654,2026-05-13 05:40:33,1,1,1,0.0,0.0,0.0,0.0,3.73,0.0,0.0,0.0333,1,1,1,1,0.0,0.0,0.0,0.0,1.87,0.0,0.0,0.0167,1,5,2,2,0.0,0.0,0.0141,0.2,1.65,0.0451,0.0223,0.0133,1,0,0,0,0,0
1778640063.626654,2026-05-13 05:41:03,0,0,0,0.0,0.0,0.0,0.0,0.0,0.0,0.0,0.0,0,1,1,1,0.0,0.0,0.0,0.0,1.87,0.0,0.0,0.0167,1,4,2,2,0.0,0.0,0.0176,0.25,1.28,0.0507,0.0238,0.01,1,0,0,0,0,0
1778640093.626654,2026-05-13 05:41:33,1,1,1,0.0,0.0,0.0,0.0,3.73,0.0,0.0,0.0333,1,1,1,1,0.0,0.0,0.0,0.0,1.87,0.0,0.0,0.0167,1,5,2,2,0.0,0.0,0.0141,0.2,1.65,0.0451,0.0223,0.0133,1,0,0,0,0,0
1778640123.626654,2026-05-13 05:42:03,0,0,0,0.0,0.0,0.0,0.0,0.0,0.0,0.0,0.0,0,1,1,1,0.0,0.0,0.0,0.0,1.87,0.0,0.0,0.0167,1,4,2,2,0.0,0.0,0.0176,0.25,1.28,0.0507,0.0238,0.01,1,0,0,0,0,0
1778640153.626654,2026-05-13 05:42:33,1,1,1,0.0,0.0,0.0,0.0,3.73,0.0,0.0,0.0333,1,1,1,1,0.0,0.0,0.0,0.0,1.87,0.0,0.0,0.0167,1,5,2,2,0.0,0.0,0.0141,0.2,1.65,0.0451,0.0223,0.0133,1,0,0,0,0,0
1778640183.626654,2026-05-13 05:43:03,0,0,0,0.0,0.0,0.0,0.0,0.0,0.0,0.0,0.0,0,1,1,1,0.0,0.0,0.0,0.0,1.87,0.0,0.0,0.0167,1,4,2,2,0.0,0.0,0.0176,0.25,1.28,0.0507,0.0028,0.01,1,0,0,0,0,0
1778640213.626654,2026-05-13 05:43:33,0,0,0,0.0,0.0,0.0,0.0,0.0,0.0,0.0,0.0,0,0,0,0,0.0,0.0,0.0,0.0,0.0,0.0,0.0,0.0,0,4,2,2,0.0,0.0,0.0176,0.25,1.28,0.0507,0.0028,0.01,1,0,0,0,0,0
1778640243.626654,2026-05-13 05:44:03,0,0,0,0.0,0.0,0.0,0.0,0.0,0.0,0.0,0.0,0,0,0,0,0.0,0.0,0.0,0.0,0.0,0.0,0.0,0.0,0,4,2,2,0.0,0.0,0.0176,0.25,1.28,0.0507,0.0028,0.01,1,0,0,0,0,0
1778640273.626654,2026-05-13 05:44:33,1,1,1,0.0,0.0,0.0,0.0,3.73,0.0,0.0,0.0333,1,1,1,1,0.0,0.0,0.0,0.0,1.87,0.0,0.0,0.0167,1,4,1,1,0.0,0.0,0.0,0.0,1.49,0.0,0.0354,0.0133,1,0,0,0,0,0
1778640303.626654,2026-05-13 05:45:03,0,0,0,0.0,0.0,0.0,0.0,0.0,0.0,0.0,0.0,0,1,1,1,0.0,0.0,0.0,0.0,1.87,0.0,0.0,0.0167,1,4,1,1,0.0,0.0,0.0,0.0,1.49,0.0,0.0354,0.0133,1,0,0,0,0,0
1778640333.626654,2026-05-13 05:45:33,0,0,0,0.0,0.0,0.0,0.0,0.0,0.0,0.0,0.0,0,0,0,0,0.0,0.0,0.0,0.0,0.0,0.0,0.0,0.0,0,3,1,1,0.0,0.0,0.0,0.0,1.12,0.0,0.0334,0.01,1,0,0,0,0,0
1778640363.626654,2026-05-13 05:46:03,0,0,0,0.0,0.0,0.0,0.0,0.0,0.0,0.0,0.0,0,0,0,0,0.0,0.0,0.0,0.0,0.0,0.0,0.0,0.0,0,3,1,1,0.0,0.0,0.0,0.0,1.12,0.0,0.0334,0.01,1,0,0,0,0,0
1778640393.626654,2026-05-13 05:46:33,0,0,0,0.0,0.0,0.0,0.0,0.0,0.0,0.0,0.0,0,0,0,0,0.0,0.0,0.0,0.0,0.0,0.0,0.0,0.0,0,2,1,1,0.0,0.0,0.0,0.0,0.75,0.0,0.0,0.0067,1,0,0,0,0,0
1778640423.626654,2026-05-13 05:47:03,0,0,0,0.0,0.0,0.0,0.0,0.0,0.0,0.0,0.0,0,0,0,0,0.0,0.0,0.0,0.0,0.0,0.0,0.0,0.0,0,2,1,1,0.0,0.0,0.0,0.0,0.75,0.0,0.0,0.0067,1,0,0,0,0,0
1778640453.626654,2026-05-13 05:47:33,0,0,0,0.0,0.0,0.0,0.0,0.0,0.0,0.0,0.0,0,0,0,0,0.0,0.0,0.0,0.0,0.0,0.0,0.0,0.0,0,1,1,1,0.0,0.0,0.0,0.0,0.37,0.0,0.0,0.0033,1,0,0,0,0,0
1778640483.626654,2026-05-13 05:48:03,0,0,0,0.0,0.0,0.0,0.0,0.0,0.0,0.0,0.0,0,0,0,0,0.0,0.0,0.0,0.0,0.0,0.0,0.0,0.0,0,1,1,1,0.0,0.0,0.0,0.0,0.37,0.0,0.0,0.0033,1,0,0,0,0,0
1778640513.626654,2026-05-13 05:48:33,0,0,0,0.0,0.0,0.0,0.0,0.0,0.0,0.0,0.0,0,0,0,0,0.0,0.0,0.0,0.0,0.0,0.0,0.0,0.0,0,1,1,1,0.0,0.0,0.0,0.0,0.37,0.0,0.0,0.0033,1,0,0,0,0,0
1778640543.626654,2026-05-13 05:49:03,0,0,0,0.0,0.0,0.0,0.0,0.0,0.0,0.0,0.0,0,0,0,0,0.0,0.0,0.0,0.0,0.0,0.0,0.0,0.0,0,1,1,1,0.0,0.0,0.0,0.0,0.37,0.0,0.0,0.0033,1,0,0,0,0,0
1778640573.626654,2026-05-13 05:49:33,0,0,0,0.0,0.0,0.0,0.0,0.0,0.0,0.0,0.0,0,0,0,0,0.0,0.0,0.0,0.0,0.0,0.0,0.0,0.0,0,0,0,0,0.0,0.0,0.0,0.0,0.0,0.0,0.0,0.0,0,0,0,0,0,0
1778640603.626654,2026-05-13 05:50:03,0,0,0,0.0,0.0,0.0,0.0,0.0,0.0,0.0,0.0,0,0,0,0,0.0,0.0,0.0,0.0,0.0,0.0,0.0,0.0,0,0,0,0,0.0,0.0,0.0,0.0,0.0,0.0,0.0,0.0,0,0,0,0,0,0
1778640633.626654,2026-05-13 05:50:33,0,0,0,0.0,0.0,0.0,0.0,0.0,0.0,0.0,0.0,0,0,0,0,0.0,0.0,0.0,0.0,0.0,0.0,0.0,0.0,0,0,0,0,0.0,0.0,0.0,0.0,0.0,0.0,0.0,0.0,0,0,0,0,0,0
1778640663.626654,2026-05-13 05:51:03,0,0,0,0.0,0.0,0.0,0.0,0.0,0.0,0.0,0.0,0,0,0,0,0.0,0.0,0.0,0.0,0.0,0.0,0.0,0.0,0,0,0,0,0.0,0.0,0.0,0.0,0.0,0.0,0.0,0.0,0,0,0,0,0,0
1778640693.626654,2026-05-13 05:51:33,0,0,0,0.0,0.0,0.0,0.0,0.0,0.0,0.0,0.0,0,0,0,0,0.0,0.0,0.0,0.0,0.0,0.0,0.0,0.0,0,0,0,0,0.0,0.0,0.0,0.0,0.0,0.0,0.0,0.0,0,0,0,0,0,0
1778640723.626654,2026-05-13 05:52:03,0,0,0,0.0,0.0,0.0,0.0,0.0,0.0,0.0,0.0,0,0,0,0,0.0,0.0,0.0,0.0,0.0,0.0,0.0,0.0,0,0,0,0,0.0,0.0,0.0,0.0,0.0,0.0,0.0,0.0,0,0,0,0,0,0
1778640753.626654,2026-05-13 05:52:33,0,0,0,0.0,0.0,0.0,0.0,0.0,0.0,0.0,0.0,0,0,0,0,0.0,0.0,0.0,0.0,0.0,0.0,0.0,0.0,0,0,0,0,0.0,0.0,0.0,0.0,0.0,0.0,0.0,0.0,0,0,0,0,0,0
1778640783.626654,2026-05-13 05:53:03,0,0,0,0.0,0.0,0.0,0.0,0.0,0.0,0.0,0.0,0,0,0,0,0.0,0.0,0.0,0.0,0.0,0.0,0.0,0.0,0,0,0,0,0.0,0.0,0.0,0.0,0.0,0.0,0.0,0.0,0,0,0,0,0,0
1778640813.626654,2026-05-13 05:53:33,0,0,0,0.0,0.0,0.0,0.0,0.0,0.0,0.0,0.0,0,0,0,0,0.0,0.0,0.0,0.0,0.0,0.0,0.0,0.0,0,0,0,0,0.0,0.0,0.0,0.0,0.0,0.0,0.0,0.0,0,0,0,0,0,0
1778640843.626654,2026-05-13 05:54:03,0,0,0,0.0,0.0,0.0,0.0,0.0,0.0,0.0,0.0,0,0,0,0,0.0,0.0,0.0,0.0,0.0,0.0,0.0,0.0,0,0,0,0,0.0,0.0,0.0,0.0,0.0,0.0,0.0,0.0,0,0,0,0,0,0
1778640873.626654,2026-05-13 05:54:33,0,0,0,0.0,0.0,0.0,0.0,0.0,0.0,0.0,0.0,0,0,0,0,0.0,0.0,0.0,0.0,0.0,0.0,0.0,0.0,0,0,0,0,0.0,0.0,0.0,0.0,0.0,0.0,0.0,0.0,0,0,0,0,0,0
1778640903.626654,2026-05-13 05:55:03,0,0,0,0.0,0.0,0.0,0.0,0.0,0.0,0.0,0.0,0,0,0,0,0.0,0.0,0.0,0.0,0.0,0.0,0.0,0.0,0,0,0,0,0.0,0.0,0.0,0.0,0.0,0.0,0.0,0.0,0,0,0,0,0,0
1778640933.626654,2026-05-13 05:55:33,0,0,0,0.0,0.0,0.0,0.0,0.0,0.0,0.0,0.0,0,0,0,0,0.0,0.0,0.0,0.0,0.0,0.0,0.0,0.0,0,0,0,0,0.0,0.0,0.0,0.0,0.0,0.0,0.0,0.0,0,0,0,0,0,0
1778640963.626654,2026-05-13 05:56:03,0,0,0,0.0,0.0,0.0,0.0,0.0,0.0,0.0,0.0,0,0,0,0,0.0,0.0,0.0,0.0,0.0,0.0,0.0,0.0,0,0,0,0,0.0,0.0,0.0,0.0,0.0,0.0,0.0,0.0,0,0,0,0,0,0
1778640993.626654,2026-05-13 05:56:33,0,0,0,0.0,0.0,0.0,0.0,0.0,0.0,0.0,0.0,0,0,0,0,0.0,0.0,0.0,0.0,0.0,0.0,0.0,0.0,0,0,0,0,0.0,0.0,0.0,0.0,0.0,0.0,0.0,0.0,0,0,0,0,0,0
1778641023.626654,2026-05-13 05:57:03,1,1,1,0.0,0.0,0.0,0.0,3.73,0.0,0.0,0.0333,1,1,1,1,0.0,0.0,0.0,0.0,1.87,0.0,0.0,0.0167,1,1,1,1,0.0,0.0,0.0,0.0,0.37,0.0,0.0,0.0033,1,0,0,0,0,0
1778641053.626654,2026-05-13 05:57:33,0,0,0,0.0,0.0,0.0,0.0,0.0,0.0,0.0,0.0,0,1,1,1,0.0,0.0,0.0,0.0,1.87,0.0,0.0,0.0167,1,1,1,1,0.0,0.0,0.0,0.0,0.37,0.0,0.0,0.0033,1,0,0,0,0,0
1778641083.626654,2026-05-13 05:58:03,0,0,0,0.0,0.0,0.0,0.0,0.0,0.0,0.0,0.0,0,0,0,0,0.0,0.0,0.0,0.0,0.0,0.0,0.0,0.0,0,1,1,1,0.0,0.0,0.0,0.0,0.37,0.0,0.0,0.0033,1,0,0,0,0,0
1778641113.626654,2026-05-13 05:58:33,0,0,0,0.0,0.0,0.0,0.0,0.0,0.0,0.0,0.0,0,0,0,0,0.0,0.0,0.0,0.0,0.0,0.0,0.0,0.0,0,1,1,1,0.0,0.0,0.0,0.0,0.37,0.0,0.0,0.0033,1,0,0,0,0,0
1778641143.626654,2026-05-13 05:59:03,0,0,0,0.0,0.0,0.0,0.0,0.0,0.0,0.0,0.0,0,0,0,0,0.0,0.0,0.0,0.0,0.0,0.0,0.0,0.0,0,1,1,1,0.0,0.0,0.0,0.0,0.37,0.0,0.0,0.0033,1,0,0,0,0,0
1778641173.626654,2026-05-13 05:59:33,0,0,0,0.0,0.0,0.0,0.0,0.0,0.0,0.0,0.0,0,0,0,0,0.0,0.0,0.0,0.0,0.0,0.0,0.0,0.0,0,1,1,1,0.0,0.0,0.0,0.0,0.37,0.0,0.0,0.0033,1,0,0,0,0,0
1778641203.626654,2026-05-13 06:00:03,11,1,1,0.0,0.3667,0.0733,0.0,51.27,0.0,0.0888,0.3667,1,11,1,1,0.0,0.1833,0.0733,0.0,25.63,0.0,0.0888,0.1833,1,12,2,2,0.0,0.0367,0.0672,0.0,5.5,0.0259,0.3147,0.0367,1,0,0,0,0,0
1778641233.626654,2026-05-13 06:00:33,0,0,0,0.0,0.0,0.0,0.0,0.0,0.0,0.0,0.0,0,11,1,1,0.0,0.1833,0.0733,0.0,25.63,0.0,0.0888,0.1833,1,12,2,2,0.0,0.0367,0.0672,0.0,5.5,0.0259,0.3147,0.0367,1,0,0,0,0,0
1778641263.626654,2026-05-13 06:01:03,0,0,0,0.0,0.0,0.0,0.0,0.0,0.0,0.0,0.0,0,0,0,0,0.0,0.0,0.0,0.0,0.0,0.0,0.0,0.0,0,12,2,2,0.0,0.0367,0.0672,0.0,5.5,0.0259,0.3147,0.0367,1,0,0,0,0,0
1778641293.626654,2026-05-13 06:01:33,0,0,0,0.0,0.0,0.0,0.0,0.0,0.0,0.0,0.0,0,0,0,0,0.0,0.0,0.0,0.0,0.0,0.0,0.0,0.0,0,12,2,2,0.0,0.0367,0.0672,0.0,5.5,0.0259,0.3147,0.0367,1,0,0,0,0,0
1778641323.626654,2026-05-13 06:02:03,0,0,0,0.0,0.0,0.0,0.0,0.0,0.0,0.0,0.0,0,0,0,0,0.0,0.0,0.0,0.0,0.0,0.0,0.0,0.0,0,11,1,1,0.0,0.0367,0.0733,0.0,5.13,0.0,0.0888,0.0367,1,0,0,0,0,0
1778641353.626654,2026-05-13 06:02:33,0,0,0,0.0,0.0,0.0,0.0,0.0,0.0,0.0,0.0,0,0,0,0,0.0,0.0,0.0,0.0,0.0,0.0,0.0,0.0,0,11,1,1,0.0,0.0367,0.0733,0.0,5.13,0.0,0.0888,0.0367,1,0,0,0,0,0
1778641383.626654,2026-05-13 06:03:03,0,0,0,0.0,0.0,0.0,0.0,0.0,0.0,0.0,0.0,0,0,0,0,0.0,0.0,0.0,0.0,0.0,0.0,0.0,0.0,0,11,1,1,0.0,0.0367,0.0733,0.0,5.13,0.0,0.0888,0.0367,1,0,0,0,0,0
1778641413.626654,2026-05-13 06:03:33,0,0,0,0.0,0.0,0.0,0.0,0.0,0.0,0.0,0.0,0,0,0,0,0.0,0.0,0.0,0.0,0.0,0.0,0.0,0.0,0,11,1,1,0.0,0.0367,0.0733,0.0,5.13,0.0,0.0888,0.0367,1,0,0,0,0,0
1778641443.626654,2026-05-13 06:04:03,0,0,0,0.0,0.0,0.0,0.0,0.0,0.0,0.0,0.0,0,0,0,0,0.0,0.0,0.0,0.0,0.0,0.0,0.0,0.0,0,11,1,1,0.0,0.0367,0.0733,0.0,5.13,0.0,0.0888,0.0367,1,0,0,0,0,0
1778641473.626654,2026-05-13 06:04:33,0,0,0,0.0,0.0,0.0,0.0,0.0,0.0,0.0,0.0,0,0,0,0,0.0,0.0,0.0,0.0,0.0,0.0,0.0,0.0,0,11,1,1,0.0,0.0367,0.0733,0.0,5.13,0.0,0.0888,0.0367,1,0,0,0,0,0
1778641503.626654,2026-05-13 06:05:03,0,0,0,0.0,0.0,0.0,0.0,0.0,0.0,0.0,0.0,0,0,0,0,0.0,0.0,0.0,0.0,0.0,0.0,0.0,0.0,0,0,0,0,0.0,0.0,0.0,0.0,0.0,0.0,0.0,0.0,0,0,0,0,0,0
1778641533.626654,2026-05-13 06:05:33,0,0,0,0.0,0.0,0.0,0.0,0.0,0.0,0.0,0.0,0,0,0,0,0.0,0.0,0.0,0.0,0.0,0.0,0.0,0.0,0,0,0,0,0.0,0.0,0.0,0.0,0.0,0.0,0.0,0.0,0,0,0,0,0,0
1778641563.626654,2026-05-13 06:06:03,0,0,0,0.0,0.0,0.0,0.0,0.0,0.0,0.0,0.0,0,0,0,0,0.0,0.0,0.0,0.0,0.0,0.0,0.0,0.0,0,0,0,0,0.0,0.0,0.0,0.0,0.0,0.0,0.0,0.0,0,0,0,0,0,0
1778641593.626654,2026-05-13 06:06:33,0,0,0,0.0,0.0,0.0,0.0,0.0,0.0,0.0,0.0,0,0,0,0,0.0,0.0,0.0,0.0,0.0,0.0,0.0,0.0,0,0,0,0,0.0,0.0,0.0,0.0,0.0,0.0,0.0,0.0,0,0,0,0,0,0
1778641623.626654,2026-05-13 06:07:03,0,0,0,0.0,0.0,0.0,0.0,0.0,0.0,0.0,0.0,0,0,0,0,0.0,0.0,0.0,0.0,0.0,0.0,0.0,0.0,0,0,0,0,0.0,0.0,0.0,0.0,0.0,0.0,0.0,0.0,0,0,0,0,0,0
1778641653.626654,2026-05-13 06:07:33,0,0,0,0.0,0.0,0.0,0.0,0.0,0.0,0.0,0.0,0,0,0,0,0.0,0.0,0.0,0.0,0.0,0.0,0.0,0.0,0,0,0,0,0.0,0.0,0.0,0.0,0.0,0.0,0.0,0.0,0,0,0,0,0,0
1778641683.626654,2026-05-13 06:08:03,0,0,0,0.0,0.0,0.0,0.0,0.0,0.0,0.0,0.0,0,0,0,0,0.0,0.0,0.0,0.0,0.0,0.0,0.0,0.0,0,0,0,0,0.0,0.0,0.0,0.0,0.0,0.0,0.0,0.0,0,0,0,0,0,0
1778641713.626654,2026-05-13 06:08:33,0,0,0,0.0,0.0,0.0,0.0,0.0,0.0,0.0,0.0,0,0,0,0,0.0,0.0,0.0,0.0,0.0,0.0,0.0,0.0,0,0,0,0,0.0,0.0,0.0,0.0,0.0,0.0,0.0,0.0,0,0,0,0,0,0
1778641743.626654,2026-05-13 06:09:03,0,0,0,0.0,0.0,0.0,0.0,0.0,0.0,0.0,0.0,0,0,0,0,0.0,0.0,0.0,0.0,0.0,0.0,0.0,0.0,0,0,0,0,0.0,0.0,0.0,0.0,0.0,0.0,0.0,0.0,0,0,0,0,0,0
1778641773.626654,2026-05-13 06:09:33,0,0,0,0.0,0.0,0.0,0.0,0.0,0.0,0.0,0.0,0,0,0,0,0.0,0.0,0.0,0.0,0.0,0.0,0.0,0.0,0,0,0,0,0.0,0.0,0.0,0.0,0.0,0.0,0.0,0.0,0,0,0,0,0,0
1778641803.626654,2026-05-13 06:10:03,0,0,0,0.0,0.0,0.0,0.0,0.0,0.0,0.0,0.0,0,0,0,0,0.0,0.0,0.0,0.0,0.0,0.0,0.0,0.0,0,0,0,0,0.0,0.0,0.0,0.0,0.0,0.0,0.0,0.0,0,0,0,0,0,0
1778641833.626654,2026-05-13 06:10:33,0,0,0,0.0,0.0,0.0,0.0,0.0,0.0,0.0,0.0,0,0,0,0,0.0,0.0,0.0,0.0,0.0,0.0,0.0,0.0,0,0,0,0,0.0,0.0,0.0,0.0,0.0,0.0,0.0,0.0,0,0,0,0,0,0
1778641863.626654,2026-05-13 06:11:03,1,1,1,0.0,0.0,0.0,0.0,3.73,0.0,0.0,0.0333,1,1,1,1,0.0,0.0,0.0,0.0,1.87,0.0,0.0,0.0167,1,1,1,1,0.0,0.0,0.0,0.0,0.37,0.0,0.0,0.0033,1,0,0,0,0,0
1778641893.626654,2026-05-13 06:11:33,0,0,0,0.0,0.0,0.0,0.0,0.0,0.0,0.0,0.0,0,1,1,1,0.0,0.0,0.0,0.0,1.87,0.0,0.0,0.0167,1,1,1,1,0.0,0.0,0.0,0.0,0.37,0.0,0.0,0.0033,1,0,0,0,0,0
1778641923.626654,2026-05-13 06:12:03,1,1,1,0.0,0.0,30.0897,0.0,7.47,0.0,0.0,0.0333,1,1,1,1,0.0,0.0,30.0897,0.0,3.73,0.0,0.0,0.0167,1,2,1,1,0.0,0.0,15.0449,0.0,1.12,0.0,0.0,0.0067,1,0,0,0,0,0
1778641953.626654,2026-05-13 06:12:33,0,0,0,0.0,0.0,0.0,0.0,0.0,0.0,0.0,0.0,0,1,1,1,0.0,0.0,30.0897,0.0,3.73,0.0,0.0,0.0167,1,2,1,1,0.0,0.0,15.0449,0.0,1.12,0.0,0.0,0.0067,1,0,0,0,0,0
1778641983.626654,2026-05-13 06:13:03,0,0,0,0.0,0.0,0.0,0.0,0.0,0.0,0.0,0.0,0,0,0,0,0.0,0.0,0.0,0.0,0.0,0.0,0.0,0.0,0,2,1,1,0.0,0.0,15.0449,0.0,1.12,0.0,0.0,0.0067,1,0,0,0,0,0
1778642013.626654,2026-05-13 06:13:33,2,2,2,0.0,0.0,0.0366,0.5,5.33,0.0625,0.0,0.0333,1,2,2,2,0.0,0.0,0.0366,0.5,2.67,0.0625,0.0,0.0167,1,4,2,2,0.0,0.0,7.5408,0.25,1.65,0.0507,0.0704,0.01,1,0,0,0,0,0
1778642043.626654,2026-05-13 06:14:03,0,0,0,0.0,0.0,0.0,0.0,0.0,0.0,0.0,0.0,0,2,2,2,0.0,0.0,0.0366,0.5,2.67,0.0625,0.0,0.0167,1,4,2,2,0.0,0.0,7.5408,0.25,1.65,0.0507,0.0704,0.01,1,0,0,0,0,0
1778642073.626654,2026-05-13 06:14:33,1,1,1,0.0,0.0,0.0,0.0,3.73,0.0,0.0,0.0333,1,1,1,1,0.0,0.0,0.0,0.0,1.87,0.0,0.0,0.0167,1,5,2,2,0.0,0.0,6.0326,0.2,2.03,0.0451,0.0595,0.0133,1,0,0,0,0,0
1778642103.626654,2026-05-13 06:15:03,0,0,0,0.0,0.0,0.0,0.0,0.0,0.0,0.0,0.0,0,1,1,1,0.0,0.0,0.0,0.0,1.87,0.0,0.0,0.0167,1,5,2,2,0.0,0.0,6.0326,0.2,2.03,0.0451,0.0595,0.0133,1,0,0,0,0,0
1778642133.626654,2026-05-13 06:15:33,0,0,0,0.0,0.0,0.0,0.0,0.0,0.0,0.0,0.0,0,0,0,0,0.0,0.0,0.0,0.0,0.0,0.0,0.0,0.0,0,5,2,2,0.0,0.0,6.0326,0.2,2.03,0.0451,0.0595,0.0133,1,0,0,0,0,0
1778642163.626654,2026-05-13 06:16:03,0,0,0,0.0,0.0,0.0,0.0,0.0,0.0,0.0,0.0,0,0,0,0,0.0,0.0,0.0,0.0,0.0,0.0,0.0,0.0,0,4,2,2,0.0,0.0,7.5408,0.25,1.65,0.0507,0.0714,0.01,1,0,0,0,0,0
1778642193.626654,2026-05-13 06:16:33,0,0,0,0.0,0.0,0.0,0.0,0.0,0.0,0.0,0.0,0,0,0,0,0.0,0.0,0.0,0.0,0.0,0.0,0.0,0.0,0,4,2,2,0.0,0.0,7.5408,0.25,1.65,0.0507,0.0714,0.01,1,0,0,0,0,0
1778642223.626654,2026-05-13 06:17:03,0,0,0,0.0,0.0,0.0,0.0,0.0,0.0,0.0,0.0,0,0,0,0,0.0,0.0,0.0,0.0,0.0,0.0,0.0,0.0,0,3,2,2,0.0,0.0,0.0244,0.3333,0.91,0.0574,0.089,0.0067,1,0,0,0,0,0
1778642253.626654,2026-05-13 06:17:33,0,0,0,0.0,0.0,0.0,0.0,0.0,0.0,0.0,0.0,0,0,0,0,0.0,0.0,0.0,0.0,0.0,0.0,0.0,0.0,0,3,2,2,0.0,0.0,0.0244,0.3333,0.91,0.0574,0.089,0.0067,1,0,0,0,0,0
1778642283.626654,2026-05-13 06:18:03,0,0,0,0.0,0.0,0.0,0.0,0.0,0.0,0.0,0.0,0,0,0,0,0.0,0.0,0.0,0.0,0.0,0.0,0.0,0.0,0,3,2,2,0.0,0.0,0.0244,0.3333,0.91,0.0574,0.089,0.0067,1,0,0,0,0,0
1778642313.626654,2026-05-13 06:18:33,0,0,0,0.0,0.0,0.0,0.0,0.0,0.0,0.0,0.0,0,0,0,0,0.0,0.0,0.0,0.0,0.0,0.0,0.0,0.0,0,1,1,1,0.0,0.0,0.0,0.0,0.37,0.0,0.0,0.0033,1,0,0,0,0,0
1778642343.626654,2026-05-13 06:19:03,0,0,0,0.0,0.0,0.0,0.0,0.0,0.0,0.0,0.0,0,0,0,0,0.0,0.0,0.0,0.0,0.0,0.0,0.0,0.0,0,1,1,1,0.0,0.0,0.0,0.0,0.37,0.0,0.0,0.0033,1,0,0,0,0,0
1778642373.626654,2026-05-13 06:19:33,0,0,0,0.0,0.0,0.0,0.0,0.0,0.0,0.0,0.0,0,0,0,0,0.0,0.0,0.0,0.0,0.0,0.0,0.0,0.0,0,0,0,0,0.0,0.0,0.0,0.0,0.0,0.0,0.0,0.0,0,0,0,0,0,0
1778642403.626654,2026-05-13 06:20:03,0,0,0,0.0,0.0,0.0,0.0,0.0,0.0,0.0,0.0,0,0,0,0,0.0,0.0,0.0,0.0,0.0,0.0,0.0,0.0,0,0,0,0,0.0,0.0,0.0,0.0,0.0,0.0,0.0,0.0,0,0,0,0,0,0
1778642433.626654,2026-05-13 06:20:33,0,0,0,0.0,0.0,0.0,0.0,0.0,0.0,0.0,0.0,0,0,0,0,0.0,0.0,0.0,0.0,0.0,0.0,0.0,0.0,0,0,0,0,0.0,0.0,0.0,0.0,0.0,0.0,0.0,0.0,0,0,0,0,0,0
1778642463.626654,2026-05-13 06:21:03,0,0,0,0.0,0.0,0.0,0.0,0.0,0.0,0.0,0.0,0,0,0,0,0.0,0.0,0.0,0.0,0.0,0.0,0.0,0.0,0,0,0,0,0.0,0.0,0.0,0.0,0.0,0.0,0.0,0.0,0,0,0,0,0,0
1778642493.626654,2026-05-13 06:21:33,0,0,0,0.0,0.0,0.0,0.0,0.0,0.0,0.0,0.0,0,0,0,0,0.0,0.0,0.0,0.0,0.0,0.0,0.0,0.0,0,0,0,0,0.0,0.0,0.0,0.0,0.0,0.0,0.0,0.0,0,0,0,0,0,0
1778642523.626654,2026-05-13 06:22:03,0,0,0,0.0,0.0,0.0,0.0,0.0,0.0,0.0,0.0,0,0,0,0,0.0,0.0,0.0,0.0,0.0,0.0,0.0,0.0,0,0,0,0,0.0,0.0,0.0,0.0,0.0,0.0,0.0,0.0,0,0,0,0,0,0
1778642553.626654,2026-05-13 06:22:33,0,0,0,0.0,0.0,0.0,0.0,0.0,0.0,0.0,0.0,0,0,0,0,0.0,0.0,0.0,0.0,0.0,0.0,0.0,0.0,0,0,0,0,0.0,0.0,0.0,0.0,0.0,0.0,0.0,0.0,0,0,0,0,0,0
1778642583.626654,2026-05-13 06:23:03,0,0,0,0.0,0.0,0.0,0.0,0.0,0.0,0.0,0.0,0,0,0,0,0.0,0.0,0.0,0.0,0.0,0.0,0.0,0.0,0,0,0,0,0.0,0.0,0.0,0.0,0.0,0.0,0.0,0.0,0,0,0,0,0,0
1778642613.626654,2026-05-13 06:23:33,0,0,0,0.0,0.0,0.0,0.0,0.0,0.0,0.0,0.0,0,0,0,0,0.0,0.0,0.0,0.0,0.0,0.0,0.0,0.0,0,0,0,0,0.0,0.0,0.0,0.0,0.0,0.0,0.0,0.0,0,0,0,0,0,0
1778642643.626654,2026-05-13 06:24:03,0,0,0,0.0,0.0,0.0,0.0,0.0,0.0,0.0,0.0,0,0,0,0,0.0,0.0,0.0,0.0,0.0,0.0,0.0,0.0,0,0,0,0,0.0,0.0,0.0,0.0,0.0,0.0,0.0,0.0,0,0,0,0,0,0
1778642673.626654,2026-05-13 06:24:33,4,2,2,0.0,0.0667,0.5224,0.5,187.5,0.0625,0.0696,0.1333,2,4,2,2,0.0,0.0333,0.5224,0.5,93.75,0.0625,0.0696,0.0667,2,4,2,2,0.0,0.0067,0.5224,0.5,18.75,0.0625,0.0696,0.0133,2,0,0,0,0,0
1778642703.626654,2026-05-13 06:25:03,0,0,0,0.0,0.0,0.0,0.0,0.0,0.0,0.0,0.0,0,4,2,2,0.0,0.0333,0.5224,0.5,93.75,0.0625,0.0696,0.0667,2,4,2,2,0.0,0.0067,0.5224,0.5,18.75,0.0625,0.0696,0.0133,2,0,0,0,0,0
1778642733.626654,2026-05-13 06:25:33,0,0,0,0.0,0.0,0.0,0.0,0.0,0.0,0.0,0.0,0,0,0,0,0.0,0.0,0.0,0.0,0.0,0.0,0.0,0.0,0,4,2,2,0.0,0.0067,0.5224,0.5,18.75,0.0625,0.0696,0.0133,2,0,0,0,0,0
1778642763.626654,2026-05-13 06:26:03,0,0,0,0.0,0.0,0.0,0.0,0.0,0.0,0.0,0.0,0,0,0,0,0.0,0.0,0.0,0.0,0.0,0.0,0.0,0.0,0,4,2,2,0.0,0.0067,0.5224,0.5,18.75,0.0625,0.0696,0.0133,2,0,0,0,0,0
1778642793.626654,2026-05-13 06:26:33,0,0,0,0.0,0.0,0.0,0.0,0.0,0.0,0.0,0.0,0,0,0,0,0.0,0.0,0.0,0.0,0.0,0.0,0.0,0.0,0,4,2,2,0.0,0.0067,0.5224,0.5,18.75,0.0625,0.0696,0.0133,2,0,0,0,0,0
1778642823.626654,2026-05-13 06:27:03,0,0,0,0.0,0.0,0.0,0.0,0.0,0.0,0.0,0.0,0,0,0,0,0.0,0.0,0.0,0.0,0.0,0.0,0.0,0.0,0,4,2,2,0.0,0.0067,0.5224,0.5,18.75,0.0625,0.0696,0.0133,2,0,0,0,0,0
1778642853.626654,2026-05-13 06:27:33,0,0,0,0.0,0.0,0.0,0.0,0.0,0.0,0.0,0.0,0,0,0,0,0.0,0.0,0.0,0.0,0.0,0.0,0.0,0.0,0,4,2,2,0.0,0.0067,0.5224,0.5,18.75,0.0625,0.0696,0.0133,2,0,0,0,0,0
1778642883.626654,2026-05-13 06:28:03,0,0,0,0.0,0.0,0.0,0.0,0.0,0.0,0.0,0.0,0,0,0,0,0.0,0.0,0.0,0.0,0.0,0.0,0.0,0.0,0,4,2,2,0.0,0.0067,0.5224,0.5,18.75,0.0625,0.0696,0.0133,2,0,0,0,0,0
1778642913.626654,2026-05-13 06:28:33,0,0,0,0.0,0.0,0.0,0.0,0.0,0.0,0.0,0.0,0,0,0,0,0.0,0.0,0.0,0.0,0.0,0.0,0.0,0.0,0,4,2,2,0.0,0.0067,0.5224,0.5,18.75,0.0625,0.0696,0.0133,2,0,0,0,0,0
1778642943.626654,2026-05-13 06:29:03,0,0,0,0.0,0.0,0.0,0.0,0.0,0.0,0.0,0.0,0,0,0,0,0.0,0.0,0.0,0.0,0.0,0.0,0.0,0.0,0,4,2,2,0.0,0.0067,0.5224,0.5,18.75,0.0625,0.0696,0.0133,2,0,0,0,0,0
1778642973.626654,2026-05-13 06:29:33,0,0,0,0.0,0.0,0.0,0.0,0.0,0.0,0.0,0.0,0,0,0,0,0.0,0.0,0.0,0.0,0.0,0.0,0.0,0.0,0,0,0,0,0.0,0.0,0.0,0.0,0.0,0.0,0.0,0.0,0,0,0,0,0,0
1778643003.626654,2026-05-13 06:30:03,0,0,0,0.0,0.0,0.0,0.0,0.0,0.0,0.0,0.0,0,0,0,0,0.0,0.0,0.0,0.0,0.0,0.0,0.0,0.0,0,0,0,0,0.0,0.0,0.0,0.0,0.0,0.0,0.0,0.0,0,0,0,0,0,0
1778643033.626654,2026-05-13 06:30:33,0,0,0,0.0,0.0,0.0,0.0,0.0,0.0,0.0,0.0,0,0,0,0,0.0,0.0,0.0,0.0,0.0,0.0,0.0,0.0,0,0,0,0,0.0,0.0,0.0,0.0,0.0,0.0,0.0,0.0,0,0,0,0,0,0
1778643063.626654,2026-05-13 06:31:03,1,1,1,0.0,0.0,0.0,0.0,3.73,0.0,0.0,0.0333,1,1,1,1,0.0,0.0,0.0,0.0,1.87,0.0,0.0,0.0167,1,1,1,1,0.0,0.0,0.0,0.0,0.37,0.0,0.0,0.0033,1,0,0,0,0,0
1778643093.626654,2026-05-13 06:31:33,0,0,0,0.0,0.0,0.0,0.0,0.0,0.0,0.0,0.0,0,1,1,1,0.0,0.0,0.0,0.0,1.87,0.0,0.0,0.0167,1,1,1,1,0.0,0.0,0.0,0.0,0.37,0.0,0.0,0.0033,1,0,0,0,0,0
1778643123.626654,2026-05-13 06:32:03,1,1,1,0.0,0.0,0.0,0.0,3.73,0.0,0.0,0.0333,1,1,1,1,0.0,0.0,0.0,0.0,1.87,0.0,0.0,0.0167,1,2,1,1,0.0,0.0,0.0,0.0,0.75,0.0,0.0,0.0067,1,0,0,0,0,0
1778643153.626654,2026-05-13 06:32:33,0,0,0,0.0,0.0,0.0,0.0,0.0,0.0,0.0,0.0,0,1,1,1,0.0,0.0,0.0,0.0,1.87,0.0,0.0,0.0167,1,2,1,1,0.0,0.0,0.0,0.0,0.75,0.0,0.0,0.0067,1,0,0,0,0,0
1778643183.626654,2026-05-13 06:33:03,1,1,1,0.0,0.0,0.0,0.0,3.73,0.0,0.0,0.0333,1,1,1,1,0.0,0.0,0.0,0.0,1.87,0.0,0.0,0.0167,1,3,1,1,0.0,0.0,0.0,0.0,1.12,0.0,0.0001,0.01,1,0,0,0,0,0
1778643213.626654,2026-05-13 06:33:33,0,0,0,0.0,0.0,0.0,0.0,0.0,0.0,0.0,0.0,0,1,1,1,0.0,0.0,0.0,0.0,1.87,0.0,0.0,0.0167,1,3,1,1,0.0,0.0,0.0,0.0,1.12,0.0,0.0001,0.01,1,0,0,0,0,0
1778643243.626654,2026-05-13 06:34:03,1,1,1,0.0,0.0,0.0,0.0,3.73,0.0,0.0,0.0333,1,1,1,1,0.0,0.0,0.0,0.0,1.87,0.0,0.0,0.0167,1,4,1,1,0.0,0.0,0.0,0.0,1.49,0.0,0.0001,0.0133,1,0,0,0,0,0
1778643273.626654,2026-05-13 06:34:33,0,0,0,0.0,0.0,0.0,0.0,0.0,0.0,0.0,0.0,0,1,1,1,0.0,0.0,0.0,0.0,1.87,0.0,0.0,0.0167,1,4,1,1,0.0,0.0,0.0,0.0,1.49,0.0,0.0001,0.0133,1,0,0,0,0,0
1778643303.626654,2026-05-13 06:35:03,1,1,1,0.0,0.0,0.0,0.0,3.73,0.0,0.0,0.0333,1,1,1,1,0.0,0.0,0.0,0.0,1.87,0.0,0.0,0.0167,1,5,1,1,0.0,0.0,0.0,0.0,1.87,0.0,0.0001,0.0167,1,0,0,0,0,0
1778643333.626654,2026-05-13 06:35:33,0,0,0,0.0,0.0,0.0,0.0,0.0,0.0,0.0,0.0,0,1,1,1,0.0,0.0,0.0,0.0,1.87,0.0,0.0,0.0167,1,5,1,1,0.0,0.0,0.0,0.0,1.87,0.0,0.0001,0.0167,1,0,0,0,0,0
1778643363.626654,2026-05-13 06:36:03,0,0,0,0.0,0.0,0.0,0.0,0.0,0.0,0.0,0.0,0,0,0,0,0.0,0.0,0.0,0.0,0.0,0.0,0.0,0.0,0,4,1,1,0.0,0.0,0.0,0.0,1.49,0.0,0.0001,0.0133,1,0,0,0,0,0
1778643393.626654,2026-05-13 06:36:33,0,0,0,0.0,0.0,0.0,0.0,0.0,0.0,0.0,0.0,0,0,0,0,0.0,0.0,0.0,0.0,0.0,0.0,0.0,0.0,0,4,1,1,0.0,0.0,0.0,0.0,1.49,0.0,0.0001,0.0133,1,0,0,0,0,0
1778643423.626654,2026-05-13 06:37:03,0,0,0,0.0,0.0,0.0,0.0,0.0,0.0,0.0,0.0,0,0,0,0,0.0,0.0,0.0,0.0,0.0,0.0,0.0,0.0,0,3,1,1,0.0,0.0,0.0,0.0,1.12,0.0,0.0,0.01,1,0,0,0,0,0
1778643453.626654,2026-05-13 06:37:33,0,0,0,0.0,0.0,0.0,0.0,0.0,0.0,0.0,0.0,0,0,0,0,0.0,0.0,0.0,0.0,0.0,0.0,0.0,0.0,0,3,1,1,0.0,0.0,0.0,0.0,1.12,0.0,0.0,0.01,1,0,0,0,0,0
1778643483.626654,2026-05-13 06:38:03,0,0,0,0.0,0.0,0.0,0.0,0.0,0.0,0.0,0.0,0,0,0,0,0.0,0.0,0.0,0.0,0.0,0.0,0.0,0.0,0,2,1,1,0.0,0.0,0.0,0.0,0.75,0.0,0.0,0.0067,1,0,0,0,0,0
1778643513.626654,2026-05-13 06:38:33,0,0,0,0.0,0.0,0.0,0.0,0.0,0.0,0.0,0.0,0,0,0,0,0.0,0.0,0.0,0.0,0.0,0.0,0.0,0.0,0,2,1,1,0.0,0.0,0.0,0.0,0.75,0.0,0.0,0.0067,1,0,0,0,0,0
1778643543.626654,2026-05-13 06:39:03,0,0,0,0.0,0.0,0.0,0.0,0.0,0.0,0.0,0.0,0,0,0,0,0.0,0.0,0.0,0.0,0.0,0.0,0.0,0.0,0,1,1,1,0.0,0.0,0.0,0.0,0.37,0.0,0.0,0.0033,1,0,0,0,0,0
1778643573.626654,2026-05-13 06:39:33,0,0,0,0.0,0.0,0.0,0.0,0.0,0.0,0.0,0.0,0,0,0,0,0.0,0.0,0.0,0.0,0.0,0.0,0.0,0.0,0,1,1,1,0.0,0.0,0.0,0.0,0.37,0.0,0.0,0.0033,1,0,0,0,0,0
1778643603.626654,2026-05-13 06:40:03,0,0,0,0.0,0.0,0.0,0.0,0.0,0.0,0.0,0.0,0,0,0,0,0.0,0.0,0.0,0.0,0.0,0.0,0.0,0.0,0,0,0,0,0.0,0.0,0.0,0.0,0.0,0.0,0.0,0.0,0,0,0,0,0,0
1778643633.626654,2026-05-13 06:40:33,0,0,0,0.0,0.0,0.0,0.0,0.0,0.0,0.0,0.0,0,0,0,0,0.0,0.0,0.0,0.0,0.0,0.0,0.0,0.0,0,0,0,0,0.0,0.0,0.0,0.0,0.0,0.0,0.0,0.0,0,0,0,0,0,0
1778643663.626654,2026-05-13 06:41:03,0,0,0,0.0,0.0,0.0,0.0,0.0,0.0,0.0,0.0,0,0,0,0,0.0,0.0,0.0,0.0,0.0,0.0,0.0,0.0,0,0,0,0,0.0,0.0,0.0,0.0,0.0,0.0,0.0,0.0,0,0,0,0,0,0
1778643693.626654,2026-05-13 06:41:33,0,0,0,0.0,0.0,0.0,0.0,0.0,0.0,0.0,0.0,0,0,0,0,0.0,0.0,0.0,0.0,0.0,0.0,0.0,0.0,0,0,0,0,0.0,0.0,0.0,0.0,0.0,0.0,0.0,0.0,0,0,0,0,0,0
1778643723.626654,2026-05-13 06:42:03,1,1,1,0.0,0.0,0.0,0.0,3.73,0.0,0.0,0.0333,1,1,1,1,0.0,0.0,0.0,0.0,1.87,0.0,0.0,0.0167,1,1,1,1,0.0,0.0,0.0,0.0,0.37,0.0,0.0,0.0033,1,0,0,0,0,0
1778643753.626654,2026-05-13 06:42:33,0,0,0,0.0,0.0,0.0,0.0,0.0,0.0,0.0,0.0,0,1,1,1,0.0,0.0,0.0,0.0,1.87,0.0,0.0,0.0167,1,1,1,1,0.0,0.0,0.0,0.0,0.37,0.0,0.0,0.0033,1,0,0,0,0,0
1778643783.626654,2026-05-13 06:43:03,1,1,1,0.0,0.0,0.0,0.0,3.73,0.0,0.0,0.0333,1,1,1,1,0.0,0.0,0.0,0.0,1.87,0.0,0.0,0.0167,1,2,1,1,0.0,0.0,0.0,0.0,0.75,0.0,0.0,0.0067,1,0,0,0,0,0
1778643813.626654,2026-05-13 06:43:33,0,0,0,0.0,0.0,0.0,0.0,0.0,0.0,0.0,0.0,0,1,1,1,0.0,0.0,0.0,0.0,1.87,0.0,0.0,0.0167,1,2,1,1,0.0,0.0,0.0,0.0,0.75,0.0,0.0,0.0067,1,0,0,0,0,0
1778643843.626654,2026-05-13 06:44:03,1,1,1,0.0,0.0,0.0,0.0,3.73,0.0,0.0,0.0333,1,1,1,1,0.0,0.0,0.0,0.0,1.87,0.0,0.0,0.0167,1,3,1,1,0.0,0.0,0.0,0.0,1.12,0.0,0.0,0.01,1,0,0,0,0,0
1778643873.626654,2026-05-13 06:44:33,0,0,0,0.0,0.0,0.0,0.0,0.0,0.0,0.0,0.0,0,1,1,1,0.0,0.0,0.0,0.0,1.87,0.0,0.0,0.0167,1,3,1,1,0.0,0.0,0.0,0.0,1.12,0.0,0.0,0.01,1,0,0,0,0,0
1778643903.626654,2026-05-13 06:45:03,1,1,1,0.0,0.0,0.0,0.0,3.73,0.0,0.0,0.0333,1,1,1,1,0.0,0.0,0.0,0.0,1.87,0.0,0.0,0.0167,1,4,1,1,0.0,0.0,0.0,0.0,1.49,0.0,0.0,0.0133,1,0,0,0,0,0
1778643933.626654,2026-05-13 06:45:33,0,0,0,0.0,0.0,0.0,0.0,0.0,0.0,0.0,0.0,0,1,1,1,0.0,0.0,0.0,0.0,1.87,0.0,0.0,0.0167,1,4,1,1,0.0,0.0,0.0,0.0,1.49,0.0,0.0,0.0133,1,0,0,0,0,0
1778643963.626654,2026-05-13 06:46:03,1,1,1,0.0,0.0,0.0,0.0,3.73,0.0,0.0,0.0333,1,1,1,1,0.0,0.0,0.0,0.0,1.87,0.0,0.0,0.0167,1,5,1,1,0.0,0.0,0.0,0.0,1.87,0.0,0.0001,0.0167,1,0,0,0,0,0
1778643993.626654,2026-05-13 06:46:33,0,0,0,0.0,0.0,0.0,0.0,0.0,0.0,0.0,0.0,0,1,1,1,0.0,0.0,0.0,0.0,1.87,0.0,0.0,0.0167,1,5,1,1,0.0,0.0,0.0,0.0,1.87,0.0,0.0001,0.0167,1,0,0,0,0,0
1778644023.626654,2026-05-13 06:47:03,0,0,0,0.0,0.0,0.0,0.0,0.0,0.0,0.0,0.0,0,0,0,0,0.0,0.0,0.0,0.0,0.0,0.0,0.0,0.0,0,4,1,1,0.0,0.0,0.0,0.0,1.49,0.0,0.0001,0.0133,1,0,0,0,0,0
1778644053.626654,2026-05-13 06:47:33,0,0,0,0.0,0.0,0.0,0.0,0.0,0.0,0.0,0.0,0,0,0,0,0.0,0.0,0.0,0.0,0.0,0.0,0.0,0.0,0,4,1,1,0.0,0.0,0.0,0.0,1.49,0.0,0.0001,0.0133,1,0,0,0,0,0
1778644083.626654,2026-05-13 06:48:03,1,1,1,0.0,0.0,0.0,0.0,3.73,0.0,0.0,0.0333,1,1,1,1,0.0,0.0,0.0,0.0,1.87,0.0,0.0,0.0167,1,4,1,1,0.0,0.0,0.0,0.0,1.49,0.0,0.0354,0.0133,1,0,0,0,0,0
1778644113.626654,2026-05-13 06:48:33,0,0,0,0.0,0.0,0.0,0.0,0.0,0.0,0.0,0.0,0,1,1,1,0.0,0.0,0.0,0.0,1.87,0.0,0.0,0.0167,1,4,1,1,0.0,0.0,0.0,0.0,1.49,0.0,0.0354,0.0133,1,0,0,0,0,0
1778644143.626654,2026-05-13 06:49:03,0,0,0,0.0,0.0,0.0,0.0,0.0,0.0,0.0,0.0,0,0,0,0,0.0,0.0,0.0,0.0,0.0,0.0,0.0,0.0,0,3,1,1,0.0,0.0,0.0,0.0,1.12,0.0,0.0334,0.01,1,0,0,0,0,0
1778644173.626654,2026-05-13 06:49:33,0,0,0,0.0,0.0,0.0,0.0,0.0,0.0,0.0,0.0,0,0,0,0,0.0,0.0,0.0,0.0,0.0,0.0,0.0,0.0,0,3,1,1,0.0,0.0,0.0,0.0,1.12,0.0,0.0334,0.01,1,0,0,0,0,0
1778644203.626654,2026-05-13 06:50:03,1,1,1,0.0,0.0,0.0,0.0,3.73,0.0,0.0,0.0333,1,1,1,1,0.0,0.0,0.0,0.0,1.87,0.0,0.0,0.0167,1,3,1,1,0.0,0.0,0.0,0.0,1.12,0.0,0.0,0.01,1,0,0,0,0,0
1778644233.626654,2026-05-13 06:50:33,0,0,0,0.0,0.0,0.0,0.0,0.0,0.0,0.0,0.0,0,1,1,1,0.0,0.0,0.0,0.0,1.87,0.0,0.0,0.0167,1,3,1,1,0.0,0.0,0.0,0.0,1.12,0.0,0.0,0.01,1,0,0,0,0,0
1778644263.626654,2026-05-13 06:51:03,1,1,1,0.0,0.0,0.0,0.0,3.73,0.0,0.0,0.0333,1,1,1,1,0.0,0.0,0.0,0.0,1.87,0.0,0.0,0.0167,1,3,1,1,0.0,0.0,0.0,0.0,1.12,0.0,0.0332,0.01,1,0,0,0,0,0
1778644293.626654,2026-05-13 06:51:33,0,0,0,0.0,0.0,0.0,0.0,0.0,0.0,0.0,0.0,0,1,1,1,0.0,0.0,0.0,0.0,1.87,0.0,0.0,0.0167,1,3,1,1,0.0,0.0,0.0,0.0,1.12,0.0,0.0332,0.01,1,0,0,0,0,0
1778644323.626654,2026-05-13 06:52:03,1,1,1,0.0,0.0,0.0,0.0,3.73,0.0,0.0,0.0333,1,1,1,1,0.0,0.0,0.0,0.0,1.87,0.0,0.0,0.0167,1,4,1,1,0.0,0.0,0.0,0.0,1.49,0.0,0.0353,0.0133,1,0,0,0,0,0
1778644353.626654,2026-05-13 06:52:33,0,0,0,0.0,0.0,0.0,0.0,0.0,0.0,0.0,0.0,0,1,1,1,0.0,0.0,0.0,0.0,1.87,0.0,0.0,0.0167,1,4,1,1,0.0,0.0,0.0,0.0,1.49,0.0,0.0353,0.0133,1,0,0,0,0,0
1778644383.626654,2026-05-13 06:53:03,1,1,1,0.0,0.0,0.0,0.0,3.73,0.0,0.0,0.0333,1,1,1,1,0.0,0.0,0.0,0.0,1.87,0.0,0.0,0.0167,1,4,1,1,0.0,0.0,0.0,0.0,1.49,0.0,0.0001,0.0133,1,0,0,0,0,0
1778644413.626654,2026-05-13 06:53:33,0,0,0,0.0,0.0,0.0,0.0,0.0,0.0,0.0,0.0,0,1,1,1,0.0,0.0,0.0,0.0,1.87,0.0,0.0,0.0167,1,4,1,1,0.0,0.0,0.0,0.0,1.49,0.0,0.0001,0.0133,1,0,0,0,0,0
1778644443.626654,2026-05-13 06:54:03,1,1,1,0.0,0.0,0.0001,0.0,3.73,0.0,0.0,0.0333,1,1,1,1,0.0,0.0,0.0001,0.0,1.87,0.0,0.0,0.0167,1,5,1,1,0.0,0.0,0.0,0.0,1.87,0.0,0.0001,0.0167,1,0,0,0,0,0
1778644473.626654,2026-05-13 06:54:33,0,0,0,0.0,0.0,0.0,0.0,0.0,0.0,0.0,0.0,0,1,1,1,0.0,0.0,0.0001,0.0,1.87,0.0,0.0,0.0167,1,5,1,1,0.0,0.0,0.0,0.0,1.87,0.0,0.0001,0.0167,1,0,0,0,0,0
1778644503.626654,2026-05-13 06:55:03,0,0,0,0.0,0.0,0.0,0.0,0.0,0.0,0.0,0.0,0,0,0,0,0.0,0.0,0.0,0.0,0.0,0.0,0.0,0.0,0,4,1,1,0.0,0.0,0.0,0.0,1.49,0.0,0.0001,0.0133,1,0,0,0,0,0
1778644533.626654,2026-05-13 06:55:33,0,0,0,0.0,0.0,0.0,0.0,0.0,0.0,0.0,0.0,0,0,0,0,0.0,0.0,0.0,0.0,0.0,0.0,0.0,0.0,0,4,1,1,0.0,0.0,0.0,0.0,1.49,0.0,0.0001,0.0133,1,0,0,0,0,0
1778644563.626654,2026-05-13 06:56:03,0,0,0,0.0,0.0,0.0,0.0,0.0,0.0,0.0,0.0,0,0,0,0,0.0,0.0,0.0,0.0,0.0,0.0,0.0,0.0,0,3,1,1,0.0,0.0,0.0,0.0,1.12,0.0,0.0001,0.01,1,0,0,0,0,0
1778644593.626654,2026-05-13 06:56:33,0,0,0,0.0,0.0,0.0,0.0,0.0,0.0,0.0,0.0,0,0,0,0,0.0,0.0,0.0,0.0,0.0,0.0,0.0,0.0,0,3,1,1,0.0,0.0,0.0,0.0,1.12,0.0,0.0001,0.01,1,0,0,0,0,0
1778644623.626654,2026-05-13 06:57:03,4,2,2,0.0,0.0667,0.4515,0.5,190.7,0.0625,0.0711,0.1333,2,4,2,2,0.0,0.0333,0.4515,0.5,95.35,0.0625,0.0711,0.0667,2,6,3,3,0.0,0.0067,0.301,0.3333,19.82,0.0991,0.1459,0.0133,2,0,0,0,0,0
1778644653.626654,2026-05-13 06:57:33,0,0,0,0.0,0.0,0.0,0.0,0.0,0.0,0.0,0.0,0,4,2,2,0.0,0.0333,0.4515,0.5,95.35,0.0625,0.0711,0.0667,2,6,3,3,0.0,0.0067,0.301,0.3333,19.82,0.0991,0.1459,0.0133,2,0,0,0,0,0
1778644683.626654,2026-05-13 06:58:03,0,0,0,0.0,0.0,0.0,0.0,0.0,0.0,0.0,0.0,0,0,0,0,0.0,0.0,0.0,0.0,0.0,0.0,0.0,0.0,0,5,3,3,0.0,0.0067,0.3612,0.4,19.44,0.0951,0.173,0.0133,2,0,0,0,0,0
1778644713.626654,2026-05-13 06:58:33,0,0,0,0.0,0.0,0.0,0.0,0.0,0.0,0.0,0.0,0,0,0,0,0.0,0.0,0.0,0.0,0.0,0.0,0.0,0.0,0,5,3,3,0.0,0.0067,0.3612,0.4,19.44,0.0951,0.173,0.0133,2,0,0,0,0,0
1778644743.626654,2026-05-13 06:59:03,0,0,0,0.0,0.0,0.0,0.0,0.0,0.0,0.0,0.0,0,0,0,0,0.0,0.0,0.0,0.0,0.0,0.0,0.0,0.0,0,4,2,2,0.0,0.0067,0.4515,0.5,19.07,0.0625,0.0711,0.0133,2,0,0,0,0,0
1778644773.626654,2026-05-13 06:59:33,0,0,0,0.0,0.0,0.0,0.0,0.0,0.0,0.0,0.0,0,0,0,0,0.0,0.0,0.0,0.0,0.0,0.0,0.0,0.0,0,4,2,2,0.0,0.0067,0.4515,0.5,19.07,0.0625,0.0711,0.0133,2,0,0,0,0,0
1778644803.626654,2026-05-13 07:00:03,9,1,1,0.0,0.3,0.0915,0.0,38.03,0.0,0.1342,0.3,1,9,1,1,0.0,0.15,0.0915,0.0,19.02,0.0,0.1342,0.15,1,13,2,2,0.0,0.0367,0.2022,0.1538,22.87,0.0387,0.3297,0.0433,2,0,0,0,0,0
1778644833.626654,2026-05-13 07:00:33,0,0,0,0.0,0.0,0.0,0.0,0.0,0.0,0.0,0.0,0,9,1,1,0.0,0.15,0.0915,0.0,19.02,0.0,0.1342,0.15,1,13,2,2,0.0,0.0367,0.2022,0.1538,22.87,0.0387,0.3297,0.0433,2,0,0,0,0,0
1778644863.626654,2026-05-13 07:01:03,0,0,0,0.0,0.0,0.0,0.0,0.0,0.0,0.0,0.0,0,0,0,0,0.0,0.0,0.0,0.0,0.0,0.0,0.0,0.0,0,13,2,2,0.0,0.0367,0.2022,0.1538,22.87,0.0387,0.3297,0.0433,2,0,0,0,0,0
1778644893.626654,2026-05-13 07:01:33,0,0,0,0.0,0.0,0.0,0.0,0.0,0.0,0.0,0.0,0,0,0,0,0.0,0.0,0.0,0.0,0.0,0.0,0.0,0.0,0,13,2,2,0.0,0.0367,0.2022,0.1538,22.87,0.0387,0.3297,0.0433,2,0,0,0,0,0
1778644923.626654,2026-05-13 07:02:03,0,0,0,0.0,0.0,0.0,0.0,0.0,0.0,0.0,0.0,0,0,0,0,0.0,0.0,0.0,0.0,0.0,0.0,0.0,0.0,0,9,1,1,0.0,0.03,0.0915,0.0,3.8,0.0,0.1342,0.03,1,0,0,0,0,0
1778644953.626654,2026-05-13 07:02:33,0,0,0,0.0,0.0,0.0,0.0,0.0,0.0,0.0,0.0,0,0,0,0,0.0,0.0,0.0,0.0,0.0,0.0,0.0,0.0,0,9,1,1,0.0,0.03,0.0915,0.0,3.8,0.0,0.1342,0.03,1,0,0,0,0,0
1778644983.626654,2026-05-13 07:03:03,0,0,0,0.0,0.0,0.0,0.0,0.0,0.0,0.0,0.0,0,0,0,0,0.0,0.0,0.0,0.0,0.0,0.0,0.0,0.0,0,9,1,1,0.0,0.03,0.0915,0.0,3.8,0.0,0.1342,0.03,1,0,0,0,0,0
1778645013.626654,2026-05-13 07:03:33,0,0,0,0.0,0.0,0.0,0.0,0.0,0.0,0.0,0.0,0,0,0,0,0.0,0.0,0.0,0.0,0.0,0.0,0.0,0.0,0,9,1,1,0.0,0.03,0.0915,0.0,3.8,0.0,0.1342,0.03,1,0,0,0,0,0
1778645043.626654,2026-05-13 07:04:03,0,0,0,0.0,0.0,0.0,0.0,0.0,0.0,0.0,0.0,0,0,0,0,0.0,0.0,0.0,0.0,0.0,0.0,0.0,0.0,0,9,1,1,0.0,0.03,0.0915,0.0,3.8,0.0,0.1342,0.03,1,0,0,0,0,0
1778645073.626654,2026-05-13 07:04:33,0,0,0,0.0,0.0,0.0,0.0,0.0,0.0,0.0,0.0,0,0,0,0,0.0,0.0,0.0,0.0,0.0,0.0,0.0,0.0,0,9,1,1,0.0,0.03,0.0915,0.0,3.8,0.0,0.1342,0.03,1,0,0,0,0,0
1778645103.626654,2026-05-13 07:05:03,0,0,0,0.0,0.0,0.0,0.0,0.0,0.0,0.0,0.0,0,0,0,0,0.0,0.0,0.0,0.0,0.0,0.0,0.0,0.0,0,0,0,0,0.0,0.0,0.0,0.0,0.0,0.0,0.0,0.0,0,0,0,0,0,0
1778645133.626654,2026-05-13 07:05:33,0,0,0,0.0,0.0,0.0,0.0,0.0,0.0,0.0,0.0,0,0,0,0,0.0,0.0,0.0,0.0,0.0,0.0,0.0,0.0,0,0,0,0,0.0,0.0,0.0,0.0,0.0,0.0,0.0,0.0,0,0,0,0,0,0
1778645163.626654,2026-05-13 07:06:03,1,1,1,0.0,0.0,0.0,0.0,3.73,0.0,0.0,0.0333,1,1,1,1,0.0,0.0,0.0,0.0,1.87,0.0,0.0,0.0167,1,1,1,1,0.0,0.0,0.0,0.0,0.37,0.0,0.0,0.0033,1,0,0,0,0,0
1778645193.626654,2026-05-13 07:06:33,0,0,0,0.0,0.0,0.0,0.0,0.0,0.0,0.0,0.0,0,1,1,1,0.0,0.0,0.0,0.0,1.87,0.0,0.0,0.0167,1,1,1,1,0.0,0.0,0.0,0.0,0.37,0.0,0.0,0.0033,1,0,0,0,0,0
1778645223.626654,2026-05-13 07:07:03,0,0,0,0.0,0.0,0.0,0.0,0.0,0.0,0.0,0.0,0,0,0,0,0.0,0.0,0.0,0.0,0.0,0.0,0.0,0.0,0,1,1,1,0.0,0.0,0.0,0.0,0.37,0.0,0.0,0.0033,1,0,0,0,0,0
1778645253.626654,2026-05-13 07:07:33,0,0,0,0.0,0.0,0.0,0.0,0.0,0.0,0.0,0.0,0,0,0,0,0.0,0.0,0.0,0.0,0.0,0.0,0.0,0.0,0,1,1,1,0.0,0.0,0.0,0.0,0.37,0.0,0.0,0.0033,1,0,0,0,0,0
1778645283.626654,2026-05-13 07:08:03,0,0,0,0.0,0.0,0.0,0.0,0.0,0.0,0.0,0.0,0,0,0,0,0.0,0.0,0.0,0.0,0.0,0.0,0.0,0.0,0,1,1,1,0.0,0.0,0.0,0.0,0.37,0.0,0.0,0.0033,1,0,0,0,0,0
1778645313.626654,2026-05-13 07:08:33,0,0,0,0.0,0.0,0.0,0.0,0.0,0.0,0.0,0.0,0,0,0,0,0.0,0.0,0.0,0.0,0.0,0.0,0.0,0.0,0,1,1,1,0.0,0.0,0.0,0.0,0.37,0.0,0.0,0.0033,1,0,0,0,0,0
1778645343.626654,2026-05-13 07:09:03,1,1,1,0.0,0.0,0.0,0.0,3.73,0.0,0.0,0.0333,1,1,1,1,0.0,0.0,0.0,0.0,1.87,0.0,0.0,0.0167,1,2,1,1,0.0,0.0,0.0,0.0,0.75,0.0,0.0,0.0067,1,0,0,0,0,0
1778645373.626654,2026-05-13 07:09:33,0,0,0,0.0,0.0,0.0,0.0,0.0,0.0,0.0,0.0,0,1,1,1,0.0,0.0,0.0,0.0,1.87,0.0,0.0,0.0167,1,2,1,1,0.0,0.0,0.0,0.0,0.75,0.0,0.0,0.0067,1,0,0,0,0,0
1778645403.626654,2026-05-13 07:10:03,1,1,1,0.0,0.0,0.0,0.0,3.73,0.0,0.0,0.0333,1,1,1,1,0.0,0.0,0.0,0.0,1.87,0.0,0.0,0.0167,1,3,1,1,0.0,0.0,0.0,0.0,1.12,0.0,0.05,0.01,1,0,0,0,0,0
1778645433.626654,2026-05-13 07:10:33,0,0,0,0.0,0.0,0.0,0.0,0.0,0.0,0.0,0.0,0,1,1,1,0.0,0.0,0.0,0.0,1.87,0.0,0.0,0.0167,1,3,1,1,0.0,0.0,0.0,0.0,1.12,0.0,0.05,0.01,1,0,0,0,0,0
1778645463.626654,2026-05-13 07:11:03,1,1,1,0.0,0.0,0.0,0.0,3.73,0.0,0.0,0.0333,1,1,1,1,0.0,0.0,0.0,0.0,1.87,0.0,0.0,0.0167,1,3,1,1,0.0,0.0,0.0,0.0,1.12,0.0,0.0001,0.01,1,0,0,0,0,0
1778645493.626654,2026-05-13 07:11:33,0,0,0,0.0,0.0,0.0,0.0,0.0,0.0,0.0,0.0,0,1,1,1,0.0,0.0,0.0,0.0,1.87,0.0,0.0,0.0167,1,3,1,1,0.0,0.0,0.0,0.0,1.12,0.0,0.0001,0.01,1,0,0,0,0,0
1778645523.626654,2026-05-13 07:12:03,1,1,1,0.0,0.0,0.0,0.0,3.73,0.0,0.0,0.0333,1,1,1,1,0.0,0.0,0.0,0.0,1.87,0.0,0.0,0.0167,1,4,1,1,0.0,0.0,0.0,0.0,1.49,0.0,0.0001,0.0133,1,0,0,0,0,0
1778645553.626654,2026-05-13 07:12:33,0,0,0,0.0,0.0,0.0,0.0,0.0,0.0,0.0,0.0,0,1,1,1,0.0,0.0,0.0,0.0,1.87,0.0,0.0,0.0167,1,4,1,1,0.0,0.0,0.0,0.0,1.49,0.0,0.0001,0.0133,1,0,0,0,0,0
1778645583.626654,2026-05-13 07:13:03,1,1,1,0.0,0.0,0.0,0.0,3.73,0.0,0.0,0.0333,1,1,1,1,0.0,0.0,0.0,0.0,1.87,0.0,0.0,0.0167,1,5,1,1,0.0,0.0,0.0,0.0,1.87,0.0,0.0001,0.0167,1,0,0,0,0,0
1778645613.626654,2026-05-13 07:13:33,0,0,0,0.0,0.0,0.0,0.0,0.0,0.0,0.0,0.0,0,1,1,1,0.0,0.0,0.0,0.0,1.87,0.0,0.0,0.0167,1,5,1,1,0.0,0.0,0.0,0.0,1.87,0.0,0.0001,0.0167,1,0,0,0,0,0
1778645643.626654,2026-05-13 07:14:03,1,1,1,0.0,0.0,0.0,0.0,3.73,0.0,0.0,0.0333,1,1,1,1,0.0,0.0,0.0,0.0,1.87,0.0,0.0,0.0167,1,5,1,1,0.0,0.0,0.0,0.0,1.87,0.0,0.0001,0.0167,1,0,0,0,0,0
1778645673.626654,2026-05-13 07:14:33,0,0,0,0.0,0.0,0.0,0.0,0.0,0.0,0.0,0.0,0,1,1,1,0.0,0.0,0.0,0.0,1.87,0.0,0.0,0.0167,1,5,1,1,0.0,0.0,0.0,0.0,1.87,0.0,0.0001,0.0167,1,0,0,0,0,0
1778645703.626654,2026-05-13 07:15:03,0,0,0,0.0,0.0,0.0,0.0,0.0,0.0,0.0,0.0,0,0,0,0,0.0,0.0,0.0,0.0,0.0,0.0,0.0,0.0,0,4,1,1,0.0,0.0,0.0,0.0,1.49,0.0,0.0,0.0133,1,0,0,0,0,0
1778645733.626654,2026-05-13 07:15:33,0,0,0,0.0,0.0,0.0,0.0,0.0,0.0,0.0,0.0,0,0,0,0,0.0,0.0,0.0,0.0,0.0,0.0,0.0,0.0,0,4,1,1,0.0,0.0,0.0,0.0,1.49,0.0,0.0,0.0133,1,0,0,0,0,0
1778645763.626654,2026-05-13 07:16:03,0,0,0,0.0,0.0,0.0,0.0,0.0,0.0,0.0,0.0,0,0,0,0,0.0,0.0,0.0,0.0,0.0,0.0,0.0,0.0,0,3,1,1,0.0,0.0,0.0,0.0,1.12,0.0,0.0,0.01,1,0,0,0,0,0
1778645793.626654,2026-05-13 07:16:33,0,0,0,0.0,0.0,0.0,0.0,0.0,0.0,0.0,0.0,0,0,0,0,0.0,0.0,0.0,0.0,0.0,0.0,0.0,0.0,0,3,1,1,0.0,0.0,0.0,0.0,1.12,0.0,0.0,0.01,1,0,0,0,0,0
1778645823.626654,2026-05-13 07:17:03,0,0,0,0.0,0.0,0.0,0.0,0.0,0.0,0.0,0.0,0,0,0,0,0.0,0.0,0.0,0.0,0.0,0.0,0.0,0.0,0,2,1,1,0.0,0.0,0.0,0.0,0.75,0.0,0.0,0.0067,1,0,0,0,0,0
1778645853.626654,2026-05-13 07:17:33,0,0,0,0.0,0.0,0.0,0.0,0.0,0.0,0.0,0.0,0,0,0,0,0.0,0.0,0.0,0.0,0.0,0.0,0.0,0.0,0,2,1,1,0.0,0.0,0.0,0.0,0.75,0.0,0.0,0.0067,1,0,0,0,0,0
1778645883.626654,2026-05-13 07:18:03,0,0,0,0.0,0.0,0.0,0.0,0.0,0.0,0.0,0.0,0,0,0,0,0.0,0.0,0.0,0.0,0.0,0.0,0.0,0.0,0,1,1,1,0.0,0.0,0.0,0.0,0.37,0.0,0.0,0.0033,1,0,0,0,0,0
1778645913.626654,2026-05-13 07:18:33,0,0,0,0.0,0.0,0.0,0.0,0.0,0.0,0.0,0.0,0,0,0,0,0.0,0.0,0.0,0.0,0.0,0.0,0.0,0.0,0,1,1,1,0.0,0.0,0.0,0.0,0.37,0.0,0.0,0.0033,1,0,0,0,0,0
1778645943.626654,2026-05-13 07:19:03,0,0,0,0.0,0.0,0.0,0.0,0.0,0.0,0.0,0.0,0,0,0,0,0.0,0.0,0.0,0.0,0.0,0.0,0.0,0.0,0,0,0,0,0.0,0.0,0.0,0.0,0.0,0.0,0.0,0.0,0,0,0,0,0,0
1778645973.626654,2026-05-13 07:19:33,1,1,1,0.0,0.0,0.0,0.0,3.73,0.0,0.0,0.0333,1,1,1,1,0.0,0.0,0.0,0.0,1.87,0.0,0.0,0.0167,1,1,1,1,0.0,0.0,0.0,0.0,0.37,0.0,0.0,0.0033,1,0,0,0,0,0
1778646003.626654,2026-05-13 07:20:03,0,0,0,0.0,0.0,0.0,0.0,0.0,0.0,0.0,0.0,0,1,1,1,0.0,0.0,0.0,0.0,1.87,0.0,0.0,0.0167,1,1,1,1,0.0,0.0,0.0,0.0,0.37,0.0,0.0,0.0033,1,0,0,0,0,0
1778646033.626654,2026-05-13 07:20:33,1,1,1,0.0,0.0,0.0,0.0,3.73,0.0,0.0,0.0333,1,1,1,1,0.0,0.0,0.0,0.0,1.87,0.0,0.0,0.0167,1,2,1,1,0.0,0.0,0.0,0.0,0.75,0.0,0.0,0.0067,1,0,0,0,0,0
1778646063.626654,2026-05-13 07:21:03,0,0,0,0.0,0.0,0.0,0.0,0.0,0.0,0.0,0.0,0,1,1,1,0.0,0.0,0.0,0.0,1.87,0.0,0.0,0.0167,1,2,1,1,0.0,0.0,0.0,0.0,0.75,0.0,0.0,0.0067,1,0,0,0,0,0
1778646093.626654,2026-05-13 07:21:33,1,1,1,0.0,0.0,0.0,0.0,3.73,0.0,0.0,0.0333,1,1,1,1,0.0,0.0,0.0,0.0,1.87,0.0,0.0,0.0167,1,3,1,1,0.0,0.0,0.0,0.0,1.12,0.0,0.0,0.01,1,0,0,0,0,0
1778646123.626654,2026-05-13 07:22:03,1,1,1,0.0,0.0,0.0716,1.0,1.6,0.0,0.0,0.0333,1,2,2,2,0.0,0.0,0.0358,0.5,2.67,0.0625,0.0,0.0167,1,4,2,2,0.0,0.0,0.0179,0.25,1.28,0.0507,0.0252,0.01,1,0,0,0,0,0
1778646153.626654,2026-05-13 07:22:33,1,1,1,0.0,0.0,0.0,0.0,3.73,0.0,0.0,0.0333,1,2,2,2,0.0,0.0,0.0358,0.5,2.67,0.0625,0.0,0.0167,1,5,2,2,0.0,0.0,0.0143,0.2,1.65,0.0451,0.0336,0.0133,1,0,0,0,0,0
1778646183.626654,2026-05-13 07:23:03,0,0,0,0.0,0.0,0.0,0.0,0.0,0.0,0.0,0.0,0,1,1,1,0.0,0.0,0.0,0.0,1.87,0.0,0.0,0.0167,1,5,2,2,0.0,0.0,0.0143,0.2,1.65,0.0451,0.0336,0.0133,1,0,0,0,0,0
1778646213.626654,2026-05-13 07:23:33,1,1,1,0.0,0.0,0.0,0.0,3.73,0.0,0.0,0.0333,1,1,1,1,0.0,0.0,0.0,0.0,1.87,0.0,0.0,0.0167,1,6,2,2,0.0,0.0,0.012,0.1667,2.03,0.0406,0.0308,0.0167,1,0,0,0,0,0
1778646243.626654,2026-05-13 07:24:03,0,0,0,0.0,0.0,0.0,0.0,0.0,0.0,0.0,0.0,0,1,1,1,0.0,0.0,0.0,0.0,1.87,0.0,0.0,0.0167,1,6,2,2,0.0,0.0,0.012,0.1667,2.03,0.0406,0.0308,0.0167,1,0,0,0,0,0
1778646273.626654,2026-05-13 07:24:33,0,0,0,0.0,0.0,0.0,0.0,0.0,0.0,0.0,0.0,0,0,0,0,0.0,0.0,0.0,0.0,0.0,0.0,0.0,0.0,0,5,2,2,0.0,0.0,0.0144,0.2,1.65,0.0451,0.0336,0.0133,1,0,0,0,0,0
1778646303.626654,2026-05-13 07:25:03,1,1,1,0.0,0.0,0.0038,0.0,10.3,0.0,0.0,0.0333,1,1,1,1,0.0,0.0,0.0038,0.0,5.15,0.0,0.0,0.0167,1,6,3,3,0.0,0.0,0.0126,0.1667,2.68,0.0782,0.048,0.0133,2,0,0,0,0,0
1778646333.626654,2026-05-13 07:25:33,0,0,0,0.0,0.0,0.0,0.0,0.0,0.0,0.0,0.0,0,1,1,1,0.0,0.0,0.0038,0.0,5.15,0.0,0.0,0.0167,1,5,3,3,0.0,0.0,0.0151,0.2,2.31,0.0857,0.0544,0.01,2,0,0,0,0,0
1778646363.626654,2026-05-13 07:26:03,0,0,0,0.0,0.0,0.0,0.0,0.0,0.0,0.0,0.0,0,0,0,0,0.0,0.0,0.0,0.0,0.0,0.0,0.0,0.0,0,5,3,3,0.0,0.0,0.0151,0.2,2.31,0.0857,0.0544,0.01,2,0,0,0,0,0
1778646393.626654,2026-05-13 07:26:33,0,0,0,0.0,0.0,0.0,0.0,0.0,0.0,0.0,0.0,0,0,0,0,0.0,0.0,0.0,0.0,0.0,0.0,0.0,0.0,0,4,3,3,0.0,0.0,0.0189,0.25,1.94,0.0938,0.0495,0.0067,2,0,0,0,0,0
1778646423.626654,2026-05-13 07:27:03,0,0,0,0.0,0.0,0.0,0.0,0.0,0.0,0.0,0.0,0,0,0,0,0.0,0.0,0.0,0.0,0.0,0.0,0.0,0.0,0,3,2,2,0.0,0.0,0.0013,0.0,1.78,0.0574,0.027,0.0067,1,0,0,0,0,0
1778646453.626654,2026-05-13 07:27:33,0,0,0,0.0,0.0,0.0,0.0,0.0,0.0,0.0,0.0,0,0,0,0,0.0,0.0,0.0,0.0,0.0,0.0,0.0,0.0,0,2,2,2,0.0,0.0,0.0019,0.0,1.4,0.0625,0.0,0.0033,1,0,0,0,0,0
1778646483.626654,2026-05-13 07:28:03,0,0,0,0.0,0.0,0.0,0.0,0.0,0.0,0.0,0.0,0,0,0,0,0.0,0.0,0.0,0.0,0.0,0.0,0.0,0.0,0,2,2,2,0.0,0.0,0.0019,0.0,1.4,0.0625,0.0,0.0033,1,0,0,0,0,0
1778646513.626654,2026-05-13 07:28:33,0,0,0,0.0,0.0,0.0,0.0,0.0,0.0,0.0,0.0,0,0,0,0,0.0,0.0,0.0,0.0,0.0,0.0,0.0,0.0,0,1,1,1,0.0,0.0,0.0038,0.0,1.03,0.0,0.0,0.0033,1,0,0,0,0,0
1778646543.626654,2026-05-13 07:29:03,0,0,0,0.0,0.0,0.0,0.0,0.0,0.0,0.0,0.0,0,0,0,0,0.0,0.0,0.0,0.0,0.0,0.0,0.0,0.0,0,1,1,1,0.0,0.0,0.0038,0.0,1.03,0.0,0.0,0.0033,1,0,0,0,0,0
1778646573.626654,2026-05-13 07:29:33,1,1,1,0.0,0.0,0.0,0.0,3.73,0.0,0.0,0.0333,1,1,1,1,0.0,0.0,0.0,0.0,1.87,0.0,0.0,0.0167,1,2,2,2,0.0,0.0,0.0019,0.0,1.4,0.0625,0.0,0.0033,1,0,0,0,0,0
1778646603.626654,2026-05-13 07:30:03,0,0,0,0.0,0.0,0.0,0.0,0.0,0.0,0.0,0.0,0,1,1,1,0.0,0.0,0.0,0.0,1.87,0.0,0.0,0.0167,1,1,1,1,0.0,0.0,0.0,0.0,0.37,0.0,0.0,0.0033,1,0,0,0,0,0
1778646633.626654,2026-05-13 07:30:33,1,1,1,0.0,0.0,0.0,0.0,3.73,0.0,0.0,0.0333,1,1,1,1,0.0,0.0,0.0,0.0,1.87,0.0,0.0,0.0167,1,2,1,1,0.0,0.0,0.0,0.0,0.75,0.0,0.0,0.0067,1,0,0,0,0,0
1778646663.626654,2026-05-13 07:31:03,0,0,0,0.0,0.0,0.0,0.0,0.0,0.0,0.0,0.0,0,1,1,1,0.0,0.0,0.0,0.0,1.87,0.0,0.0,0.0167,1,2,1,1,0.0,0.0,0.0,0.0,0.75,0.0,0.0,0.0067,1,0,0,0,0,0
1778646693.626654,2026-05-13 07:31:33,1,1,1,0.0,0.0,0.0,0.0,3.73,0.0,0.0,0.0333,1,1,1,1,0.0,0.0,0.0,0.0,1.87,0.0,0.0,0.0167,1,3,1,1,0.0,0.0,0.0,0.0,1.12,0.0,0.0,0.01,1,0,0,0,0,0
1778646723.626654,2026-05-13 07:32:03,0,0,0,0.0,0.0,0.0,0.0,0.0,0.0,0.0,0.0,0,1,1,1,0.0,0.0,0.0,0.0,1.87,0.0,0.0,0.0167,1,3,1,1,0.0,0.0,0.0,0.0,1.12,0.0,0.0,0.01,1,0,0,0,0,0
1778646753.626654,2026-05-13 07:32:33,1,1,1,0.0,0.0,0.0,0.0,3.73,0.0,0.0,0.0333,1,1,1,1,0.0,0.0,0.0,0.0,1.87,0.0,0.0,0.0167,1,4,1,1,0.0,0.0,0.0,0.0,1.49,0.0,0.0,0.0133,1,0,0,0,0,0
1778646783.626654,2026-05-13 07:33:03,0,0,0,0.0,0.0,0.0,0.0,0.0,0.0,0.0,0.0,0,1,1,1,0.0,0.0,0.0,0.0,1.87,0.0,0.0,0.0167,1,4,1,1,0.0,0.0,0.0,0.0,1.49,0.0,0.0,0.0133,1,0,0,0,0,0
1778646813.626654,2026-05-13 07:33:33,1,1,1,0.0,0.0,0.0,0.0,3.73,0.0,0.0,0.0333,1,1,1,1,0.0,0.0,0.0,0.0,1.87,0.0,0.0,0.0167,1,5,1,1,0.0,0.0,0.0,0.0,1.87,0.0,0.0001,0.0167,1,0,0,0,0,0
1778646843.626654,2026-05-13 07:34:03,0,0,0,0.0,0.0,0.0,0.0,0.0,0.0,0.0,0.0,0,1,1,1,0.0,0.0,0.0,0.0,1.87,0.0,0.0,0.0167,1,5,1,1,0.0,0.0,0.0,0.0,1.87,0.0,0.0001,0.0167,1,0,0,0,0,0
1778646873.626654,2026-05-13 07:34:33,1,1,1,0.0,0.0,0.0,0.0,3.73,0.0,0.0,0.0333,1,1,1,1,0.0,0.0,0.0,0.0,1.87,0.0,0.0,0.0167,1,5,1,1,0.0,0.0,0.0,0.0,1.87,0.0,0.0001,0.0167,1,0,0,0,0,0
1778646903.626654,2026-05-13 07:35:03,0,0,0,0.0,0.0,0.0,0.0,0.0,0.0,0.0,0.0,0,1,1,1,0.0,0.0,0.0,0.0,1.87,0.0,0.0,0.0167,1,5,1,1,0.0,0.0,0.0,0.0,1.87,0.0,0.0001,0.0167,1,0,0,0,0,0
1778646933.626654,2026-05-13 07:35:33,1,1,1,0.0,0.0,0.0,0.0,3.73,0.0,0.0,0.0333,1,1,1,1,0.0,0.0,0.0,0.0,1.87,0.0,0.0,0.0167,1,5,1,1,0.0,0.0,0.0,0.0,1.87,0.0,0.0001,0.0167,1,0,0,0,0,0
1778646963.626654,2026-05-13 07:36:03,0,0,0,0.0,0.0,0.0,0.0,0.0,0.0,0.0,0.0,0,1,1,1,0.0,0.0,0.0,0.0,1.87,0.0,0.0,0.0167,1,5,1,1,0.0,0.0,0.0,0.0,1.87,0.0,0.0001,0.0167,1,0,0,0,0,0
1778646993.626654,2026-05-13 07:36:33,0,0,0,0.0,0.0,0.0,0.0,0.0,0.0,0.0,0.0,0,0,0,0,0.0,0.0,0.0,0.0,0.0,0.0,0.0,0.0,0,4,1,1,0.0,0.0,0.0,0.0,1.49,0.0,0.0001,0.0133,1,0,0,0,0,0
1778647023.626654,2026-05-13 07:37:03,0,0,0,0.0,0.0,0.0,0.0,0.0,0.0,0.0,0.0,0,0,0,0,0.0,0.0,0.0,0.0,0.0,0.0,0.0,0.0,0,4,1,1,0.0,0.0,0.0,0.0,1.49,0.0,0.0001,0.0133,1,0,0,0,0,0
1778647053.626654,2026-05-13 07:37:33,0,0,0,0.0,0.0,0.0,0.0,0.0,0.0,0.0,0.0,0,0,0,0,0.0,0.0,0.0,0.0,0.0,0.0,0.0,0.0,0,3,1,1,0.0,0.0,0.0,0.0,1.12,0.0,0.0001,0.01,1,0,0,0,0,0
1778647083.626654,2026-05-13 07:38:03,0,0,0,0.0,0.0,0.0,0.0,0.0,0.0,0.0,0.0,0,0,0,0,0.0,0.0,0.0,0.0,0.0,0.0,0.0,0.0,0,3,1,1,0.0,0.0,0.0,0.0,1.12,0.0,0.0001,0.01,1,0,0,0,0,0
1778647113.626654,2026-05-13 07:38:33,0,0,0,0.0,0.0,0.0,0.0,0.0,0.0,0.0,0.0,0,0,0,0,0.0,0.0,0.0,0.0,0.0,0.0,0.0,0.0,0,2,1,1,0.0,0.0,0.0,0.0,0.75,0.0,0.0,0.0067,1,0,0,0,0,0
1778647143.626654,2026-05-13 07:39:03,0,0,0,0.0,0.0,0.0,0.0,0.0,0.0,0.0,0.0,0,0,0,0,0.0,0.0,0.0,0.0,0.0,0.0,0.0,0.0,0,2,1,1,0.0,0.0,0.0,0.0,0.75,0.0,0.0,0.0067,1,0,0,0,0,0
1778647173.626654,2026-05-13 07:39:33,0,0,0,0.0,0.0,0.0,0.0,0.0,0.0,0.0,0.0,0,0,0,0,0.0,0.0,0.0,0.0,0.0,0.0,0.0,0.0,0,1,1,1,0.0,0.0,0.0,0.0,0.37,0.0,0.0,0.0033,1,0,0,0,0,0
1778647203.626654,2026-05-13 07:40:03,0,0,0,0.0,0.0,0.0,0.0,0.0,0.0,0.0,0.0,0,0,0,0,0.0,0.0,0.0,0.0,0.0,0.0,0.0,0.0,0,1,1,1,0.0,0.0,0.0,0.0,0.37,0.0,0.0,0.0033,1,0,0,0,0,0
1778647233.626654,2026-05-13 07:40:33,0,0,0,0.0,0.0,0.0,0.0,0.0,0.0,0.0,0.0,0,0,0,0,0.0,0.0,0.0,0.0,0.0,0.0,0.0,0.0,0,0,0,0,0.0,0.0,0.0,0.0,0.0,0.0,0.0,0.0,0,0,0,0,0,0
1778647263.626654,2026-05-13 07:41:03,0,0,0,0.0,0.0,0.0,0.0,0.0,0.0,0.0,0.0,0,0,0,0,0.0,0.0,0.0,0.0,0.0,0.0,0.0,0.0,0,0,0,0,0.0,0.0,0.0,0.0,0.0,0.0,0.0,0.0,0,0,0,0,0,0
1778647293.626654,2026-05-13 07:41:33,1,1,1,0.0,0.0,0.0,0.0,3.73,0.0,0.0,0.0333,1,1,1,1,0.0,0.0,0.0,0.0,1.87,0.0,0.0,0.0167,1,1,1,1,0.0,0.0,0.0,0.0,0.37,0.0,0.0,0.0033,1,0,0,0,0,0
1778647323.626654,2026-05-13 07:42:03,0,0,0,0.0,0.0,0.0,0.0,0.0,0.0,0.0,0.0,0,1,1,1,0.0,0.0,0.0,0.0,1.87,0.0,0.0,0.0167,1,1,1,1,0.0,0.0,0.0,0.0,0.37,0.0,0.0,0.0033,1,0,0,0,0,0
1778647353.626654,2026-05-13 07:42:33,1,1,1,0.0,0.0,0.0001,0.0,3.73,0.0,0.0,0.0333,1,1,1,1,0.0,0.0,0.0001,0.0,1.87,0.0,0.0,0.0167,1,2,1,1,0.0,0.0,0.0,0.0,0.75,0.0,0.0,0.0067,1,0,0,0,0,0
1778647383.626654,2026-05-13 07:43:03,0,0,0,0.0,0.0,0.0,0.0,0.0,0.0,0.0,0.0,0,1,1,1,0.0,0.0,0.0001,0.0,1.87,0.0,0.0,0.0167,1,2,1,1,0.0,0.0,0.0,0.0,0.75,0.0,0.0,0.0067,1,0,0,0,0,0
1778647413.626654,2026-05-13 07:43:33,1,1,1,0.0,0.0,0.0,0.0,3.73,0.0,0.0,0.0333,1,1,1,1,0.0,0.0,0.0,0.0,1.87,0.0,0.0,0.0167,1,3,1,1,0.0,0.0,0.0,0.0,1.12,0.0,0.0001,0.01,1,0,0,0,0,0
1778647443.626654,2026-05-13 07:44:03,0,0,0,0.0,0.0,0.0,0.0,0.0,0.0,0.0,0.0,0,1,1,1,0.0,0.0,0.0,0.0,1.87,0.0,0.0,0.0167,1,3,1,1,0.0,0.0,0.0,0.0,1.12,0.0,0.0001,0.01,1,0,0,0,0,0
1778647473.626654,2026-05-13 07:44:33,1,1,1,0.0,0.0,0.0,0.0,3.73,0.0,0.0,0.0333,1,1,1,1,0.0,0.0,0.0,0.0,1.87,0.0,0.0,0.0167,1,4,1,1,0.0,0.0,0.0,0.0,1.49,0.0,0.0001,0.0133,1,0,0,0,0,0
1778647503.626654,2026-05-13 07:45:03,0,0,0,0.0,0.0,0.0,0.0,0.0,0.0,0.0,0.0,0,1,1,1,0.0,0.0,0.0,0.0,1.87,0.0,0.0,0.0167,1,4,1,1,0.0,0.0,0.0,0.0,1.49,0.0,0.0001,0.0133,1,0,0,0,0,0
1778647533.626654,2026-05-13 07:45:33,1,1,1,0.0,0.0,0.0,0.0,3.73,0.0,0.0,0.0333,1,1,1,1,0.0,0.0,0.0,0.0,1.87,0.0,0.0,0.0167,1,5,1,1,0.0,0.0,0.0,0.0,1.87,0.0,0.0001,0.0167,1,0,0,0,0,0
1778647563.626654,2026-05-13 07:46:03,0,0,0,0.0,0.0,0.0,0.0,0.0,0.0,0.0,0.0,0,1,1,1,0.0,0.0,0.0,0.0,1.87,0.0,0.0,0.0167,1,5,1,1,0.0,0.0,0.0,0.0,1.87,0.0,0.0001,0.0167,1,0,0,0,0,0
1778647593.626654,2026-05-13 07:46:33,1,1,1,0.0,0.0,0.0001,0.0,3.73,0.0,0.0,0.0333,1,1,1,1,0.0,0.0,0.0001,0.0,1.87,0.0,0.0,0.0167,1,5,1,1,0.0,0.0,0.0001,0.0,1.87,0.0,0.0001,0.0167,1,0,0,0,0,0
1778647623.626654,2026-05-13 07:47:03,0,0,0,0.0,0.0,0.0,0.0,0.0,0.0,0.0,0.0,0,1,1,1,0.0,0.0,0.0001,0.0,1.87,0.0,0.0,0.0167,1,5,1,1,0.0,0.0,0.0001,0.0,1.87,0.0,0.0001,0.0167,1,0,0,0,0,0
1778647653.626654,2026-05-13 07:47:33,1,1,1,0.0,0.0,0.0001,0.0,3.73,0.0,0.0,0.0333,1,1,1,1,0.0,0.0,0.0001,0.0,1.87,0.0,0.0,0.0167,1,5,1,1,0.0,0.0,0.0001,0.0,1.87,0.0,0.0001,0.0167,1,0,0,0,0,0
1778647683.626654,2026-05-13 07:48:03,0,0,0,0.0,0.0,0.0,0.0,0.0,0.0,0.0,0.0,0,1,1,1,0.0,0.0,0.0001,0.0,1.87,0.0,0.0,0.0167,1,5,1,1,0.0,0.0,0.0001,0.0,1.87,0.0,0.0001,0.0167,1,0,0,0,0,0
1778647713.626654,2026-05-13 07:48:33,1,1,1,0.0,0.0,0.0,0.0,3.73,0.0,0.0,0.0333,1,1,1,1,0.0,0.0,0.0,0.0,1.87,0.0,0.0,0.0167,1,5,1,1,0.0,0.0,0.0001,0.0,1.87,0.0,0.0001,0.0167,1,0,0,0,0,0
1778647743.626654,2026-05-13 07:49:03,0,0,0,0.0,0.0,0.0,0.0,0.0,0.0,0.0,0.0,0,1,1,1,0.0,0.0,0.0,0.0,1.87,0.0,0.0,0.0167,1,5,1,1,0.0,0.0,0.0001,0.0,1.87,0.0,0.0001,0.0167,1,0,0,0,0,0
1778647773.626654,2026-05-13 07:49:33,1,1,1,0.0,0.0,0.0001,0.0,3.73,0.0,0.0,0.0333,1,1,1,1,0.0,0.0,0.0001,0.0,1.87,0.0,0.0,0.0167,1,5,1,1,0.0,0.0,0.0001,0.0,1.87,0.0,0.0001,0.0167,1,0,0,0,0,0
1778647803.626654,2026-05-13 07:50:03,0,0,0,0.0,0.0,0.0,0.0,0.0,0.0,0.0,0.0,0,1,1,1,0.0,0.0,0.0001,0.0,1.87,0.0,0.0,0.0167,1,5,1,1,0.0,0.0,0.0001,0.0,1.87,0.0,0.0001,0.0167,1,0,0,0,0,0
1778647833.626654,2026-05-13 07:50:33,0,0,0,0.0,0.0,0.0,0.0,0.0,0.0,0.0,0.0,0,0,0,0,0.0,0.0,0.0,0.0,0.0,0.0,0.0,0.0,0,4,1,1,0.0,0.0,0.0001,0.0,1.49,0.0,0.0001,0.0133,1,0,0,0,0,0
1778647863.626654,2026-05-13 07:51:03,0,0,0,0.0,0.0,0.0,0.0,0.0,0.0,0.0,0.0,0,0,0,0,0.0,0.0,0.0,0.0,0.0,0.0,0.0,0.0,0,4,1,1,0.0,0.0,0.0001,0.0,1.49,0.0,0.0001,0.0133,1,0,0,0,0,0
1778647893.626654,2026-05-13 07:51:33,1,1,1,0.0,0.0,0.0,0.0,3.73,0.0,0.0,0.0333,1,1,1,1,0.0,0.0,0.0,0.0,1.87,0.0,0.0,0.0167,1,4,1,1,0.0,0.0,0.0,0.0,1.49,0.0,0.0353,0.0133,1,0,0,0,0,0
1778647923.626654,2026-05-13 07:52:03,0,0,0,0.0,0.0,0.0,0.0,0.0,0.0,0.0,0.0,0,1,1,1,0.0,0.0,0.0,0.0,1.87,0.0,0.0,0.0167,1,4,1,1,0.0,0.0,0.0,0.0,1.49,0.0,0.0353,0.0133,1,0,0,0,0,0
1778647953.626654,2026-05-13 07:52:33,1,1,1,0.0,0.0,0.0,0.0,3.73,0.0,0.0,0.0333,1,1,1,1,0.0,0.0,0.0,0.0,1.87,0.0,0.0,0.0167,1,4,1,1,0.0,0.0,0.0,0.0,1.49,0.0,0.0354,0.0133,1,0,0,0,0,0
1778647983.626654,2026-05-13 07:53:03,0,0,0,0.0,0.0,0.0,0.0,0.0,0.0,0.0,0.0,0,1,1,1,0.0,0.0,0.0,0.0,1.87,0.0,0.0,0.0167,1,4,1,1,0.0,0.0,0.0,0.0,1.49,0.0,0.0354,0.0133,1,0,0,0,0,0
1778648013.626654,2026-05-13 07:53:33,1,1,1,0.0,0.0,0.0,0.0,3.73,0.0,0.0,0.0333,1,1,1,1,0.0,0.0,0.0,0.0,1.87,0.0,0.0,0.0167,1,4,1,1,0.0,0.0,0.0,0.0,1.49,0.0,0.0354,0.0133,1,0,0,0,0,0
1778648043.626654,2026-05-13 07:54:03,0,0,0,0.0,0.0,0.0,0.0,0.0,0.0,0.0,0.0,0,1,1,1,0.0,0.0,0.0,0.0,1.87,0.0,0.0,0.0167,1,4,1,1,0.0,0.0,0.0,0.0,1.49,0.0,0.0354,0.0133,1,0,0,0,0,0
1778648073.626654,2026-05-13 07:54:33,1,1,1,0.0,0.0,0.0,0.0,3.73,0.0,0.0,0.0333,1,1,1,1,0.0,0.0,0.0,0.0,1.87,0.0,0.0,0.0167,1,4,1,1,0.0,0.0,0.0,0.0,1.49,0.0,0.0001,0.0133,1,0,0,0,0,0
1778648103.626654,2026-05-13 07:55:03,0,0,0,0.0,0.0,0.0,0.0,0.0,0.0,0.0,0.0,0,1,1,1,0.0,0.0,0.0,0.0,1.87,0.0,0.0,0.0167,1,4,1,1,0.0,0.0,0.0,0.0,1.49,0.0,0.0001,0.0133,1,0,0,0,0,0
1778648133.626654,2026-05-13 07:55:33,1,1,1,0.0,0.0,0.0,0.0,3.73,0.0,0.0,0.0333,1,1,1,1,0.0,0.0,0.0,0.0,1.87,0.0,0.0,0.0167,1,5,1,1,0.0,0.0,0.0,0.0,1.87,0.0,0.0001,0.0167,1,0,0,0,0,0
1778648163.626654,2026-05-13 07:56:03,1,1,1,0.0,0.0,0.0796,1.0,1.6,0.0,0.0,0.0333,1,2,2,2,0.0,0.0,0.0398,0.5,2.67,0.0625,0.0,0.0167,1,6,2,2,0.0,0.0,0.0133,0.1667,2.03,0.0406,0.02,0.0167,1,0,0,0,0,0
1778648193.626654,2026-05-13 07:56:33,1,1,1,0.0,0.0,0.0001,0.0,3.73,0.0,0.0,0.0333,1,2,2,2,0.0,0.0,0.0398,0.5,2.67,0.0625,0.0,0.0167,1,6,2,2,0.0,0.0,0.0133,0.1667,2.03,0.0406,0.0308,0.0167,1,0,0,0,0,0
1778648223.626654,2026-05-13 07:57:03,0,0,0,0.0,0.0,0.0,0.0,0.0,0.0,0.0,0.0,0,1,1,1,0.0,0.0,0.0001,0.0,1.87,0.0,0.0,0.0167,1,6,2,2,0.0,0.0,0.0133,0.1667,2.03,0.0406,0.0308,0.0167,1,0,0,0,0,0
1778648253.626654,2026-05-13 07:57:33,1,1,1,0.0,0.0,0.0,0.0,3.73,0.0,0.0,0.0333,1,1,1,1,0.0,0.0,0.0,0.0,1.87,0.0,0.0,0.0167,1,6,2,2,0.0,0.0,0.0133,0.1667,2.03,0.0406,0.0308,0.0167,1,0,0,0,0,0
1778648283.626654,2026-05-13 07:58:03,0,0,0,0.0,0.0,0.0,0.0,0.0,0.0,0.0,0.0,0,1,1,1,0.0,0.0,0.0,0.0,1.87,0.0,0.0,0.0167,1,6,2,2,0.0,0.0,0.0133,0.1667,2.03,0.0406,0.0308,0.0167,1,0,0,0,0,0
1778648313.626654,2026-05-13 07:58:33,1,1,1,0.0,0.0,0.0001,0.0,3.73,0.0,0.0,0.0333,1,1,1,1,0.0,0.0,0.0001,0.0,1.87,0.0,0.0,0.0167,1,6,2,2,0.0,0.0,0.0133,0.1667,2.03,0.0406,0.0308,0.0167,1,0,0,0,0,0
1778648343.626654,2026-05-13 07:59:03,0,0,0,0.0,0.0,0.0,0.0,0.0,0.0,0.0,0.0,0,1,1,1,0.0,0.0,0.0001,0.0,1.87,0.0,0.0,0.0167,1,6,2,2,0.0,0.0,0.0133,0.1667,2.03,0.0406,0.0308,0.0167,1,0,0,0,0,0
1778648373.626654,2026-05-13 07:59:33,1,1,1,0.0,0.0,0.0,0.0,3.73,0.0,0.0,0.0333,1,1,1,1,0.0,0.0,0.0,0.0,1.87,0.0,0.0,0.0167,1,6,2,2,0.0,0.0,0.0133,0.1667,2.03,0.0406,0.0308,0.0167,1,0,0,0,0,0
1778648403.626654,2026-05-13 08:00:03,8,1,1,0.0,0.2667,0.0525,0.0,34.9,0.0,0.1809,0.2667,1,9,2,2,0.0,0.1333,0.0467,0.0,19.32,0.0315,0.2617,0.1333,1,14,3,3,0.0,0.0267,0.0357,0.0714,5.52,0.079,0.1155,0.03,2,0,0,0,0,0
1778648433.626654,2026-05-13 08:00:33,0,0,0,0.0,0.0,0.0,0.0,0.0,0.0,0.0,0.0,0,8,1,1,0.0,0.1333,0.0525,0.0,17.45,0.0,0.1809,0.1333,1,13,3,3,0.0,0.0267,0.0384,0.0769,5.14,0.0774,0.1243,0.03,2,0,0,0,0,0
1778648463.626654,2026-05-13 08:01:03,0,0,0,0.0,0.0,0.0,0.0,0.0,0.0,0.0,0.0,0,0,0,0,0.0,0.0,0.0,0.0,0.0,0.0,0.0,0.0,0,12,2,2,0.0,0.0267,0.035,0.0,4.98,0.0574,0.1331,0.0267,1,0,0,0,0,0
1778648493.626654,2026-05-13 08:01:33,0,0,0,0.0,0.0,0.0,0.0,0.0,0.0,0.0,0.0,0,0,0,0,0.0,0.0,0.0,0.0,0.0,0.0,0.0,0.0,0,11,2,2,0.0,0.0267,0.0382,0.0,4.61,0.0528,0.1537,0.0267,1,0,0,0,0,0
1778648523.626654,2026-05-13 08:02:03,0,0,0,0.0,0.0,0.0,0.0,0.0,0.0,0.0,0.0,0,0,0,0,0.0,0.0,0.0,0.0,0.0,0.0,0.0,0.0,0,11,2,2,0.0,0.0267,0.0382,0.0,4.61,0.0528,0.1537,0.0267,1,0,0,0,0,0
1778648553.626654,2026-05-13 08:02:33,0,0,0,0.0,0.0,0.0,0.0,0.0,0.0,0.0,0.0,0,0,0,0,0.0,0.0,0.0,0.0,0.0,0.0,0.0,0.0,0,10,2,2,0.0,0.0267,0.042,0.0,4.24,0.0451,0.1881,0.0267,1,0,0,0,0,0
1778648583.626654,2026-05-13 08:03:03,0,0,0,0.0,0.0,0.0,0.0,0.0,0.0,0.0,0.0,0,0,0,0,0.0,0.0,0.0,0.0,0.0,0.0,0.0,0.0,0,10,2,2,0.0,0.0267,0.042,0.0,4.24,0.0451,0.1881,0.0267,1,0,0,0,0,0
1778648613.626654,2026-05-13 08:03:33,0,0,0,0.0,0.0,0.0,0.0,0.0,0.0,0.0,0.0,0,0,0,0,0.0,0.0,0.0,0.0,0.0,0.0,0.0,0.0,0,9,2,2,0.0,0.0267,0.0467,0.0,3.86,0.0315,0.2617,0.0267,1,0,0,0,0,0
1778648643.626654,2026-05-13 08:04:03,0,0,0,0.0,0.0,0.0,0.0,0.0,0.0,0.0,0.0,0,0,0,0,0.0,0.0,0.0,0.0,0.0,0.0,0.0,0.0,0,9,2,2,0.0,0.0267,0.0467,0.0,3.86,0.0315,0.2617,0.0267,1,0,0,0,0,0
1778648673.626654,2026-05-13 08:04:33,0,0,0,0.0,0.0,0.0,0.0,0.0,0.0,0.0,0.0,0,0,0,0,0.0,0.0,0.0,0.0,0.0,0.0,0.0,0.0,0,8,1,1,0.0,0.0267,0.0525,0.0,3.49,0.0,0.1809,0.0267,1,0,0,0,0,0
1778648703.626654,2026-05-13 08:05:03,0,0,0,0.0,0.0,0.0,0.0,0.0,0.0,0.0,0.0,0,0,0,0,0.0,0.0,0.0,0.0,0.0,0.0,0.0,0.0,0,0,0,0,0.0,0.0,0.0,0.0,0.0,0.0,0.0,0.0,0,0,0,0,0,0
1778648733.626654,2026-05-13 08:05:33,0,0,0,0.0,0.0,0.0,0.0,0.0,0.0,0.0,0.0,0,0,0,0,0.0,0.0,0.0,0.0,0.0,0.0,0.0,0.0,0,0,0,0,0.0,0.0,0.0,0.0,0.0,0.0,0.0,0.0,0,0,0,0,0,0
1778648763.626654,2026-05-13 08:06:03,0,0,0,0.0,0.0,0.0,0.0,0.0,0.0,0.0,0.0,0,0,0,0,0.0,0.0,0.0,0.0,0.0,0.0,0.0,0.0,0,0,0,0,0.0,0.0,0.0,0.0,0.0,0.0,0.0,0.0,0,0,0,0,0,0
1778648793.626654,2026-05-13 08:06:33,1,1,1,0.0,0.0,0.0,0.0,3.73,0.0,0.0,0.0333,1,1,1,1,0.0,0.0,0.0,0.0,1.87,0.0,0.0,0.0167,1,1,1,1,0.0,0.0,0.0,0.0,0.37,0.0,0.0,0.0033,1,0,0,0,0,0
1778648823.626654,2026-05-13 08:07:03,0,0,0,0.0,0.0,0.0,0.0,0.0,0.0,0.0,0.0,0,1,1,1,0.0,0.0,0.0,0.0,1.87,0.0,0.0,0.0167,1,1,1,1,0.0,0.0,0.0,0.0,0.37,0.0,0.0,0.0033,1,0,0,0,0,0
1778648853.626654,2026-05-13 08:07:33,1,1,1,0.0,0.0,0.0,0.0,3.73,0.0,0.0,0.0333,1,1,1,1,0.0,0.0,0.0,0.0,1.87,0.0,0.0,0.0167,1,2,1,1,0.0,0.0,0.0,0.0,0.75,0.0,0.0,0.0067,1,0,0,0,0,0
1778648883.626654,2026-05-13 08:08:03,0,0,0,0.0,0.0,0.0,0.0,0.0,0.0,0.0,0.0,0,1,1,1,0.0,0.0,0.0,0.0,1.87,0.0,0.0,0.0167,1,2,1,1,0.0,0.0,0.0,0.0,0.75,0.0,0.0,0.0067,1,0,0,0,0,0
1778648913.626654,2026-05-13 08:08:33,1,1,1,0.0,0.0,0.0,0.0,3.73,0.0,0.0,0.0333,1,1,1,1,0.0,0.0,0.0,0.0,1.87,0.0,0.0,0.0167,1,3,1,1,0.0,0.0,0.0,0.0,1.12,0.0,0.0,0.01,1,0,0,0,0,0
1778648943.626654,2026-05-13 08:09:03,0,0,0,0.0,0.0,0.0,0.0,0.0,0.0,0.0,0.0,0,1,1,1,0.0,0.0,0.0,0.0,1.87,0.0,0.0,0.0167,1,3,1,1,0.0,0.0,0.0,0.0,1.12,0.0,0.0,0.01,1,0,0,0,0,0
1778648973.626654,2026-05-13 08:09:33,1,1,1,0.0,0.0,0.0,0.0,3.73,0.0,0.0,0.0333,1,1,1,1,0.0,0.0,0.0,0.0,1.87,0.0,0.0,0.0167,1,4,1,1,0.0,0.0,0.0,0.0,1.49,0.0,0.0,0.0133,1,0,0,0,0,0
1778649003.626654,2026-05-13 08:10:03,0,0,0,0.0,0.0,0.0,0.0,0.0,0.0,0.0,0.0,0,1,1,1,0.0,0.0,0.0,0.0,1.87,0.0,0.0,0.0167,1,4,1,1,0.0,0.0,0.0,0.0,1.49,0.0,0.0,0.0133,1,0,0,0,0,0
1778649033.626654,2026-05-13 08:10:33,1,1,1,0.0,0.0,0.0,0.0,3.73,0.0,0.0,0.0333,1,1,1,1,0.0,0.0,0.0,0.0,1.87,0.0,0.0,0.0167,1,5,1,1,0.0,0.0,0.0,0.0,1.87,0.0,0.0,0.0167,1,0,0,0,0,0
1778649063.626654,2026-05-13 08:11:03,0,0,0,0.0,0.0,0.0,0.0,0.0,0.0,0.0,0.0,0,1,1,1,0.0,0.0,0.0,0.0,1.87,0.0,0.0,0.0167,1,5,1,1,0.0,0.0,0.0,0.0,1.87,0.0,0.0,0.0167,1,0,0,0,0,0
1778649093.626654,2026-05-13 08:11:33,1,1,1,0.0,0.0,0.0,0.0,3.73,0.0,0.0,0.0333,1,1,1,1,0.0,0.0,0.0,0.0,1.87,0.0,0.0,0.0167,1,5,1,1,0.0,0.0,0.0,0.0,1.87,0.0,0.0,0.0167,1,0,0,0,0,0
1778649123.626654,2026-05-13 08:12:03,0,0,0,0.0,0.0,0.0,0.0,0.0,0.0,0.0,0.0,0,1,1,1,0.0,0.0,0.0,0.0,1.87,0.0,0.0,0.0167,1,5,1,1,0.0,0.0,0.0,0.0,1.87,0.0,0.0,0.0167,1,0,0,0,0,0
1778649153.626654,2026-05-13 08:12:33,1,1,1,0.0,0.0,0.0,0.0,3.73,0.0,0.0,0.0333,1,1,1,1,0.0,0.0,0.0,0.0,1.87,0.0,0.0,0.0167,1,5,1,1,0.0,0.0,0.0,0.0,1.87,0.0,0.0,0.0167,1,0,0,0,0,0
1778649183.626654,2026-05-13 08:13:03,0,0,0,0.0,0.0,0.0,0.0,0.0,0.0,0.0,0.0,0,1,1,1,0.0,0.0,0.0,0.0,1.87,0.0,0.0,0.0167,1,5,1,1,0.0,0.0,0.0,0.0,1.87,0.0,0.0,0.0167,1,0,0,0,0,0
1778649213.626654,2026-05-13 08:13:33,1,1,1,0.0,0.0,0.0,0.0,3.73,0.0,0.0,0.0333,1,1,1,1,0.0,0.0,0.0,0.0,1.87,0.0,0.0,0.0167,1,5,1,1,0.0,0.0,0.0,0.0,1.87,0.0,0.0,0.0167,1,0,0,0,0,0
1778649243.626654,2026-05-13 08:14:03,0,0,0,0.0,0.0,0.0,0.0,0.0,0.0,0.0,0.0,0,1,1,1,0.0,0.0,0.0,0.0,1.87,0.0,0.0,0.0167,1,5,1,1,0.0,0.0,0.0,0.0,1.87,0.0,0.0,0.0167,1,0,0,0,0,0
1778649273.626654,2026-05-13 08:14:33,1,1,1,0.0,0.0,0.0,0.0,3.73,0.0,0.0,0.0333,1,1,1,1,0.0,0.0,0.0,0.0,1.87,0.0,0.0,0.0167,1,5,1,1,0.0,0.0,0.0,0.0,1.87,0.0,0.0,0.0167,1,0,0,0,0,0
1778649303.626654,2026-05-13 08:15:03,0,0,0,0.0,0.0,0.0,0.0,0.0,0.0,0.0,0.0,0,1,1,1,0.0,0.0,0.0,0.0,1.87,0.0,0.0,0.0167,1,5,1,1,0.0,0.0,0.0,0.0,1.87,0.0,0.0,0.0167,1,0,0,0,0,0
1778649333.626654,2026-05-13 08:15:33,1,1,1,0.0,0.0,0.0,0.0,3.73,0.0,0.0,0.0333,1,1,1,1,0.0,0.0,0.0,0.0,1.87,0.0,0.0,0.0167,1,5,1,1,0.0,0.0,0.0,0.0,1.87,0.0,0.0,0.0167,1,0,0,0,0,0
1778649363.626654,2026-05-13 08:16:03,0,0,0,0.0,0.0,0.0,0.0,0.0,0.0,0.0,0.0,0,1,1,1,0.0,0.0,0.0,0.0,1.87,0.0,0.0,0.0167,1,5,1,1,0.0,0.0,0.0,0.0,1.87,0.0,0.0,0.0167,1,0,0,0,0,0
1778649393.626654,2026-05-13 08:16:33,1,1,1,0.0,0.0,0.0001,0.0,3.73,0.0,0.0,0.0333,1,1,1,1,0.0,0.0,0.0001,0.0,1.87,0.0,0.0,0.0167,1,5,1,1,0.0,0.0,0.0,0.0,1.87,0.0,0.0,0.0167,1,0,0,0,0,0
1778649423.626654,2026-05-13 08:17:03,0,0,0,0.0,0.0,0.0,0.0,0.0,0.0,0.0,0.0,0,1,1,1,0.0,0.0,0.0001,0.0,1.87,0.0,0.0,0.0167,1,5,1,1,0.0,0.0,0.0,0.0,1.87,0.0,0.0,0.0167,1,0,0,0,0,0
1778649453.626654,2026-05-13 08:17:33,1,1,1,0.0,0.0,0.0,0.0,3.73,0.0,0.0,0.0333,1,1,1,1,0.0,0.0,0.0,0.0,1.87,0.0,0.0,0.0167,1,5,1,1,0.0,0.0,0.0,0.0,1.87,0.0,0.0,0.0167,1,0,0,0,0,0
1778649483.626654,2026-05-13 08:18:03,0,0,0,0.0,0.0,0.0,0.0,0.0,0.0,0.0,0.0,0,1,1,1,0.0,0.0,0.0,0.0,1.87,0.0,0.0,0.0167,1,5,1,1,0.0,0.0,0.0,0.0,1.87,0.0,0.0,0.0167,1,0,0,0,0,0
1778649513.626654,2026-05-13 08:18:33,1,1,1,0.0,0.0,0.0,0.0,3.73,0.0,0.0,0.0333,1,1,1,1,0.0,0.0,0.0,0.0,1.87,0.0,0.0,0.0167,1,5,1,1,0.0,0.0,0.0,0.0,1.87,0.0,0.0,0.0167,1,0,0,0,0,0
1778649543.626654,2026-05-13 08:19:03,0,0,0,0.0,0.0,0.0,0.0,0.0,0.0,0.0,0.0,0,1,1,1,0.0,0.0,0.0,0.0,1.87,0.0,0.0,0.0167,1,5,1,1,0.0,0.0,0.0,0.0,1.87,0.0,0.0,0.0167,1,0,0,0,0,0
1778649573.626654,2026-05-13 08:19:33,1,1,1,0.0,0.0,0.0,0.0,3.73,0.0,0.0,0.0333,1,1,1,1,0.0,0.0,0.0,0.0,1.87,0.0,0.0,0.0167,1,5,1,1,0.0,0.0,0.0,0.0,1.87,0.0,0.0,0.0167,1,0,0,0,0,0
1778649603.626654,2026-05-13 08:20:03,0,0,0,0.0,0.0,0.0,0.0,0.0,0.0,0.0,0.0,0,1,1,1,0.0,0.0,0.0,0.0,1.87,0.0,0.0,0.0167,1,5,1,1,0.0,0.0,0.0,0.0,1.87,0.0,0.0,0.0167,1,0,0,0,0,0
1778649633.626654,2026-05-13 08:20:33,1,1,1,0.0,0.0,0.0,0.0,3.73,0.0,0.0,0.0333,1,1,1,1,0.0,0.0,0.0,0.0,1.87,0.0,0.0,0.0167,1,5,1,1,0.0,0.0,0.0,0.0,1.87,0.0,0.0,0.0167,1,0,0,0,0,0
1778649663.626654,2026-05-13 08:21:03,0,0,0,0.0,0.0,0.0,0.0,0.0,0.0,0.0,0.0,0,1,1,1,0.0,0.0,0.0,0.0,1.87,0.0,0.0,0.0167,1,5,1,1,0.0,0.0,0.0,0.0,1.87,0.0,0.0,0.0167,1,0,0,0,0,0
1778649693.626654,2026-05-13 08:21:33,1,1,1,0.0,0.0,0.0,0.0,3.73,0.0,0.0,0.0333,1,1,1,1,0.0,0.0,0.0,0.0,1.87,0.0,0.0,0.0167,1,5,1,1,0.0,0.0,0.0,0.0,1.87,0.0,0.0,0.0167,1,0,0,0,0,0
1778649723.626654,2026-05-13 08:22:03,0,0,0,0.0,0.0,0.0,0.0,0.0,0.0,0.0,0.0,0,1,1,1,0.0,0.0,0.0,0.0,1.87,0.0,0.0,0.0167,1,5,1,1,0.0,0.0,0.0,0.0,1.87,0.0,0.0,0.0167,1,0,0,0,0,0
1778649753.626654,2026-05-13 08:22:33,1,1,1,0.0,0.0,0.0,0.0,3.73,0.0,0.0,0.0333,1,1,1,1,0.0,0.0,0.0,0.0,1.87,0.0,0.0,0.0167,1,5,1,1,0.0,0.0,0.0,0.0,1.87,0.0,0.0,0.0167,1,0,0,0,0,0
1778649783.626654,2026-05-13 08:23:03,0,0,0,0.0,0.0,0.0,0.0,0.0,0.0,0.0,0.0,0,1,1,1,0.0,0.0,0.0,0.0,1.87,0.0,0.0,0.0167,1,5,1,1,0.0,0.0,0.0,0.0,1.87,0.0,0.0,0.0167,1,0,0,0,0,0
1778649813.626654,2026-05-13 08:23:33,1,1,1,0.0,0.0,0.0,0.0,3.73,0.0,0.0,0.0333,1,1,1,1,0.0,0.0,0.0,0.0,1.87,0.0,0.0,0.0167,1,5,1,1,0.0,0.0,0.0,0.0,1.87,0.0,0.0,0.0167,1,0,0,0,0,0
1778649843.626654,2026-05-13 08:24:03,0,0,0,0.0,0.0,0.0,0.0,0.0,0.0,0.0,0.0,0,1,1,1,0.0,0.0,0.0,0.0,1.87,0.0,0.0,0.0167,1,5,1,1,0.0,0.0,0.0,0.0,1.87,0.0,0.0,0.0167,1,0,0,0,0,0
1778649873.626654,2026-05-13 08:24:33,1,1,1,0.0,0.0,0.0,0.0,3.73,0.0,0.0,0.0333,1,1,1,1,0.0,0.0,0.0,0.0,1.87,0.0,0.0,0.0167,1,5,1,1,0.0,0.0,0.0,0.0,1.87,0.0,0.0,0.0167,1,0,0,0,0,0
1778649903.626654,2026-05-13 08:25:03,0,0,0,0.0,0.0,0.0,0.0,0.0,0.0,0.0,0.0,0,1,1,1,0.0,0.0,0.0,0.0,1.87,0.0,0.0,0.0167,1,5,1,1,0.0,0.0,0.0,0.0,1.87,0.0,0.0,0.0167,1,0,0,0,0,0
1778649933.626654,2026-05-13 08:25:33,1,1,1,0.0,0.0,0.0001,0.0,3.73,0.0,0.0,0.0333,1,1,1,1,0.0,0.0,0.0001,0.0,1.87,0.0,0.0,0.0167,1,5,1,1,0.0,0.0,0.0,0.0,1.87,0.0,0.0,0.0167,1,0,0,0,0,0
1778649963.626654,2026-05-13 08:26:03,0,0,0,0.0,0.0,0.0,0.0,0.0,0.0,0.0,0.0,0,1,1,1,0.0,0.0,0.0001,0.0,1.87,0.0,0.0,0.0167,1,5,1,1,0.0,0.0,0.0,0.0,1.87,0.0,0.0,0.0167,1,0,0,0,0,0
1778649993.626654,2026-05-13 08:26:33,1,1,1,0.0,0.0,0.0,0.0,3.73,0.0,0.0,0.0333,1,1,1,1,0.0,0.0,0.0,0.0,1.87,0.0,0.0,0.0167,1,5,1,1,0.0,0.0,0.0,0.0,1.87,0.0,0.0001,0.0167,1,0,0,0,0,0
1778650023.626654,2026-05-13 08:27:03,0,0,0,0.0,0.0,0.0,0.0,0.0,0.0,0.0,0.0,0,1,1,1,0.0,0.0,0.0,0.0,1.87,0.0,0.0,0.0167,1,5,1,1,0.0,0.0,0.0,0.0,1.87,0.0,0.0001,0.0167,1,0,0,0,0,0
1778650053.626654,2026-05-13 08:27:33,1,1,1,0.0,0.0,0.0001,0.0,3.73,0.0,0.0,0.0333,1,1,1,1,0.0,0.0,0.0001,0.0,1.87,0.0,0.0,0.0167,1,5,1,1,0.0,0.0,0.0,0.0,1.87,0.0,0.0001,0.0167,1,0,0,0,0,0
1778650083.626654,2026-05-13 08:28:03,0,0,0,0.0,0.0,0.0,0.0,0.0,0.0,0.0,0.0,0,1,1,1,0.0,0.0,0.0001,0.0,1.87,0.0,0.0,0.0167,1,5,1,1,0.0,0.0,0.0,0.0,1.87,0.0,0.0001,0.0167,1,0,0,0,0,0
1778650113.626654,2026-05-13 08:28:33,2,2,2,0.0,0.0,0.0,0.5,3.73,0.0625,0.0,0.0333,1,2,2,2,0.0,0.0,0.0,0.5,1.87,0.0625,0.0,0.0167,1,6,2,2,0.0,0.0,0.0,0.1667,1.87,0.0406,0.0437,0.0167,1,0,0,0,0,0
1778650143.626654,2026-05-13 08:29:03,0,0,0,0.0,0.0,0.0,0.0,0.0,0.0,0.0,0.0,0,2,2,2,0.0,0.0,0.0,0.5,1.87,0.0625,0.0,0.0167,1,6,2,2,0.0,0.0,0.0,0.1667,1.87,0.0406,0.0437,0.0167,1,0,0,0,0,0
1778650173.626654,2026-05-13 08:29:33,1,1,1,0.0,0.0,0.0001,0.0,3.73,0.0,0.0,0.0333,1,1,1,1,0.0,0.0,0.0001,0.0,1.87,0.0,0.0,0.0167,1,6,2,2,0.0,0.0,0.0,0.1667,1.87,0.0406,0.0437,0.0167,1,0,0,0,0,0
1778650203.626654,2026-05-13 08:30:03,1,1,1,0.0,0.0,0.0764,1.0,1.6,0.0,0.0,0.0333,1,2,2,2,0.0,0.0,0.0382,0.5,2.67,0.0625,0.0,0.0167,1,7,3,3,0.0,0.0,0.011,0.2857,2.03,0.0718,0.044,0.0167,1,0,0,0,0,0
1778650233.626654,2026-05-13 08:30:33,0,0,0,0.0,0.0,0.0,0.0,0.0,0.0,0.0,0.0,0,1,1,1,0.0,0.0,0.0764,1.0,0.8,0.0,0.0,0.0167,1,6,3,3,0.0,0.0,0.0128,0.3333,1.65,0.0782,0.0487,0.0133,1,0,0,0,0,0
1778650263.626654,2026-05-13 08:31:03,1,1,1,0.0,0.0,0.0,0.0,3.73,0.0,0.0,0.0333,1,1,1,1,0.0,0.0,0.0,0.0,1.87,0.0,0.0,0.0167,1,7,3,3,0.0,0.0,0.0109,0.2857,2.03,0.0718,0.0438,0.0167,1,0,0,0,0,0
1778650293.626654,2026-05-13 08:31:33,0,0,0,0.0,0.0,0.0,0.0,0.0,0.0,0.0,0.0,0,1,1,1,0.0,0.0,0.0,0.0,1.87,0.0,0.0,0.0167,1,6,3,3,0.0,0.0,0.0128,0.3333,1.65,0.0782,0.0484,0.0133,1,0,0,0,0,0
1778650323.626654,2026-05-13 08:32:03,1,1,1,0.0,0.0,0.0001,0.0,3.73,0.0,0.0,0.0333,1,1,1,1,0.0,0.0,0.0001,0.0,1.87,0.0,0.0,0.0167,1,7,3,3,0.0,0.0,0.011,0.2857,2.03,0.0718,0.0438,0.0167,1,0,0,0,0,0
1778650353.626654,2026-05-13 08:32:33,0,0,0,0.0,0.0,0.0,0.0,0.0,0.0,0.0,0.0,0,1,1,1,0.0,0.0,0.0001,0.0,1.87,0.0,0.0,0.0167,1,6,3,3,0.0,0.0,0.0128,0.3333,1.65,0.0782,0.0489,0.0133,1,0,0,0,0,0
1778650383.626654,2026-05-13 08:33:03,1,1,1,0.0,0.0,0.0,0.0,3.73,0.0,0.0,0.0333,1,1,1,1,0.0,0.0,0.0,0.0,1.87,0.0,0.0,0.0167,1,7,3,3,0.0,0.0,0.0109,0.2857,2.03,0.0718,0.0441,0.0167,1,0,0,0,0,0
1778650413.626654,2026-05-13 08:33:33,0,0,0,0.0,0.0,0.0,0.0,0.0,0.0,0.0,0.0,0,1,1,1,0.0,0.0,0.0,0.0,1.87,0.0,0.0,0.0167,1,5,2,2,0.0,0.0,0.0153,0.2,1.65,0.0451,0.0221,0.0133,1,0,0,0,0,0
1778650443.626654,2026-05-13 08:34:03,1,1,1,0.0,0.0,0.0,0.0,3.73,0.0,0.0,0.0333,1,1,1,1,0.0,0.0,0.0,0.0,1.87,0.0,0.0,0.0167,1,6,2,2,0.0,0.0,0.0128,0.1667,2.03,0.0406,0.02,0.0167,1,0,0,0,0,0
1778650473.626654,2026-05-13 08:34:33,0,0,0,0.0,0.0,0.0,0.0,0.0,0.0,0.0,0.0,0,1,1,1,0.0,0.0,0.0,0.0,1.87,0.0,0.0,0.0167,1,5,2,2,0.0,0.0,0.0153,0.2,1.65,0.0451,0.0018,0.0133,1,0,0,0,0,0
1778650503.626654,2026-05-13 08:35:03,1,1,1,0.0,0.0,0.0,0.0,3.73,0.0,0.0,0.0333,1,1,1,1,0.0,0.0,0.0,0.0,1.87,0.0,0.0,0.0167,1,5,1,1,0.0,0.0,0.0,0.0,1.87,0.0,0.0,0.0167,1,0,0,0,0,0
1778650533.626654,2026-05-13 08:35:33,0,0,0,0.0,0.0,0.0,0.0,0.0,0.0,0.0,0.0,0,1,1,1,0.0,0.0,0.0,0.0,1.87,0.0,0.0,0.0167,1,5,1,1,0.0,0.0,0.0,0.0,1.87,0.0,0.0,0.0167,1,0,0,0,0,0
1778650563.626654,2026-05-13 08:36:03,0,0,0,0.0,0.0,0.0,0.0,0.0,0.0,0.0,0.0,0,0,0,0,0.0,0.0,0.0,0.0,0.0,0.0,0.0,0.0,0,4,1,1,0.0,0.0,0.0,0.0,1.49,0.0,0.0,0.0133,1,0,0,0,0,0
1778650593.626654,2026-05-13 08:36:33,0,0,0,0.0,0.0,0.0,0.0,0.0,0.0,0.0,0.0,0,0,0,0,0.0,0.0,0.0,0.0,0.0,0.0,0.0,0.0,0,4,1,1,0.0,0.0,0.0,0.0,1.49,0.0,0.0,0.0133,1,0,0,0,0,0
1778650623.626654,2026-05-13 08:37:03,0,0,0,0.0,0.0,0.0,0.0,0.0,0.0,0.0,0.0,0,0,0,0,0.0,0.0,0.0,0.0,0.0,0.0,0.0,0.0,0,3,1,1,0.0,0.0,0.0,0.0,1.12,0.0,0.0,0.01,1,0,0,0,0,0
1778650653.626654,2026-05-13 08:37:33,0,0,0,0.0,0.0,0.0,0.0,0.0,0.0,0.0,0.0,0,0,0,0,0.0,0.0,0.0,0.0,0.0,0.0,0.0,0.0,0,3,1,1,0.0,0.0,0.0,0.0,1.12,0.0,0.0,0.01,1,0,0,0,0,0
1778650683.626654,2026-05-13 08:38:03,0,0,0,0.0,0.0,0.0,0.0,0.0,0.0,0.0,0.0,0,0,0,0,0.0,0.0,0.0,0.0,0.0,0.0,0.0,0.0,0,2,1,1,0.0,0.0,0.0,0.0,0.75,0.0,0.0,0.0067,1,0,0,0,0,0
1778650713.626654,2026-05-13 08:38:33,0,0,0,0.0,0.0,0.0,0.0,0.0,0.0,0.0,0.0,0,0,0,0,0.0,0.0,0.0,0.0,0.0,0.0,0.0,0.0,0,2,1,1,0.0,0.0,0.0,0.0,0.75,0.0,0.0,0.0067,1,0,0,0,0,0
1778650743.626654,2026-05-13 08:39:03,0,0,0,0.0,0.0,0.0,0.0,0.0,0.0,0.0,0.0,0,0,0,0,0.0,0.0,0.0,0.0,0.0,0.0,0.0,0.0,0,1,1,1,0.0,0.0,0.0,0.0,0.37,0.0,0.0,0.0033,1,0,0,0,0,0
1778650773.626654,2026-05-13 08:39:33,0,0,0,0.0,0.0,0.0,0.0,0.0,0.0,0.0,0.0,0,0,0,0,0.0,0.0,0.0,0.0,0.0,0.0,0.0,0.0,0,1,1,1,0.0,0.0,0.0,0.0,0.37,0.0,0.0,0.0033,1,0,0,0,0,0
1778650803.626654,2026-05-13 08:40:03,0,0,0,0.0,0.0,0.0,0.0,0.0,0.0,0.0,0.0,0,0,0,0,0.0,0.0,0.0,0.0,0.0,0.0,0.0,0.0,0,0,0,0,0.0,0.0,0.0,0.0,0.0,0.0,0.0,0.0,0,0,0,0,0,0
1778650833.626654,2026-05-13 08:40:33,0,0,0,0.0,0.0,0.0,0.0,0.0,0.0,0.0,0.0,0,0,0,0,0.0,0.0,0.0,0.0,0.0,0.0,0.0,0.0,0,0,0,0,0.0,0.0,0.0,0.0,0.0,0.0,0.0,0.0,0,0,0,0,0,0
1778650863.626654,2026-05-13 08:41:03,0,0,0,0.0,0.0,0.0,0.0,0.0,0.0,0.0,0.0,0,0,0,0,0.0,0.0,0.0,0.0,0.0,0.0,0.0,0.0,0,0,0,0,0.0,0.0,0.0,0.0,0.0,0.0,0.0,0.0,0,0,0,0,0,0
1778650893.626654,2026-05-13 08:41:33,1,1,1,0.0,0.0,0.0001,0.0,3.73,0.0,0.0,0.0333,1,1,1,1,0.0,0.0,0.0001,0.0,1.87,0.0,0.0,0.0167,1,1,1,1,0.0,0.0,0.0001,0.0,0.37,0.0,0.0,0.0033,1,0,0,0,0,0
1778650923.626654,2026-05-13 08:42:03,0,0,0,0.0,0.0,0.0,0.0,0.0,0.0,0.0,0.0,0,1,1,1,0.0,0.0,0.0001,0.0,1.87,0.0,0.0,0.0167,1,1,1,1,0.0,0.0,0.0001,0.0,0.37,0.0,0.0,0.0033,1,0,0,0,0,0
1778650953.626654,2026-05-13 08:42:33,1,1,1,0.0,0.0,0.0,0.0,3.73,0.0,0.0,0.0333,1,1,1,1,0.0,0.0,0.0,0.0,1.87,0.0,0.0,0.0167,1,2,1,1,0.0,0.0,0.0,0.0,0.75,0.0,0.0,0.0067,1,0,0,0,0,0
1778650983.626654,2026-05-13 08:43:03,0,0,0,0.0,0.0,0.0,0.0,0.0,0.0,0.0,0.0,0,1,1,1,0.0,0.0,0.0,0.0,1.87,0.0,0.0,0.0167,1,2,1,1,0.0,0.0,0.0,0.0,0.75,0.0,0.0,0.0067,1,0,0,0,0,0
1778651013.626654,2026-05-13 08:43:33,1,1,1,0.0,0.0,0.0,0.0,3.73,0.0,0.0,0.0333,1,1,1,1,0.0,0.0,0.0,0.0,1.87,0.0,0.0,0.0167,1,3,1,1,0.0,0.0,0.0,0.0,1.12,0.0,0.0001,0.01,1,0,0,0,0,0
1778651043.626654,2026-05-13 08:44:03,0,0,0,0.0,0.0,0.0,0.0,0.0,0.0,0.0,0.0,0,1,1,1,0.0,0.0,0.0,0.0,1.87,0.0,0.0,0.0167,1,3,1,1,0.0,0.0,0.0,0.0,1.12,0.0,0.0001,0.01,1,0,0,0,0,0
1778651073.626654,2026-05-13 08:44:33,1,1,1,0.0,0.0,0.0,0.0,3.73,0.0,0.0,0.0333,1,1,1,1,0.0,0.0,0.0,0.0,1.87,0.0,0.0,0.0167,1,4,1,1,0.0,0.0,0.0,0.0,1.49,0.0,0.0001,0.0133,1,0,0,0,0,0
1778651103.626654,2026-05-13 08:45:03,0,0,0,0.0,0.0,0.0,0.0,0.0,0.0,0.0,0.0,0,1,1,1,0.0,0.0,0.0,0.0,1.87,0.0,0.0,0.0167,1,4,1,1,0.0,0.0,0.0,0.0,1.49,0.0,0.0001,0.0133,1,0,0,0,0,0
1778651133.626654,2026-05-13 08:45:33,1,1,1,0.0,0.0,0.0,0.0,3.73,0.0,0.0,0.0333,1,1,1,1,0.0,0.0,0.0,0.0,1.87,0.0,0.0,0.0167,1,5,1,1,0.0,0.0,0.0,0.0,1.87,0.0,0.0001,0.0167,1,0,0,0,0,0
1778651163.626654,2026-05-13 08:46:03,0,0,0,0.0,0.0,0.0,0.0,0.0,0.0,0.0,0.0,0,1,1,1,0.0,0.0,0.0,0.0,1.87,0.0,0.0,0.0167,1,5,1,1,0.0,0.0,0.0,0.0,1.87,0.0,0.0001,0.0167,1,0,0,0,0,0
1778651193.626654,2026-05-13 08:46:33,1,1,1,0.0,0.0,0.0001,0.0,3.73,0.0,0.0,0.0333,1,1,1,1,0.0,0.0,0.0001,0.0,1.87,0.0,0.0,0.0167,1,5,1,1,0.0,0.0,0.0,0.0,1.87,0.0,0.0,0.0167,1,0,0,0,0,0
1778651223.626654,2026-05-13 08:47:03,0,0,0,0.0,0.0,0.0,0.0,0.0,0.0,0.0,0.0,0,1,1,1,0.0,0.0,0.0001,0.0,1.87,0.0,0.0,0.0167,1,5,1,1,0.0,0.0,0.0,0.0,1.87,0.0,0.0,0.0167,1,0,0,0,0,0
1778651253.626654,2026-05-13 08:47:33,1,1,1,0.0,0.0,0.0,0.0,3.73,0.0,0.0,0.0333,1,1,1,1,0.0,0.0,0.0,0.0,1.87,0.0,0.0,0.0167,1,5,1,1,0.0,0.0,0.0,0.0,1.87,0.0,0.0,0.0167,1,0,0,0,0,0
1778651283.626654,2026-05-13 08:48:03,0,0,0,0.0,0.0,0.0,0.0,0.0,0.0,0.0,0.0,0,1,1,1,0.0,0.0,0.0,0.0,1.87,0.0,0.0,0.0167,1,5,1,1,0.0,0.0,0.0,0.0,1.87,0.0,0.0,0.0167,1,0,0,0,0,0
1778651313.626654,2026-05-13 08:48:33,1,1,1,0.0,0.0,0.0,0.0,3.73,0.0,0.0,0.0333,1,1,1,1,0.0,0.0,0.0,0.0,1.87,0.0,0.0,0.0167,1,5,1,1,0.0,0.0,0.0,0.0,1.87,0.0,0.0001,0.0167,1,0,0,0,0,0
1778651343.626654,2026-05-13 08:49:03,0,0,0,0.0,0.0,0.0,0.0,0.0,0.0,0.0,0.0,0,1,1,1,0.0,0.0,0.0,0.0,1.87,0.0,0.0,0.0167,1,5,1,1,0.0,0.0,0.0,0.0,1.87,0.0,0.0001,0.0167,1,0,0,0,0,0
1778651373.626654,2026-05-13 08:49:33,1,1,1,0.0,0.0,0.0,0.0,3.73,0.0,0.0,0.0333,1,1,1,1,0.0,0.0,0.0,0.0,1.87,0.0,0.0,0.0167,1,5,1,1,0.0,0.0,0.0,0.0,1.87,0.0,0.0001,0.0167,1,0,0,0,0,0
1778651403.626654,2026-05-13 08:50:03,0,0,0,0.0,0.0,0.0,0.0,0.0,0.0,0.0,0.0,0,1,1,1,0.0,0.0,0.0,0.0,1.87,0.0,0.0,0.0167,1,5,1,1,0.0,0.0,0.0,0.0,1.87,0.0,0.0001,0.0167,1,0,0,0,0,0
1778651433.626654,2026-05-13 08:50:33,1,1,1,0.0,0.0,0.0,0.0,3.73,0.0,0.0,0.0333,1,1,1,1,0.0,0.0,0.0,0.0,1.87,0.0,0.0,0.0167,1,5,1,1,0.0,0.0,0.0,0.0,1.87,0.0,0.0001,0.0167,1,0,0,0,0,0
1778651463.626654,2026-05-13 08:51:03,0,0,0,0.0,0.0,0.0,0.0,0.0,0.0,0.0,0.0,0,1,1,1,0.0,0.0,0.0,0.0,1.87,0.0,0.0,0.0167,1,5,1,1,0.0,0.0,0.0,0.0,1.87,0.0,0.0001,0.0167,1,0,0,0,0,0
1778651493.626654,2026-05-13 08:51:33,1,1,1,0.0,0.0,0.0001,0.0,3.73,0.0,0.0,0.0333,1,1,1,1,0.0,0.0,0.0001,0.0,1.87,0.0,0.0,0.0167,1,5,1,1,0.0,0.0,0.0,0.0,1.87,0.0,0.0001,0.0167,1,0,0,0,0,0
1778651523.626654,2026-05-13 08:52:03,0,0,0,0.0,0.0,0.0,0.0,0.0,0.0,0.0,0.0,0,1,1,1,0.0,0.0,0.0001,0.0,1.87,0.0,0.0,0.0167,1,5,1,1,0.0,0.0,0.0,0.0,1.87,0.0,0.0001,0.0167,1,0,0,0,0,0
1778651553.626654,2026-05-13 08:52:33,1,1,1,0.0,0.0,0.0,0.0,3.73,0.0,0.0,0.0333,1,1,1,1,0.0,0.0,0.0,0.0,1.87,0.0,0.0,0.0167,1,5,1,1,0.0,0.0,0.0,0.0,1.87,0.0,0.0,0.0167,1,0,0,0,0,0
1778651583.626654,2026-05-13 08:53:03,0,0,0,0.0,0.0,0.0,0.0,0.0,0.0,0.0,0.0,0,1,1,1,0.0,0.0,0.0,0.0,1.87,0.0,0.0,0.0167,1,5,1,1,0.0,0.0,0.0,0.0,1.87,0.0,0.0,0.0167,1,0,0,0,0,0
1778651613.626654,2026-05-13 08:53:33,1,1,1,0.0,0.0,0.0,0.0,3.73,0.0,0.0,0.0333,1,1,1,1,0.0,0.0,0.0,0.0,1.87,0.0,0.0,0.0167,1,5,1,1,0.0,0.0,0.0,0.0,1.87,0.0,0.0,0.0167,1,0,0,0,0,0
1778651643.626654,2026-05-13 08:54:03,0,0,0,0.0,0.0,0.0,0.0,0.0,0.0,0.0,0.0,0,1,1,1,0.0,0.0,0.0,0.0,1.87,0.0,0.0,0.0167,1,5,1,1,0.0,0.0,0.0,0.0,1.87,0.0,0.0,0.0167,1,0,0,0,0,0
1778651673.626654,2026-05-13 08:54:33,1,1,1,0.0,0.0,0.0,0.0,3.73,0.0,0.0,0.0333,1,1,1,1,0.0,0.0,0.0,0.0,1.87,0.0,0.0,0.0167,1,5,1,1,0.0,0.0,0.0,0.0,1.87,0.0,0.0001,0.0167,1,0,0,0,0,0
1778651703.626654,2026-05-13 08:55:03,0,0,0,0.0,0.0,0.0,0.0,0.0,0.0,0.0,0.0,0,1,1,1,0.0,0.0,0.0,0.0,1.87,0.0,0.0,0.0167,1,5,1,1,0.0,0.0,0.0,0.0,1.87,0.0,0.0001,0.0167,1,0,0,0,0,0
1778651733.626654,2026-05-13 08:55:33,1,1,1,0.0,0.0,0.0,0.0,3.73,0.0,0.0,0.0333,1,1,1,1,0.0,0.0,0.0,0.0,1.87,0.0,0.0,0.0167,1,5,1,1,0.0,0.0,0.0,0.0,1.87,0.0,0.0,0.0167,1,0,0,0,0,0
1778651763.626654,2026-05-13 08:56:03,0,0,0,0.0,0.0,0.0,0.0,0.0,0.0,0.0,0.0,0,1,1,1,0.0,0.0,0.0,0.0,1.87,0.0,0.0,0.0167,1,5,1,1,0.0,0.0,0.0,0.0,1.87,0.0,0.0,0.0167,1,0,0,0,0,0
1778651793.626654,2026-05-13 08:56:33,1,1,1,0.0,0.0,0.0,0.0,3.73,0.0,0.0,0.0333,1,1,1,1,0.0,0.0,0.0,0.0,1.87,0.0,0.0,0.0167,1,5,1,1,0.0,0.0,0.0,0.0,1.87,0.0,0.0001,0.0167,1,0,0,0,0,0
1778651823.626654,2026-05-13 08:57:03,0,0,0,0.0,0.0,0.0,0.0,0.0,0.0,0.0,0.0,0,1,1,1,0.0,0.0,0.0,0.0,1.87,0.0,0.0,0.0167,1,5,1,1,0.0,0.0,0.0,0.0,1.87,0.0,0.0001,0.0167,1,0,0,0,0,0
1778651853.626654,2026-05-13 08:57:33,1,1,1,0.0,0.0,0.0,0.0,3.73,0.0,0.0,0.0333,1,1,1,1,0.0,0.0,0.0,0.0,1.87,0.0,0.0,0.0167,1,5,1,1,0.0,0.0,0.0,0.0,1.87,0.0,0.0,0.0167,1,0,0,0,0,0
1778651883.626654,2026-05-13 08:58:03,0,0,0,0.0,0.0,0.0,0.0,0.0,0.0,0.0,0.0,0,1,1,1,0.0,0.0,0.0,0.0,1.87,0.0,0.0,0.0167,1,5,1,1,0.0,0.0,0.0,0.0,1.87,0.0,0.0,0.0167,1,0,0,0,0,0
1778651913.626654,2026-05-13 08:58:33,1,1,1,0.0,0.0,0.0,0.0,3.73,0.0,0.0,0.0333,1,1,1,1,0.0,0.0,0.0,0.0,1.87,0.0,0.0,0.0167,1,5,1,1,0.0,0.0,0.0,0.0,1.87,0.0,0.0,0.0167,1,0,0,0,0,0
1778651943.626654,2026-05-13 08:59:03,0,0,0,0.0,0.0,0.0,0.0,0.0,0.0,0.0,0.0,0,1,1,1,0.0,0.0,0.0,0.0,1.87,0.0,0.0,0.0167,1,5,1,1,0.0,0.0,0.0,0.0,1.87,0.0,0.0,0.0167,1,0,0,0,0,0
1778651973.626654,2026-05-13 08:59:33,1,1,1,0.0,0.0,0.0,0.0,3.73,0.0,0.0,0.0333,1,1,1,1,0.0,0.0,0.0,0.0,1.87,0.0,0.0,0.0167,1,5,1,1,0.0,0.0,0.0,0.0,1.87,0.0,0.0,0.0167,1,0,0,0,0,0
1778652003.626654,2026-05-13 09:00:03,11,1,1,0.0,0.3667,0.0782,0.0,63.03,0.0,0.1111,0.3667,1,12,2,2,0.0,0.1833,0.0717,0.0,33.38,0.0259,0.3071,0.1833,1,16,2,2,0.0,0.0367,0.0538,0.0,8.17,0.056,0.1456,0.0367,1,0,0,0,0,0
1778652033.626654,2026-05-13 09:00:33,0,0,0,0.0,0.0,0.0,0.0,0.0,0.0,0.0,0.0,0,11,1,1,0.0,0.1833,0.0782,0.0,31.52,0.0,0.1111,0.1833,1,15,2,2,0.0,0.0367,0.0574,0.0,7.8,0.0523,0.1634,0.0367,1,0,0,0,0,0
1778652063.626654,2026-05-13 09:01:03,0,0,0,0.0,0.0,0.0,0.0,0.0,0.0,0.0,0.0,0,0,0,0,0.0,0.0,0.0,0.0,0.0,0.0,0.0,0.0,0,15,2,2,0.0,0.0367,0.0574,0.0,7.8,0.0523,0.1634,0.0367,1,0,0,0,0,0
1778652093.626654,2026-05-13 09:01:33,0,0,0,0.0,0.0,0.0,0.0,0.0,0.0,0.0,0.0,0,0,0,0,0.0,0.0,0.0,0.0,0.0,0.0,0.0,0.0,0,14,2,2,0.0,0.0367,0.0615,0.0,7.42,0.0468,0.1898,0.0367,1,0,0,0,0,0
1778652123.626654,2026-05-13 09:02:03,0,0,0,0.0,0.0,0.0,0.0,0.0,0.0,0.0,0.0,0,0,0,0,0.0,0.0,0.0,0.0,0.0,0.0,0.0,0.0,0,14,2,2,0.0,0.0367,0.0615,0.0,7.42,0.0468,0.1898,0.0367,1,0,0,0,0,0
1778652153.626654,2026-05-13 09:02:33,0,0,0,0.0,0.0,0.0,0.0,0.0,0.0,0.0,0.0,0,0,0,0,0.0,0.0,0.0,0.0,0.0,0.0,0.0,0.0,0,13,2,2,0.0,0.0367,0.0662,0.0,7.05,0.0387,0.2344,0.0367,1,0,0,0,0,0
1778652183.626654,2026-05-13 09:03:03,0,0,0,0.0,0.0,0.0,0.0,0.0,0.0,0.0,0.0,0,0,0,0,0.0,0.0,0.0,0.0,0.0,0.0,0.0,0.0,0,13,2,2,0.0,0.0367,0.0662,0.0,7.05,0.0387,0.2344,0.0367,1,0,0,0,0,0
1778652213.626654,2026-05-13 09:03:33,0,0,0,0.0,0.0,0.0,0.0,0.0,0.0,0.0,0.0,0,0,0,0,0.0,0.0,0.0,0.0,0.0,0.0,0.0,0.0,0,12,2,2,0.0,0.0367,0.0717,0.0,6.68,0.0259,0.3071,0.0367,1,0,0,0,0,0
1778652243.626654,2026-05-13 09:04:03,1,1,1,0.0,0.0,0.0835,1.0,1.6,0.0,0.0,0.0333,1,1,1,1,0.0,0.0,0.0835,1.0,0.8,0.0,0.0,0.0167,1,13,3,3,0.0,0.0367,0.0726,0.0769,6.84,0.0483,0.2918,0.04,2,0,0,0,0,0
1778652273.626654,2026-05-13 09:04:33,0,0,0,0.0,0.0,0.0,0.0,0.0,0.0,0.0,0.0,0,1,1,1,0.0,0.0,0.0835,1.0,0.8,0.0,0.0,0.0167,1,12,2,2,0.0,0.0367,0.0787,0.0833,6.46,0.0259,0.315,0.04,2,0,0,0,0,0
1778652303.626654,2026-05-13 09:05:03,0,0,0,0.0,0.0,0.0,0.0,0.0,0.0,0.0,0.0,0,0,0,0,0.0,0.0,0.0,0.0,0.0,0.0,0.0,0.0,0,1,1,1,0.0,0.0,0.0835,1.0,0.16,0.0,0.0,0.0033,1,0,0,0,0,0
1778652333.626654,2026-05-13 09:05:33,0,0,0,0.0,0.0,0.0,0.0,0.0,0.0,0.0,0.0,0,0,0,0,0.0,0.0,0.0,0.0,0.0,0.0,0.0,0.0,0,1,1,1,0.0,0.0,0.0835,1.0,0.16,0.0,0.0,0.0033,1,0,0,0,0,0
1778652363.626654,2026-05-13 09:06:03,0,0,0,0.0,0.0,0.0,0.0,0.0,0.0,0.0,0.0,0,0,0,0,0.0,0.0,0.0,0.0,0.0,0.0,0.0,0.0,0,1,1,1,0.0,0.0,0.0835,1.0,0.16,0.0,0.0,0.0033,1,0,0,0,0,0
1778652393.626654,2026-05-13 09:06:33,1,1,1,0.0,0.0,0.0,0.0,3.73,0.0,0.0,0.0333,1,1,1,1,0.0,0.0,0.0,0.0,1.87,0.0,0.0,0.0167,1,2,2,2,0.0,0.0,0.0417,0.5,0.53,0.0625,0.0,0.0033,1,0,0,0,0,0
1778652423.626654,2026-05-13 09:07:03,0,0,0,0.0,0.0,0.0,0.0,0.0,0.0,0.0,0.0,0,1,1,1,0.0,0.0,0.0,0.0,1.87,0.0,0.0,0.0167,1,2,2,2,0.0,0.0,0.0417,0.5,0.53,0.0625,0.0,0.0033,1,0,0,0,0,0
1778652453.626654,2026-05-13 09:07:33,1,1,1,0.0,0.0,0.0,0.0,3.73,0.0,0.0,0.0333,1,1,1,1,0.0,0.0,0.0,0.0,1.87,0.0,0.0,0.0167,1,3,2,2,0.0,0.0,0.0278,0.3333,0.91,0.0574,0.0423,0.0067,1,0,0,0,0,0
1778652483.626654,2026-05-13 09:08:03,0,0,0,0.0,0.0,0.0,0.0,0.0,0.0,0.0,0.0,0,1,1,1,0.0,0.0,0.0,0.0,1.87,0.0,0.0,0.0167,1,3,2,2,0.0,0.0,0.0278,0.3333,0.91,0.0574,0.0423,0.0067,1,0,0,0,0,0
1778652513.626654,2026-05-13 09:08:33,1,1,1,0.0,0.0,0.0,0.0,3.73,0.0,0.0,0.0333,1,1,1,1,0.0,0.0,0.0,0.0,1.87,0.0,0.0,0.0167,1,4,2,2,0.0,0.0,0.0209,0.25,1.28,0.0507,0.0464,0.01,1,0,0,0,0,0
1778652543.626654,2026-05-13 09:09:03,0,0,0,0.0,0.0,0.0,0.0,0.0,0.0,0.0,0.0,0,1,1,1,0.0,0.0,0.0,0.0,1.87,0.0,0.0,0.0167,1,3,1,1,0.0,0.0,0.0,0.0,1.12,0.0,0.0,0.01,1,0,0,0,0,0
1778652573.626654,2026-05-13 09:09:33,1,1,1,0.0,0.0,0.0,0.0,3.73,0.0,0.0,0.0333,1,1,1,1,0.0,0.0,0.0,0.0,1.87,0.0,0.0,0.0167,1,4,1,1,0.0,0.0,0.0,0.0,1.49,0.0,0.0,0.0133,1,0,0,0,0,0
1778652603.626654,2026-05-13 09:10:03,0,0,0,0.0,0.0,0.0,0.0,0.0,0.0,0.0,0.0,0,1,1,1,0.0,0.0,0.0,0.0,1.87,0.0,0.0,0.0167,1,4,1,1,0.0,0.0,0.0,0.0,1.49,0.0,0.0,0.0133,1,0,0,0,0,0
1778652633.626654,2026-05-13 09:10:33,0,0,0,0.0,0.0,0.0,0.0,0.0,0.0,0.0,0.0,0,0,0,0,0.0,0.0,0.0,0.0,0.0,0.0,0.0,0.0,0,4,1,1,0.0,0.0,0.0,0.0,1.49,0.0,0.0,0.0133,1,0,0,0,0,0
1778652663.626654,2026-05-13 09:11:03,0,0,0,0.0,0.0,0.0,0.0,0.0,0.0,0.0,0.0,0,0,0,0,0.0,0.0,0.0,0.0,0.0,0.0,0.0,0.0,0,4,1,1,0.0,0.0,0.0,0.0,1.49,0.0,0.0,0.0133,1,0,0,0,0,0
1778652693.626654,2026-05-13 09:11:33,0,0,0,0.0,0.0,0.0,0.0,0.0,0.0,0.0,0.0,0,0,0,0,0.0,0.0,0.0,0.0,0.0,0.0,0.0,0.0,0,3,1,1,0.0,0.0,0.0,0.0,1.12,0.0,0.0,0.01,1,0,0,0,0,0
1778652723.626654,2026-05-13 09:12:03,0,0,0,0.0,0.0,0.0,0.0,0.0,0.0,0.0,0.0,0,0,0,0,0.0,0.0,0.0,0.0,0.0,0.0,0.0,0.0,0,3,1,1,0.0,0.0,0.0,0.0,1.12,0.0,0.0,0.01,1,0,0,0,0,0
1778652753.626654,2026-05-13 09:12:33,0,0,0,0.0,0.0,0.0,0.0,0.0,0.0,0.0,0.0,0,0,0,0,0.0,0.0,0.0,0.0,0.0,0.0,0.0,0.0,0,2,1,1,0.0,0.0,0.0,0.0,0.75,0.0,0.0,0.0067,1,0,0,0,0,0
1778652783.626654,2026-05-13 09:13:03,0,0,0,0.0,0.0,0.0,0.0,0.0,0.0,0.0,0.0,0,0,0,0,0.0,0.0,0.0,0.0,0.0,0.0,0.0,0.0,0,2,1,1,0.0,0.0,0.0,0.0,0.75,0.0,0.0,0.0067,1,0,0,0,0,0
1778652813.626654,2026-05-13 09:13:33,0,0,0,0.0,0.0,0.0,0.0,0.0,0.0,0.0,0.0,0,0,0,0,0.0,0.0,0.0,0.0,0.0,0.0,0.0,0.0,0,1,1,1,0.0,0.0,0.0,0.0,0.37,0.0,0.0,0.0033,1,0,0,0,0,0
1778652843.626654,2026-05-13 09:14:03,0,0,0,0.0,0.0,0.0,0.0,0.0,0.0,0.0,0.0,0,0,0,0,0.0,0.0,0.0,0.0,0.0,0.0,0.0,0.0,0,1,1,1,0.0,0.0,0.0,0.0,0.37,0.0,0.0,0.0033,1,0,0,0,0,0
1778652873.626654,2026-05-13 09:14:33,0,0,0,0.0,0.0,0.0,0.0,0.0,0.0,0.0,0.0,0,0,0,0,0.0,0.0,0.0,0.0,0.0,0.0,0.0,0.0,0,0,0,0,0.0,0.0,0.0,0.0,0.0,0.0,0.0,0.0,0,0,0,0,0,0
1778652903.626654,2026-05-13 09:15:03,0,0,0,0.0,0.0,0.0,0.0,0.0,0.0,0.0,0.0,0,0,0,0,0.0,0.0,0.0,0.0,0.0,0.0,0.0,0.0,0,0,0,0,0.0,0.0,0.0,0.0,0.0,0.0,0.0,0.0,0,0,0,0,0,0
1778652933.626654,2026-05-13 09:15:33,0,0,0,0.0,0.0,0.0,0.0,0.0,0.0,0.0,0.0,0,0,0,0,0.0,0.0,0.0,0.0,0.0,0.0,0.0,0.0,0,0,0,0,0.0,0.0,0.0,0.0,0.0,0.0,0.0,0.0,0,0,0,0,0,0
1778652963.626654,2026-05-13 09:16:03,0,0,0,0.0,0.0,0.0,0.0,0.0,0.0,0.0,0.0,0,0,0,0,0.0,0.0,0.0,0.0,0.0,0.0,0.0,0.0,0,0,0,0,0.0,0.0,0.0,0.0,0.0,0.0,0.0,0.0,0,0,0,0,0,0
1778652993.626654,2026-05-13 09:16:33,0,0,0,0.0,0.0,0.0,0.0,0.0,0.0,0.0,0.0,0,0,0,0,0.0,0.0,0.0,0.0,0.0,0.0,0.0,0.0,0,0,0,0,0.0,0.0,0.0,0.0,0.0,0.0,0.0,0.0,0,0,0,0,0,0
1778653023.626654,2026-05-13 09:17:03,1,1,1,0.0,0.0,0.0,0.0,3.73,0.0,0.0,0.0333,1,1,1,1,0.0,0.0,0.0,0.0,1.87,0.0,0.0,0.0167,1,1,1,1,0.0,0.0,0.0,0.0,0.37,0.0,0.0,0.0033,1,0,0,0,0,0
1778653053.626654,2026-05-13 09:17:33,0,0,0,0.0,0.0,0.0,0.0,0.0,0.0,0.0,0.0,0,1,1,1,0.0,0.0,0.0,0.0,1.87,0.0,0.0,0.0167,1,1,1,1,0.0,0.0,0.0,0.0,0.37,0.0,0.0,0.0033,1,0,0,0,0,0
1778653083.626654,2026-05-13 09:18:03,1,1,1,0.0,0.0,0.0,0.0,3.73,0.0,0.0,0.0333,1,1,1,1,0.0,0.0,0.0,0.0,1.87,0.0,0.0,0.0167,1,2,1,1,0.0,0.0,0.0,0.0,0.75,0.0,0.0,0.0067,1,0,0,0,0,0
1778653113.626654,2026-05-13 09:18:33,0,0,0,0.0,0.0,0.0,0.0,0.0,0.0,0.0,0.0,0,1,1,1,0.0,0.0,0.0,0.0,1.87,0.0,0.0,0.0167,1,2,1,1,0.0,0.0,0.0,0.0,0.75,0.0,0.0,0.0067,1,0,0,0,0,0
1778653143.626654,2026-05-13 09:19:03,1,1,1,0.0,0.0,0.0,0.0,3.73,0.0,0.0,0.0333,1,1,1,1,0.0,0.0,0.0,0.0,1.87,0.0,0.0,0.0167,1,3,1,1,0.0,0.0,0.0,0.0,1.12,0.0,0.0001,0.01,1,0,0,0,0,0
1778653173.626654,2026-05-13 09:19:33,0,0,0,0.0,0.0,0.0,0.0,0.0,0.0,0.0,0.0,0,1,1,1,0.0,0.0,0.0,0.0,1.87,0.0,0.0,0.0167,1,3,1,1,0.0,0.0,0.0,0.0,1.12,0.0,0.0001,0.01,1,0,0,0,0,0
1778653203.626654,2026-05-13 09:20:03,1,1,1,0.0,0.0,0.0,0.0,3.73,0.0,0.0,0.0333,1,1,1,1,0.0,0.0,0.0,0.0,1.87,0.0,0.0,0.0167,1,4,1,1,0.0,0.0,0.0,0.0,1.49,0.0,0.0001,0.0133,1,0,0,0,0,0
1778653233.626654,2026-05-13 09:20:33,0,0,0,0.0,0.0,0.0,0.0,0.0,0.0,0.0,0.0,0,1,1,1,0.0,0.0,0.0,0.0,1.87,0.0,0.0,0.0167,1,4,1,1,0.0,0.0,0.0,0.0,1.49,0.0,0.0001,0.0133,1,0,0,0,0,0
1778653263.626654,2026-05-13 09:21:03,0,0,0,0.0,0.0,0.0,0.0,0.0,0.0,0.0,0.0,0,0,0,0,0.0,0.0,0.0,0.0,0.0,0.0,0.0,0.0,0,4,1,1,0.0,0.0,0.0,0.0,1.49,0.0,0.0001,0.0133,1,0,0,0,0,0
1778653293.626654,2026-05-13 09:21:33,0,0,0,0.0,0.0,0.0,0.0,0.0,0.0,0.0,0.0,0,0,0,0,0.0,0.0,0.0,0.0,0.0,0.0,0.0,0.0,0,4,1,1,0.0,0.0,0.0,0.0,1.49,0.0,0.0001,0.0133,1,0,0,0,0,0
1778653323.626654,2026-05-13 09:22:03,0,0,0,0.0,0.0,0.0,0.0,0.0,0.0,0.0,0.0,0,0,0,0,0.0,0.0,0.0,0.0,0.0,0.0,0.0,0.0,0,3,1,1,0.0,0.0,0.0,0.0,1.12,0.0,0.0001,0.01,1,0,0,0,0,0
1778653353.626654,2026-05-13 09:22:33,0,0,0,0.0,0.0,0.0,0.0,0.0,0.0,0.0,0.0,0,0,0,0,0.0,0.0,0.0,0.0,0.0,0.0,0.0,0.0,0,3,1,1,0.0,0.0,0.0,0.0,1.12,0.0,0.0001,0.01,1,0,0,0,0,0
1778653383.626654,2026-05-13 09:23:03,0,0,0,0.0,0.0,0.0,0.0,0.0,0.0,0.0,0.0,0,0,0,0,0.0,0.0,0.0,0.0,0.0,0.0,0.0,0.0,0,2,1,1,0.0,0.0,0.0,0.0,0.75,0.0,0.0,0.0067,1,0,0,0,0,0
1778653413.626654,2026-05-13 09:23:33,0,0,0,0.0,0.0,0.0,0.0,0.0,0.0,0.0,0.0,0,0,0,0,0.0,0.0,0.0,0.0,0.0,0.0,0.0,0.0,0,2,1,1,0.0,0.0,0.0,0.0,0.75,0.0,0.0,0.0067,1,0,0,0,0,0
1778653443.626654,2026-05-13 09:24:03,0,0,0,0.0,0.0,0.0,0.0,0.0,0.0,0.0,0.0,0,0,0,0,0.0,0.0,0.0,0.0,0.0,0.0,0.0,0.0,0,1,1,1,0.0,0.0,0.0,0.0,0.37,0.0,0.0,0.0033,1,0,0,0,0,0
1778653473.626654,2026-05-13 09:24:33,0,0,0,0.0,0.0,0.0,0.0,0.0,0.0,0.0,0.0,0,0,0,0,0.0,0.0,0.0,0.0,0.0,0.0,0.0,0.0,0,1,1,1,0.0,0.0,0.0,0.0,0.37,0.0,0.0,0.0033,1,0,0,0,0,0
1778653503.626654,2026-05-13 09:25:03,0,0,0,0.0,0.0,0.0,0.0,0.0,0.0,0.0,0.0,0,0,0,0,0.0,0.0,0.0,0.0,0.0,0.0,0.0,0.0,0,0,0,0,0.0,0.0,0.0,0.0,0.0,0.0,0.0,0.0,0,0,0,0,0,0
1778653533.626654,2026-05-13 09:25:33,0,0,0,0.0,0.0,0.0,0.0,0.0,0.0,0.0,0.0,0,0,0,0,0.0,0.0,0.0,0.0,0.0,0.0,0.0,0.0,0,0,0,0,0.0,0.0,0.0,0.0,0.0,0.0,0.0,0.0,0,0,0,0,0,0
1778653563.626654,2026-05-13 09:26:03,0,0,0,0.0,0.0,0.0,0.0,0.0,0.0,0.0,0.0,0,0,0,0,0.0,0.0,0.0,0.0,0.0,0.0,0.0,0.0,0,0,0,0,0.0,0.0,0.0,0.0,0.0,0.0,0.0,0.0,0,0,0,0,0,0
1778653593.626654,2026-05-13 09:26:33,0,0,0,0.0,0.0,0.0,0.0,0.0,0.0,0.0,0.0,0,0,0,0,0.0,0.0,0.0,0.0,0.0,0.0,0.0,0.0,0,0,0,0,0.0,0.0,0.0,0.0,0.0,0.0,0.0,0.0,0,0,0,0,0,0
1778653623.626654,2026-05-13 09:27:03,0,0,0,0.0,0.0,0.0,0.0,0.0,0.0,0.0,0.0,0,0,0,0,0.0,0.0,0.0,0.0,0.0,0.0,0.0,0.0,0,0,0,0,0.0,0.0,0.0,0.0,0.0,0.0,0.0,0.0,0,0,0,0,0,0
1778653653.626654,2026-05-13 09:27:33,0,0,0,0.0,0.0,0.0,0.0,0.0,0.0,0.0,0.0,0,0,0,0,0.0,0.0,0.0,0.0,0.0,0.0,0.0,0.0,0,0,0,0,0.0,0.0,0.0,0.0,0.0,0.0,0.0,0.0,0,0,0,0,0,0
1778653683.626654,2026-05-13 09:28:03,0,0,0,0.0,0.0,0.0,0.0,0.0,0.0,0.0,0.0,0,0,0,0,0.0,0.0,0.0,0.0,0.0,0.0,0.0,0.0,0,0,0,0,0.0,0.0,0.0,0.0,0.0,0.0,0.0,0.0,0,0,0,0,0,0
1778653713.626654,2026-05-13 09:28:33,0,0,0,0.0,0.0,0.0,0.0,0.0,0.0,0.0,0.0,0,0,0,0,0.0,0.0,0.0,0.0,0.0,0.0,0.0,0.0,0,0,0,0,0.0,0.0,0.0,0.0,0.0,0.0,0.0,0.0,0,0,0,0,0,0
1778653743.626654,2026-05-13 09:29:03,0,0,0,0.0,0.0,0.0,0.0,0.0,0.0,0.0,0.0,0,0,0,0,0.0,0.0,0.0,0.0,0.0,0.0,0.0,0.0,0,0,0,0,0.0,0.0,0.0,0.0,0.0,0.0,0.0,0.0,0,0,0,0,0,0
1778653773.626654,2026-05-13 09:29:33,0,0,0,0.0,0.0,0.0,0.0,0.0,0.0,0.0,0.0,0,0,0,0,0.0,0.0,0.0,0.0,0.0,0.0,0.0,0.0,0,0,0,0,0.0,0.0,0.0,0.0,0.0,0.0,0.0,0.0,0,0,0,0,0,0
1778653803.626654,2026-05-13 09:30:03,0,0,0,0.0,0.0,0.0,0.0,0.0,0.0,0.0,0.0,0,0,0,0,0.0,0.0,0.0,0.0,0.0,0.0,0.0,0.0,0,0,0,0,0.0,0.0,0.0,0.0,0.0,0.0,0.0,0.0,0,0,0,0,0,0
1778653833.626654,2026-05-13 09:30:33,0,0,0,0.0,0.0,0.0,0.0,0.0,0.0,0.0,0.0,0,0,0,0,0.0,0.0,0.0,0.0,0.0,0.0,0.0,0.0,0,0,0,0,0.0,0.0,0.0,0.0,0.0,0.0,0.0,0.0,0,0,0,0,0,0
1778653863.626654,2026-05-13 09:31:03,0,0,0,0.0,0.0,0.0,0.0,0.0,0.0,0.0,0.0,0,0,0,0,0.0,0.0,0.0,0.0,0.0,0.0,0.0,0.0,0,0,0,0,0.0,0.0,0.0,0.0,0.0,0.0,0.0,0.0,0,0,0,0,0,0
1778653893.626654,2026-05-13 09:31:33,0,0,0,0.0,0.0,0.0,0.0,0.0,0.0,0.0,0.0,0,0,0,0,0.0,0.0,0.0,0.0,0.0,0.0,0.0,0.0,0,0,0,0,0.0,0.0,0.0,0.0,0.0,0.0,0.0,0.0,0,0,0,0,0,0
1778653923.626654,2026-05-13 09:32:03,1,1,1,0.0,0.0,0.0001,0.0,3.73,0.0,0.0,0.0333,1,1,1,1,0.0,0.0,0.0001,0.0,1.87,0.0,0.0,0.0167,1,1,1,1,0.0,0.0,0.0001,0.0,0.37,0.0,0.0,0.0033,1,0,0,0,0,0
1778653953.626654,2026-05-13 09:32:33,0,0,0,0.0,0.0,0.0,0.0,0.0,0.0,0.0,0.0,0,1,1,1,0.0,0.0,0.0001,0.0,1.87,0.0,0.0,0.0167,1,1,1,1,0.0,0.0,0.0001,0.0,0.37,0.0,0.0,0.0033,1,0,0,0,0,0
1778653983.626654,2026-05-13 09:33:03,1,1,1,0.0,0.0,0.0,0.0,3.73,0.0,0.0,0.0333,1,1,1,1,0.0,0.0,0.0,0.0,1.87,0.0,0.0,0.0167,1,2,1,1,0.0,0.0,0.0,0.0,0.75,0.0,0.0,0.0067,1,0,0,0,0,0
1778654013.626654,2026-05-13 09:33:33,0,0,0,0.0,0.0,0.0,0.0,0.0,0.0,0.0,0.0,0,1,1,1,0.0,0.0,0.0,0.0,1.87,0.0,0.0,0.0167,1,2,1,1,0.0,0.0,0.0,0.0,0.75,0.0,0.0,0.0067,1,0,0,0,0,0
1778654043.626654,2026-05-13 09:34:03,1,1,1,0.0,0.0,0.0,0.0,3.73,0.0,0.0,0.0333,1,1,1,1,0.0,0.0,0.0,0.0,1.87,0.0,0.0,0.0167,1,3,1,1,0.0,0.0,0.0,0.0,1.12,0.0,0.0,0.01,1,0,0,0,0,0
1778654073.626654,2026-05-13 09:34:33,0,0,0,0.0,0.0,0.0,0.0,0.0,0.0,0.0,0.0,0,1,1,1,0.0,0.0,0.0,0.0,1.87,0.0,0.0,0.0167,1,3,1,1,0.0,0.0,0.0,0.0,1.12,0.0,0.0,0.01,1,0,0,0,0,0
1778654103.626654,2026-05-13 09:35:03,1,1,1,0.0,0.0,0.0,0.0,3.73,0.0,0.0,0.0333,1,1,1,1,0.0,0.0,0.0,0.0,1.87,0.0,0.0,0.0167,1,4,1,1,0.0,0.0,0.0,0.0,1.49,0.0,0.0,0.0133,1,0,0,0,0,0
1778654133.626654,2026-05-13 09:35:33,0,0,0,0.0,0.0,0.0,0.0,0.0,0.0,0.0,0.0,0,1,1,1,0.0,0.0,0.0,0.0,1.87,0.0,0.0,0.0167,1,4,1,1,0.0,0.0,0.0,0.0,1.49,0.0,0.0,0.0133,1,0,0,0,0,0
1778654163.626654,2026-05-13 09:36:03,1,1,1,0.0,0.0,0.0,0.0,3.73,0.0,0.0,0.0333,1,1,1,1,0.0,0.0,0.0,0.0,1.87,0.0,0.0,0.0167,1,5,1,1,0.0,0.0,0.0,0.0,1.87,0.0,0.0,0.0167,1,0,0,0,0,0
1778654193.626654,2026-05-13 09:36:33,0,0,0,0.0,0.0,0.0,0.0,0.0,0.0,0.0,0.0,0,1,1,1,0.0,0.0,0.0,0.0,1.87,0.0,0.0,0.0167,1,5,1,1,0.0,0.0,0.0,0.0,1.87,0.0,0.0,0.0167,1,0,0,0,0,0
1778654223.626654,2026-05-13 09:37:03,1,1,1,0.0,0.0,0.0001,0.0,3.73,0.0,0.0,0.0333,1,1,1,1,0.0,0.0,0.0001,0.0,1.87,0.0,0.0,0.0167,1,5,1,1,0.0,0.0,0.0,0.0,1.87,0.0,0.0001,0.0167,1,0,0,0,0,0
1778654253.626654,2026-05-13 09:37:33,0,0,0,0.0,0.0,0.0,0.0,0.0,0.0,0.0,0.0,0,1,1,1,0.0,0.0,0.0001,0.0,1.87,0.0,0.0,0.0167,1,5,1,1,0.0,0.0,0.0,0.0,1.87,0.0,0.0001,0.0167,1,0,0,0,0,0
1778654283.626654,2026-05-13 09:38:03,1,1,1,0.0,0.0,0.0,0.0,3.73,0.0,0.0,0.0333,1,1,1,1,0.0,0.0,0.0,0.0,1.87,0.0,0.0,0.0167,1,5,1,1,0.0,0.0,0.0,0.0,1.87,0.0,0.0001,0.0167,1,0,0,0,0,0
1778654313.626654,2026-05-13 09:38:33,1,1,1,0.0,0.0,0.0789,1.0,1.6,0.0,0.0,0.0333,1,2,2,2,0.0,0.0,0.0395,0.5,2.67,0.0625,0.0,0.0167,1,6,2,2,0.0,0.0,0.0132,0.1667,2.03,0.0406,0.0207,0.0167,1,0,0,0,0,0
1778654343.626654,2026-05-13 09:39:03,1,1,1,0.0,0.0,0.0,0.0,3.73,0.0,0.0,0.0333,1,2,2,2,0.0,0.0,0.0395,0.5,2.67,0.0625,0.0,0.0167,1,6,2,2,0.0,0.0,0.0132,0.1667,2.03,0.0406,0.0307,0.0167,1,0,0,0,0,0
1778654373.626654,2026-05-13 09:39:33,0,0,0,0.0,0.0,0.0,0.0,0.0,0.0,0.0,0.0,0,1,1,1,0.0,0.0,0.0,0.0,1.87,0.0,0.0,0.0167,1,6,2,2,0.0,0.0,0.0132,0.1667,2.03,0.0406,0.0307,0.0167,1,0,0,0,0,0
1778654403.626654,2026-05-13 09:40:03,1,1,1,0.0,0.0,0.0,0.0,3.73,0.0,0.0,0.0333,1,1,1,1,0.0,0.0,0.0,0.0,1.87,0.0,0.0,0.0167,1,6,2,2,0.0,0.0,0.0132,0.1667,2.03,0.0406,0.0307,0.0167,1,0,0,0,0,0
1778654433.626654,2026-05-13 09:40:33,0,0,0,0.0,0.0,0.0,0.0,0.0,0.0,0.0,0.0,0,1,1,1,0.0,0.0,0.0,0.0,1.87,0.0,0.0,0.0167,1,6,2,2,0.0,0.0,0.0132,0.1667,2.03,0.0406,0.0307,0.0167,1,0,0,0,0,0
1778654463.626654,2026-05-13 09:41:03,0,0,0,0.0,0.0,0.0,0.0,0.0,0.0,0.0,0.0,0,0,0,0,0.0,0.0,0.0,0.0,0.0,0.0,0.0,0.0,0,5,2,2,0.0,0.0,0.0158,0.2,1.65,0.0451,0.0335,0.0133,1,0,0,0,0,0
1778654493.626654,2026-05-13 09:41:33,0,0,0,0.0,0.0,0.0,0.0,0.0,0.0,0.0,0.0,0,0,0,0,0.0,0.0,0.0,0.0,0.0,0.0,0.0,0.0,0,5,2,2,0.0,0.0,0.0158,0.2,1.65,0.0451,0.0335,0.0133,1,0,0,0,0,0
1778654523.626654,2026-05-13 09:42:03,0,0,0,0.0,0.0,0.0,0.0,0.0,0.0,0.0,0.0,0,0,0,0,0.0,0.0,0.0,0.0,0.0,0.0,0.0,0.0,0,4,2,2,0.0,0.0,0.0198,0.25,1.28,0.0507,0.0356,0.01,1,0,0,0,0,0
1778654553.626654,2026-05-13 09:42:33,0,0,0,0.0,0.0,0.0,0.0,0.0,0.0,0.0,0.0,0,0,0,0,0.0,0.0,0.0,0.0,0.0,0.0,0.0,0.0,0,4,2,2,0.0,0.0,0.0198,0.25,1.28,0.0507,0.0356,0.01,1,0,0,0,0,0
1778654583.626654,2026-05-13 09:43:03,0,0,0,0.0,0.0,0.0,0.0,0.0,0.0,0.0,0.0,0,0,0,0,0.0,0.0,0.0,0.0,0.0,0.0,0.0,0.0,0,3,2,2,0.0,0.0,0.0263,0.3333,0.91,0.0574,0.0362,0.0067,1,0,0,0,0,0
1778654613.626654,2026-05-13 09:43:33,0,0,0,0.0,0.0,0.0,0.0,0.0,0.0,0.0,0.0,0,0,0,0,0.0,0.0,0.0,0.0,0.0,0.0,0.0,0.0,0,2,1,1,0.0,0.0,0.0,0.0,0.75,0.0,0.0,0.0067,1,0,0,0,0,0
1778654643.626654,2026-05-13 09:44:03,0,0,0,0.0,0.0,0.0,0.0,0.0,0.0,0.0,0.0,0,0,0,0,0.0,0.0,0.0,0.0,0.0,0.0,0.0,0.0,0,1,1,1,0.0,0.0,0.0,0.0,0.37,0.0,0.0,0.0033,1,0,0,0,0,0
1778654673.626654,2026-05-13 09:44:33,0,0,0,0.0,0.0,0.0,0.0,0.0,0.0,0.0,0.0,0,0,0,0,0.0,0.0,0.0,0.0,0.0,0.0,0.0,0.0,0,1,1,1,0.0,0.0,0.0,0.0,0.37,0.0,0.0,0.0033,1,0,0,0,0,0
1778654703.626654,2026-05-13 09:45:03,0,0,0,0.0,0.0,0.0,0.0,0.0,0.0,0.0,0.0,0,0,0,0,0.0,0.0,0.0,0.0,0.0,0.0,0.0,0.0,0,0,0,0,0.0,0.0,0.0,0.0,0.0,0.0,0.0,0.0,0,0,0,0,0,0
1778654733.626654,2026-05-13 09:45:33,0,0,0,0.0,0.0,0.0,0.0,0.0,0.0,0.0,0.0,0,0,0,0,0.0,0.0,0.0,0.0,0.0,0.0,0.0,0.0,0,0,0,0,0.0,0.0,0.0,0.0,0.0,0.0,0.0,0.0,0,0,0,0,0,0
1778654763.626654,2026-05-13 09:46:03,0,0,0,0.0,0.0,0.0,0.0,0.0,0.0,0.0,0.0,0,0,0,0,0.0,0.0,0.0,0.0,0.0,0.0,0.0,0.0,0,0,0,0,0.0,0.0,0.0,0.0,0.0,0.0,0.0,0.0,0,0,0,0,0,0
1778654793.626654,2026-05-13 09:46:33,5,3,3,0.0,0.0667,2.001,0.6,2121.43,0.0951,0.1654,0.1333,2,5,3,3,0.0,0.0333,2.001,0.6,1060.72,0.0951,0.1654,0.0667,2,5,3,3,0.0,0.0067,2.001,0.6,212.14,0.0951,0.1654,0.0133,2,0,0,0,0,0
1778654823.626654,2026-05-13 09:47:03,0,0,0,0.0,0.0,0.0,0.0,0.0,0.0,0.0,0.0,0,5,3,3,0.0,0.0333,2.001,0.6,1060.72,0.0951,0.1654,0.0667,2,5,3,3,0.0,0.0067,2.001,0.6,212.14,0.0951,0.1654,0.0133,2,0,0,0,0,0
1778654853.626654,2026-05-13 09:47:33,1,1,1,0.0,0.0,30.1243,0.0,7.47,0.0,0.0,0.0333,1,1,1,1,0.0,0.0,30.1243,0.0,3.73,0.0,0.0,0.0167,1,6,4,4,0.0,0.0067,6.6882,0.5,212.89,0.1199,0.1731,0.0133,2,0,0,0,0,0
1778654883.626654,2026-05-13 09:48:03,0,0,0,0.0,0.0,0.0,0.0,0.0,0.0,0.0,0.0,0,1,1,1,0.0,0.0,30.1243,0.0,3.73,0.0,0.0,0.0167,1,6,4,4,0.0,0.0067,6.6882,0.5,212.89,0.1199,0.1731,0.0133,2,0,0,0,0,0
1778654913.626654,2026-05-13 09:48:33,0,0,0,0.0,0.0,0.0,0.0,0.0,0.0,0.0,0.0,0,0,0,0,0.0,0.0,0.0,0.0,0.0,0.0,0.0,0.0,0,6,4,4,0.0,0.0067,6.6882,0.5,212.89,0.1199,0.1731,0.0133,2,0,0,0,0,0
1778654943.626654,2026-05-13 09:49:03,0,0,0,0.0,0.0,0.0,0.0,0.0,0.0,0.0,0.0,0,0,0,0,0.0,0.0,0.0,0.0,0.0,0.0,0.0,0.0,0,6,4,4,0.0,0.0067,6.6882,0.5,212.89,0.1199,0.1731,0.0133,2,0,0,0,0,0
1778654973.626654,2026-05-13 09:49:33,0,0,0,0.0,0.0,0.0,0.0,0.0,0.0,0.0,0.0,0,0,0,0,0.0,0.0,0.0,0.0,0.0,0.0,0.0,0.0,0,6,4,4,0.0,0.0067,6.6882,0.5,212.89,0.1199,0.1731,0.0133,2,0,0,0,0,0
1778655003.626654,2026-05-13 09:50:03,1,1,1,0.0,0.0,0.0,0.0,3.73,0.0,0.0,0.0333,1,1,1,1,0.0,0.0,0.0,0.0,1.87,0.0,0.0,0.0167,1,7,4,4,0.0,0.0067,5.7328,0.4286,213.26,0.1219,0.1601,0.0133,2,0,0,0,0,0
1778655033.626654,2026-05-13 09:50:33,0,0,0,0.0,0.0,0.0,0.0,0.0,0.0,0.0,0.0,0,1,1,1,0.0,0.0,0.0,0.0,1.87,0.0,0.0,0.0167,1,7,4,4,0.0,0.0067,5.7328,0.4286,213.26,0.1219,0.1601,0.0133,2,0,0,0,0,0
1778655063.626654,2026-05-13 09:51:03,0,0,0,0.0,0.0,0.0,0.0,0.0,0.0,0.0,0.0,0,0,0,0,0.0,0.0,0.0,0.0,0.0,0.0,0.0,0.0,0,7,4,4,0.0,0.0067,5.7328,0.4286,213.26,0.1219,0.1601,0.0133,2,0,0,0,0,0
1778655093.626654,2026-05-13 09:51:33,0,0,0,0.0,0.0,0.0,0.0,0.0,0.0,0.0,0.0,0,0,0,0,0.0,0.0,0.0,0.0,0.0,0.0,0.0,0.0,0,2,1,1,0.0,0.0,15.0621,0.0,1.12,0.0,0.0,0.0067,1,0,0,0,0,0
1778655123.626654,2026-05-13 09:52:03,0,0,0,0.0,0.0,0.0,0.0,0.0,0.0,0.0,0.0,0,0,0,0,0.0,0.0,0.0,0.0,0.0,0.0,0.0,0.0,0,2,1,1,0.0,0.0,15.0621,0.0,1.12,0.0,0.0,0.0067,1,0,0,0,0,0
1778655153.626654,2026-05-13 09:52:33,0,0,0,0.0,0.0,0.0,0.0,0.0,0.0,0.0,0.0,0,0,0,0,0.0,0.0,0.0,0.0,0.0,0.0,0.0,0.0,0,1,1,1,0.0,0.0,0.0,0.0,0.37,0.0,0.0,0.0033,1,0,0,0,0,0
1778655183.626654,2026-05-13 09:53:03,0,0,0,0.0,0.0,0.0,0.0,0.0,0.0,0.0,0.0,0,0,0,0,0.0,0.0,0.0,0.0,0.0,0.0,0.0,0.0,0,1,1,1,0.0,0.0,0.0,0.0,0.37,0.0,0.0,0.0033,1,0,0,0,0,0
1778655213.626654,2026-05-13 09:53:33,0,0,0,0.0,0.0,0.0,0.0,0.0,0.0,0.0,0.0,0,0,0,0,0.0,0.0,0.0,0.0,0.0,0.0,0.0,0.0,0,1,1,1,0.0,0.0,0.0,0.0,0.37,0.0,0.0,0.0033,1,0,0,0,0,0
1778655243.626654,2026-05-13 09:54:03,0,0,0,0.0,0.0,0.0,0.0,0.0,0.0,0.0,0.0,0,0,0,0,0.0,0.0,0.0,0.0,0.0,0.0,0.0,0.0,0,1,1,1,0.0,0.0,0.0,0.0,0.37,0.0,0.0,0.0033,1,0,0,0,0,0
1778655273.626654,2026-05-13 09:54:33,0,0,0,0.0,0.0,0.0,0.0,0.0,0.0,0.0,0.0,0,0,0,0,0.0,0.0,0.0,0.0,0.0,0.0,0.0,0.0,0,1,1,1,0.0,0.0,0.0,0.0,0.37,0.0,0.0,0.0033,1,0,0,0,0,0
1778655303.626654,2026-05-13 09:55:03,0,0,0,0.0,0.0,0.0,0.0,0.0,0.0,0.0,0.0,0,0,0,0,0.0,0.0,0.0,0.0,0.0,0.0,0.0,0.0,0,0,0,0,0.0,0.0,0.0,0.0,0.0,0.0,0.0,0.0,0,0,0,0,0,0
1778655333.626654,2026-05-13 09:55:33,0,0,0,0.0,0.0,0.0,0.0,0.0,0.0,0.0,0.0,0,0,0,0,0.0,0.0,0.0,0.0,0.0,0.0,0.0,0.0,0,0,0,0,0.0,0.0,0.0,0.0,0.0,0.0,0.0,0.0,0,0,0,0,0,0
1778655363.626654,2026-05-13 09:56:03,0,0,0,0.0,0.0,0.0,0.0,0.0,0.0,0.0,0.0,0,0,0,0,0.0,0.0,0.0,0.0,0.0,0.0,0.0,0.0,0,0,0,0,0.0,0.0,0.0,0.0,0.0,0.0,0.0,0.0,0,0,0,0,0,0
1778655393.626654,2026-05-13 09:56:33,1,1,1,0.0,0.0,0.0,0.0,3.73,0.0,0.0,0.0333,1,1,1,1,0.0,0.0,0.0,0.0,1.87,0.0,0.0,0.0167,1,1,1,1,0.0,0.0,0.0,0.0,0.37,0.0,0.0,0.0033,1,0,0,0,0,0
1778655423.626654,2026-05-13 09:57:03,0,0,0,0.0,0.0,0.0,0.0,0.0,0.0,0.0,0.0,0,1,1,1,0.0,0.0,0.0,0.0,1.87,0.0,0.0,0.0167,1,1,1,1,0.0,0.0,0.0,0.0,0.37,0.0,0.0,0.0033,1,0,0,0,0,0
1778655453.626654,2026-05-13 09:57:33,0,0,0,0.0,0.0,0.0,0.0,0.0,0.0,0.0,0.0,0,0,0,0,0.0,0.0,0.0,0.0,0.0,0.0,0.0,0.0,0,1,1,1,0.0,0.0,0.0,0.0,0.37,0.0,0.0,0.0033,1,0,0,0,0,0
1778655483.626654,2026-05-13 09:58:03,5,2,5,0.0,0.0,0.0,1.0,0.0,0.0607,0.1514,0.1667,2,5,2,5,0.0,0.0,0.0,1.0,0.0,0.0607,0.1514,0.0833,2,6,3,6,0.0,0.0,0.0,0.8333,0.37,0.0912,0.1972,0.0167,2,0,0,0,0,0
1778655513.626654,2026-05-13 09:58:33,0,0,0,0.0,0.0,0.0,0.0,0.0,0.0,0.0,0.0,0,5,2,5,0.0,0.0,0.0,1.0,0.0,0.0607,0.1514,0.0833,2,6,3,6,0.0,0.0,0.0,0.8333,0.37,0.0912,0.1972,0.0167,2,0,0,0,0,0
1778655543.626654,2026-05-13 09:59:03,0,0,0,0.0,0.0,0.0,0.0,0.0,0.0,0.0,0.0,0,0,0,0,0.0,0.0,0.0,0.0,0.0,0.0,0.0,0.0,0,6,3,6,0.0,0.0,0.0,0.8333,0.37,0.0912,0.1972,0.0167,2,0,0,0,0,0
1778655573.626654,2026-05-13 09:59:33,7,2,3,0.0,0.0667,0.5793,0.7143,23717.9,0.0539,0.1524,0.2333,2,7,2,3,0.0,0.0333,0.5793,0.7143,11858.95,0.0539,0.1524,0.1167,2,13,4,7,0.0,0.0067,0.3119,0.7692,2372.16,0.0967,0.198,0.04,3,0,0,0,0,0
1778655603.626654,2026-05-13 10:00:03,11,1,1,0.0,0.3667,0.0881,0.0,58.3,0.0,0.1096,0.3667,1,18,2,3,0.0,0.2167,0.2791,0.2778,11888.1,0.0533,0.2698,0.3,2,24,4,7,0.0,0.0433,0.2093,0.4167,2377.99,0.0936,0.2484,0.0767,3,0,0,0,0,0
1778655633.626654,2026-05-13 10:00:33,1,1,1,0.0,0.0,0.0,1.0,0.0,0.0,0.0,0.0333,1,12,2,2,0.0,0.1833,0.0807,0.0833,29.15,0.0259,0.2943,0.2,2,25,4,7,0.0,0.0433,0.201,0.44,2377.99,0.0937,0.2382,0.08,3,0,0,0,0,0
1778655663.626654,2026-05-13 10:01:03,1,1,1,0.0,0.0,0.0,0.0,3.73,0.0,0.0,0.0333,1,2,2,2,0.0,0.0,0.0,0.5,1.87,0.0625,0.0,0.0167,1,26,4,7,0.0,0.0433,0.1932,0.4231,2378.37,0.0999,0.2206,0.08,3,0,0,0,0,0
1778655693.626654,2026-05-13 10:01:33,0,0,0,0.0,0.0,0.0,0.0,0.0,0.0,0.0,0.0,0,1,1,1,0.0,0.0,0.0,0.0,1.87,0.0,0.0,0.0167,1,25,4,7,0.0,0.0433,0.201,0.44,2377.99,0.0937,0.2462,0.08,3,0,0,0,0,0
1778655723.626654,2026-05-13 10:02:03,1,1,1,0.0,0.0,0.0,0.0,3.73,0.0,0.0,0.0333,1,1,1,1,0.0,0.0,0.0,0.0,1.87,0.0,0.0,0.0167,1,26,4,7,0.0,0.0433,0.1932,0.4231,2378.37,0.0999,0.2166,0.08,3,0,0,0,0,0
1778655753.626654,2026-05-13 10:02:33,0,0,0,0.0,0.0,0.0,0.0,0.0,0.0,0.0,0.0,0,1,1,1,0.0,0.0,0.0,0.0,1.87,0.0,0.0,0.0167,1,26,4,7,0.0,0.0433,0.1932,0.4231,2378.37,0.0999,0.2166,0.08,3,0,0,0,0,0
1778655783.626654,2026-05-13 10:03:03,0,0,0,0.0,0.0,0.0,0.0,0.0,0.0,0.0,0.0,0,0,0,0,0.0,0.0,0.0,0.0,0.0,0.0,0.0,0.0,0,21,3,4,0.0,0.0433,0.2392,0.2857,2378.37,0.0792,0.1966,0.0633,2,0,0,0,0,0
1778655813.626654,2026-05-13 10:03:33,0,0,0,0.0,0.0,0.0,0.0,0.0,0.0,0.0,0.0,0,0,0,0,0.0,0.0,0.0,0.0,0.0,0.0,0.0,0.0,0,21,3,4,0.0,0.0433,0.2392,0.2857,2378.37,0.0792,0.1966,0.0633,2,0,0,0,0,0
1778655843.626654,2026-05-13 10:04:03,0,0,0,0.0,0.0,0.0,0.0,0.0,0.0,0.0,0.0,0,0,0,0,0.0,0.0,0.0,0.0,0.0,0.0,0.0,0.0,0,21,3,4,0.0,0.0433,0.2392,0.2857,2378.37,0.0792,0.1966,0.0633,2,0,0,0,0,0
1778655873.626654,2026-05-13 10:04:33,0,0,0,0.0,0.0,0.0,0.0,0.0,0.0,0.0,0.0,0,0,0,0,0.0,0.0,0.0,0.0,0.0,0.0,0.0,0.0,0,14,3,3,0.0,0.0367,0.0692,0.0714,6.58,0.0591,0.2133,0.04,2,0,0,0,0,0
1778655903.626654,2026-05-13 10:05:03,0,0,0,0.0,0.0,0.0,0.0,0.0,0.0,0.0,0.0,0,0,0,0,0.0,0.0,0.0,0.0,0.0,0.0,0.0,0.0,0,3,2,2,0.0,0.0,0.0,0.3333,0.75,0.0574,0.0371,0.0067,1,0,0,0,0,0
1778655933.626654,2026-05-13 10:05:33,0,0,0,0.0,0.0,0.0,0.0,0.0,0.0,0.0,0.0,0,0,0,0,0.0,0.0,0.0,0.0,0.0,0.0,0.0,0.0,0,2,1,1,0.0,0.0,0.0,0.0,0.75,0.0,0.0,0.0067,1,0,0,0,0,0
1778655963.626654,2026-05-13 10:06:03,1,1,1,0.0,0.0,0.0,0.0,3.73,0.0,0.0,0.0333,1,1,1,1,0.0,0.0,0.0,0.0,1.87,0.0,0.0,0.0167,1,2,1,1,0.0,0.0,0.0,0.0,0.75,0.0,0.0,0.0067,1,0,0,0,0,0
1778655993.626654,2026-05-13 10:06:33,0,0,0,0.0,0.0,0.0,0.0,0.0,0.0,0.0,0.0,0,1,1,1,0.0,0.0,0.0,0.0,1.87,0.0,0.0,0.0167,1,2,1,1,0.0,0.0,0.0,0.0,0.75,0.0,0.0,0.0067,1,0,0,0,0,0
1778656023.626654,2026-05-13 10:07:03,1,1,1,0.0,0.0,0.0,0.0,3.73,0.0,0.0,0.0333,1,1,1,1,0.0,0.0,0.0,0.0,1.87,0.0,0.0,0.0167,1,2,1,1,0.0,0.0,0.0,0.0,0.75,0.0,0.0,0.0067,1,0,0,0,0,0
1778656053.626654,2026-05-13 10:07:33,0,0,0,0.0,0.0,0.0,0.0,0.0,0.0,0.0,0.0,0,1,1,1,0.0,0.0,0.0,0.0,1.87,0.0,0.0,0.0167,1,2,1,1,0.0,0.0,0.0,0.0,0.75,0.0,0.0,0.0067,1,0,0,0,0,0
1778656083.626654,2026-05-13 10:08:03,1,1,1,0.0,0.0,0.0,0.0,3.73,0.0,0.0,0.0333,1,1,1,1,0.0,0.0,0.0,0.0,1.87,0.0,0.0,0.0167,1,3,1,1,0.0,0.0,0.0,0.0,1.12,0.0,0.0,0.01,1,0,0,0,0,0
1778656113.626654,2026-05-13 10:08:33,0,0,0,0.0,0.0,0.0,0.0,0.0,0.0,0.0,0.0,0,1,1,1,0.0,0.0,0.0,0.0,1.87,0.0,0.0,0.0167,1,3,1,1,0.0,0.0,0.0,0.0,1.12,0.0,0.0,0.01,1,0,0,0,0,0
1778656143.626654,2026-05-13 10:09:03,1,1,1,0.0,0.0,0.0,0.0,3.73,0.0,0.0,0.0333,1,1,1,1,0.0,0.0,0.0,0.0,1.87,0.0,0.0,0.0167,1,4,1,1,0.0,0.0,0.0,0.0,1.49,0.0,0.0001,0.0133,1,0,0,0,0,0
1778656173.626654,2026-05-13 10:09:33,0,0,0,0.0,0.0,0.0,0.0,0.0,0.0,0.0,0.0,0,1,1,1,0.0,0.0,0.0,0.0,1.87,0.0,0.0,0.0167,1,4,1,1,0.0,0.0,0.0,0.0,1.49,0.0,0.0001,0.0133,1,0,0,0,0,0
1778656203.626654,2026-05-13 10:10:03,0,0,0,0.0,0.0,0.0,0.0,0.0,0.0,0.0,0.0,0,0,0,0,0.0,0.0,0.0,0.0,0.0,0.0,0.0,0.0,0,4,1,1,0.0,0.0,0.0,0.0,1.49,0.0,0.0001,0.0133,1,0,0,0,0,0
1778656233.626654,2026-05-13 10:10:33,0,0,0,0.0,0.0,0.0,0.0,0.0,0.0,0.0,0.0,0,0,0,0,0.0,0.0,0.0,0.0,0.0,0.0,0.0,0.0,0,4,1,1,0.0,0.0,0.0,0.0,1.49,0.0,0.0001,0.0133,1,0,0,0,0,0
1778656263.626654,2026-05-13 10:11:03,1,1,1,0.0,0.0,0.0,0.0,3.73,0.0,0.0,0.0333,1,1,1,1,0.0,0.0,0.0,0.0,1.87,0.0,0.0,0.0167,1,4,1,1,0.0,0.0,0.0,0.0,1.49,0.0,0.0353,0.0133,1,0,0,0,0,0
1778656293.626654,2026-05-13 10:11:33,0,0,0,0.0,0.0,0.0,0.0,0.0,0.0,0.0,0.0,0,1,1,1,0.0,0.0,0.0,0.0,1.87,0.0,0.0,0.0167,1,4,1,1,0.0,0.0,0.0,0.0,1.49,0.0,0.0353,0.0133,1,0,0,0,0,0
1778656323.626654,2026-05-13 10:12:03,2,2,2,0.0,0.0,0.0035,0.0,14.03,0.0625,0.0,0.0333,1,2,2,2,0.0,0.0,0.0035,0.0,7.02,0.0625,0.0,0.0167,1,5,2,2,0.0,0.0,0.0014,0.0,2.52,0.0451,0.0702,0.0133,1,0,0,0,0,0
1778656353.626654,2026-05-13 10:12:33,1,1,1,0.0,0.0,0.0724,1.0,1.6,0.0,0.0,0.0333,1,3,3,3,0.0,0.0,0.0265,0.3333,7.82,0.0991,0.0963,0.0333,2,6,3,3,0.0,0.0,0.0133,0.1667,2.68,0.0782,0.0727,0.0133,2,0,0,0,0,0
1778656383.626654,2026-05-13 10:13:03,0,0,0,0.0,0.0,0.0,0.0,0.0,0.0,0.0,0.0,0,1,1,1,0.0,0.0,0.0724,1.0,0.8,0.0,0.0,0.0167,1,5,3,3,0.0,0.0,0.0159,0.2,2.31,0.0857,0.0832,0.01,2,0,0,0,0,0
1778656413.626654,2026-05-13 10:13:33,1,1,1,0.0,0.0,0.0,0.0,3.73,0.0,0.0,0.0333,1,1,1,1,0.0,0.0,0.0,0.0,1.87,0.0,0.0,0.0167,1,6,3,3,0.0,0.0,0.0133,0.1667,2.68,0.0782,0.073,0.0133,2,0,0,0,0,0
1778656443.626654,2026-05-13 10:14:03,0,0,0,0.0,0.0,0.0,0.0,0.0,0.0,0.0,0.0,0,1,1,1,0.0,0.0,0.0,0.0,1.87,0.0,0.0,0.0167,1,5,3,3,0.0,0.0,0.0159,0.2,2.31,0.0857,0.0645,0.01,2,0,0,0,0,0
1778656473.626654,2026-05-13 10:14:33,1,1,1,0.0,0.0,0.0001,0.0,3.73,0.0,0.0,0.0333,1,1,1,1,0.0,0.0,0.0001,0.0,1.87,0.0,0.0,0.0167,1,6,3,3,0.0,0.0,0.0133,0.1667,2.68,0.0782,0.0558,0.0133,2,0,0,0,0,0
1778656503.626654,2026-05-13 10:15:03,0,0,0,0.0,0.0,0.0,0.0,0.0,0.0,0.0,0.0,0,1,1,1,0.0,0.0,0.0001,0.0,1.87,0.0,0.0,0.0167,1,6,3,3,0.0,0.0,0.0133,0.1667,2.68,0.0782,0.0558,0.0133,2,0,0,0,0,0
1778656533.626654,2026-05-13 10:15:33,1,1,1,0.0,0.0,0.0,0.0,3.73,0.0,0.0,0.0333,1,1,1,1,0.0,0.0,0.0,0.0,1.87,0.0,0.0,0.0167,1,7,3,3,0.0,0.0,0.0114,0.1429,3.06,0.0718,0.0498,0.0167,2,0,0,0,0,0
1778656563.626654,2026-05-13 10:16:03,0,0,0,0.0,0.0,0.0,0.0,0.0,0.0,0.0,0.0,0,1,1,1,0.0,0.0,0.0,0.0,1.87,0.0,0.0,0.0167,1,6,3,3,0.0,0.0,0.0133,0.1667,2.68,0.0782,0.0558,0.0133,2,0,0,0,0,0
1778656593.626654,2026-05-13 10:16:33,1,1,1,0.0,0.0,0.0,0.0,3.73,0.0,0.0,0.0333,1,1,1,1,0.0,0.0,0.0,0.0,1.87,0.0,0.0,0.0167,1,7,3,3,0.0,0.0,0.0114,0.1429,3.06,0.0718,0.0498,0.0167,2,0,0,0,0,0
1778656623.626654,2026-05-13 10:17:03,0,0,0,0.0,0.0,0.0,0.0,0.0,0.0,0.0,0.0,0,1,1,1,0.0,0.0,0.0,0.0,1.87,0.0,0.0,0.0167,1,5,2,2,0.0,0.0,0.0145,0.2,1.65,0.0451,0.0013,0.0133,1,0,0,0,0,0
1778656653.626654,2026-05-13 10:17:33,1,1,1,0.0,0.0,0.0,0.0,3.73,0.0,0.0,0.0333,1,1,1,1,0.0,0.0,0.0,0.0,1.87,0.0,0.0,0.0167,1,5,1,1,0.0,0.0,0.0,0.0,1.87,0.0,0.0,0.0167,1,0,0,0,0,0
1778656683.626654,2026-05-13 10:18:03,0,0,0,0.0,0.0,0.0,0.0,0.0,0.0,0.0,0.0,0,1,1,1,0.0,0.0,0.0,0.0,1.87,0.0,0.0,0.0167,1,5,1,1,0.0,0.0,0.0,0.0,1.87,0.0,0.0,0.0167,1,0,0,0,0,0
1778656713.626654,2026-05-13 10:18:33,1,1,1,0.0,0.0,0.0,0.0,3.73,0.0,0.0,0.0333,1,1,1,1,0.0,0.0,0.0,0.0,1.87,0.0,0.0,0.0167,1,5,1,1,0.0,0.0,0.0,0.0,1.87,0.0,0.0,0.0167,1,0,0,0,0,0
1778656743.626654,2026-05-13 10:19:03,0,0,0,0.0,0.0,0.0,0.0,0.0,0.0,0.0,0.0,0,1,1,1,0.0,0.0,0.0,0.0,1.87,0.0,0.0,0.0167,1,5,1,1,0.0,0.0,0.0,0.0,1.87,0.0,0.0,0.0167,1,0,0,0,0,0
1778656773.626654,2026-05-13 10:19:33,1,1,1,0.0,0.0,0.0,0.0,3.73,0.0,0.0,0.0333,1,1,1,1,0.0,0.0,0.0,0.0,1.87,0.0,0.0,0.0167,1,5,1,1,0.0,0.0,0.0,0.0,1.87,0.0,0.0001,0.0167,1,0,0,0,0,0
1778656803.626654,2026-05-13 10:20:03,0,0,0,0.0,0.0,0.0,0.0,0.0,0.0,0.0,0.0,0,1,1,1,0.0,0.0,0.0,0.0,1.87,0.0,0.0,0.0167,1,5,1,1,0.0,0.0,0.0,0.0,1.87,0.0,0.0001,0.0167,1,0,0,0,0,0
1778656833.626654,2026-05-13 10:20:33,1,1,1,0.0,0.0,0.0,0.0,3.73,0.0,0.0,0.0333,1,1,1,1,0.0,0.0,0.0,0.0,1.87,0.0,0.0,0.0167,1,5,1,1,0.0,0.0,0.0,0.0,1.87,0.0,0.0001,0.0167,1,0,0,0,0,0
1778656863.626654,2026-05-13 10:21:03,0,0,0,0.0,0.0,0.0,0.0,0.0,0.0,0.0,0.0,0,1,1,1,0.0,0.0,0.0,0.0,1.87,0.0,0.0,0.0167,1,5,1,1,0.0,0.0,0.0,0.0,1.87,0.0,0.0001,0.0167,1,0,0,0,0,0
1778656893.626654,2026-05-13 10:21:33,1,1,1,0.0,0.0,0.0,0.0,3.73,0.0,0.0,0.0333,1,1,1,1,0.0,0.0,0.0,0.0,1.87,0.0,0.0,0.0167,1,5,1,1,0.0,0.0,0.0,0.0,1.87,0.0,0.0001,0.0167,1,0,0,0,0,0
1778656923.626654,2026-05-13 10:22:03,0,0,0,0.0,0.0,0.0,0.0,0.0,0.0,0.0,0.0,0,1,1,1,0.0,0.0,0.0,0.0,1.87,0.0,0.0,0.0167,1,5,1,1,0.0,0.0,0.0,0.0,1.87,0.0,0.0001,0.0167,1,0,0,0,0,0
1778656953.626654,2026-05-13 10:22:33,1,1,1,0.0,0.0,0.0,0.0,3.73,0.0,0.0,0.0333,1,1,1,1,0.0,0.0,0.0,0.0,1.87,0.0,0.0,0.0167,1,5,1,1,0.0,0.0,0.0,0.0,1.87,0.0,0.0001,0.0167,1,0,0,0,0,0
1778656983.626654,2026-05-13 10:23:03,0,0,0,0.0,0.0,0.0,0.0,0.0,0.0,0.0,0.0,0,1,1,1,0.0,0.0,0.0,0.0,1.87,0.0,0.0,0.0167,1,5,1,1,0.0,0.0,0.0,0.0,1.87,0.0,0.0001,0.0167,1,0,0,0,0,0
1778657013.626654,2026-05-13 10:23:33,1,1,1,0.0,0.0,0.0,0.0,3.73,0.0,0.0,0.0333,1,1,1,1,0.0,0.0,0.0,0.0,1.87,0.0,0.0,0.0167,1,5,1,1,0.0,0.0,0.0,0.0,1.87,0.0,0.0,0.0167,1,0,0,0,0,0
1778657043.626654,2026-05-13 10:24:03,0,0,0,0.0,0.0,0.0,0.0,0.0,0.0,0.0,0.0,0,1,1,1,0.0,0.0,0.0,0.0,1.87,0.0,0.0,0.0167,1,5,1,1,0.0,0.0,0.0,0.0,1.87,0.0,0.0,0.0167,1,0,0,0,0,0
1778657073.626654,2026-05-13 10:24:33,1,1,1,0.0,0.0,0.0,0.0,3.73,0.0,0.0,0.0333,1,1,1,1,0.0,0.0,0.0,0.0,1.87,0.0,0.0,0.0167,1,5,1,1,0.0,0.0,0.0,0.0,1.87,0.0,0.0,0.0167,1,0,0,0,0,0
1778657103.626654,2026-05-13 10:25:03,0,0,0,0.0,0.0,0.0,0.0,0.0,0.0,0.0,0.0,0,1,1,1,0.0,0.0,0.0,0.0,1.87,0.0,0.0,0.0167,1,5,1,1,0.0,0.0,0.0,0.0,1.87,0.0,0.0,0.0167,1,0,0,0,0,0
1778657133.626654,2026-05-13 10:25:33,1,1,1,0.0,0.0,0.0,0.0,3.73,0.0,0.0,0.0333,1,1,1,1,0.0,0.0,0.0,0.0,1.87,0.0,0.0,0.0167,1,5,1,1,0.0,0.0,0.0,0.0,1.87,0.0,0.0,0.0167,1,0,0,0,0,0
1778657163.626654,2026-05-13 10:26:03,0,0,0,0.0,0.0,0.0,0.0,0.0,0.0,0.0,0.0,0,1,1,1,0.0,0.0,0.0,0.0,1.87,0.0,0.0,0.0167,1,5,1,1,0.0,0.0,0.0,0.0,1.87,0.0,0.0,0.0167,1,0,0,0,0,0
1778657193.626654,2026-05-13 10:26:33,0,0,0,0.0,0.0,0.0,0.0,0.0,0.0,0.0,0.0,0,0,0,0,0.0,0.0,0.0,0.0,0.0,0.0,0.0,0.0,0,4,1,1,0.0,0.0,0.0,0.0,1.49,0.0,0.0,0.0133,1,0,0,0,0,0
1778657223.626654,2026-05-13 10:27:03,0,0,0,0.0,0.0,0.0,0.0,0.0,0.0,0.0,0.0,0,0,0,0,0.0,0.0,0.0,0.0,0.0,0.0,0.0,0.0,0,4,1,1,0.0,0.0,0.0,0.0,1.49,0.0,0.0,0.0133,1,0,0,0,0,0
1778657253.626654,2026-05-13 10:27:33,0,0,0,0.0,0.0,0.0,0.0,0.0,0.0,0.0,0.0,0,0,0,0,0.0,0.0,0.0,0.0,0.0,0.0,0.0,0.0,0,3,1,1,0.0,0.0,0.0,0.0,1.12,0.0,0.0,0.01,1,0,0,0,0,0
1778657283.626654,2026-05-13 10:28:03,49,3,8,0.0,1.1333,0.167,0.3061,11880.9,0.0623,0.1931,1.6333,3,49,3,8,0.0,0.5667,0.167,0.3061,5940.45,0.0623,0.1931,0.8167,3,52,4,9,0.0,0.1133,0.1574,0.2885,1189.21,0.0786,0.4439,0.1633,3,0,0,0,1,1
1778657313.626654,2026-05-13 10:28:33,63,3,17,0.0,0.8333,0.174,0.6032,1148.0,0.0672,0.3002,2.1,3,112,3,20,0.0,0.9833,0.1709,0.4732,6514.45,0.0692,0.3414,1.8667,3,114,4,21,0.0,0.1967,0.1679,0.4649,1303.64,0.076,0.7199,0.3733,3,0,0,1,1,1
1778657343.626654,2026-05-13 10:29:03,31,2,6,0.0,0.5333,0.0969,0.4839,395.7,0.0625,0.4515,1.0333,2,94,3,21,0.0,0.6833,0.1485,0.5638,771.85,0.0665,0.417,1.5667,3,145,4,25,0.0,0.25,0.1527,0.469,1343.21,0.0737,0.7231,0.4767,3,0,0,0,1,1
1778657373.626654,2026-05-13 10:29:33,27,2,4,0.0,0.1,0.0981,0.8889,929.33,0.0315,0.1936,0.9,2,58,2,8,0.0,0.3167,0.0975,0.6724,662.52,0.057,0.344,0.9667,2,171,4,27,0.0,0.26,0.145,0.538,1435.77,0.0701,0.8411,0.5667,3,0,0,0,0,0
1778657403.626654,2026-05-13 10:30:03,5,1,1,0.0,0.0,0.0639,1.0,135.0,0.0,0.1715,0.1667,1,32,2,4,0.0,0.05,0.0928,0.9062,532.17,0.0281,0.1904,0.5333,2,176,4,27,0.0,0.26,0.1427,0.5511,1449.27,0.0698,0.8018,0.5833,3,0,0,0,0,0
1778657433.626654,2026-05-13 10:30:33,26,2,5,0.0,0.3,0.1051,0.6538,1542.57,0.0582,0.1846,0.8667,2,31,2,5,0.0,0.15,0.0984,0.7097,838.78,0.0543,0.2532,0.5167,2,201,3,28,0.0,0.29,0.1386,0.5672,1603.15,0.0662,0.3556,0.67,3,0,0,0,0,0
1778657463.626654,2026-05-13 10:31:03,16,2,3,0.0,0.1333,0.0797,0.75,363.53,0.0507,0.2041,0.5333,2,42,2,6,0.0,0.2167,0.0954,0.6905,953.05,0.0558,0.196,0.7,2,217,3,29,0.0,0.3033,0.1342,0.5806,1639.5,0.0656,0.331,0.7233,3,0,0,0,0,0
1778657493.626654,2026-05-13 10:31:33,17,2,3,0.0,0.2667,0.08,0.5294,323.43,0.0623,0.2129,0.5667,2,33,2,4,0.0,0.2,0.0798,0.6364,343.48,0.0591,0.1975,0.55,2,234,3,29,0.0,0.33,0.1303,0.5769,1671.85,0.0654,0.3116,0.78,3,0,0,0,0,0
1778657523.626654,2026-05-13 10:32:03,8,1,1,0.0,0.0,0.1083,1.0,270.0,0.0,0.2429,0.2667,1,25,2,3,0.0,0.1333,0.089,0.68,296.72,0.0565,0.2295,0.4167,2,242,3,29,0.0,0.33,0.1295,0.5909,1698.85,0.0649,0.312,0.8067,3,0,0,0,0,0
1778657553.626654,2026-05-13 10:32:33,5,2,2,0.0,0.0333,0.0947,0.8,139.17,0.0451,0.1718,0.1667,2,13,2,2,0.0,0.0167,0.103,0.9231,204.58,0.0245,0.1945,0.2167,2,247,3,29,0.0,0.3333,0.1288,0.5951,1712.76,0.0647,0.3014,0.8233,3,0,0,0,0,0
1778657583.626654,2026-05-13 10:33:03,7,2,3,0.0,0.1333,0.0484,0.4286,20.93,0.0616,0.2229,0.2333,2,12,2,3,0.0,0.0833,0.0677,0.5833,80.05,0.0612,0.1744,0.2,2,205,3,26,0.0,0.2333,0.117,0.6585,526.77,0.0605,0.2751,0.6833,3,0,0,0,0,0
1778657613.626654,2026-05-13 10:33:33,5,2,2,0.0,0.0333,0.048,0.8,74.13,0.0451,0.154,0.1667,2,12,2,3,0.0,0.0833,0.0483,0.5833,47.53,0.0612,0.1861,0.2,2,147,2,12,0.0,0.1533,0.0902,0.6871,419.38,0.056,0.2393,0.49,2,0,0,0,0,0
1778657643.626654,2026-05-13 10:34:03,7,2,4,0.0,0.1,0.0375,0.5714,16.23,0.0616,0.1413,0.2333,2,12,2,4,0.0,0.0667,0.0419,0.6667,45.18,0.0574,0.1323,0.2,2,123,2,11,0.0,0.11,0.0855,0.7317,381.43,0.0524,0.2064,0.41,2,0,0,0,0,0
1778657673.626654,2026-05-13 10:34:33,2,2,2,0.0,0.0333,0.0469,0.5,4.17,0.0625,0.0,0.0667,2,9,2,4,0.0,0.0667,0.0396,0.5556,10.2,0.0619,0.1084,0.15,2,98,2,9,0.0,0.1033,0.0812,0.6837,288.92,0.0563,0.1895,0.3267,2,0,0,0,0,0
1778657703.626654,2026-05-13 10:35:03,1,1,1,0.0,0.0,0.0,1.0,0.0,0.0,0.0,0.0333,1,3,2,2,0.0,0.0167,0.0313,0.6667,2.08,0.0574,0.0186,0.05,2,94,2,9,0.0,0.1033,0.0813,0.6702,275.42,0.0572,0.1868,0.3133,2,0,0,0,0,0
1778657733.626654,2026-05-13 10:35:33,5,2,3,0.0,0.0667,0.0357,0.6,9.63,0.0607,0.1054,0.1667,2,6,2,3,0.0,0.0333,0.0298,0.6667,4.82,0.0574,0.1128,0.1,2,73,2,8,0.0,0.08,0.0697,0.6712,122.12,0.0571,0.1662,0.2433,2,0,0,0,0,0
1778657763.626654,2026-05-13 10:36:03,4,1,1,0.0,0.0,0.0,1.0,0.0,0.0,0.1414,0.1333,1,9,2,3,0.0,0.0333,0.0198,0.7778,4.82,0.0478,0.116,0.15,2,61,2,7,0.0,0.0667,0.0625,0.6721,85.77,0.057,0.1536,0.2033,2,0,0,0,0,0
1778657793.626654,2026-05-13 10:36:33,2,2,2,0.0,0.0333,0.0459,0.5,4.17,0.0625,0.0,0.0667,2,6,2,2,0.0,0.0167,0.0153,0.8333,2.08,0.0406,0.0941,0.1,2,46,2,6,0.0,0.0433,0.0553,0.7174,53.84,0.0537,0.1295,0.1533,2,0,0,0,0,0
1778657823.626654,2026-05-13 10:37:03,3,1,2,0.0,0.0,0.0,1.0,0.0,0.0,0.0999,0.1,1,5,2,3,0.0,0.0167,0.0184,0.8,2.08,0.0451,0.0999,0.0833,2,41,2,6,0.0,0.0433,0.041,0.6829,26.84,0.0563,0.1214,0.1367,2,0,0,0,0,0
1778657853.626654,2026-05-13 10:37:33,7,2,2,0.0,0.1,0.0839,0.5714,293.43,0.0616,0.1407,0.2333,2,10,2,3,0.0,0.05,0.0587,0.7,146.72,0.0551,0.1558,0.1667,2,43,2,6,0.0,0.05,0.0417,0.6512,42.27,0.0583,0.1229,0.1433,2,0,0,0,0,0
1778657883.626654,2026-05-13 10:38:03,6,2,2,0.0,0.0667,0.0008,0.6667,17.67,0.0574,0.1998,0.2,2,13,2,2,0.0,0.0833,0.0455,0.6154,155.55,0.0601,0.158,0.2167,2,42,2,5,0.0,0.0433,0.0347,0.6905,41.94,0.0558,0.1195,0.14,2,0,0,0,0,0
1778657913.626654,2026-05-13 10:38:33,2,2,2,0.0,0.0333,0.0381,0.5,4.17,0.0625,0.0,0.0667,2,8,2,2,0.0,0.05,0.0101,0.625,10.92,0.0597,0.1297,0.1333,2,39,2,5,0.0,0.0433,0.0332,0.6667,34.95,0.0574,0.1144,0.13,2,0,0,0,0,0
1778657943.626654,2026-05-13 10:39:03,1,1,1,0.0,0.0,0.0,1.0,0.0,0.0,0.0,0.0333,1,3,2,2,0.0,0.0167,0.0254,0.6667,2.08,0.0574,0.0604,0.05,2,33,2,4,0.0,0.0333,0.0313,0.697,33.32,0.0553,0.109,0.11,2,0,0,0,0,0
1778657973.626654,2026-05-13 10:39:33,8,2,3,0.0,0.0333,0.0891,0.875,213.1,0.034,0.185,0.2667,2,9,2,3,0.0,0.0167,0.0792,0.8889,106.55,0.0315,0.1876,0.15,2,39,2,5,0.0,0.0333,0.0423,0.7436,54.22,0.0513,0.1279,0.13,2,0,0,0,0,0
1778658003.626654,2026-05-13 10:40:03,6,1,1,0.0,0.0,0.0535,1.0,139.93,0.0,0.1992,0.2,1,14,2,3,0.0,0.0167,0.0739,0.9286,176.52,0.0232,0.1821,0.2333,2,44,2,5,0.0,0.0333,0.0448,0.7727,68.21,0.0483,0.1316,0.1467,2,0,0,0,0,0
1778658033.626654,2026-05-13 10:40:33,4,2,2,0.0,0.1,0.0351,0.25,16.57,0.0507,0.1414,0.1333,2,10,2,2,0.0,0.05,0.0461,0.7,78.25,0.0551,0.1619,0.1667,2,43,2,4,0.0,0.0367,0.045,0.7442,68.9,0.0513,0.1351,0.1433,2,0,0,0,0,0
1778658063.626654,2026-05-13 10:41:03,6,1,2,0.0,0.0,0.0761,1.0,209.9,0.0,0.1935,0.2,1,10,2,3,0.0,0.05,0.0597,0.7,113.23,0.0551,0.1728,0.1667,2,45,2,5,0.0,0.0367,0.0531,0.7556,89.89,0.0501,0.1416,0.15,2,0,0,0,0,0
1778658093.626654,2026-05-13 10:41:33,3,1,1,0.0,0.0,0.0,1.0,0.0,0.0,0.1,0.1,1,9,1,2,0.0,0.0,0.0508,1.0,104.95,0.0,0.164,0.15,1,46,2,5,0.0,0.0333,0.05,0.7826,89.48,0.0472,0.1442,0.1533,2,0,0,0,0,0
1778658123.626654,2026-05-13 10:42:03,5,2,2,0.0,0.0333,0.0459,0.8,70.5,0.0451,0.1726,0.1667,2,8,2,2,0.0,0.0167,0.0287,0.875,35.25,0.034,0.1209,0.1333,2,48,2,4,0.0,0.0367,0.0527,0.7708,96.53,0.0485,0.1415,0.16,2,0,0,0,0,0
1778658153.626654,2026-05-13 10:42:33,49,2,8,0.0,0.6,0.0858,0.6327,1399.27,0.0593,0.3388,1.6333,2,54,2,9,0.0,0.3167,0.0821,0.6481,734.88,0.0585,0.3325,0.9,2,90,2,11,0.0,0.0867,0.0683,0.7111,207.11,0.0542,0.2111,0.3,2,0,0,0,0,0
1778658183.626654,2026-05-13 10:43:03,10,1,1,0.0,0.0,0.0854,1.0,344.9,0.0,0.1967,0.3333,1,59,2,8,0.0,0.3,0.0857,0.6949,872.08,0.0555,0.2949,0.9833,2,94,2,11,0.0,0.08,0.0744,0.7447,239.83,0.0512,0.2186,0.3133,2,0,0,0,0,0
1778658213.626654,2026-05-13 10:43:33,14,2,3,0.0,0.2,0.084,0.5714,311.67,0.0616,0.3302,0.4667,2,24,2,3,0.0,0.1,0.0846,0.75,328.28,0.0507,0.2415,0.4,2,106,2,12,0.0,0.0967,0.0764,0.7264,270.58,0.0529,0.2301,0.3533,2,0,0,0,0,0
1778658243.626654,2026-05-13 10:44:03,8,1,1,0.0,0.0,0.0843,1.0,274.93,0.0,0.2425,0.2667,1,22,2,3,0.0,0.1,0.0841,0.7273,293.3,0.0528,0.2643,0.3667,2,113,2,12,0.0,0.0967,0.0776,0.7434,298.08,0.0514,0.2287,0.3767,2,0,0,0,0,0
1778658273.626654,2026-05-13 10:44:33,7,2,2,0.0,0.1,0.0613,0.5714,83.77,0.0616,0.221,0.2333,2,15,2,2,0.0,0.05,0.0736,0.8,179.35,0.0451,0.1967,0.25,2,112,2,11,0.0,0.1033,0.0758,0.7232,285.14,0.0532,0.2298,0.3733,2,0,0,0,0,0
1778658303.626654,2026-05-13 10:45:03,1,1,1,0.0,0.0,0.0,1.0,0.0,0.0,0.0,0.0333,1,8,2,2,0.0,0.05,0.0537,0.625,41.88,0.0597,0.1921,0.1333,2,107,2,11,0.0,0.1033,0.0763,0.7103,271.15,0.0543,0.232,0.3567,2,0,0,0,0,0
1778658333.626654,2026-05-13 10:45:33,7,2,2,0.0,0.1,0.0918,0.5714,153.73,0.0616,0.2227,0.2333,2,8,2,2,0.0,0.05,0.0803,0.625,76.87,0.0597,0.1582,0.1333,2,110,2,11,0.0,0.1033,0.0788,0.7182,284.87,0.0536,0.241,0.3667,2,0,0,0,0,0
1778658363.626654,2026-05-13 10:46:03,11,2,3,0.0,0.1,0.0846,0.7273,297.73,0.0528,0.2968,0.3667,2,18,2,3,0.0,0.1,0.0874,0.6667,225.73,0.0574,0.2631,0.3,2,115,2,11,0.0,0.1133,0.0795,0.7043,293.65,0.0547,0.247,0.3833,2,0,0,0,0,0
1778658393.626654,2026-05-13 10:46:33,8,1,1,0.0,0.0,0.0904,1.0,274.93,0.0,0.2436,0.2667,1,19,2,3,0.0,0.05,0.087,0.8421,286.33,0.0393,0.23,0.3167,2,120,2,11,0.0,0.1133,0.0822,0.7167,321.14,0.0537,0.2532,0.4,2,0,0,0,0,0
1778658423.626654,2026-05-13 10:47:03,8,2,2,0.0,0.1333,0.0916,0.5,148.03,0.0625,0.1847,0.2667,2,16,2,2,0.0,0.0667,0.091,0.75,211.48,0.0507,0.299,0.2667,2,123,2,10,0.0,0.1233,0.0843,0.6992,328.9,0.0551,0.2673,0.41,2,0,0,0,0,0
1778658453.626654,2026-05-13 10:47:33,3,1,2,0.0,0.0,0.0,1.0,0.0,0.0,0.1,0.1,1,11,2,3,0.0,0.0667,0.0666,0.6364,74.02,0.0591,0.1968,0.1833,2,77,2,5,0.0,0.0633,0.08,0.7532,188.97,0.0504,0.2092,0.2567,2,0,0,0,0,0
1778658483.626654,2026-05-13 10:48:03,7,2,2,0.0,0.1,0.1047,0.5714,153.73,0.0616,0.2213,0.2333,2,10,2,3,0.0,0.05,0.0733,0.7,76.87,0.0551,0.1826,0.1667,2,74,2,5,0.0,0.0733,0.0816,0.7027,169.85,0.0549,0.2122,0.2467,2,0,0,0,0,0
1778658513.626654,2026-05-13 10:48:33,11,1,3,0.0,0.0,0.0644,1.0,279.87,0.0,0.2054,0.3667,1,18,2,4,0.0,0.05,0.0801,0.8333,216.8,0.0406,0.1856,0.3,2,71,2,6,0.0,0.0533,0.0785,0.7746,166.67,0.0481,0.1984,0.2367,2,0,0,0,0,0
1778658543.626654,2026-05-13 10:49:03,3,2,2,0.0,0.0333,0.0955,0.6667,74.13,0.0574,0.0977,0.1,2,14,2,4,0.0,0.0167,0.0711,0.9286,177.0,0.0232,0.165,0.2333,2,66,2,6,0.0,0.0567,0.0786,0.7424,146.59,0.0514,0.1969,0.22,2,0,0,0,0,0
1778658573.626654,2026-05-13 10:49:33,6,2,2,0.0,0.1333,0.0905,0.3333,79.07,0.0574,0.1937,0.2,2,9,2,2,0.0,0.0833,0.0922,0.4444,76.6,0.0619,0.1694,0.15,2,65,2,6,0.0,0.06,0.0815,0.7231,146.12,0.0532,0.1947,0.2167,2,0,0,0,0,0
1778658603.626654,2026-05-13 10:50:03,7,2,2,0.0,0.0333,0.0952,0.8571,209.13,0.037,0.2148,0.2333,2,13,2,2,0.0,0.0833,0.093,0.6154,144.1,0.0601,0.1943,0.2167,2,71,2,6,0.0,0.0633,0.084,0.7324,167.04,0.0524,0.1955,0.2367,2,0,0,0,0,0
1778658633.626654,2026-05-13 10:50:33,7,2,2,0.0,0.0667,0.0451,0.7143,81.43,0.0539,0.2224,0.2333,2,14,2,2,0.0,0.05,0.0701,0.7857,145.28,0.0468,0.1871,0.2333,2,71,2,6,0.0,0.06,0.0794,0.7465,159.81,0.0511,0.1896,0.2367,2,0,0,0,0,0
1778658663.626654,2026-05-13 10:51:03,2,2,2,0.0,0.0333,0.0484,0.5,4.17,0.0625,0.0,0.0667,2,9,2,2,0.0,0.05,0.0458,0.6667,42.8,0.0574,0.1519,0.15,2,62,2,5,0.0,0.0533,0.0775,0.7419,130.45,0.0515,0.1768,0.2067,2,0,0,0,0,0
1778658693.626654,2026-05-13 10:51:33,3,1,2,0.0,0.0,0.0496,1.0,65.03,0.0,0.0928,0.1,1,5,2,3,0.0,0.0167,0.0491,0.8,34.6,0.0451,0.0999,0.0833,2,57,2,6,0.0,0.0533,0.0742,0.7193,109.46,0.0535,0.1704,0.19,2,0,0,0,0,0
1778658723.626654,2026-05-13 10:52:03,6,2,2,0.0,0.0667,0.0572,0.6667,83.33,0.0574,0.1494,0.2,2,9,2,3,0.0,0.0333,0.0547,0.7778,74.18,0.0478,0.1686,0.15,2,55,2,6,0.0,0.0467,0.0698,0.7455,102.99,0.0512,0.157,0.1833,2,0,0,0,0,0
1778658753.626654,2026-05-13 10:52:33,3,1,2,0.0,0.0,0.0,1.0,0.0,0.0,0.1,0.1,1,9,2,3,0.0,0.0333,0.0381,0.7778,41.67,0.0478,0.1244,0.15,2,55,2,5,0.0,0.0467,0.0698,0.7455,102.99,0.0512,0.153,0.1833,2,0,0,0,0,0
1778658783.626654,2026-05-13 10:53:03,4,2,2,0.0,0.0333,0.0223,0.75,4.17,0.0507,0.1112,0.1333,2,7,2,3,0.0,0.0167,0.0127,0.8571,2.08,0.037,0.1099,0.1167,2,52,2,5,0.0,0.04,0.0615,0.7692,88.03,0.0487,0.1467,0.1733,2,0,0,0,0,0
1778658813.626654,2026-05-13 10:53:33,1,1,1,0.0,0.0,0.0,1.0,0.0,0.0,0.0,0.0333,1,5,2,2,0.0,0.0167,0.0178,0.8,2.08,0.0451,0.0848,0.0833,2,42,2,3,0.0,0.04,0.0593,0.7143,60.05,0.0539,0.1333,0.14,2,0,0,0,0,0
1778658843.626654,2026-05-13 10:54:03,6,2,2,0.0,0.1,0.0303,0.5,17.63,0.0625,0.1426,0.2,2,7,2,2,0.0,0.05,0.026,0.5714,8.82,0.0616,0.1471,0.1167,2,45,2,3,0.0,0.0467,0.053,0.6889,54.4,0.0559,0.1385,0.15,2,0,0,0,0,0
1778658873.626654,2026-05-13 10:54:33,3,1,1,0.0,0.0,0.0,1.0,0.0,0.0,0.1,0.1,1,9,2,2,0.0,0.05,0.0202,0.6667,8.82,0.0574,0.1269,0.15,2,42,2,3,0.0,0.0333,0.0438,0.7619,46.49,0.0495,0.1286,0.14,2,0,0,0,0,0
1778658903.626654,2026-05-13 10:55:03,1,1,1,0.0,0.0,0.0,1.0,0.0,0.0,0.0,0.0333,1,4,1,1,0.0,0.0,0.0,1.0,0.0,0.0,0.1016,0.0667,1,36,2,3,0.0,0.03,0.0326,0.75,25.58,0.0507,0.1221,0.12,2,0,0,0,0,0
1778658933.626654,2026-05-13 10:55:33,4,1,1,0.0,0.0,0.0826,1.0,130.07,0.0,0.1374,0.1333,1,5,1,1,0.0,0.0,0.0661,1.0,65.03,0.0,0.1727,0.0833,1,33,2,3,0.0,0.0233,0.0361,0.7879,30.44,0.0466,0.1185,0.11,2,0,0,0,0,0
1778658963.626654,2026-05-13 10:56:03,33,2,7,0.0,0.4,0.0342,0.6364,187.5,0.0591,0.1663,1.1,2,37,2,7,0.0,0.2,0.0394,0.6757,158.78,0.0568,0.3559,0.6167,2,64,2,8,0.0,0.06,0.0347,0.7188,48.77,0.0536,0.1865,0.2133,2,0,0,0,0,0
1778658993.626654,2026-05-13 10:56:33,8,2,3,0.0,0.1,0.0189,0.625,22.5,0.0597,0.1612,0.2667,2,41,2,8,0.0,0.25,0.0312,0.6341,105.0,0.0592,0.2205,0.6833,2,69,2,9,0.0,0.07,0.0322,0.6957,44.52,0.0554,0.1835,0.23,2,0,0,0,0,0
1778659023.626654,2026-05-13 10:57:03,7,2,2,0.0,0.1,0.0441,0.5714,13.8,0.0616,0.1451,0.2333,2,15,2,3,0.0,0.1,0.0306,0.6,18.15,0.0607,0.193,0.25,2,70,2,9,0.0,0.0733,0.0313,0.6857,37.57,0.0561,0.1907,0.2333,2,0,0,0,0,0
1778659053.626654,2026-05-13 10:57:33,3,2,2,0.0,0.0333,0.0836,0.6667,75.43,0.0574,0.0947,0.1,2,10,2,2,0.0,0.0667,0.0559,0.6,44.62,0.0607,0.2358,0.1667,2,70,2,8,0.0,0.0767,0.0348,0.6714,45.11,0.0571,0.1973,0.2333,2,0,0,0,0,0
1778659083.626654,2026-05-13 10:58:03,7,2,2,0.0,0.1333,0.0595,0.4286,17.97,0.0616,0.1869,0.2333,2,10,2,3,0.0,0.0833,0.0668,0.5,46.7,0.0625,0.1762,0.1667,2,73,2,9,0.0,0.0867,0.0379,0.6438,46.49,0.0587,0.2032,0.2433,2,0,0,0,0,0
1778659113.626654,2026-05-13 10:58:33,3,1,1,0.0,0.0,0.0,1.0,0.0,0.0,0.1,0.1,1,10,2,2,0.0,0.0667,0.0417,0.6,8.98,0.0607,0.1345,0.1667,2,75,2,9,0.0,0.0867,0.0369,0.6533,46.49,0.0582,0.1975,0.25,2,0,0,0,0,0
1778659143.626654,2026-05-13 10:59:03,6,2,2,0.0,0.1333,0.0655,0.3333,17.97,0.0574,0.1746,0.2,2,9,2,2,0.0,0.0667,0.0436,0.5556,8.98,0.0619,0.1871,0.15,2,75,2,9,0.0,0.09,0.0397,0.64,46.52,0.0589,0.2072,0.25,2,0,0,0,0,0
1778659173.626654,2026-05-13 10:59:33,8,2,3,0.0,0.1667,0.0911,0.375,139.1,0.0597,0.2425,0.2667,2,14,2,3,0.0,0.15,0.0801,0.3571,78.53,0.0588,0.2302,0.2333,2,80,2,10,0.0,0.1067,0.0463,0.6,60.43,0.0607,0.2123,0.2667,2,0,0,0,0,0
1778659203.626654,2026-05-13 11:00:03,13,2,2,0.0,0.3,0.0719,0.3077,170.6,0.0557,0.2642,0.4333,2,21,2,3,0.0,0.2333,0.0792,0.3333,154.85,0.0574,0.2297,0.35,2,92,2,10,0.0,0.1367,0.0505,0.5543,77.49,0.062,0.2178,0.3067,2,0,0,0,0,0
1778659233.626654,2026-05-13 11:00:33,12,2,2,0.0,0.3,0.0477,0.25,39.33,0.0507,0.2048,0.4,2,25,2,3,0.0,0.3,0.0603,0.28,104.97,0.0535,0.2523,0.4167,2,100,2,11,0.0,0.1667,0.0488,0.5,68.42,0.0625,0.2196,0.3333,2,0,0,0,0,0
1778659263.626654,2026-05-13 11:01:03,7,2,2,0.0,0.1667,0.0664,0.2857,20.77,0.0539,0.2184,0.2333,2,19,2,2,0.0,0.2333,0.0546,0.2632,30.05,0.052,0.224,0.3167,2,74,2,6,0.0,0.1433,0.057,0.4189,51.75,0.0613,0.1941,0.2467,2,0,0,0,0,0
1778659293.626654,2026-05-13 11:01:33,2,1,1,0.0,0.0,0.0,1.0,0.0,0.0,0.0,0.0667,1,9,2,2,0.0,0.0833,0.0516,0.4444,10.38,0.0619,0.2134,0.15,2,68,2,5,0.0,0.1333,0.0599,0.4118,49.5,0.0611,0.1958,0.2267,2,0,0,0,0,0
1778659323.626654,2026-05-13 11:02:03,15,2,2,0.0,0.2333,0.0927,0.5333,326.33,0.0623,0.2982,0.5,2,17,2,2,0.0,0.1167,0.0818,0.5882,163.17,0.0611,0.2505,0.2833,2,76,2,5,0.0,0.1467,0.0678,0.4211,80.75,0.0614,0.2014,0.2533,2,0,0,0,0,0
1778659353.626654,2026-05-13 11:02:33,6,1,1,0.0,0.0,0.0846,1.0,209.9,0.0,0.1967,0.2,1,21,2,3,0.0,0.1167,0.0904,0.6667,268.12,0.0574,0.2246,0.35,2,79,2,5,0.0,0.1433,0.0685,0.4557,94.2,0.0621,0.1976,0.2633,2,0,0,0,0,0
1778659383.626654,2026-05-13 11:03:03,7,2,2,0.0,0.1,0.0857,0.5714,157.0,0.0616,0.2203,0.2333,2,13,2,2,0.0,0.05,0.0852,0.7692,183.45,0.0487,0.2125,0.2167,2,79,2,5,0.0,0.14,0.0708,0.4684,108.1,0.0623,0.2059,0.2633,2,0,0,0,0,0
1778659413.626654,2026-05-13 11:03:33,3,2,2,0.0,0.0333,0.0256,0.6667,5.47,0.0574,0.0629,0.1,2,10,2,2,0.0,0.0667,0.0676,0.6,81.23,0.0607,0.2233,0.1667,2,79,2,5,0.0,0.1433,0.0718,0.4557,108.65,0.0621,0.212,0.2633,2,0,0,0,0,0
1778659443.626654,2026-05-13 11:04:03,11,2,2,0.0,0.1,0.0813,0.7273,293.63,0.0528,0.2212,0.3667,2,14,2,2,0.0,0.0667,0.0693,0.7143,149.55,0.0539,0.2052,0.2333,2,84,2,5,0.0,0.14,0.0734,0.5,136.21,0.0625,0.2087,0.28,2,0,0,0,0,0
1778659473.626654,2026-05-13 11:04:33,6,1,1,0.0,0.0,0.0541,1.0,135.8,0.0,0.1982,0.2,1,17,2,2,0.0,0.05,0.0717,0.8235,214.72,0.042,0.1885,0.2833,2,82,2,4,0.0,0.1233,0.0703,0.5488,135.88,0.0621,0.2054,0.2733,2,0,0,0,0,0
1778659503.626654,2026-05-13 11:05:03,2,1,1,0.0,0.0,0.0,1.0,0.0,0.0,0.0,0.0667,1,8,1,1,0.0,0.0,0.0406,1.0,67.9,0.0,0.1786,0.1333,1,71,2,3,0.0,0.0933,0.068,0.6056,118.82,0.0605,0.1935,0.2367,2,0,0,0,0,0
1778659533.626654,2026-05-13 11:05:33,8,2,3,0.0,0.1333,0.0407,0.5,15.57,0.0625,0.2429,0.2667,2,10,2,3,0.0,0.0667,0.0326,0.6,7.78,0.0607,0.1958,0.1667,2,67,2,4,0.0,0.0767,0.0684,0.6567,116.45,0.058,0.1916,0.2233,2,0,0,0,0,0
1778659563.626654,2026-05-13 11:06:03,8,1,1,0.0,0.0,0.0402,1.0,135.0,0.0,0.1962,0.2667,1,16,2,3,0.0,0.0667,0.0405,0.75,75.28,0.0507,0.1925,0.2667,2,68,2,4,0.0,0.06,0.0653,0.7353,127.87,0.0521,0.187,0.2267,2,0,0,0,0,0
1778659593.626654,2026-05-13 11:06:33,6,2,2,0.0,0.0333,0.0787,0.8333,80.23,0.0406,0.1982,0.2,2,14,2,2,0.0,0.0167,0.0567,0.9286,107.62,0.0232,0.1707,0.2333,2,72,2,4,0.0,0.0633,0.0682,0.7361,135.89,0.052,0.1857,0.24,2,0,0,0,0,0
1778659623.626654,2026-05-13 11:07:03,2,1,1,0.0,0.0,0.0,1.0,0.0,0.0,0.0,0.0667,1,8,2,2,0.0,0.0167,0.059,0.875,40.12,0.034,0.1784,0.1333,2,59,2,3,0.0,0.04,0.0597,0.7966,103.26,0.0455,0.1747,0.1967,2,0,0,0,0,0
1778659653.626654,2026-05-13 11:07:33,3,2,2,0.0,0.0333,0.0737,0.6667,70.5,0.0574,0.0962,0.1,2,5,2,2,0.0,0.0167,0.0442,0.8,35.25,0.0451,0.1728,0.0833,2,56,2,3,0.0,0.0433,0.0578,0.7679,89.32,0.0489,0.1763,0.1867,2,0,0,0,0,0
1778659683.626654,2026-05-13 11:08:03,4,2,2,0.0,0.0667,0.0426,0.5,17.47,0.0625,0.0892,0.1333,2,7,2,3,0.0,0.05,0.0559,0.5714,43.98,0.0616,0.2213,0.1167,2,53,2,4,0.0,0.04,0.053,0.7736,75.37,0.0482,0.177,0.1767,2,0,0,0,0,0
1778659713.626654,2026-05-13 11:08:33,4,1,3,0.0,0.0,0.0,1.0,0.0,0.0,0.0458,0.1333,1,8,2,5,0.0,0.0333,0.0213,0.75,8.73,0.0507,0.2347,0.1333,2,54,2,7,0.0,0.0367,0.0506,0.7963,74.82,0.0456,0.1845,0.18,2,0,0,0,0,0
1778659743.626654,2026-05-13 11:09:03,0,0,0,0.0,0.0,0.0,0.0,0.0,0.0,0.0,0.0,0,4,1,3,0.0,0.0,0.0,1.0,0.0,0.0,0.0458,0.0667,1,43,2,7,0.0,0.0267,0.0427,0.814,45.46,0.0433,0.1813,0.1433,2,0,0,0,0,0
1778659773.626654,2026-05-13 11:09:33,4,1,1,0.0,0.1333,0.0803,0.0,14.03,0.0,0.1296,0.1333,1,4,1,1,0.0,0.0667,0.0803,0.0,7.02,0.0,0.1296,0.0667,1,41,2,7,0.0,0.04,0.0447,0.7073,33.28,0.0545,0.195,0.1367,2,0,0,0,0,0
1778659803.626654,2026-05-13 11:10:03,0,0,0,0.0,0.0,0.0,0.0,0.0,0.0,0.0,0.0,0,4,1,1,0.0,0.0667,0.0803,0.0,7.02,0.0,0.1296,0.0667,1,39,2,7,0.0,0.04,0.047,0.6923,33.28,0.0557,0.1975,0.13,2,0,0,0,0,0
1778659833.626654,2026-05-13 11:10:33,4,2,2,0.0,0.1,0.0676,0.25,11.4,0.0507,0.1355,0.1333,2,4,2,2,0.0,0.05,0.0676,0.25,5.7,0.0507,0.1355,0.0667,2,35,2,7,0.0,0.0367,0.0508,0.6857,32.86,0.0561,0.1942,0.1167,2,0,0,0,0,0
1778659863.626654,2026-05-13 11:11:03,2,1,1,0.0,0.0667,0.0852,0.0,17.47,0.0,0.0,0.0667,1,6,2,2,0.0,0.0833,0.0735,0.1667,14.43,0.0406,0.1992,0.1,2,29,2,7,0.0,0.0433,0.0561,0.5517,21.11,0.062,0.1809,0.0967,2,0,0,0,0,0
1778659893.626654,2026-05-13 11:11:33,3,1,1,0.0,0.1,0.0831,0.0,10.53,0.0,0.0892,0.1,1,5,1,1,0.0,0.0833,0.0839,0.0,14.0,0.0,0.173,0.0833,1,26,2,7,0.0,0.05,0.054,0.4231,14.14,0.0614,0.1809,0.0867,2,0,0,0,0,0
1778659923.626654,2026-05-13 11:12:03,29,2,3,0.0,0.8667,0.0693,0.1034,112.63,0.03,0.4888,0.9667,2,32,2,3,0.0,0.4833,0.0706,0.0938,61.58,0.0281,0.479,0.5333,2,53,2,9,0.0,0.1367,0.0644,0.2264,25.4,0.0482,0.2714,0.1767,2,0,0,0,0,0
1778659953.626654,2026-05-13 11:12:33,136,2,18,0.0,1.5,0.1456,0.6691,14354.53,0.0572,0.386,4.5333,2,165,2,19,0.0,1.1833,0.1322,0.5697,7233.58,0.0616,0.3998,2.75,2,186,2,24,0.0,0.2833,0.1236,0.543,1453.81,0.0622,0.4957,0.62,2,0,0,1,1,1
1778659983.626654,2026-05-13 11:13:03,73,3,16,0.0,1.1333,0.8524,0.5342,1494.4,0.068,0.3201,2.4333,3,209,3,30,0.0,1.3167,0.3925,0.622,7924.47,0.0623,0.3505,3.4833,3,255,3,35,0.0,0.39,0.3335,0.5412,1601.5,0.0643,0.5765,0.85,3,0,0,1,1,1
1778660013.626654,2026-05-13 11:13:33,0,0,0,0.0,0.0,0.0,0.0,0.0,0.0,0.0,0.0,0,73,3,16,0.0,0.5667,0.8524,0.5342,747.2,0.068,0.3201,1.2167,3,251,3,32,0.0,0.39,0.3388,0.5339,1601.5,0.0644,0.6089,0.8367,3,0,0,0,1,1
1778660043.626654,2026-05-13 11:14:03,0,0,0,0.0,0.0,0.0,0.0,0.0,0.0,0.0,0.0,0,0,0,0,0.0,0.0,0.0,0.0,0.0,0.0,0.0,0.0,0,251,3,32,0.0,0.39,0.3388,0.5339,1601.5,0.0644,0.6089,0.8367,3,0,0,0,0,0
1778660073.626654,2026-05-13 11:14:33,4,2,2,0.0,0.0333,1.292,0.75,14.3,0.0507,0.1235,0.1333,2,4,2,2,0.0,0.0167,1.292,0.75,7.15,0.0507,0.1235,0.0667,2,251,3,32,0.0,0.38,0.3582,0.5458,1601.53,0.0642,0.6823,0.8367,3,0,0,0,0,0
1778660103.626654,2026-05-13 11:15:03,8,2,2,0.0,0.1,1.422,0.625,31.67,0.0597,0.2363,0.2667,2,12,2,2,0.0,0.0667,1.3786,0.6667,22.98,0.0574,0.233,0.2,2,259,3,32,0.0,0.39,0.391,0.5483,1604.69,0.0642,0.6267,0.8633,3,0,0,0,0,0
1778660133.626654,2026-05-13 11:15:33,31,2,4,0.0,0.7333,0.6271,0.2903,123.17,0.0543,0.3672,1.0333,2,39,2,4,0.0,0.4167,0.7901,0.359,77.42,0.0589,0.346,0.65,2,286,3,32,0.0,0.4533,0.4211,0.5245,1615.87,0.0643,0.6534,0.9533,3,0,0,0,0,0
1778660163.626654,2026-05-13 11:16:03,15,2,2,0.0,0.1667,0.0969,0.6667,344.8,0.0574,0.1429,0.5,2,46,2,5,0.0,0.45,0.4542,0.413,233.98,0.0611,0.3803,0.7667,2,299,3,32,0.0,0.4633,0.4071,0.5351,1648.6,0.0641,0.6869,0.9967,3,0,0,0,0,0
1778660193.626654,2026-05-13 11:16:33,0,0,0,0.0,0.0,0.0,0.0,0.0,0.0,0.0,0.0,0,15,2,2,0.0,0.0833,0.0969,0.6667,172.4,0.0574,0.1429,0.25,2,296,3,32,0.0,0.4533,0.4104,0.5405,1647.55,0.0641,0.7477,0.9867,3,0,0,0,0,0
1778660223.626654,2026-05-13 11:17:03,0,0,0,0.0,0.0,0.0,0.0,0.0,0.0,0.0,0.0,0,0,0,0,0.0,0.0,0.0,0.0,0.0,0.0,0.0,0.0,0,267,3,32,0.0,0.3667,0.4474,0.588,1636.29,0.0631,0.7484,0.89,3,0,0,0,0,0
1778660253.626654,2026-05-13 11:17:33,0,0,0,0.0,0.0,0.0,0.0,0.0,0.0,0.0,0.0,0,0,0,0,0.0,0.0,0.0,0.0,0.0,0.0,0.0,0.0,0,131,3,18,0.0,0.2167,0.7607,0.5038,200.83,0.0661,0.595,0.4367,3,0,0,0,0,0
1778660283.626654,2026-05-13 11:18:03,0,0,0,0.0,0.0,0.0,0.0,0.0,0.0,0.0,0.0,0,0,0,0,0.0,0.0,0.0,0.0,0.0,0.0,0.0,0.0,0,58,2,5,0.0,0.1033,0.6455,0.4655,51.39,0.0623,0.3472,0.1933,2,0,0,0,0,0
1778660313.626654,2026-05-13 11:18:33,0,0,0,0.0,0.0,0.0,0.0,0.0,0.0,0.0,0.0,0,0,0,0,0.0,0.0,0.0,0.0,0.0,0.0,0.0,0.0,0,58,2,5,0.0,0.1033,0.6455,0.4655,51.39,0.0623,0.3472,0.1933,2,0,0,0,0,0
1778660343.626654,2026-05-13 11:19:03,0,0,0,0.0,0.0,0.0,0.0,0.0,0.0,0.0,0.0,0,0,0,0,0.0,0.0,0.0,0.0,0.0,0.0,0.0,0.0,0,58,2,5,0.0,0.1033,0.6455,0.4655,51.39,0.0623,0.3472,0.1933,2,0,0,0,0,0
1778660373.626654,2026-05-13 11:19:33,0,0,0,0.0,0.0,0.0,0.0,0.0,0.0,0.0,0.0,0,0,0,0,0.0,0.0,0.0,0.0,0.0,0.0,0.0,0.0,0,54,2,5,0.0,0.1,0.5976,0.4444,49.96,0.0619,0.3714,0.18,2,0,0,0,0,0
1778660403.626654,2026-05-13 11:20:03,0,0,0,0.0,0.0,0.0,0.0,0.0,0.0,0.0,0.0,0,0,0,0,0.0,0.0,0.0,0.0,0.0,0.0,0.0,0.0,0,46,2,5,0.0,0.09,0.4542,0.413,46.8,0.0611,0.3803,0.1533,2,0,0,0,0,0
1778660433.626654,2026-05-13 11:20:33,0,0,0,0.0,0.0,0.0,0.0,0.0,0.0,0.0,0.0,0,0,0,0,0.0,0.0,0.0,0.0,0.0,0.0,0.0,0.0,0,15,2,2,0.0,0.0167,0.0969,0.6667,34.48,0.0574,0.1429,0.05,2,0,0,0,0,0
1778660463.626654,2026-05-13 11:21:03,1,1,1,0.0,0.0,0.0697,1.0,1.6,0.0,0.0,0.0333,1,1,1,1,0.0,0.0,0.0697,1.0,0.8,0.0,0.0,0.0167,1,1,1,1,0.0,0.0,0.0697,1.0,0.16,0.0,0.0,0.0033,1,0,0,0,0,0
1778660493.626654,2026-05-13 11:21:33,0,0,0,0.0,0.0,0.0,0.0,0.0,0.0,0.0,0.0,0,1,1,1,0.0,0.0,0.0697,1.0,0.8,0.0,0.0,0.0167,1,1,1,1,0.0,0.0,0.0697,1.0,0.16,0.0,0.0,0.0033,1,0,0,0,0,0
1778660523.626654,2026-05-13 11:22:03,1,1,1,0.0,0.0,0.0,0.0,3.73,0.0,0.0,0.0333,1,1,1,1,0.0,0.0,0.0,0.0,1.87,0.0,0.0,0.0167,1,2,2,2,0.0,0.0,0.0349,0.5,0.53,0.0625,0.0,0.0033,1,0,0,0,0,0
1778660553.626654,2026-05-13 11:22:33,0,0,0,0.0,0.0,0.0,0.0,0.0,0.0,0.0,0.0,0,1,1,1,0.0,0.0,0.0,0.0,1.87,0.0,0.0,0.0167,1,2,2,2,0.0,0.0,0.0349,0.5,0.53,0.0625,0.0,0.0033,1,0,0,0,0,0
1778660583.626654,2026-05-13 11:23:03,0,0,0,0.0,0.0,0.0,0.0,0.0,0.0,0.0,0.0,0,0,0,0,0.0,0.0,0.0,0.0,0.0,0.0,0.0,0.0,0,2,2,2,0.0,0.0,0.0349,0.5,0.53,0.0625,0.0,0.0033,1,0,0,0,0,0
1778660613.626654,2026-05-13 11:23:33,0,0,0,0.0,0.0,0.0,0.0,0.0,0.0,0.0,0.0,0,0,0,0,0.0,0.0,0.0,0.0,0.0,0.0,0.0,0.0,0,2,2,2,0.0,0.0,0.0349,0.5,0.53,0.0625,0.0,0.0033,1,0,0,0,0,0
1778660643.626654,2026-05-13 11:24:03,1,1,1,0.0,0.0,0.0,0.0,3.73,0.0,0.0,0.0333,1,1,1,1,0.0,0.0,0.0,0.0,1.87,0.0,0.0,0.0167,1,3,2,2,0.0,0.0,0.0232,0.3333,0.91,0.0574,0.0339,0.0067,1,0,0,0,0,0
1778660673.626654,2026-05-13 11:24:33,0,0,0,0.0,0.0,0.0,0.0,0.0,0.0,0.0,0.0,0,1,1,1,0.0,0.0,0.0,0.0,1.87,0.0,0.0,0.0167,1,3,2,2,0.0,0.0,0.0232,0.3333,0.91,0.0574,0.0339,0.0067,1,0,0,0,0,0
1778660703.626654,2026-05-13 11:25:03,1,1,1,0.0,0.0,0.0,0.0,3.73,0.0,0.0,0.0333,1,1,1,1,0.0,0.0,0.0,0.0,1.87,0.0,0.0,0.0167,1,4,2,2,0.0,0.0,0.0174,0.25,1.28,0.0507,0.0357,0.01,1,0,0,0,0,0
1778660733.626654,2026-05-13 11:25:33,0,0,0,0.0,0.0,0.0,0.0,0.0,0.0,0.0,0.0,0,1,1,1,0.0,0.0,0.0,0.0,1.87,0.0,0.0,0.0167,1,4,2,2,0.0,0.0,0.0174,0.25,1.28,0.0507,0.0357,0.01,1,0,0,0,0,0
1778660763.626654,2026-05-13 11:26:03,1,1,1,0.0,0.0,0.0,0.0,3.73,0.0,0.0,0.0333,1,1,1,1,0.0,0.0,0.0,0.0,1.87,0.0,0.0,0.0167,1,4,1,1,0.0,0.0,0.0,0.0,1.49,0.0,0.0354,0.0133,1,0,0,0,0,0
1778660793.626654,2026-05-13 11:26:33,0,0,0,0.0,0.0,0.0,0.0,0.0,0.0,0.0,0.0,0,1,1,1,0.0,0.0,0.0,0.0,1.87,0.0,0.0,0.0167,1,4,1,1,0.0,0.0,0.0,0.0,1.49,0.0,0.0354,0.0133,1,0,0,0,0,0
1778660823.626654,2026-05-13 11:27:03,1,1,1,0.0,0.0,0.0,0.0,3.73,0.0,0.0,0.0333,1,1,1,1,0.0,0.0,0.0,0.0,1.87,0.0,0.0,0.0167,1,4,1,1,0.0,0.0,0.0,0.0,1.49,0.0,0.0,0.0133,1,0,0,0,0,0
1778660853.626654,2026-05-13 11:27:33,0,0,0,0.0,0.0,0.0,0.0,0.0,0.0,0.0,0.0,0,1,1,1,0.0,0.0,0.0,0.0,1.87,0.0,0.0,0.0167,1,4,1,1,0.0,0.0,0.0,0.0,1.49,0.0,0.0,0.0133,1,0,0,0,0,0
1778660883.626654,2026-05-13 11:28:03,1,1,1,0.0,0.0,0.0,0.0,3.73,0.0,0.0,0.0333,1,1,1,1,0.0,0.0,0.0,0.0,1.87,0.0,0.0,0.0167,1,5,1,1,0.0,0.0,0.0,0.0,1.87,0.0,0.0001,0.0167,1,0,0,0,0,0
1778660913.626654,2026-05-13 11:28:33,0,0,0,0.0,0.0,0.0,0.0,0.0,0.0,0.0,0.0,0,1,1,1,0.0,0.0,0.0,0.0,1.87,0.0,0.0,0.0167,1,5,1,1,0.0,0.0,0.0,0.0,1.87,0.0,0.0001,0.0167,1,0,0,0,0,0
1778660943.626654,2026-05-13 11:29:03,1,1,1,0.0,0.0,0.0,0.0,3.73,0.0,0.0,0.0333,1,1,1,1,0.0,0.0,0.0,0.0,1.87,0.0,0.0,0.0167,1,5,1,1,0.0,0.0,0.0,0.0,1.87,0.0,0.0001,0.0167,1,0,0,0,0,0
1778660973.626654,2026-05-13 11:29:33,1,1,1,0.0,0.0,0.0048,0.0,10.3,0.0,0.0,0.0333,1,2,2,2,0.0,0.0,0.0024,0.0,7.02,0.0625,0.0,0.0167,1,6,2,2,0.0,0.0,0.0008,0.0,2.9,0.0406,0.0064,0.0167,1,0,0,0,0,0
1778661003.626654,2026-05-13 11:30:03,0,0,0,0.0,0.0,0.0,0.0,0.0,0.0,0.0,0.0,0,1,1,1,0.0,0.0,0.0048,0.0,5.15,0.0,0.0,0.0167,1,5,2,2,0.0,0.0,0.001,0.0,2.52,0.0451,0.007,0.0133,1,0,0,0,0,0
1778661033.626654,2026-05-13 11:30:33,0,0,0,0.0,0.0,0.0,0.0,0.0,0.0,0.0,0.0,0,0,0,0,0.0,0.0,0.0,0.0,0.0,0.0,0.0,0.0,0,5,2,2,0.0,0.0,0.001,0.0,2.52,0.0451,0.007,0.0133,1,0,0,0,0,0
1778661063.626654,2026-05-13 11:31:03,1,1,1,0.0,0.0,0.0,0.0,3.73,0.0,0.0,0.0333,1,1,1,1,0.0,0.0,0.0,0.0,1.87,0.0,0.0,0.0167,1,5,2,2,0.0,0.0,0.001,0.0,2.52,0.0451,0.011,0.0133,1,0,0,0,0,0
1778661093.626654,2026-05-13 11:31:33,0,0,0,0.0,0.0,0.0,0.0,0.0,0.0,0.0,0.0,0,1,1,1,0.0,0.0,0.0,0.0,1.87,0.0,0.0,0.0167,1,5,2,2,0.0,0.0,0.001,0.0,2.52,0.0451,0.011,0.0133,1,0,0,0,0,0
1778661123.626654,2026-05-13 11:32:03,1,1,1,0.0,0.0,0.0,0.0,3.73,0.0,0.0,0.0333,1,1,1,1,0.0,0.0,0.0,0.0,1.87,0.0,0.0,0.0167,1,5,2,2,0.0,0.0,0.001,0.0,2.52,0.0451,0.011,0.0133,1,0,0,0,0,0
1778661153.626654,2026-05-13 11:32:33,0,0,0,0.0,0.0,0.0,0.0,0.0,0.0,0.0,0.0,0,1,1,1,0.0,0.0,0.0,0.0,1.87,0.0,0.0,0.0167,1,5,2,2,0.0,0.0,0.001,0.0,2.52,0.0451,0.011,0.0133,1,0,0,0,0,0
1778661183.626654,2026-05-13 11:33:03,1,1,1,0.0,0.0,0.0,0.0,3.73,0.0,0.0,0.0333,1,1,1,1,0.0,0.0,0.0,0.0,1.87,0.0,0.0,0.0167,1,5,2,2,0.0,0.0,0.001,0.0,2.52,0.0451,0.011,0.0133,1,0,0,0,0,0
1778661213.626654,2026-05-13 11:33:33,0,0,0,0.0,0.0,0.0,0.0,0.0,0.0,0.0,0.0,0,1,1,1,0.0,0.0,0.0,0.0,1.87,0.0,0.0,0.0167,1,5,2,2,0.0,0.0,0.001,0.0,2.52,0.0451,0.011,0.0133,1,0,0,0,0,0
1778661243.626654,2026-05-13 11:34:03,1,1,1,0.0,0.0,0.0,0.0,3.73,0.0,0.0,0.0333,1,1,1,1,0.0,0.0,0.0,0.0,1.87,0.0,0.0,0.0167,1,5,2,2,0.0,0.0,0.001,0.0,2.52,0.0451,0.0065,0.0133,1,0,0,0,0,0
1778661273.626654,2026-05-13 11:34:33,0,0,0,0.0,0.0,0.0,0.0,0.0,0.0,0.0,0.0,0,1,1,1,0.0,0.0,0.0,0.0,1.87,0.0,0.0,0.0167,1,4,1,1,0.0,0.0,0.0,0.0,1.49,0.0,0.0,0.0133,1,0,0,0,0,0
1778661303.626654,2026-05-13 11:35:03,1,1,1,0.0,0.0,0.0,0.0,3.73,0.0,0.0,0.0333,1,1,1,1,0.0,0.0,0.0,0.0,1.87,0.0,0.0,0.0167,1,5,1,1,0.0,0.0,0.0,0.0,1.87,0.0,0.0,0.0167,1,0,0,0,0,0
1778661333.626654,2026-05-13 11:35:33,0,0,0,0.0,0.0,0.0,0.0,0.0,0.0,0.0,0.0,0,1,1,1,0.0,0.0,0.0,0.0,1.87,0.0,0.0,0.0167,1,5,1,1,0.0,0.0,0.0,0.0,1.87,0.0,0.0,0.0167,1,0,0,0,0,0
1778661363.626654,2026-05-13 11:36:03,1,1,1,0.0,0.0,0.0001,0.0,3.73,0.0,0.0,0.0333,1,1,1,1,0.0,0.0,0.0001,0.0,1.87,0.0,0.0,0.0167,1,5,1,1,0.0,0.0,0.0,0.0,1.87,0.0,0.0,0.0167,1,0,0,0,0,0
1778661393.626654,2026-05-13 11:36:33,1,1,1,0.0,0.0,0.0,1.0,0.0,0.0,0.0,0.0333,1,2,2,2,0.0,0.0,0.0,0.5,1.87,0.0625,0.0,0.0167,1,6,2,2,0.0,0.0,0.0,0.1667,1.87,0.0406,0.019,0.0167,1,0,0,0,0,0
1778661423.626654,2026-05-13 11:37:03,1,1,1,0.0,0.0,0.0,0.0,3.73,0.0,0.0,0.0333,1,2,2,2,0.0,0.0,0.0,0.5,1.87,0.0625,0.0,0.0167,1,6,2,2,0.0,0.0,0.0,0.1667,1.87,0.0406,0.0311,0.0167,1,0,0,0,0,0
1778661453.626654,2026-05-13 11:37:33,0,0,0,0.0,0.0,0.0,0.0,0.0,0.0,0.0,0.0,0,1,1,1,0.0,0.0,0.0,0.0,1.87,0.0,0.0,0.0167,1,6,2,2,0.0,0.0,0.0,0.1667,1.87,0.0406,0.0311,0.0167,1,0,0,0,0,0
1778661483.626654,2026-05-13 11:38:03,1,1,1,0.0,0.0,0.0,0.0,3.73,0.0,0.0,0.0333,1,1,1,1,0.0,0.0,0.0,0.0,1.87,0.0,0.0,0.0167,1,6,2,2,0.0,0.0,0.0,0.1667,1.87,0.0406,0.0311,0.0167,1,0,0,0,0,0
1778661513.626654,2026-05-13 11:38:33,0,0,0,0.0,0.0,0.0,0.0,0.0,0.0,0.0,0.0,0,1,1,1,0.0,0.0,0.0,0.0,1.87,0.0,0.0,0.0167,1,6,2,2,0.0,0.0,0.0,0.1667,1.87,0.0406,0.0311,0.0167,1,0,0,0,0,0
1778661543.626654,2026-05-13 11:39:03,1,1,1,0.0,0.0,0.0,0.0,3.73,0.0,0.0,0.0333,1,1,1,1,0.0,0.0,0.0,0.0,1.87,0.0,0.0,0.0167,1,6,2,2,0.0,0.0,0.0,0.1667,1.87,0.0406,0.0311,0.0167,1,0,0,0,0,0
1778661573.626654,2026-05-13 11:39:33,0,0,0,0.0,0.0,0.0,0.0,0.0,0.0,0.0,0.0,0,1,1,1,0.0,0.0,0.0,0.0,1.87,0.0,0.0,0.0167,1,6,2,2,0.0,0.0,0.0,0.1667,1.87,0.0406,0.0311,0.0167,1,0,0,0,0,0
1778661603.626654,2026-05-13 11:40:03,1,1,1,0.0,0.0,0.0001,0.0,3.73,0.0,0.0,0.0333,1,1,1,1,0.0,0.0,0.0001,0.0,1.87,0.0,0.0,0.0167,1,6,2,2,0.0,0.0,0.0,0.1667,1.87,0.0406,0.0311,0.0167,1,0,0,0,0,0
1778661633.626654,2026-05-13 11:40:33,0,0,0,0.0,0.0,0.0,0.0,0.0,0.0,0.0,0.0,0,1,1,1,0.0,0.0,0.0001,0.0,1.87,0.0,0.0,0.0167,1,6,2,2,0.0,0.0,0.0,0.1667,1.87,0.0406,0.0311,0.0167,1,0,0,0,0,0
1778661663.626654,2026-05-13 11:41:03,1,1,1,0.0,0.0,0.0,0.0,3.73,0.0,0.0,0.0333,1,1,1,1,0.0,0.0,0.0,0.0,1.87,0.0,0.0,0.0167,1,6,2,2,0.0,0.0,0.0,0.1667,1.87,0.0406,0.0256,0.0167,1,0,0,0,0,0
1778661693.626654,2026-05-13 11:41:33,0,0,0,0.0,0.0,0.0,0.0,0.0,0.0,0.0,0.0,0,1,1,1,0.0,0.0,0.0,0.0,1.87,0.0,0.0,0.0167,1,5,1,1,0.0,0.0,0.0,0.0,1.87,0.0,0.0,0.0167,1,0,0,0,0,0
1778661723.626654,2026-05-13 11:42:03,1,1,1,0.0,0.0,0.0001,0.0,3.73,0.0,0.0,0.0333,1,1,1,1,0.0,0.0,0.0001,0.0,1.87,0.0,0.0,0.0167,1,5,1,1,0.0,0.0,0.0,0.0,1.87,0.0,0.0,0.0167,1,0,0,0,0,0
1778661753.626654,2026-05-13 11:42:33,0,0,0,0.0,0.0,0.0,0.0,0.0,0.0,0.0,0.0,0,1,1,1,0.0,0.0,0.0001,0.0,1.87,0.0,0.0,0.0167,1,5,1,1,0.0,0.0,0.0,0.0,1.87,0.0,0.0,0.0167,1,0,0,0,0,0
1778661783.626654,2026-05-13 11:43:03,1,1,1,0.0,0.0,0.0,0.0,3.73,0.0,0.0,0.0333,1,1,1,1,0.0,0.0,0.0,0.0,1.87,0.0,0.0,0.0167,1,5,1,1,0.0,0.0,0.0,0.0,1.87,0.0,0.0,0.0167,1,0,0,0,0,0
1778661813.626654,2026-05-13 11:43:33,0,0,0,0.0,0.0,0.0,0.0,0.0,0.0,0.0,0.0,0,1,1,1,0.0,0.0,0.0,0.0,1.87,0.0,0.0,0.0167,1,5,1,1,0.0,0.0,0.0,0.0,1.87,0.0,0.0,0.0167,1,0,0,0,0,0
1778661843.626654,2026-05-13 11:44:03,1,1,1,0.0,0.0,0.0,0.0,3.73,0.0,0.0,0.0333,1,1,1,1,0.0,0.0,0.0,0.0,1.87,0.0,0.0,0.0167,1,5,1,1,0.0,0.0,0.0,0.0,1.87,0.0,0.0,0.0167,1,0,0,0,0,0
1778661873.626654,2026-05-13 11:44:33,0,0,0,0.0,0.0,0.0,0.0,0.0,0.0,0.0,0.0,0,1,1,1,0.0,0.0,0.0,0.0,1.87,0.0,0.0,0.0167,1,5,1,1,0.0,0.0,0.0,0.0,1.87,0.0,0.0,0.0167,1,0,0,0,0,0
1778661903.626654,2026-05-13 11:45:03,1,1,1,0.0,0.0,0.0,0.0,3.73,0.0,0.0,0.0333,1,1,1,1,0.0,0.0,0.0,0.0,1.87,0.0,0.0,0.0167,1,5,1,1,0.0,0.0,0.0,0.0,1.87,0.0,0.0,0.0167,1,0,0,0,0,0
1778661933.626654,2026-05-13 11:45:33,0,0,0,0.0,0.0,0.0,0.0,0.0,0.0,0.0,0.0,0,1,1,1,0.0,0.0,0.0,0.0,1.87,0.0,0.0,0.0167,1,5,1,1,0.0,0.0,0.0,0.0,1.87,0.0,0.0,0.0167,1,0,0,0,0,0
1778661963.626654,2026-05-13 11:46:03,1,1,1,0.0,0.0,0.0,0.0,3.73,0.0,0.0,0.0333,1,1,1,1,0.0,0.0,0.0,0.0,1.87,0.0,0.0,0.0167,1,5,1,1,0.0,0.0,0.0,0.0,1.87,0.0,0.0,0.0167,1,0,0,0,0,0
1778661993.626654,2026-05-13 11:46:33,0,0,0,0.0,0.0,0.0,0.0,0.0,0.0,0.0,0.0,0,1,1,1,0.0,0.0,0.0,0.0,1.87,0.0,0.0,0.0167,1,5,1,1,0.0,0.0,0.0,0.0,1.87,0.0,0.0,0.0167,1,0,0,0,0,0
1778662023.626654,2026-05-13 11:47:03,1,1,1,0.0,0.0,0.0,0.0,3.73,0.0,0.0,0.0333,1,1,1,1,0.0,0.0,0.0,0.0,1.87,0.0,0.0,0.0167,1,5,1,1,0.0,0.0,0.0,0.0,1.87,0.0,0.0,0.0167,1,0,0,0,0,0
1778662053.626654,2026-05-13 11:47:33,0,0,0,0.0,0.0,0.0,0.0,0.0,0.0,0.0,0.0,0,1,1,1,0.0,0.0,0.0,0.0,1.87,0.0,0.0,0.0167,1,5,1,1,0.0,0.0,0.0,0.0,1.87,0.0,0.0,0.0167,1,0,0,0,0,0
1778662083.626654,2026-05-13 11:48:03,1,1,1,0.0,0.0,0.0,0.0,3.73,0.0,0.0,0.0333,1,1,1,1,0.0,0.0,0.0,0.0,1.87,0.0,0.0,0.0167,1,5,1,1,0.0,0.0,0.0,0.0,1.87,0.0,0.0,0.0167,1,0,0,0,0,0
1778662113.626654,2026-05-13 11:48:33,0,0,0,0.0,0.0,0.0,0.0,0.0,0.0,0.0,0.0,0,1,1,1,0.0,0.0,0.0,0.0,1.87,0.0,0.0,0.0167,1,5,1,1,0.0,0.0,0.0,0.0,1.87,0.0,0.0,0.0167,1,0,0,0,0,0
1778662143.626654,2026-05-13 11:49:03,0,0,0,0.0,0.0,0.0,0.0,0.0,0.0,0.0,0.0,0,0,0,0,0.0,0.0,0.0,0.0,0.0,0.0,0.0,0.0,0,4,1,1,0.0,0.0,0.0,0.0,1.49,0.0,0.0,0.0133,1,0,0,0,0,0
1778662173.626654,2026-05-13 11:49:33,0,0,0,0.0,0.0,0.0,0.0,0.0,0.0,0.0,0.0,0,0,0,0,0.0,0.0,0.0,0.0,0.0,0.0,0.0,0.0,0,4,1,1,0.0,0.0,0.0,0.0,1.49,0.0,0.0,0.0133,1,0,0,0,0,0
1778662203.626654,2026-05-13 11:50:03,1,1,1,0.0,0.0,0.0,0.0,3.73,0.0,0.0,0.0333,1,1,1,1,0.0,0.0,0.0,0.0,1.87,0.0,0.0,0.0167,1,4,1,1,0.0,0.0,0.0,0.0,1.49,0.0,0.0353,0.0133,1,0,0,0,0,0
1778662233.626654,2026-05-13 11:50:33,0,0,0,0.0,0.0,0.0,0.0,0.0,0.0,0.0,0.0,0,1,1,1,0.0,0.0,0.0,0.0,1.87,0.0,0.0,0.0167,1,4,1,1,0.0,0.0,0.0,0.0,1.49,0.0,0.0353,0.0133,1,0,0,0,0,0
1778662263.626654,2026-05-13 11:51:03,1,1,1,0.0,0.0,0.0,0.0,3.73,0.0,0.0,0.0333,1,1,1,1,0.0,0.0,0.0,0.0,1.87,0.0,0.0,0.0167,1,4,1,1,0.0,0.0,0.0,0.0,1.49,0.0,0.0354,0.0133,1,0,0,0,0,0
1778662293.626654,2026-05-13 11:51:33,0,0,0,0.0,0.0,0.0,0.0,0.0,0.0,0.0,0.0,0,1,1,1,0.0,0.0,0.0,0.0,1.87,0.0,0.0,0.0167,1,4,1,1,0.0,0.0,0.0,0.0,1.49,0.0,0.0354,0.0133,1,0,0,0,0,0
1778662323.626654,2026-05-13 11:52:03,0,0,0,0.0,0.0,0.0,0.0,0.0,0.0,0.0,0.0,0,0,0,0,0.0,0.0,0.0,0.0,0.0,0.0,0.0,0.0,0,3,1,1,0.0,0.0,0.0,0.0,1.12,0.0,0.0333,0.01,1,0,0,0,0,0
1778662353.626654,2026-05-13 11:52:33,0,0,0,0.0,0.0,0.0,0.0,0.0,0.0,0.0,0.0,0,0,0,0,0.0,0.0,0.0,0.0,0.0,0.0,0.0,0.0,0,3,1,1,0.0,0.0,0.0,0.0,1.12,0.0,0.0333,0.01,1,0,0,0,0,0
1778662383.626654,2026-05-13 11:53:03,0,0,0,0.0,0.0,0.0,0.0,0.0,0.0,0.0,0.0,0,0,0,0,0.0,0.0,0.0,0.0,0.0,0.0,0.0,0.0,0,2,1,1,0.0,0.0,0.0,0.0,0.75,0.0,0.0,0.0067,1,0,0,0,0,0
1778662413.626654,2026-05-13 11:53:33,0,0,0,0.0,0.0,0.0,0.0,0.0,0.0,0.0,0.0,0,0,0,0,0.0,0.0,0.0,0.0,0.0,0.0,0.0,0.0,0,2,1,1,0.0,0.0,0.0,0.0,0.75,0.0,0.0,0.0067,1,0,0,0,0,0
1778662443.626654,2026-05-13 11:54:03,0,0,0,0.0,0.0,0.0,0.0,0.0,0.0,0.0,0.0,0,0,0,0,0.0,0.0,0.0,0.0,0.0,0.0,0.0,0.0,0,2,1,1,0.0,0.0,0.0,0.0,0.75,0.0,0.0,0.0067,1,0,0,0,0,0
1778662473.626654,2026-05-13 11:54:33,0,0,0,0.0,0.0,0.0,0.0,0.0,0.0,0.0,0.0,0,0,0,0,0.0,0.0,0.0,0.0,0.0,0.0,0.0,0.0,0,2,1,1,0.0,0.0,0.0,0.0,0.75,0.0,0.0,0.0067,1,0,0,0,0,0
1778662503.626654,2026-05-13 11:55:03,0,0,0,0.0,0.0,0.0,0.0,0.0,0.0,0.0,0.0,0,0,0,0,0.0,0.0,0.0,0.0,0.0,0.0,0.0,0.0,0,1,1,1,0.0,0.0,0.0,0.0,0.37,0.0,0.0,0.0033,1,0,0,0,0,0
1778662533.626654,2026-05-13 11:55:33,0,0,0,0.0,0.0,0.0,0.0,0.0,0.0,0.0,0.0,0,0,0,0,0.0,0.0,0.0,0.0,0.0,0.0,0.0,0.0,0,1,1,1,0.0,0.0,0.0,0.0,0.37,0.0,0.0,0.0033,1,0,0,0,0,0
1778662563.626654,2026-05-13 11:56:03,0,0,0,0.0,0.0,0.0,0.0,0.0,0.0,0.0,0.0,0,0,0,0,0.0,0.0,0.0,0.0,0.0,0.0,0.0,0.0,0,0,0,0,0.0,0.0,0.0,0.0,0.0,0.0,0.0,0.0,0,0,0,0,0,0
1778662593.626654,2026-05-13 11:56:33,0,0,0,0.0,0.0,0.0,0.0,0.0,0.0,0.0,0.0,0,0,0,0,0.0,0.0,0.0,0.0,0.0,0.0,0.0,0.0,0,0,0,0,0.0,0.0,0.0,0.0,0.0,0.0,0.0,0.0,0,0,0,0,0,0
1778662623.626654,2026-05-13 11:57:03,0,0,0,0.0,0.0,0.0,0.0,0.0,0.0,0.0,0.0,0,0,0,0,0.0,0.0,0.0,0.0,0.0,0.0,0.0,0.0,0,0,0,0,0.0,0.0,0.0,0.0,0.0,0.0,0.0,0.0,0,0,0,0,0,0
1778662653.626654,2026-05-13 11:57:33,0,0,0,0.0,0.0,0.0,0.0,0.0,0.0,0.0,0.0,0,0,0,0,0.0,0.0,0.0,0.0,0.0,0.0,0.0,0.0,0,0,0,0,0.0,0.0,0.0,0.0,0.0,0.0,0.0,0.0,0,0,0,0,0,0
1778662683.626654,2026-05-13 11:58:03,0,0,0,0.0,0.0,0.0,0.0,0.0,0.0,0.0,0.0,0,0,0,0,0.0,0.0,0.0,0.0,0.0,0.0,0.0,0.0,0,0,0,0,0.0,0.0,0.0,0.0,0.0,0.0,0.0,0.0,0,0,0,0,0,0
1778662713.626654,2026-05-13 11:58:33,0,0,0,0.0,0.0,0.0,0.0,0.0,0.0,0.0,0.0,0,0,0,0,0.0,0.0,0.0,0.0,0.0,0.0,0.0,0.0,0,0,0,0,0.0,0.0,0.0,0.0,0.0,0.0,0.0,0.0,0,0,0,0,0,0
1778662743.626654,2026-05-13 11:59:03,0,0,0,0.0,0.0,0.0,0.0,0.0,0.0,0.0,0.0,0,0,0,0,0.0,0.0,0.0,0.0,0.0,0.0,0.0,0.0,0,0,0,0,0.0,0.0,0.0,0.0,0.0,0.0,0.0,0.0,0,0,0,0,0,0
1778662773.626654,2026-05-13 11:59:33,0,0,0,0.0,0.0,0.0,0.0,0.0,0.0,0.0,0.0,0,0,0,0,0.0,0.0,0.0,0.0,0.0,0.0,0.0,0.0,0,0,0,0,0.0,0.0,0.0,0.0,0.0,0.0,0.0,0.0,0,0,0,0,0,0
1778662803.626654,2026-05-13 12:00:03,12,1,1,0.0,0.4,0.1218,0.0,63.73,0.0,0.1573,0.4,1,12,1,1,0.0,0.2,0.1218,0.0,31.87,0.0,0.1573,0.2,1,12,1,1,0.0,0.04,0.1218,0.0,6.37,0.0,0.1573,0.04,1,0,0,0,0,0
1778662833.626654,2026-05-13 12:00:33,0,0,0,0.0,0.0,0.0,0.0,0.0,0.0,0.0,0.0,0,12,1,1,0.0,0.2,0.1218,0.0,31.87,0.0,0.1573,0.2,1,12,1,1,0.0,0.04,0.1218,0.0,6.37,0.0,0.1573,0.04,1,0,0,0,0,0
1778662863.626654,2026-05-13 12:01:03,0,0,0,0.0,0.0,0.0,0.0,0.0,0.0,0.0,0.0,0,0,0,0,0.0,0.0,0.0,0.0,0.0,0.0,0.0,0.0,0,12,1,1,0.0,0.04,0.1218,0.0,6.37,0.0,0.1573,0.04,1,0,0,0,0,0
1778662893.626654,2026-05-13 12:01:33,0,0,0,0.0,0.0,0.0,0.0,0.0,0.0,0.0,0.0,0,0,0,0,0.0,0.0,0.0,0.0,0.0,0.0,0.0,0.0,0,12,1,1,0.0,0.04,0.1218,0.0,6.37,0.0,0.1573,0.04,1,0,0,0,0,0
1778662923.626654,2026-05-13 12:02:03,0,0,0,0.0,0.0,0.0,0.0,0.0,0.0,0.0,0.0,0,0,0,0,0.0,0.0,0.0,0.0,0.0,0.0,0.0,0.0,0,12,1,1,0.0,0.04,0.1218,0.0,6.37,0.0,0.1573,0.04,1,0,0,0,0,0
1778662953.626654,2026-05-13 12:02:33,0,0,0,0.0,0.0,0.0,0.0,0.0,0.0,0.0,0.0,0,0,0,0,0.0,0.0,0.0,0.0,0.0,0.0,0.0,0.0,0,12,1,1,0.0,0.04,0.1218,0.0,6.37,0.0,0.1573,0.04,1,0,0,0,0,0
1778662983.626654,2026-05-13 12:03:03,0,0,0,0.0,0.0,0.0,0.0,0.0,0.0,0.0,0.0,0,0,0,0,0.0,0.0,0.0,0.0,0.0,0.0,0.0,0.0,0,12,1,1,0.0,0.04,0.1218,0.0,6.37,0.0,0.1573,0.04,1,0,0,0,0,0
1778663013.626654,2026-05-13 12:03:33,0,0,0,0.0,0.0,0.0,0.0,0.0,0.0,0.0,0.0,0,0,0,0,0.0,0.0,0.0,0.0,0.0,0.0,0.0,0.0,0,12,1,1,0.0,0.04,0.1218,0.0,6.37,0.0,0.1573,0.04,1,0,0,0,0,0
1778663043.626654,2026-05-13 12:04:03,0,0,0,0.0,0.0,0.0,0.0,0.0,0.0,0.0,0.0,0,0,0,0,0.0,0.0,0.0,0.0,0.0,0.0,0.0,0.0,0,12,1,1,0.0,0.04,0.1218,0.0,6.37,0.0,0.1573,0.04,1,0,0,0,0,0
1778663073.626654,2026-05-13 12:04:33,0,0,0,0.0,0.0,0.0,0.0,0.0,0.0,0.0,0.0,0,0,0,0,0.0,0.0,0.0,0.0,0.0,0.0,0.0,0.0,0,12,1,1,0.0,0.04,0.1218,0.0,6.37,0.0,0.1573,0.04,1,0,0,0,0,0
1778663103.626654,2026-05-13 12:05:03,0,0,0,0.0,0.0,0.0,0.0,0.0,0.0,0.0,0.0,0,0,0,0,0.0,0.0,0.0,0.0,0.0,0.0,0.0,0.0,0,0,0,0,0.0,0.0,0.0,0.0,0.0,0.0,0.0,0.0,0,0,0,0,0,0
1778663133.626654,2026-05-13 12:05:33,0,0,0,0.0,0.0,0.0,0.0,0.0,0.0,0.0,0.0,0,0,0,0,0.0,0.0,0.0,0.0,0.0,0.0,0.0,0.0,0,0,0,0,0.0,0.0,0.0,0.0,0.0,0.0,0.0,0.0,0,0,0,0,0,0
1778663163.626654,2026-05-13 12:06:03,0,0,0,0.0,0.0,0.0,0.0,0.0,0.0,0.0,0.0,0,0,0,0,0.0,0.0,0.0,0.0,0.0,0.0,0.0,0.0,0,0,0,0,0.0,0.0,0.0,0.0,0.0,0.0,0.0,0.0,0,0,0,0,0,0
1778663193.626654,2026-05-13 12:06:33,0,0,0,0.0,0.0,0.0,0.0,0.0,0.0,0.0,0.0,0,0,0,0,0.0,0.0,0.0,0.0,0.0,0.0,0.0,0.0,0,0,0,0,0.0,0.0,0.0,0.0,0.0,0.0,0.0,0.0,0,0,0,0,0,0
1778663223.626654,2026-05-13 12:07:03,0,0,0,0.0,0.0,0.0,0.0,0.0,0.0,0.0,0.0,0,0,0,0,0.0,0.0,0.0,0.0,0.0,0.0,0.0,0.0,0,0,0,0,0.0,0.0,0.0,0.0,0.0,0.0,0.0,0.0,0,0,0,0,0,0
1778663253.626654,2026-05-13 12:07:33,0,0,0,0.0,0.0,0.0,0.0,0.0,0.0,0.0,0.0,0,0,0,0,0.0,0.0,0.0,0.0,0.0,0.0,0.0,0.0,0,0,0,0,0.0,0.0,0.0,0.0,0.0,0.0,0.0,0.0,0,0,0,0,0,0
1778663283.626654,2026-05-13 12:08:03,0,0,0,0.0,0.0,0.0,0.0,0.0,0.0,0.0,0.0,0,0,0,0,0.0,0.0,0.0,0.0,0.0,0.0,0.0,0.0,0,0,0,0,0.0,0.0,0.0,0.0,0.0,0.0,0.0,0.0,0,0,0,0,0,0
1778663313.626654,2026-05-13 12:08:33,0,0,0,0.0,0.0,0.0,0.0,0.0,0.0,0.0,0.0,0,0,0,0,0.0,0.0,0.0,0.0,0.0,0.0,0.0,0.0,0,0,0,0,0.0,0.0,0.0,0.0,0.0,0.0,0.0,0.0,0,0,0,0,0,0
1778663343.626654,2026-05-13 12:09:03,0,0,0,0.0,0.0,0.0,0.0,0.0,0.0,0.0,0.0,0,0,0,0,0.0,0.0,0.0,0.0,0.0,0.0,0.0,0.0,0,0,0,0,0.0,0.0,0.0,0.0,0.0,0.0,0.0,0.0,0,0,0,0,0,0
1778663373.626654,2026-05-13 12:09:33,0,0,0,0.0,0.0,0.0,0.0,0.0,0.0,0.0,0.0,0,0,0,0,0.0,0.0,0.0,0.0,0.0,0.0,0.0,0.0,0,0,0,0,0.0,0.0,0.0,0.0,0.0,0.0,0.0,0.0,0,0,0,0,0,0
1778663403.626654,2026-05-13 12:10:03,0,0,0,0.0,0.0,0.0,0.0,0.0,0.0,0.0,0.0,0,0,0,0,0.0,0.0,0.0,0.0,0.0,0.0,0.0,0.0,0,0,0,0,0.0,0.0,0.0,0.0,0.0,0.0,0.0,0.0,0,0,0,0,0,0
1778663433.626654,2026-05-13 12:10:33,0,0,0,0.0,0.0,0.0,0.0,0.0,0.0,0.0,0.0,0,0,0,0,0.0,0.0,0.0,0.0,0.0,0.0,0.0,0.0,0,0,0,0,0.0,0.0,0.0,0.0,0.0,0.0,0.0,0.0,0,0,0,0,0,0
1778663463.626654,2026-05-13 12:11:03,0,0,0,0.0,0.0,0.0,0.0,0.0,0.0,0.0,0.0,0,0,0,0,0.0,0.0,0.0,0.0,0.0,0.0,0.0,0.0,0,0,0,0,0.0,0.0,0.0,0.0,0.0,0.0,0.0,0.0,0,0,0,0,0,0
1778663493.626654,2026-05-13 12:11:33,0,0,0,0.0,0.0,0.0,0.0,0.0,0.0,0.0,0.0,0,0,0,0,0.0,0.0,0.0,0.0,0.0,0.0,0.0,0.0,0,0,0,0,0.0,0.0,0.0,0.0,0.0,0.0,0.0,0.0,0,0,0,0,0,0
1778663523.626654,2026-05-13 12:12:03,1,1,1,0.0,0.0,0.0,0.0,3.73,0.0,0.0,0.0333,1,1,1,1,0.0,0.0,0.0,0.0,1.87,0.0,0.0,0.0167,1,1,1,1,0.0,0.0,0.0,0.0,0.37,0.0,0.0,0.0033,1,0,0,0,0,0
1778663553.626654,2026-05-13 12:12:33,0,0,0,0.0,0.0,0.0,0.0,0.0,0.0,0.0,0.0,0,1,1,1,0.0,0.0,0.0,0.0,1.87,0.0,0.0,0.0167,1,1,1,1,0.0,0.0,0.0,0.0,0.37,0.0,0.0,0.0033,1,0,0,0,0,0
1778663583.626654,2026-05-13 12:13:03,1,1,1,0.0,0.0,0.0,0.0,3.73,0.0,0.0,0.0333,1,1,1,1,0.0,0.0,0.0,0.0,1.87,0.0,0.0,0.0167,1,2,1,1,0.0,0.0,0.0,0.0,0.75,0.0,0.0,0.0067,1,0,0,0,0,0
1778663613.626654,2026-05-13 12:13:33,0,0,0,0.0,0.0,0.0,0.0,0.0,0.0,0.0,0.0,0,1,1,1,0.0,0.0,0.0,0.0,1.87,0.0,0.0,0.0167,1,2,1,1,0.0,0.0,0.0,0.0,0.75,0.0,0.0,0.0067,1,0,0,0,0,0
1778663643.626654,2026-05-13 12:14:03,1,1,1,0.0,0.0,0.0,0.0,3.73,0.0,0.0,0.0333,1,1,1,1,0.0,0.0,0.0,0.0,1.87,0.0,0.0,0.0167,1,3,1,1,0.0,0.0,0.0,0.0,1.12,0.0,0.0001,0.01,1,0,0,0,0,0
1778663673.626654,2026-05-13 12:14:33,0,0,0,0.0,0.0,0.0,0.0,0.0,0.0,0.0,0.0,0,1,1,1,0.0,0.0,0.0,0.0,1.87,0.0,0.0,0.0167,1,3,1,1,0.0,0.0,0.0,0.0,1.12,0.0,0.0001,0.01,1,0,0,0,0,0
1778663703.626654,2026-05-13 12:15:03,1,1,1,0.0,0.0,0.0,0.0,3.73,0.0,0.0,0.0333,1,1,1,1,0.0,0.0,0.0,0.0,1.87,0.0,0.0,0.0167,1,4,1,1,0.0,0.0,0.0,0.0,1.49,0.0,0.0001,0.0133,1,0,0,0,0,0
1778663733.626654,2026-05-13 12:15:33,0,0,0,0.0,0.0,0.0,0.0,0.0,0.0,0.0,0.0,0,1,1,1,0.0,0.0,0.0,0.0,1.87,0.0,0.0,0.0167,1,4,1,1,0.0,0.0,0.0,0.0,1.49,0.0,0.0001,0.0133,1,0,0,0,0,0
1778663763.626654,2026-05-13 12:16:03,1,1,1,0.0,0.0,0.0,0.0,3.73,0.0,0.0,0.0333,1,1,1,1,0.0,0.0,0.0,0.0,1.87,0.0,0.0,0.0167,1,5,1,1,0.0,0.0,0.0,0.0,1.87,0.0,0.0001,0.0167,1,0,0,0,0,0
1778663793.626654,2026-05-13 12:16:33,0,0,0,0.0,0.0,0.0,0.0,0.0,0.0,0.0,0.0,0,1,1,1,0.0,0.0,0.0,0.0,1.87,0.0,0.0,0.0167,1,5,1,1,0.0,0.0,0.0,0.0,1.87,0.0,0.0001,0.0167,1,0,0,0,0,0
1778663823.626654,2026-05-13 12:17:03,0,0,0,0.0,0.0,0.0,0.0,0.0,0.0,0.0,0.0,0,0,0,0,0.0,0.0,0.0,0.0,0.0,0.0,0.0,0.0,0,4,1,1,0.0,0.0,0.0,0.0,1.49,0.0,0.0001,0.0133,1,0,0,0,0,0
1778663853.626654,2026-05-13 12:17:33,0,0,0,0.0,0.0,0.0,0.0,0.0,0.0,0.0,0.0,0,0,0,0,0.0,0.0,0.0,0.0,0.0,0.0,0.0,0.0,0,4,1,1,0.0,0.0,0.0,0.0,1.49,0.0,0.0001,0.0133,1,0,0,0,0,0
1778663883.626654,2026-05-13 12:18:03,0,0,0,0.0,0.0,0.0,0.0,0.0,0.0,0.0,0.0,0,0,0,0,0.0,0.0,0.0,0.0,0.0,0.0,0.0,0.0,0,3,1,1,0.0,0.0,0.0,0.0,1.12,0.0,0.0,0.01,1,0,0,0,0,0
1778663913.626654,2026-05-13 12:18:33,0,0,0,0.0,0.0,0.0,0.0,0.0,0.0,0.0,0.0,0,0,0,0,0.0,0.0,0.0,0.0,0.0,0.0,0.0,0.0,0,3,1,1,0.0,0.0,0.0,0.0,1.12,0.0,0.0,0.01,1,0,0,0,0,0
1778663943.626654,2026-05-13 12:19:03,0,0,0,0.0,0.0,0.0,0.0,0.0,0.0,0.0,0.0,0,0,0,0,0.0,0.0,0.0,0.0,0.0,0.0,0.0,0.0,0,2,1,1,0.0,0.0,0.0,0.0,0.75,0.0,0.0,0.0067,1,0,0,0,0,0
1778663973.626654,2026-05-13 12:19:33,0,0,0,0.0,0.0,0.0,0.0,0.0,0.0,0.0,0.0,0,0,0,0,0.0,0.0,0.0,0.0,0.0,0.0,0.0,0.0,0,2,1,1,0.0,0.0,0.0,0.0,0.75,0.0,0.0,0.0067,1,0,0,0,0,0
1778664003.626654,2026-05-13 12:20:03,0,0,0,0.0,0.0,0.0,0.0,0.0,0.0,0.0,0.0,0,0,0,0,0.0,0.0,0.0,0.0,0.0,0.0,0.0,0.0,0,1,1,1,0.0,0.0,0.0,0.0,0.37,0.0,0.0,0.0033,1,0,0,0,0,0
1778664033.626654,2026-05-13 12:20:33,0,0,0,0.0,0.0,0.0,0.0,0.0,0.0,0.0,0.0,0,0,0,0,0.0,0.0,0.0,0.0,0.0,0.0,0.0,0.0,0,1,1,1,0.0,0.0,0.0,0.0,0.37,0.0,0.0,0.0033,1,0,0,0,0,0
1778664063.626654,2026-05-13 12:21:03,0,0,0,0.0,0.0,0.0,0.0,0.0,0.0,0.0,0.0,0,0,0,0,0.0,0.0,0.0,0.0,0.0,0.0,0.0,0.0,0,0,0,0,0.0,0.0,0.0,0.0,0.0,0.0,0.0,0.0,0,0,0,0,0,0
1778664093.626654,2026-05-13 12:21:33,0,0,0,0.0,0.0,0.0,0.0,0.0,0.0,0.0,0.0,0,0,0,0,0.0,0.0,0.0,0.0,0.0,0.0,0.0,0.0,0,0,0,0,0.0,0.0,0.0,0.0,0.0,0.0,0.0,0.0,0,0,0,0,0,0
1778664123.626654,2026-05-13 12:22:03,1,1,1,0.0,0.0,0.0001,0.0,3.73,0.0,0.0,0.0333,1,1,1,1,0.0,0.0,0.0001,0.0,1.87,0.0,0.0,0.0167,1,1,1,1,0.0,0.0,0.0001,0.0,0.37,0.0,0.0,0.0033,1,0,0,0,0,0
1778664153.626654,2026-05-13 12:22:33,0,0,0,0.0,0.0,0.0,0.0,0.0,0.0,0.0,0.0,0,1,1,1,0.0,0.0,0.0001,0.0,1.87,0.0,0.0,0.0167,1,1,1,1,0.0,0.0,0.0001,0.0,0.37,0.0,0.0,0.0033,1,0,0,0,0,0
1778664183.626654,2026-05-13 12:23:03,1,1,1,0.0,0.0,0.0,1.0,0.0,0.0,0.0,0.0333,1,1,1,1,0.0,0.0,0.0,1.0,0.0,0.0,0.0,0.0167,1,2,1,2,0.0,0.0,0.0001,0.5,0.37,0.0,0.0,0.0033,1,0,0,0,0,0
1778664213.626654,2026-05-13 12:23:33,0,0,0,0.0,0.0,0.0,0.0,0.0,0.0,0.0,0.0,0,1,1,1,0.0,0.0,0.0,1.0,0.0,0.0,0.0,0.0167,1,2,1,2,0.0,0.0,0.0001,0.5,0.37,0.0,0.0,0.0033,1,0,0,0,0,0
1778664243.626654,2026-05-13 12:24:03,1,1,1,0.0,0.0,0.0,0.0,3.73,0.0,0.0,0.0333,1,1,1,1,0.0,0.0,0.0,0.0,1.87,0.0,0.0,0.0167,1,3,1,2,0.0,0.0,0.0001,0.3333,0.75,0.0,0.0086,0.0067,1,0,0,0,0,0
1778664273.626654,2026-05-13 12:24:33,0,0,0,0.0,0.0,0.0,0.0,0.0,0.0,0.0,0.0,0,1,1,1,0.0,0.0,0.0,0.0,1.87,0.0,0.0,0.0167,1,3,1,2,0.0,0.0,0.0001,0.3333,0.75,0.0,0.0086,0.0067,1,0,0,0,0,0
1778664303.626654,2026-05-13 12:25:03,1,1,1,0.0,0.0,0.0,0.0,3.73,0.0,0.0,0.0333,1,1,1,1,0.0,0.0,0.0,0.0,1.87,0.0,0.0,0.0167,1,4,1,2,0.0,0.0,0.0001,0.25,1.12,0.0,0.007,0.01,1,0,0,0,0,0
1778664333.626654,2026-05-13 12:25:33,0,0,0,0.0,0.0,0.0,0.0,0.0,0.0,0.0,0.0,0,1,1,1,0.0,0.0,0.0,0.0,1.87,0.0,0.0,0.0167,1,4,1,2,0.0,0.0,0.0001,0.25,1.12,0.0,0.007,0.01,1,0,0,0,0,0
1778664363.626654,2026-05-13 12:26:03,1,1,1,0.0,0.0,0.0001,0.0,3.73,0.0,0.0,0.0333,1,1,1,1,0.0,0.0,0.0001,0.0,1.87,0.0,0.0,0.0167,1,5,1,2,0.0,0.0,0.0001,0.2,1.49,0.0,0.0061,0.0133,1,0,0,0,0,0
1778664393.626654,2026-05-13 12:26:33,0,0,0,0.0,0.0,0.0,0.0,0.0,0.0,0.0,0.0,0,1,1,1,0.0,0.0,0.0001,0.0,1.87,0.0,0.0,0.0167,1,5,1,2,0.0,0.0,0.0001,0.2,1.49,0.0,0.0061,0.0133,1,0,0,0,0,0
1778664423.626654,2026-05-13 12:27:03,1,1,1,0.0,0.0,0.0001,0.0,3.73,0.0,0.0,0.0333,1,1,1,1,0.0,0.0,0.0001,0.0,1.87,0.0,0.0,0.0167,1,5,1,2,0.0,0.0,0.0,0.2,1.49,0.0,0.0038,0.0133,1,0,0,0,0,0
1778664453.626654,2026-05-13 12:27:33,0,0,0,0.0,0.0,0.0,0.0,0.0,0.0,0.0,0.0,0,1,1,1,0.0,0.0,0.0001,0.0,1.87,0.0,0.0,0.0167,1,5,1,2,0.0,0.0,0.0,0.2,1.49,0.0,0.0038,0.0133,1,0,0,0,0,0
1778664483.626654,2026-05-13 12:28:03,1,1,1,0.0,0.0,0.0,0.0,3.73,0.0,0.0,0.0333,1,1,1,1,0.0,0.0,0.0,0.0,1.87,0.0,0.0,0.0167,1,5,1,1,0.0,0.0,0.0,0.0,1.87,0.0,0.0,0.0167,1,0,0,0,0,0
1778664513.626654,2026-05-13 12:28:33,0,0,0,0.0,0.0,0.0,0.0,0.0,0.0,0.0,0.0,0,1,1,1,0.0,0.0,0.0,0.0,1.87,0.0,0.0,0.0167,1,5,1,1,0.0,0.0,0.0,0.0,1.87,0.0,0.0,0.0167,1,0,0,0,0,0
1778664543.626654,2026-05-13 12:29:03,2,2,2,0.0,0.0,0.0351,0.5,5.33,0.0625,0.0,0.0333,1,2,2,2,0.0,0.0,0.0351,0.5,2.67,0.0625,0.0,0.0167,1,6,2,2,0.0,0.0,0.0117,0.1667,2.03,0.0406,0.0499,0.0167,1,0,0,0,0,0
1778664573.626654,2026-05-13 12:29:33,1,1,1,0.0,0.0,0.0,1.0,0.0,0.0,0.0,0.0333,1,3,2,3,0.0,0.0,0.0234,0.6667,2.67,0.0574,0.0996,0.0167,1,7,2,3,0.0,0.0,0.0101,0.2857,2.03,0.037,0.051,0.0167,1,0,0,0,0,0
1778664603.626654,2026-05-13 12:30:03,1,1,1,0.0,0.0,0.0,0.0,3.73,0.0,0.0,0.0333,1,2,1,2,0.0,0.0,0.0,0.5,1.87,0.0,0.0,0.0167,1,7,2,3,0.0,0.0,0.0101,0.2857,2.03,0.037,0.0558,0.0167,1,0,0,0,0,0
1778664633.626654,2026-05-13 12:30:33,0,0,0,0.0,0.0,0.0,0.0,0.0,0.0,0.0,0.0,0,1,1,1,0.0,0.0,0.0,0.0,1.87,0.0,0.0,0.0167,1,7,2,3,0.0,0.0,0.0101,0.2857,2.03,0.037,0.0558,0.0167,1,0,0,0,0,0
1778664663.626654,2026-05-13 12:31:03,1,1,1,0.0,0.0,0.0,0.0,3.73,0.0,0.0,0.0333,1,1,1,1,0.0,0.0,0.0,0.0,1.87,0.0,0.0,0.0167,1,7,2,3,0.0,0.0,0.0101,0.2857,2.03,0.037,0.0558,0.0167,1,0,0,0,0,0
1778664693.626654,2026-05-13 12:31:33,0,0,0,0.0,0.0,0.0,0.0,0.0,0.0,0.0,0.0,0,1,1,1,0.0,0.0,0.0,0.0,1.87,0.0,0.0,0.0167,1,7,2,3,0.0,0.0,0.0101,0.2857,2.03,0.037,0.0558,0.0167,1,0,0,0,0,0
1778664723.626654,2026-05-13 12:32:03,1,1,1,0.0,0.0,0.0,0.0,3.73,0.0,0.0,0.0333,1,1,1,1,0.0,0.0,0.0,0.0,1.87,0.0,0.0,0.0167,1,7,2,3,0.0,0.0,0.0101,0.2857,2.03,0.037,0.0558,0.0167,1,0,0,0,0,0
1778664753.626654,2026-05-13 12:32:33,0,0,0,0.0,0.0,0.0,0.0,0.0,0.0,0.0,0.0,0,1,1,1,0.0,0.0,0.0,0.0,1.87,0.0,0.0,0.0167,1,7,2,3,0.0,0.0,0.0101,0.2857,2.03,0.037,0.0558,0.0167,1,0,0,0,0,0
1778664783.626654,2026-05-13 12:33:03,1,1,1,0.0,0.0,0.0001,0.0,3.73,0.0,0.0,0.0333,1,1,1,1,0.0,0.0,0.0001,0.0,1.87,0.0,0.0,0.0167,1,7,2,3,0.0,0.0,0.0101,0.2857,2.03,0.037,0.0559,0.0167,1,0,0,0,0,0
1778664813.626654,2026-05-13 12:33:33,0,0,0,0.0,0.0,0.0,0.0,0.0,0.0,0.0,0.0,0,1,1,1,0.0,0.0,0.0001,0.0,1.87,0.0,0.0,0.0167,1,7,2,3,0.0,0.0,0.0101,0.2857,2.03,0.037,0.0559,0.0167,1,0,0,0,0,0
1778664843.626654,2026-05-13 12:34:03,1,1,1,0.0,0.0,0.0,0.0,3.73,0.0,0.0,0.0333,1,1,1,1,0.0,0.0,0.0,0.0,1.87,0.0,0.0,0.0167,1,6,1,2,0.0,0.0,0.0,0.1667,1.87,0.0,0.022,0.0167,1,0,0,0,0,0
1778664873.626654,2026-05-13 12:34:33,0,0,0,0.0,0.0,0.0,0.0,0.0,0.0,0.0,0.0,0,1,1,1,0.0,0.0,0.0,0.0,1.87,0.0,0.0,0.0167,1,5,1,1,0.0,0.0,0.0,0.0,1.87,0.0,0.0,0.0167,1,0,0,0,0,0
1778664903.626654,2026-05-13 12:35:03,1,1,1,0.0,0.0,0.0,0.0,3.73,0.0,0.0,0.0333,1,1,1,1,0.0,0.0,0.0,0.0,1.87,0.0,0.0,0.0167,1,5,1,1,0.0,0.0,0.0,0.0,1.87,0.0,0.0,0.0167,1,0,0,0,0,0
1778664933.626654,2026-05-13 12:35:33,0,0,0,0.0,0.0,0.0,0.0,0.0,0.0,0.0,0.0,0,1,1,1,0.0,0.0,0.0,0.0,1.87,0.0,0.0,0.0167,1,5,1,1,0.0,0.0,0.0,0.0,1.87,0.0,0.0,0.0167,1,0,0,0,0,0
1778664963.626654,2026-05-13 12:36:03,1,1,1,0.0,0.0,0.0001,0.0,3.73,0.0,0.0,0.0333,1,1,1,1,0.0,0.0,0.0001,0.0,1.87,0.0,0.0,0.0167,1,5,1,1,0.0,0.0,0.0,0.0,1.87,0.0,0.0,0.0167,1,0,0,0,0,0
1778664993.626654,2026-05-13 12:36:33,0,0,0,0.0,0.0,0.0,0.0,0.0,0.0,0.0,0.0,0,1,1,1,0.0,0.0,0.0001,0.0,1.87,0.0,0.0,0.0167,1,5,1,1,0.0,0.0,0.0,0.0,1.87,0.0,0.0,0.0167,1,0,0,0,0,0
1778665023.626654,2026-05-13 12:37:03,0,0,0,0.0,0.0,0.0,0.0,0.0,0.0,0.0,0.0,0,0,0,0,0.0,0.0,0.0,0.0,0.0,0.0,0.0,0.0,0,4,1,1,0.0,0.0,0.0,0.0,1.49,0.0,0.0,0.0133,1,0,0,0,0,0
1778665053.626654,2026-05-13 12:37:33,0,0,0,0.0,0.0,0.0,0.0,0.0,0.0,0.0,0.0,0,0,0,0,0.0,0.0,0.0,0.0,0.0,0.0,0.0,0.0,0,4,1,1,0.0,0.0,0.0,0.0,1.49,0.0,0.0,0.0133,1,0,0,0,0,0
1778665083.626654,2026-05-13 12:38:03,0,0,0,0.0,0.0,0.0,0.0,0.0,0.0,0.0,0.0,0,0,0,0,0.0,0.0,0.0,0.0,0.0,0.0,0.0,0.0,0,3,1,1,0.0,0.0,0.0,0.0,1.12,0.0,0.0,0.01,1,0,0,0,0,0
1778665113.626654,2026-05-13 12:38:33,0,0,0,0.0,0.0,0.0,0.0,0.0,0.0,0.0,0.0,0,0,0,0,0.0,0.0,0.0,0.0,0.0,0.0,0.0,0.0,0,3,1,1,0.0,0.0,0.0,0.0,1.12,0.0,0.0,0.01,1,0,0,0,0,0
1778665143.626654,2026-05-13 12:39:03,0,0,0,0.0,0.0,0.0,0.0,0.0,0.0,0.0,0.0,0,0,0,0,0.0,0.0,0.0,0.0,0.0,0.0,0.0,0.0,0,2,1,1,0.0,0.0,0.0,0.0,0.75,0.0,0.0,0.0067,1,0,0,0,0,0
1778665173.626654,2026-05-13 12:39:33,0,0,0,0.0,0.0,0.0,0.0,0.0,0.0,0.0,0.0,0,0,0,0,0.0,0.0,0.0,0.0,0.0,0.0,0.0,0.0,0,2,1,1,0.0,0.0,0.0,0.0,0.75,0.0,0.0,0.0067,1,0,0,0,0,0
1778665203.626654,2026-05-13 12:40:03,0,0,0,0.0,0.0,0.0,0.0,0.0,0.0,0.0,0.0,0,0,0,0,0.0,0.0,0.0,0.0,0.0,0.0,0.0,0.0,0,1,1,1,0.0,0.0,0.0001,0.0,0.37,0.0,0.0,0.0033,1,0,0,0,0,0
1778665233.626654,2026-05-13 12:40:33,0,0,0,0.0,0.0,0.0,0.0,0.0,0.0,0.0,0.0,0,0,0,0,0.0,0.0,0.0,0.0,0.0,0.0,0.0,0.0,0,1,1,1,0.0,0.0,0.0001,0.0,0.37,0.0,0.0,0.0033,1,0,0,0,0,0
1778665263.626654,2026-05-13 12:41:03,0,0,0,0.0,0.0,0.0,0.0,0.0,0.0,0.0,0.0,0,0,0,0,0.0,0.0,0.0,0.0,0.0,0.0,0.0,0.0,0,0,0,0,0.0,0.0,0.0,0.0,0.0,0.0,0.0,0.0,0,0,0,0,0,0
1778665293.626654,2026-05-13 12:41:33,6,2,3,0.0,0.0667,0.4283,0.6667,8984.27,0.0574,0.131,0.2,2,6,2,3,0.0,0.0333,0.4283,0.6667,4492.13,0.0574,0.131,0.1,2,6,2,3,0.0,0.0067,0.4283,0.6667,898.43,0.0574,0.131,0.02,2,0,0,0,0,0
1778665323.626654,2026-05-13 12:42:03,0,0,0,0.0,0.0,0.0,0.0,0.0,0.0,0.0,0.0,0,6,2,3,0.0,0.0333,0.4283,0.6667,4492.13,0.0574,0.131,0.1,2,6,2,3,0.0,0.0067,0.4283,0.6667,898.43,0.0574,0.131,0.02,2,0,0,0,0,0
1778665353.626654,2026-05-13 12:42:33,1,1,1,0.0,0.0,0.0,0.0,3.73,0.0,0.0,0.0333,1,1,1,1,0.0,0.0,0.0,0.0,1.87,0.0,0.0,0.0167,1,7,3,4,0.0,0.0067,0.3671,0.5714,898.8,0.0862,0.2209,0.02,2,0,0,0,0,0
1778665383.626654,2026-05-13 12:43:03,0,0,0,0.0,0.0,0.0,0.0,0.0,0.0,0.0,0.0,0,1,1,1,0.0,0.0,0.0,0.0,1.87,0.0,0.0,0.0167,1,7,3,4,0.0,0.0067,0.3671,0.5714,898.8,0.0862,0.2209,0.02,2,0,0,0,0,0
1778665413.626654,2026-05-13 12:43:33,1,1,1,0.0,0.0,0.0001,0.0,3.73,0.0,0.0,0.0333,1,1,1,1,0.0,0.0,0.0001,0.0,1.87,0.0,0.0,0.0167,1,8,3,4,0.0,0.0067,0.3212,0.5,899.17,0.0938,0.1574,0.02,2,0,0,0,0,0
1778665443.626654,2026-05-13 12:44:03,0,0,0,0.0,0.0,0.0,0.0,0.0,0.0,0.0,0.0,0,1,1,1,0.0,0.0,0.0001,0.0,1.87,0.0,0.0,0.0167,1,8,3,4,0.0,0.0067,0.3212,0.5,899.17,0.0938,0.1574,0.02,2,0,0,0,0,0
1778665473.626654,2026-05-13 12:44:33,1,1,1,0.0,0.0,0.0,0.0,3.73,0.0,0.0,0.0333,1,1,1,1,0.0,0.0,0.0,0.0,1.87,0.0,0.0,0.0167,1,9,3,4,0.0,0.0067,0.2856,0.4444,899.55,0.0957,0.1288,0.02,2,0,0,0,0,0
1778665503.626654,2026-05-13 12:45:03,0,0,0,0.0,0.0,0.0,0.0,0.0,0.0,0.0,0.0,0,1,1,1,0.0,0.0,0.0,0.0,1.87,0.0,0.0,0.0167,1,9,3,4,0.0,0.0067,0.2856,0.4444,899.55,0.0957,0.1288,0.02,2,0,0,0,0,0
1778665533.626654,2026-05-13 12:45:33,1,1,1,0.0,0.0,0.0,0.0,3.73,0.0,0.0,0.0333,1,1,1,1,0.0,0.0,0.0,0.0,1.87,0.0,0.0,0.0167,1,10,3,4,0.0,0.0067,0.257,0.4,899.92,0.0951,0.1116,0.02,2,0,0,0,0,0
1778665563.626654,2026-05-13 12:46:03,0,0,0,0.0,0.0,0.0,0.0,0.0,0.0,0.0,0.0,0,1,1,1,0.0,0.0,0.0,0.0,1.87,0.0,0.0,0.0167,1,10,3,4,0.0,0.0067,0.257,0.4,899.92,0.0951,0.1116,0.02,2,0,0,0,0,0
1778665593.626654,2026-05-13 12:46:33,1,1,1,0.0,0.0,0.0001,0.0,3.73,0.0,0.0,0.0333,1,1,1,1,0.0,0.0,0.0001,0.0,1.87,0.0,0.0,0.0167,1,5,1,1,0.0,0.0,0.0001,0.0,1.87,0.0,0.0001,0.0167,1,0,0,0,0,0
1778665623.626654,2026-05-13 12:47:03,0,0,0,0.0,0.0,0.0,0.0,0.0,0.0,0.0,0.0,0,1,1,1,0.0,0.0,0.0001,0.0,1.87,0.0,0.0,0.0167,1,5,1,1,0.0,0.0,0.0001,0.0,1.87,0.0,0.0001,0.0167,1,0,0,0,0,0
1778665653.626654,2026-05-13 12:47:33,1,1,1,0.0,0.0,0.0,0.0,3.73,0.0,0.0,0.0333,1,1,1,1,0.0,0.0,0.0,0.0,1.87,0.0,0.0,0.0167,1,5,1,1,0.0,0.0,0.0001,0.0,1.87,0.0,0.0001,0.0167,1,0,0,0,0,0
1778665683.626654,2026-05-13 12:48:03,0,0,0,0.0,0.0,0.0,0.0,0.0,0.0,0.0,0.0,0,1,1,1,0.0,0.0,0.0,0.0,1.87,0.0,0.0,0.0167,1,5,1,1,0.0,0.0,0.0001,0.0,1.87,0.0,0.0001,0.0167,1,0,0,0,0,0
1778665713.626654,2026-05-13 12:48:33,1,1,1,0.0,0.0,0.0,0.0,3.73,0.0,0.0,0.0333,1,1,1,1,0.0,0.0,0.0,0.0,1.87,0.0,0.0,0.0167,1,5,1,1,0.0,0.0,0.0,0.0,1.87,0.0,0.0001,0.0167,1,0,0,0,0,0
1778665743.626654,2026-05-13 12:49:03,0,0,0,0.0,0.0,0.0,0.0,0.0,0.0,0.0,0.0,0,1,1,1,0.0,0.0,0.0,0.0,1.87,0.0,0.0,0.0167,1,5,1,1,0.0,0.0,0.0,0.0,1.87,0.0,0.0001,0.0167,1,0,0,0,0,0
1778665773.626654,2026-05-13 12:49:33,1,1,1,0.0,0.0,0.0,0.0,3.73,0.0,0.0,0.0333,1,1,1,1,0.0,0.0,0.0,0.0,1.87,0.0,0.0,0.0167,1,5,1,1,0.0,0.0,0.0,0.0,1.87,0.0,0.0001,0.0167,1,0,0,0,0,0
1778665803.626654,2026-05-13 12:50:03,0,0,0,0.0,0.0,0.0,0.0,0.0,0.0,0.0,0.0,0,1,1,1,0.0,0.0,0.0,0.0,1.87,0.0,0.0,0.0167,1,5,1,1,0.0,0.0,0.0,0.0,1.87,0.0,0.0001,0.0167,1,0,0,0,0,0
1778665833.626654,2026-05-13 12:50:33,1,1,1,0.0,0.0,0.0001,0.0,3.73,0.0,0.0,0.0333,1,1,1,1,0.0,0.0,0.0001,0.0,1.87,0.0,0.0,0.0167,1,5,1,1,0.0,0.0,0.0,0.0,1.87,0.0,0.0001,0.0167,1,0,0,0,0,0
1778665863.626654,2026-05-13 12:51:03,0,0,0,0.0,0.0,0.0,0.0,0.0,0.0,0.0,0.0,0,1,1,1,0.0,0.0,0.0001,0.0,1.87,0.0,0.0,0.0167,1,5,1,1,0.0,0.0,0.0,0.0,1.87,0.0,0.0001,0.0167,1,0,0,0,0,0
1778665893.626654,2026-05-13 12:51:33,1,1,1,0.0,0.0,0.0,0.0,3.73,0.0,0.0,0.0333,1,1,1,1,0.0,0.0,0.0,0.0,1.87,0.0,0.0,0.0167,1,5,1,1,0.0,0.0,0.0,0.0,1.87,0.0,0.0,0.0167,1,0,0,0,0,0
1778665923.626654,2026-05-13 12:52:03,0,0,0,0.0,0.0,0.0,0.0,0.0,0.0,0.0,0.0,0,1,1,1,0.0,0.0,0.0,0.0,1.87,0.0,0.0,0.0167,1,5,1,1,0.0,0.0,0.0,0.0,1.87,0.0,0.0,0.0167,1,0,0,0,0,0
1778665953.626654,2026-05-13 12:52:33,1,1,1,0.0,0.0,0.0,0.0,3.73,0.0,0.0,0.0333,1,1,1,1,0.0,0.0,0.0,0.0,1.87,0.0,0.0,0.0167,1,5,1,1,0.0,0.0,0.0,0.0,1.87,0.0,0.0,0.0167,1,0,0,0,0,0
1778665983.626654,2026-05-13 12:53:03,0,0,0,0.0,0.0,0.0,0.0,0.0,0.0,0.0,0.0,0,1,1,1,0.0,0.0,0.0,0.0,1.87,0.0,0.0,0.0167,1,5,1,1,0.0,0.0,0.0,0.0,1.87,0.0,0.0,0.0167,1,0,0,0,0,0
1778666013.626654,2026-05-13 12:53:33,1,1,1,0.0,0.0,0.0,0.0,3.73,0.0,0.0,0.0333,1,1,1,1,0.0,0.0,0.0,0.0,1.87,0.0,0.0,0.0167,1,5,1,1,0.0,0.0,0.0,0.0,1.87,0.0,0.0,0.0167,1,0,0,0,0,0
1778666043.626654,2026-05-13 12:54:03,0,0,0,0.0,0.0,0.0,0.0,0.0,0.0,0.0,0.0,0,1,1,1,0.0,0.0,0.0,0.0,1.87,0.0,0.0,0.0167,1,5,1,1,0.0,0.0,0.0,0.0,1.87,0.0,0.0,0.0167,1,0,0,0,0,0
1778666073.626654,2026-05-13 12:54:33,1,1,1,0.0,0.0,0.0,0.0,3.73,0.0,0.0,0.0333,1,1,1,1,0.0,0.0,0.0,0.0,1.87,0.0,0.0,0.0167,1,5,1,1,0.0,0.0,0.0,0.0,1.87,0.0,0.0,0.0167,1,0,0,0,0,0
1778666103.626654,2026-05-13 12:55:03,0,0,0,0.0,0.0,0.0,0.0,0.0,0.0,0.0,0.0,0,1,1,1,0.0,0.0,0.0,0.0,1.87,0.0,0.0,0.0167,1,5,1,1,0.0,0.0,0.0,0.0,1.87,0.0,0.0,0.0167,1,0,0,0,0,0
1778666133.626654,2026-05-13 12:55:33,1,1,1,0.0,0.0,0.0,0.0,3.73,0.0,0.0,0.0333,1,1,1,1,0.0,0.0,0.0,0.0,1.87,0.0,0.0,0.0167,1,5,1,1,0.0,0.0,0.0,0.0,1.87,0.0,0.0,0.0167,1,0,0,0,0,0
1778666163.626654,2026-05-13 12:56:03,0,0,0,0.0,0.0,0.0,0.0,0.0,0.0,0.0,0.0,0,1,1,1,0.0,0.0,0.0,0.0,1.87,0.0,0.0,0.0167,1,5,1,1,0.0,0.0,0.0,0.0,1.87,0.0,0.0,0.0167,1,0,0,0,0,0
1778666193.626654,2026-05-13 12:56:33,1,1,1,0.0,0.0,0.0,0.0,3.73,0.0,0.0,0.0333,1,1,1,1,0.0,0.0,0.0,0.0,1.87,0.0,0.0,0.0167,1,5,1,1,0.0,0.0,0.0,0.0,1.87,0.0,0.0,0.0167,1,0,0,0,0,0
1778666223.626654,2026-05-13 12:57:03,0,0,0,0.0,0.0,0.0,0.0,0.0,0.0,0.0,0.0,0,1,1,1,0.0,0.0,0.0,0.0,1.87,0.0,0.0,0.0167,1,5,1,1,0.0,0.0,0.0,0.0,1.87,0.0,0.0,0.0167,1,0,0,0,0,0
1778666253.626654,2026-05-13 12:57:33,1,1,1,0.0,0.0,0.0001,0.0,3.73,0.0,0.0,0.0333,1,1,1,1,0.0,0.0,0.0001,0.0,1.87,0.0,0.0,0.0167,1,5,1,1,0.0,0.0,0.0,0.0,1.87,0.0,0.0,0.0167,1,0,0,0,0,0
1778666283.626654,2026-05-13 12:58:03,0,0,0,0.0,0.0,0.0,0.0,0.0,0.0,0.0,0.0,0,1,1,1,0.0,0.0,0.0001,0.0,1.87,0.0,0.0,0.0167,1,5,1,1,0.0,0.0,0.0,0.0,1.87,0.0,0.0,0.0167,1,0,0,0,0,0
1778666313.626654,2026-05-13 12:58:33,1,1,1,0.0,0.0,0.0,0.0,3.73,0.0,0.0,0.0333,1,1,1,1,0.0,0.0,0.0,0.0,1.87,0.0,0.0,0.0167,1,5,1,1,0.0,0.0,0.0,0.0,1.87,0.0,0.0,0.0167,1,0,0,0,0,0
1778666343.626654,2026-05-13 12:59:03,0,0,0,0.0,0.0,0.0,0.0,0.0,0.0,0.0,0.0,0,1,1,1,0.0,0.0,0.0,0.0,1.87,0.0,0.0,0.0167,1,5,1,1,0.0,0.0,0.0,0.0,1.87,0.0,0.0,0.0167,1,0,0,0,0,0
1778666373.626654,2026-05-13 12:59:33,1,1,1,0.0,0.0,0.0001,0.0,3.73,0.0,0.0,0.0333,1,1,1,1,0.0,0.0,0.0001,0.0,1.87,0.0,0.0,0.0167,1,5,1,1,0.0,0.0,0.0,0.0,1.87,0.0,0.0,0.0167,1,0,0,0,0,0
1778666403.626654,2026-05-13 13:00:03,11,1,1,0.0,0.3667,0.0719,0.0,59.3,0.0,0.1087,0.3667,1,12,2,2,0.0,0.1833,0.0659,0.0,31.52,0.0259,0.3077,0.1833,1,16,2,2,0.0,0.0367,0.0494,0.0,7.8,0.056,0.1458,0.0367,1,0,0,0,0,0
1778666433.626654,2026-05-13 13:00:33,1,1,1,0.0,0.0,0.0001,0.0,3.73,0.0,0.0,0.0333,1,12,2,2,0.0,0.1833,0.0659,0.0,31.52,0.0259,0.3072,0.1833,1,16,2,2,0.0,0.0367,0.0494,0.0,7.8,0.056,0.1507,0.0367,1,0,0,0,0,0
1778666463.626654,2026-05-13 13:01:03,0,0,0,0.0,0.0,0.0,0.0,0.0,0.0,0.0,0.0,0,1,1,1,0.0,0.0,0.0001,0.0,1.87,0.0,0.0,0.0167,1,16,2,2,0.0,0.0367,0.0494,0.0,7.8,0.056,0.1507,0.0367,1,0,0,0,0,0
1778666493.626654,2026-05-13 13:01:33,1,1,1,0.0,0.0,60.2507,0.0,11.2,0.0,0.0,0.0333,1,1,1,1,0.0,0.0,60.2507,0.0,5.6,0.0,0.0,0.0167,1,16,2,2,0.0,0.0367,3.8151,0.0,8.54,0.056,0.1507,0.0367,1,0,0,0,0,0
1778666523.626654,2026-05-13 13:02:03,0,0,0,0.0,0.0,0.0,0.0,0.0,0.0,0.0,0.0,0,1,1,1,0.0,0.0,60.2507,0.0,5.6,0.0,0.0,0.0167,1,16,2,2,0.0,0.0367,3.8151,0.0,8.54,0.056,0.1507,0.0367,1,0,0,0,0,0
1778666553.626654,2026-05-13 13:02:33,0,0,0,0.0,0.0,0.0,0.0,0.0,0.0,0.0,0.0,0,0,0,0,0.0,0.0,0.0,0.0,0.0,0.0,0.0,0.0,0,15,2,2,0.0,0.0367,4.0694,0.0,8.17,0.0523,0.1695,0.0367,1,0,0,0,0,0
1778666583.626654,2026-05-13 13:03:03,1,1,1,0.0,0.0,0.0713,1.0,1.6,0.0,0.0,0.0333,1,1,1,1,0.0,0.0,0.0713,1.0,0.8,0.0,0.0,0.0167,1,16,3,3,0.0,0.0367,3.8196,0.0625,8.33,0.0701,0.1583,0.04,2,0,0,0,0,0
1778666613.626654,2026-05-13 13:03:33,0,0,0,0.0,0.0,0.0,0.0,0.0,0.0,0.0,0.0,0,1,1,1,0.0,0.0,0.0713,1.0,0.8,0.0,0.0,0.0167,1,15,3,3,0.0,0.0367,4.0742,0.0667,7.96,0.0658,0.1807,0.04,2,0,0,0,0,0
1778666643.626654,2026-05-13 13:04:03,0,0,0,0.0,0.0,0.0,0.0,0.0,0.0,0.0,0.0,0,0,0,0,0.0,0.0,0.0,0.0,0.0,0.0,0.0,0.0,0,15,3,3,0.0,0.0367,4.0742,0.0667,7.96,0.0658,0.1807,0.04,2,0,0,0,0,0
1778666673.626654,2026-05-13 13:04:33,0,0,0,0.0,0.0,0.0,0.0,0.0,0.0,0.0,0.0,0,0,0,0,0.0,0.0,0.0,0.0,0.0,0.0,0.0,0.0,0,14,3,3,0.0,0.0367,4.3652,0.0714,7.58,0.0591,0.201,0.04,2,0,0,0,0,0
1778666703.626654,2026-05-13 13:05:03,0,0,0,0.0,0.0,0.0,0.0,0.0,0.0,0.0,0.0,0,0,0,0,0.0,0.0,0.0,0.0,0.0,0.0,0.0,0.0,0,3,2,2,0.0,0.0,20.1073,0.3333,1.65,0.0574,0.0197,0.0067,1,0,0,0,0,0
1778666733.626654,2026-05-13 13:05:33,0,0,0,0.0,0.0,0.0,0.0,0.0,0.0,0.0,0.0,0,0,0,0,0.0,0.0,0.0,0.0,0.0,0.0,0.0,0.0,0,2,2,2,0.0,0.0,30.161,0.5,1.28,0.0625,0.0,0.0033,1,0,0,0,0,0
1778666763.626654,2026-05-13 13:06:03,0,0,0,0.0,0.0,0.0,0.0,0.0,0.0,0.0,0.0,0,0,0,0,0.0,0.0,0.0,0.0,0.0,0.0,0.0,0.0,0,2,2,2,0.0,0.0,30.161,0.5,1.28,0.0625,0.0,0.0033,1,0,0,0,0,0
1778666793.626654,2026-05-13 13:06:33,0,0,0,0.0,0.0,0.0,0.0,0.0,0.0,0.0,0.0,0,0,0,0,0.0,0.0,0.0,0.0,0.0,0.0,0.0,0.0,0,1,1,1,0.0,0.0,0.0713,1.0,0.16,0.0,0.0,0.0033,1,0,0,0,0,0
1778666823.626654,2026-05-13 13:07:03,1,1,1,0.0,0.0,0.0,0.0,3.73,0.0,0.0,0.0333,1,1,1,1,0.0,0.0,0.0,0.0,1.87,0.0,0.0,0.0167,1,2,2,2,0.0,0.0,0.0357,0.5,0.53,0.0625,0.0,0.0033,1,0,0,0,0,0
1778666853.626654,2026-05-13 13:07:33,0,0,0,0.0,0.0,0.0,0.0,0.0,0.0,0.0,0.0,0,1,1,1,0.0,0.0,0.0,0.0,1.87,0.0,0.0,0.0167,1,2,2,2,0.0,0.0,0.0357,0.5,0.53,0.0625,0.0,0.0033,1,0,0,0,0,0
1778666883.626654,2026-05-13 13:08:03,1,1,1,0.0,0.0,30.0572,0.0,7.47,0.0,0.0,0.0333,1,1,1,1,0.0,0.0,30.0572,0.0,3.73,0.0,0.0,0.0167,1,2,1,1,0.0,0.0,15.0286,0.0,1.12,0.0,0.0,0.0067,1,0,0,0,0,0
1778666913.626654,2026-05-13 13:08:33,0,0,0,0.0,0.0,0.0,0.0,0.0,0.0,0.0,0.0,0,1,1,1,0.0,0.0,30.0572,0.0,3.73,0.0,0.0,0.0167,1,2,1,1,0.0,0.0,15.0286,0.0,1.12,0.0,0.0,0.0067,1,0,0,0,0,0
1778666943.626654,2026-05-13 13:09:03,0,0,0,0.0,0.0,0.0,0.0,0.0,0.0,0.0,0.0,0,0,0,0,0.0,0.0,0.0,0.0,0.0,0.0,0.0,0.0,0,2,1,1,0.0,0.0,15.0286,0.0,1.12,0.0,0.0,0.0067,1,0,0,0,0,0
1778666973.626654,2026-05-13 13:09:33,1,1,1,0.0,0.0,0.0,0.0,3.73,0.0,0.0,0.0333,1,1,1,1,0.0,0.0,0.0,0.0,1.87,0.0,0.0,0.0167,1,3,1,1,0.0,0.0,10.0191,0.0,1.49,0.0,0.02,0.01,1,0,0,0,0,0
1778667003.626654,2026-05-13 13:10:03,1,1,1,0.0,0.0,0.0,1.0,0.0,0.0,0.0,0.0333,1,2,2,2,0.0,0.0,0.0,0.5,1.87,0.0625,0.0,0.0167,1,4,2,2,0.0,0.0,7.5143,0.25,1.49,0.0507,0.0699,0.01,1,0,0,0,0,0
1778667033.626654,2026-05-13 13:10:33,1,1,1,0.0,0.0,0.0,0.0,3.73,0.0,0.0,0.0333,1,2,2,2,0.0,0.0,0.0,0.5,1.87,0.0625,0.0,0.0167,1,5,2,2,0.0,0.0,6.0115,0.2,1.87,0.0451,0.0592,0.0133,1,0,0,0,0,0
1778667063.626654,2026-05-13 13:11:03,0,0,0,0.0,0.0,0.0,0.0,0.0,0.0,0.0,0.0,0,1,1,1,0.0,0.0,0.0,0.0,1.87,0.0,0.0,0.0167,1,5,2,2,0.0,0.0,6.0115,0.2,1.87,0.0451,0.0592,0.0133,1,0,0,0,0,0
1778667093.626654,2026-05-13 13:11:33,1,1,1,0.0,0.0,0.0,0.0,3.73,0.0,0.0,0.0333,1,1,1,1,0.0,0.0,0.0,0.0,1.87,0.0,0.0,0.0167,1,6,2,2,0.0,0.0,5.0095,0.1667,2.24,0.0406,0.0518,0.0167,1,0,0,0,0,0
1778667123.626654,2026-05-13 13:12:03,0,0,0,0.0,0.0,0.0,0.0,0.0,0.0,0.0,0.0,0,1,1,1,0.0,0.0,0.0,0.0,1.87,0.0,0.0,0.0167,1,5,2,2,0.0,0.0,6.0115,0.2,1.87,0.0451,0.0592,0.0133,1,0,0,0,0,0
1778667153.626654,2026-05-13 13:12:33,1,1,1,0.0,0.0,0.0,0.0,3.73,0.0,0.0,0.0333,1,1,1,1,0.0,0.0,0.0,0.0,1.87,0.0,0.0,0.0167,1,6,2,2,0.0,0.0,5.0096,0.1667,2.24,0.0406,0.0518,0.0167,1,0,0,0,0,0
1778667183.626654,2026-05-13 13:13:03,0,0,0,0.0,0.0,0.0,0.0,0.0,0.0,0.0,0.0,0,1,1,1,0.0,0.0,0.0,0.0,1.87,0.0,0.0,0.0167,1,5,2,2,0.0,0.0,0.0,0.2,1.49,0.0451,0.0532,0.0133,1,0,0,0,0,0
1778667213.626654,2026-05-13 13:13:33,1,1,1,0.0,0.0,0.0001,0.0,3.73,0.0,0.0,0.0333,1,1,1,1,0.0,0.0,0.0001,0.0,1.87,0.0,0.0,0.0167,1,6,2,2,0.0,0.0,0.0,0.1667,1.87,0.0406,0.0463,0.0167,1,0,0,0,0,0
1778667243.626654,2026-05-13 13:14:03,0,0,0,0.0,0.0,0.0,0.0,0.0,0.0,0.0,0.0,0,1,1,1,0.0,0.0,0.0001,0.0,1.87,0.0,0.0,0.0167,1,6,2,2,0.0,0.0,0.0,0.1667,1.87,0.0406,0.0463,0.0167,1,0,0,0,0,0
1778667273.626654,2026-05-13 13:14:33,0,0,0,0.0,0.0,0.0,0.0,0.0,0.0,0.0,0.0,0,0,0,0,0.0,0.0,0.0,0.0,0.0,0.0,0.0,0.0,0,5,2,2,0.0,0.0,0.0,0.2,1.49,0.0451,0.0027,0.0133,1,0,0,0,0,0
1778667303.626654,2026-05-13 13:15:03,1,1,1,0.0,0.0,0.0,0.0,3.73,0.0,0.0,0.0333,1,1,1,1,0.0,0.0,0.0,0.0,1.87,0.0,0.0,0.0167,1,5,1,1,0.0,0.0,0.0001,0.0,1.87,0.0,0.0001,0.0167,1,0,0,0,0,0
1778667333.626654,2026-05-13 13:15:33,0,0,0,0.0,0.0,0.0,0.0,0.0,0.0,0.0,0.0,0,1,1,1,0.0,0.0,0.0,0.0,1.87,0.0,0.0,0.0167,1,4,1,1,0.0,0.0,0.0001,0.0,1.49,0.0,0.0001,0.0133,1,0,0,0,0,0
1778667363.626654,2026-05-13 13:16:03,1,1,1,0.0,0.0,0.0001,0.0,3.73,0.0,0.0,0.0333,1,1,1,1,0.0,0.0,0.0001,0.0,1.87,0.0,0.0,0.0167,1,5,1,1,0.0,0.0,0.0001,0.0,1.87,0.0,0.0001,0.0167,1,0,0,0,0,0
1778667393.626654,2026-05-13 13:16:33,0,0,0,0.0,0.0,0.0,0.0,0.0,0.0,0.0,0.0,0,1,1,1,0.0,0.0,0.0001,0.0,1.87,0.0,0.0,0.0167,1,4,1,1,0.0,0.0,0.0001,0.0,1.49,0.0,0.0001,0.0133,1,0,0,0,0,0
1778667423.626654,2026-05-13 13:17:03,1,1,1,0.0,0.0,0.0001,0.0,3.73,0.0,0.0,0.0333,1,1,1,1,0.0,0.0,0.0001,0.0,1.87,0.0,0.0,0.0167,1,5,1,1,0.0,0.0,0.0001,0.0,1.87,0.0,0.0001,0.0167,1,0,0,0,0,0
1778667453.626654,2026-05-13 13:17:33,0,0,0,0.0,0.0,0.0,0.0,0.0,0.0,0.0,0.0,0,1,1,1,0.0,0.0,0.0001,0.0,1.87,0.0,0.0,0.0167,1,4,1,1,0.0,0.0,0.0001,0.0,1.49,0.0,0.0001,0.0133,1,0,0,0,0,0
1778667483.626654,2026-05-13 13:18:03,1,1,1,0.0,0.0,0.0,0.0,3.73,0.0,0.0,0.0333,1,1,1,1,0.0,0.0,0.0,0.0,1.87,0.0,0.0,0.0167,1,5,1,1,0.0,0.0,0.0001,0.0,1.87,0.0,0.0001,0.0167,1,0,0,0,0,0
1778667513.626654,2026-05-13 13:18:33,0,0,0,0.0,0.0,0.0,0.0,0.0,0.0,0.0,0.0,0,1,1,1,0.0,0.0,0.0,0.0,1.87,0.0,0.0,0.0167,1,4,1,1,0.0,0.0,0.0,0.0,1.49,0.0,0.0,0.0133,1,0,0,0,0,0
1778667543.626654,2026-05-13 13:19:03,1,1,1,0.0,0.0,0.0,0.0,3.73,0.0,0.0,0.0333,1,1,1,1,0.0,0.0,0.0,0.0,1.87,0.0,0.0,0.0167,1,5,1,1,0.0,0.0,0.0,0.0,1.87,0.0,0.0,0.0167,1,0,0,0,0,0
1778667573.626654,2026-05-13 13:19:33,0,0,0,0.0,0.0,0.0,0.0,0.0,0.0,0.0,0.0,0,1,1,1,0.0,0.0,0.0,0.0,1.87,0.0,0.0,0.0167,1,5,1,1,0.0,0.0,0.0,0.0,1.87,0.0,0.0,0.0167,1,0,0,0,0,0
1778667603.626654,2026-05-13 13:20:03,1,1,1,0.0,0.0,0.0,0.0,3.73,0.0,0.0,0.0333,1,1,1,1,0.0,0.0,0.0,0.0,1.87,0.0,0.0,0.0167,1,5,1,1,0.0,0.0,0.0,0.0,1.87,0.0,0.0,0.0167,1,0,0,0,0,0
1778667633.626654,2026-05-13 13:20:33,0,0,0,0.0,0.0,0.0,0.0,0.0,0.0,0.0,0.0,0,1,1,1,0.0,0.0,0.0,0.0,1.87,0.0,0.0,0.0167,1,5,1,1,0.0,0.0,0.0,0.0,1.87,0.0,0.0,0.0167,1,0,0,0,0,0
1778667663.626654,2026-05-13 13:21:03,1,1,1,0.0,0.0,0.0001,0.0,3.73,0.0,0.0,0.0333,1,1,1,1,0.0,0.0,0.0001,0.0,1.87,0.0,0.0,0.0167,1,5,1,1,0.0,0.0,0.0,0.0,1.87,0.0,0.0,0.0167,1,0,0,0,0,0
1778667693.626654,2026-05-13 13:21:33,0,0,0,0.0,0.0,0.0,0.0,0.0,0.0,0.0,0.0,0,1,1,1,0.0,0.0,0.0001,0.0,1.87,0.0,0.0,0.0167,1,5,1,1,0.0,0.0,0.0,0.0,1.87,0.0,0.0,0.0167,1,0,0,0,0,0
1778667723.626654,2026-05-13 13:22:03,0,0,0,0.0,0.0,0.0,0.0,0.0,0.0,0.0,0.0,0,0,0,0,0.0,0.0,0.0,0.0,0.0,0.0,0.0,0.0,0,4,1,1,0.0,0.0,0.0,0.0,1.49,0.0,0.0,0.0133,1,0,0,0,0,0
1778667753.626654,2026-05-13 13:22:33,0,0,0,0.0,0.0,0.0,0.0,0.0,0.0,0.0,0.0,0,0,0,0,0.0,0.0,0.0,0.0,0.0,0.0,0.0,0.0,0,4,1,1,0.0,0.0,0.0,0.0,1.49,0.0,0.0,0.0133,1,0,0,0,0,0
1778667783.626654,2026-05-13 13:23:03,0,0,0,0.0,0.0,0.0,0.0,0.0,0.0,0.0,0.0,0,0,0,0,0.0,0.0,0.0,0.0,0.0,0.0,0.0,0.0,0,3,1,1,0.0,0.0,0.0,0.0,1.12,0.0,0.0,0.01,1,0,0,0,0,0
1778667813.626654,2026-05-13 13:23:33,0,0,0,0.0,0.0,0.0,0.0,0.0,0.0,0.0,0.0,0,0,0,0,0.0,0.0,0.0,0.0,0.0,0.0,0.0,0.0,0,3,1,1,0.0,0.0,0.0,0.0,1.12,0.0,0.0,0.01,1,0,0,0,0,0
1778667843.626654,2026-05-13 13:24:03,0,0,0,0.0,0.0,0.0,0.0,0.0,0.0,0.0,0.0,0,0,0,0,0.0,0.0,0.0,0.0,0.0,0.0,0.0,0.0,0,2,1,1,0.0,0.0,0.0,0.0,0.75,0.0,0.0,0.0067,1,0,0,0,0,0
1778667873.626654,2026-05-13 13:24:33,0,0,0,0.0,0.0,0.0,0.0,0.0,0.0,0.0,0.0,0,0,0,0,0.0,0.0,0.0,0.0,0.0,0.0,0.0,0.0,0,2,1,1,0.0,0.0,0.0,0.0,0.75,0.0,0.0,0.0067,1,0,0,0,0,0
1778667903.626654,2026-05-13 13:25:03,0,0,0,0.0,0.0,0.0,0.0,0.0,0.0,0.0,0.0,0,0,0,0,0.0,0.0,0.0,0.0,0.0,0.0,0.0,0.0,0,1,1,1,0.0,0.0,0.0001,0.0,0.37,0.0,0.0,0.0033,1,0,0,0,0,0
1778667933.626654,2026-05-13 13:25:33,0,0,0,0.0,0.0,0.0,0.0,0.0,0.0,0.0,0.0,0,0,0,0,0.0,0.0,0.0,0.0,0.0,0.0,0.0,0.0,0,1,1,1,0.0,0.0,0.0001,0.0,0.37,0.0,0.0,0.0033,1,0,0,0,0,0
1778667963.626654,2026-05-13 13:26:03,0,0,0,0.0,0.0,0.0,0.0,0.0,0.0,0.0,0.0,0,0,0,0,0.0,0.0,0.0,0.0,0.0,0.0,0.0,0.0,0,0,0,0,0.0,0.0,0.0,0.0,0.0,0.0,0.0,0.0,0,0,0,0,0,0
1778667993.626654,2026-05-13 13:26:33,0,0,0,0.0,0.0,0.0,0.0,0.0,0.0,0.0,0.0,0,0,0,0,0.0,0.0,0.0,0.0,0.0,0.0,0.0,0.0,0,0,0,0,0.0,0.0,0.0,0.0,0.0,0.0,0.0,0.0,0,0,0,0,0,0
1778668023.626654,2026-05-13 13:27:03,0,0,0,0.0,0.0,0.0,0.0,0.0,0.0,0.0,0.0,0,0,0,0,0.0,0.0,0.0,0.0,0.0,0.0,0.0,0.0,0,0,0,0,0.0,0.0,0.0,0.0,0.0,0.0,0.0,0.0,0,0,0,0,0,0
1778668053.626654,2026-05-13 13:27:33,1,1,1,0.0,0.0,0.0,0.0,3.73,0.0,0.0,0.0333,1,1,1,1,0.0,0.0,0.0,0.0,1.87,0.0,0.0,0.0167,1,1,1,1,0.0,0.0,0.0,0.0,0.37,0.0,0.0,0.0033,1,0,0,0,0,0
1778668083.626654,2026-05-13 13:28:03,0,0,0,0.0,0.0,0.0,0.0,0.0,0.0,0.0,0.0,0,1,1,1,0.0,0.0,0.0,0.0,1.87,0.0,0.0,0.0167,1,1,1,1,0.0,0.0,0.0,0.0,0.37,0.0,0.0,0.0033,1,0,0,0,0,0
1778668113.626654,2026-05-13 13:28:33,1,1,1,0.0,0.0,0.0,0.0,3.73,0.0,0.0,0.0333,1,1,1,1,0.0,0.0,0.0,0.0,1.87,0.0,0.0,0.0167,1,2,1,1,0.0,0.0,0.0,0.0,0.75,0.0,0.0,0.0067,1,0,0,0,0,0
1778668143.626654,2026-05-13 13:29:03,0,0,0,0.0,0.0,0.0,0.0,0.0,0.0,0.0,0.0,0,1,1,1,0.0,0.0,0.0,0.0,1.87,0.0,0.0,0.0167,1,2,1,1,0.0,0.0,0.0,0.0,0.75,0.0,0.0,0.0067,1,0,0,0,0,0
1778668173.626654,2026-05-13 13:29:33,1,1,1,0.0,0.0,0.0,0.0,3.73,0.0,0.0,0.0333,1,1,1,1,0.0,0.0,0.0,0.0,1.87,0.0,0.0,0.0167,1,3,1,1,0.0,0.0,0.0,0.0,1.12,0.0,0.0,0.01,1,0,0,0,0,0
1778668203.626654,2026-05-13 13:30:03,0,0,0,0.0,0.0,0.0,0.0,0.0,0.0,0.0,0.0,0,1,1,1,0.0,0.0,0.0,0.0,1.87,0.0,0.0,0.0167,1,3,1,1,0.0,0.0,0.0,0.0,1.12,0.0,0.0,0.01,1,0,0,0,0,0
1778668233.626654,2026-05-13 13:30:33,1,1,1,0.0,0.0,0.0,0.0,3.73,0.0,0.0,0.0333,1,1,1,1,0.0,0.0,0.0,0.0,1.87,0.0,0.0,0.0167,1,4,1,1,0.0,0.0,0.0,0.0,1.49,0.0,0.0,0.0133,1,0,0,0,0,0
1778668263.626654,2026-05-13 13:31:03,0,0,0,0.0,0.0,0.0,0.0,0.0,0.0,0.0,0.0,0,1,1,1,0.0,0.0,0.0,0.0,1.87,0.0,0.0,0.0167,1,4,1,1,0.0,0.0,0.0,0.0,1.49,0.0,0.0,0.0133,1,0,0,0,0,0
1778668293.626654,2026-05-13 13:31:33,1,1,1,0.0,0.0,0.0,0.0,3.73,0.0,0.0,0.0333,1,1,1,1,0.0,0.0,0.0,0.0,1.87,0.0,0.0,0.0167,1,5,1,1,0.0,0.0,0.0,0.0,1.87,0.0,0.0,0.0167,1,0,0,0,0,0
1778668323.626654,2026-05-13 13:32:03,0,0,0,0.0,0.0,0.0,0.0,0.0,0.0,0.0,0.0,0,1,1,1,0.0,0.0,0.0,0.0,1.87,0.0,0.0,0.0167,1,5,1,1,0.0,0.0,0.0,0.0,1.87,0.0,0.0,0.0167,1,0,0,0,0,0
1778668353.626654,2026-05-13 13:32:33,1,1,1,0.0,0.0,0.0,0.0,3.73,0.0,0.0,0.0333,1,1,1,1,0.0,0.0,0.0,0.0,1.87,0.0,0.0,0.0167,1,5,1,1,0.0,0.0,0.0,0.0,1.87,0.0,0.0001,0.0167,1,0,0,0,0,0
1778668383.626654,2026-05-13 13:33:03,0,0,0,0.0,0.0,0.0,0.0,0.0,0.0,0.0,0.0,0,1,1,1,0.0,0.0,0.0,0.0,1.87,0.0,0.0,0.0167,1,5,1,1,0.0,0.0,0.0,0.0,1.87,0.0,0.0001,0.0167,1,0,0,0,0,0
1778668413.626654,2026-05-13 13:33:33,1,1,1,0.0,0.0,0.0,0.0,3.73,0.0,0.0,0.0333,1,1,1,1,0.0,0.0,0.0,0.0,1.87,0.0,0.0,0.0167,1,5,1,1,0.0,0.0,0.0,0.0,1.87,0.0,0.0001,0.0167,1,0,0,0,0,0
1778668443.626654,2026-05-13 13:34:03,0,0,0,0.0,0.0,0.0,0.0,0.0,0.0,0.0,0.0,0,1,1,1,0.0,0.0,0.0,0.0,1.87,0.0,0.0,0.0167,1,5,1,1,0.0,0.0,0.0,0.0,1.87,0.0,0.0001,0.0167,1,0,0,0,0,0
1778668473.626654,2026-05-13 13:34:33,1,1,1,0.0,0.0,0.0,0.0,3.73,0.0,0.0,0.0333,1,1,1,1,0.0,0.0,0.0,0.0,1.87,0.0,0.0,0.0167,1,5,1,1,0.0,0.0,0.0,0.0,1.87,0.0,0.0001,0.0167,1,0,0,0,0,0
1778668503.626654,2026-05-13 13:35:03,0,0,0,0.0,0.0,0.0,0.0,0.0,0.0,0.0,0.0,0,1,1,1,0.0,0.0,0.0,0.0,1.87,0.0,0.0,0.0167,1,5,1,1,0.0,0.0,0.0,0.0,1.87,0.0,0.0001,0.0167,1,0,0,0,0,0
1778668533.626654,2026-05-13 13:35:33,1,1,1,0.0,0.0,0.0001,0.0,3.73,0.0,0.0,0.0333,1,1,1,1,0.0,0.0,0.0001,0.0,1.87,0.0,0.0,0.0167,1,5,1,1,0.0,0.0,0.0,0.0,1.87,0.0,0.0,0.0167,1,0,0,0,0,0
1778668563.626654,2026-05-13 13:36:03,0,0,0,0.0,0.0,0.0,0.0,0.0,0.0,0.0,0.0,0,1,1,1,0.0,0.0,0.0001,0.0,1.87,0.0,0.0,0.0167,1,5,1,1,0.0,0.0,0.0,0.0,1.87,0.0,0.0,0.0167,1,0,0,0,0,0
1778668593.626654,2026-05-13 13:36:33,1,1,1,0.0,0.0,0.0,0.0,3.73,0.0,0.0,0.0333,1,1,1,1,0.0,0.0,0.0,0.0,1.87,0.0,0.0,0.0167,1,5,1,1,0.0,0.0,0.0,0.0,1.87,0.0,0.0,0.0167,1,0,0,0,0,0
1778668623.626654,2026-05-13 13:37:03,0,0,0,0.0,0.0,0.0,0.0,0.0,0.0,0.0,0.0,0,1,1,1,0.0,0.0,0.0,0.0,1.87,0.0,0.0,0.0167,1,5,1,1,0.0,0.0,0.0,0.0,1.87,0.0,0.0,0.0167,1,0,0,0,0,0
1778668653.626654,2026-05-13 13:37:33,1,1,1,0.0,0.0,0.0732,1.0,1.6,0.0,0.0,0.0333,1,1,1,1,0.0,0.0,0.0732,1.0,0.8,0.0,0.0,0.0167,1,5,2,2,0.0,0.0,0.0147,0.2,1.65,0.0451,0.0006,0.0133,1,0,0,0,0,0
1778668683.626654,2026-05-13 13:38:03,0,0,0,0.0,0.0,0.0,0.0,0.0,0.0,0.0,0.0,0,1,1,1,0.0,0.0,0.0732,1.0,0.8,0.0,0.0,0.0167,1,5,2,2,0.0,0.0,0.0147,0.2,1.65,0.0451,0.0006,0.0133,1,0,0,0,0,0
1778668713.626654,2026-05-13 13:38:33,1,1,1,0.0,0.0,0.0,0.0,3.73,0.0,0.0,0.0333,1,1,1,1,0.0,0.0,0.0,0.0,1.87,0.0,0.0,0.0167,1,5,2,2,0.0,0.0,0.0147,0.2,1.65,0.0451,0.001,0.0133,1,0,0,0,0,0
1778668743.626654,2026-05-13 13:39:03,0,0,0,0.0,0.0,0.0,0.0,0.0,0.0,0.0,0.0,0,1,1,1,0.0,0.0,0.0,0.0,1.87,0.0,0.0,0.0167,1,5,2,2,0.0,0.0,0.0147,0.2,1.65,0.0451,0.001,0.0133,1,0,0,0,0,0
1778668773.626654,2026-05-13 13:39:33,1,1,1,0.0,0.0,0.0,0.0,3.73,0.0,0.0,0.0333,1,1,1,1,0.0,0.0,0.0,0.0,1.87,0.0,0.0,0.0167,1,5,2,2,0.0,0.0,0.0147,0.2,1.65,0.0451,0.001,0.0133,1,0,0,0,0,0
1778668803.626654,2026-05-13 13:40:03,0,0,0,0.0,0.0,0.0,0.0,0.0,0.0,0.0,0.0,0,1,1,1,0.0,0.0,0.0,0.0,1.87,0.0,0.0,0.0167,1,5,2,2,0.0,0.0,0.0147,0.2,1.65,0.0451,0.001,0.0133,1,0,0,0,0,0
1778668833.626654,2026-05-13 13:40:33,0,0,0,0.0,0.0,0.0,0.0,0.0,0.0,0.0,0.0,0,0,0,0,0.0,0.0,0.0,0.0,0.0,0.0,0.0,0.0,0,4,2,2,0.0,0.0,0.0183,0.25,1.28,0.0507,0.0012,0.01,1,0,0,0,0,0
1778668863.626654,2026-05-13 13:41:03,0,0,0,0.0,0.0,0.0,0.0,0.0,0.0,0.0,0.0,0,0,0,0,0.0,0.0,0.0,0.0,0.0,0.0,0.0,0.0,0,4,2,2,0.0,0.0,0.0183,0.25,1.28,0.0507,0.0012,0.01,1,0,0,0,0,0
1778668893.626654,2026-05-13 13:41:33,0,0,0,0.0,0.0,0.0,0.0,0.0,0.0,0.0,0.0,0,0,0,0,0.0,0.0,0.0,0.0,0.0,0.0,0.0,0.0,0,3,2,2,0.0,0.0,0.0244,0.3333,0.91,0.0574,0.0007,0.0067,1,0,0,0,0,0
1778668923.626654,2026-05-13 13:42:03,0,0,0,0.0,0.0,0.0,0.0,0.0,0.0,0.0,0.0,0,0,0,0,0.0,0.0,0.0,0.0,0.0,0.0,0.0,0.0,0,3,2,2,0.0,0.0,0.0244,0.3333,0.91,0.0574,0.0007,0.0067,1,0,0,0,0,0
1778668953.626654,2026-05-13 13:42:33,0,0,0,0.0,0.0,0.0,0.0,0.0,0.0,0.0,0.0,0,0,0,0,0.0,0.0,0.0,0.0,0.0,0.0,0.0,0.0,0,2,1,1,0.0,0.0,0.0,0.0,0.75,0.0,0.0,0.0067,1,0,0,0,0,0
1778668983.626654,2026-05-13 13:43:03,0,0,0,0.0,0.0,0.0,0.0,0.0,0.0,0.0,0.0,0,0,0,0,0.0,0.0,0.0,0.0,0.0,0.0,0.0,0.0,0,2,1,1,0.0,0.0,0.0,0.0,0.75,0.0,0.0,0.0067,1,0,0,0,0,0
1778669013.626654,2026-05-13 13:43:33,0,0,0,0.0,0.0,0.0,0.0,0.0,0.0,0.0,0.0,0,0,0,0,0.0,0.0,0.0,0.0,0.0,0.0,0.0,0.0,0,1,1,1,0.0,0.0,0.0,0.0,0.37,0.0,0.0,0.0033,1,0,0,0,0,0
1778669043.626654,2026-05-13 13:44:03,0,0,0,0.0,0.0,0.0,0.0,0.0,0.0,0.0,0.0,0,0,0,0,0.0,0.0,0.0,0.0,0.0,0.0,0.0,0.0,0,1,1,1,0.0,0.0,0.0,0.0,0.37,0.0,0.0,0.0033,1,0,0,0,0,0
1778669073.626654,2026-05-13 13:44:33,0,0,0,0.0,0.0,0.0,0.0,0.0,0.0,0.0,0.0,0,0,0,0,0.0,0.0,0.0,0.0,0.0,0.0,0.0,0.0,0,0,0,0,0.0,0.0,0.0,0.0,0.0,0.0,0.0,0.0,0,0,0,0,0,0
1778669103.626654,2026-05-13 13:45:03,0,0,0,0.0,0.0,0.0,0.0,0.0,0.0,0.0,0.0,0,0,0,0,0.0,0.0,0.0,0.0,0.0,0.0,0.0,0.0,0,0,0,0,0.0,0.0,0.0,0.0,0.0,0.0,0.0,0.0,0,0,0,0,0,0
1778669133.626654,2026-05-13 13:45:33,0,0,0,0.0,0.0,0.0,0.0,0.0,0.0,0.0,0.0,0,0,0,0,0.0,0.0,0.0,0.0,0.0,0.0,0.0,0.0,0,0,0,0,0.0,0.0,0.0,0.0,0.0,0.0,0.0,0.0,0,0,0,0,0,0
1778669163.626654,2026-05-13 13:46:03,0,0,0,0.0,0.0,0.0,0.0,0.0,0.0,0.0,0.0,0,0,0,0,0.0,0.0,0.0,0.0,0.0,0.0,0.0,0.0,0,0,0,0,0.0,0.0,0.0,0.0,0.0,0.0,0.0,0.0,0,0,0,0,0,0
1778669193.626654,2026-05-13 13:46:33,0,0,0,0.0,0.0,0.0,0.0,0.0,0.0,0.0,0.0,0,0,0,0,0.0,0.0,0.0,0.0,0.0,0.0,0.0,0.0,0,0,0,0,0.0,0.0,0.0,0.0,0.0,0.0,0.0,0.0,0,0,0,0,0,0
1778669223.626654,2026-05-13 13:47:03,0,0,0,0.0,0.0,0.0,0.0,0.0,0.0,0.0,0.0,0,0,0,0,0.0,0.0,0.0,0.0,0.0,0.0,0.0,0.0,0,0,0,0,0.0,0.0,0.0,0.0,0.0,0.0,0.0,0.0,0,0,0,0,0,0
1778669253.626654,2026-05-13 13:47:33,0,0,0,0.0,0.0,0.0,0.0,0.0,0.0,0.0,0.0,0,0,0,0,0.0,0.0,0.0,0.0,0.0,0.0,0.0,0.0,0,0,0,0,0.0,0.0,0.0,0.0,0.0,0.0,0.0,0.0,0,0,0,0,0,0
1778669283.626654,2026-05-13 13:48:03,0,0,0,0.0,0.0,0.0,0.0,0.0,0.0,0.0,0.0,0,0,0,0,0.0,0.0,0.0,0.0,0.0,0.0,0.0,0.0,0,0,0,0,0.0,0.0,0.0,0.0,0.0,0.0,0.0,0.0,0,0,0,0,0,0
1778669313.626654,2026-05-13 13:48:33,0,0,0,0.0,0.0,0.0,0.0,0.0,0.0,0.0,0.0,0,0,0,0,0.0,0.0,0.0,0.0,0.0,0.0,0.0,0.0,0,0,0,0,0.0,0.0,0.0,0.0,0.0,0.0,0.0,0.0,0,0,0,0,0,0
1778669343.626654,2026-05-13 13:49:03,0,0,0,0.0,0.0,0.0,0.0,0.0,0.0,0.0,0.0,0,0,0,0,0.0,0.0,0.0,0.0,0.0,0.0,0.0,0.0,0,0,0,0,0.0,0.0,0.0,0.0,0.0,0.0,0.0,0.0,0,0,0,0,0,0
1778669373.626654,2026-05-13 13:49:33,0,0,0,0.0,0.0,0.0,0.0,0.0,0.0,0.0,0.0,0,0,0,0,0.0,0.0,0.0,0.0,0.0,0.0,0.0,0.0,0,0,0,0,0.0,0.0,0.0,0.0,0.0,0.0,0.0,0.0,0,0,0,0,0,0
1778669403.626654,2026-05-13 13:50:03,0,0,0,0.0,0.0,0.0,0.0,0.0,0.0,0.0,0.0,0,0,0,0,0.0,0.0,0.0,0.0,0.0,0.0,0.0,0.0,0,0,0,0,0.0,0.0,0.0,0.0,0.0,0.0,0.0,0.0,0,0,0,0,0,0
1778669433.626654,2026-05-13 13:50:33,0,0,0,0.0,0.0,0.0,0.0,0.0,0.0,0.0,0.0,0,0,0,0,0.0,0.0,0.0,0.0,0.0,0.0,0.0,0.0,0,0,0,0,0.0,0.0,0.0,0.0,0.0,0.0,0.0,0.0,0,0,0,0,0,0
1778669463.626654,2026-05-13 13:51:03,0,0,0,0.0,0.0,0.0,0.0,0.0,0.0,0.0,0.0,0,0,0,0,0.0,0.0,0.0,0.0,0.0,0.0,0.0,0.0,0,0,0,0,0.0,0.0,0.0,0.0,0.0,0.0,0.0,0.0,0,0,0,0,0,0
1778669493.626654,2026-05-13 13:51:33,0,0,0,0.0,0.0,0.0,0.0,0.0,0.0,0.0,0.0,0,0,0,0,0.0,0.0,0.0,0.0,0.0,0.0,0.0,0.0,0,0,0,0,0.0,0.0,0.0,0.0,0.0,0.0,0.0,0.0,0,0,0,0,0,0
1778669523.626654,2026-05-13 13:52:03,0,0,0,0.0,0.0,0.0,0.0,0.0,0.0,0.0,0.0,0,0,0,0,0.0,0.0,0.0,0.0,0.0,0.0,0.0,0.0,0,0,0,0,0.0,0.0,0.0,0.0,0.0,0.0,0.0,0.0,0,0,0,0,0,0
1778669553.626654,2026-05-13 13:52:33,1,1,1,0.0,0.0,0.0,0.0,3.73,0.0,0.0,0.0333,1,1,1,1,0.0,0.0,0.0,0.0,1.87,0.0,0.0,0.0167,1,1,1,1,0.0,0.0,0.0,0.0,0.37,0.0,0.0,0.0033,1,0,0,0,0,0
1778669583.626654,2026-05-13 13:53:03,0,0,0,0.0,0.0,0.0,0.0,0.0,0.0,0.0,0.0,0,1,1,1,0.0,0.0,0.0,0.0,1.87,0.0,0.0,0.0167,1,1,1,1,0.0,0.0,0.0,0.0,0.37,0.0,0.0,0.0033,1,0,0,0,0,0
1778669613.626654,2026-05-13 13:53:33,1,1,1,0.0,0.0,0.0,0.0,3.73,0.0,0.0,0.0333,1,1,1,1,0.0,0.0,0.0,0.0,1.87,0.0,0.0,0.0167,1,2,1,1,0.0,0.0,0.0,0.0,0.75,0.0,0.0,0.0067,1,0,0,0,0,0
1778669643.626654,2026-05-13 13:54:03,0,0,0,0.0,0.0,0.0,0.0,0.0,0.0,0.0,0.0,0,1,1,1,0.0,0.0,0.0,0.0,1.87,0.0,0.0,0.0167,1,2,1,1,0.0,0.0,0.0,0.0,0.75,0.0,0.0,0.0067,1,0,0,0,0,0
1778669673.626654,2026-05-13 13:54:33,1,1,1,0.0,0.0,0.0,0.0,3.73,0.0,0.0,0.0333,1,1,1,1,0.0,0.0,0.0,0.0,1.87,0.0,0.0,0.0167,1,3,1,1,0.0,0.0,0.0,0.0,1.12,0.0,0.0001,0.01,1,0,0,0,0,0
1778669703.626654,2026-05-13 13:55:03,0,0,0,0.0,0.0,0.0,0.0,0.0,0.0,0.0,0.0,0,1,1,1,0.0,0.0,0.0,0.0,1.87,0.0,0.0,0.0167,1,3,1,1,0.0,0.0,0.0,0.0,1.12,0.0,0.0001,0.01,1,0,0,0,0,0
1778669733.626654,2026-05-13 13:55:33,1,1,1,0.0,0.0,0.0,0.0,3.73,0.0,0.0,0.0333,1,1,1,1,0.0,0.0,0.0,0.0,1.87,0.0,0.0,0.0167,1,4,1,1,0.0,0.0,0.0,0.0,1.49,0.0,0.0001,0.0133,1,0,0,0,0,0
1778669763.626654,2026-05-13 13:56:03,0,0,0,0.0,0.0,0.0,0.0,0.0,0.0,0.0,0.0,0,1,1,1,0.0,0.0,0.0,0.0,1.87,0.0,0.0,0.0167,1,4,1,1,0.0,0.0,0.0,0.0,1.49,0.0,0.0001,0.0133,1,0,0,0,0,0
1778669793.626654,2026-05-13 13:56:33,1,1,1,0.0,0.0,0.0,0.0,3.73,0.0,0.0,0.0333,1,1,1,1,0.0,0.0,0.0,0.0,1.87,0.0,0.0,0.0167,1,5,1,1,0.0,0.0,0.0,0.0,1.87,0.0,0.0001,0.0167,1,0,0,0,0,0
1778669823.626654,2026-05-13 13:57:03,0,0,0,0.0,0.0,0.0,0.0,0.0,0.0,0.0,0.0,0,1,1,1,0.0,0.0,0.0,0.0,1.87,0.0,0.0,0.0167,1,5,1,1,0.0,0.0,0.0,0.0,1.87,0.0,0.0001,0.0167,1,0,0,0,0,0
1778669853.626654,2026-05-13 13:57:33,1,1,1,0.0,0.0,0.0,0.0,3.73,0.0,0.0,0.0333,1,1,1,1,0.0,0.0,0.0,0.0,1.87,0.0,0.0,0.0167,1,5,1,1,0.0,0.0,0.0,0.0,1.87,0.0,0.0001,0.0167,1,0,0,0,0,0
1778669883.626654,2026-05-13 13:58:03,0,0,0,0.0,0.0,0.0,0.0,0.0,0.0,0.0,0.0,0,1,1,1,0.0,0.0,0.0,0.0,1.87,0.0,0.0,0.0167,1,5,1,1,0.0,0.0,0.0,0.0,1.87,0.0,0.0001,0.0167,1,0,0,0,0,0
1778669913.626654,2026-05-13 13:58:33,1,1,1,0.0,0.0,0.0,0.0,3.73,0.0,0.0,0.0333,1,1,1,1,0.0,0.0,0.0,0.0,1.87,0.0,0.0,0.0167,1,5,1,1,0.0,0.0,0.0,0.0,1.87,0.0,0.0001,0.0167,1,0,0,0,0,0
1778669943.626654,2026-05-13 13:59:03,0,0,0,0.0,0.0,0.0,0.0,0.0,0.0,0.0,0.0,0,1,1,1,0.0,0.0,0.0,0.0,1.87,0.0,0.0,0.0167,1,5,1,1,0.0,0.0,0.0,0.0,1.87,0.0,0.0001,0.0167,1,0,0,0,0,0
1778669973.626654,2026-05-13 13:59:33,1,1,1,0.0,0.0,0.0,0.0,3.73,0.0,0.0,0.0333,1,1,1,1,0.0,0.0,0.0,0.0,1.87,0.0,0.0,0.0167,1,5,1,1,0.0,0.0,0.0,0.0,1.87,0.0,0.0001,0.0167,1,0,0,0,0,0
1778670003.626654,2026-05-13 14:00:03,10,1,1,0.0,0.3333,0.0877,0.0,57.3,0.0,0.1208,0.3333,1,11,2,2,0.0,0.1667,0.0797,0.0,30.52,0.0275,0.2938,0.1667,1,15,2,2,0.0,0.0333,0.0585,0.0,7.6,0.0574,0.1347,0.0333,1,0,0,0,0,0
1778670033.626654,2026-05-13 14:00:33,1,1,1,0.0,0.0,0.0,0.0,3.73,0.0,0.0,0.0333,1,11,2,2,0.0,0.1667,0.0797,0.0,30.52,0.0275,0.281,0.1667,1,15,2,2,0.0,0.0333,0.0585,0.0,7.6,0.0574,0.1472,0.0333,1,0,0,0,0,0
1778670063.626654,2026-05-13 14:01:03,1,1,1,0.0,0.0,0.0,0.0,0.0,0.0,0.0,0.0333,1,2,2,1,0.0,0.0,0.0,0.0,1.87,0.0625,0.0,0.0167,1,16,3,2,0.0,0.0333,0.0548,0.0,7.6,0.0749,0.1363,0.0333,1,0,0,0,0,0
1778670093.626654,2026-05-13 14:01:33,0,0,0,0.0,0.0,0.0,0.0,0.0,0.0,0.0,0.0,0,1,1,1,0.0,0.0,0.0,0.0,0.0,0.0,0.0,0.0167,1,15,3,2,0.0,0.0333,0.0585,0.0,7.22,0.0724,0.1505,0.0333,1,0,0,0,0,0
1778670123.626654,2026-05-13 14:02:03,0,0,0,0.0,0.0,0.0,0.0,0.0,0.0,0.0,0.0,0,0,0,0,0.0,0.0,0.0,0.0,0.0,0.0,0.0,0.0,0,15,3,2,0.0,0.0333,0.0585,0.0,7.22,0.0724,0.1505,0.0333,1,0,0,0,0,0
1778670153.626654,2026-05-13 14:02:33,0,0,0,0.0,0.0,0.0,0.0,0.0,0.0,0.0,0.0,0,0,0,0,0.0,0.0,0.0,0.0,0.0,0.0,0.0,0.0,0,14,3,2,0.0,0.0333,0.0626,0.0,6.85,0.0684,0.1694,0.0333,1,0,0,0,0,0
1778670183.626654,2026-05-13 14:03:03,0,0,0,0.0,0.0,0.0,0.0,0.0,0.0,0.0,0.0,0,0,0,0,0.0,0.0,0.0,0.0,0.0,0.0,0.0,0.0,0,14,3,2,0.0,0.0333,0.0626,0.0,6.85,0.0684,0.1694,0.0333,1,0,0,0,0,0
1778670213.626654,2026-05-13 14:03:33,0,0,0,0.0,0.0,0.0,0.0,0.0,0.0,0.0,0.0,0,0,0,0,0.0,0.0,0.0,0.0,0.0,0.0,0.0,0.0,0,13,3,2,0.0,0.0333,0.0674,0.0,6.48,0.062,0.1902,0.0333,1,0,0,0,0,0
1778670243.626654,2026-05-13 14:04:03,0,0,0,0.0,0.0,0.0,0.0,0.0,0.0,0.0,0.0,0,0,0,0,0.0,0.0,0.0,0.0,0.0,0.0,0.0,0.0,0,13,3,2,0.0,0.0333,0.0674,0.0,6.48,0.062,0.1902,0.0333,1,0,0,0,0,0
1778670273.626654,2026-05-13 14:04:33,0,0,0,0.0,0.0,0.0,0.0,0.0,0.0,0.0,0.0,0,0,0,0,0.0,0.0,0.0,0.0,0.0,0.0,0.0,0.0,0,12,3,2,0.0,0.0333,0.0731,0.0,6.1,0.051,0.2247,0.0333,1,0,0,0,0,0
1778670303.626654,2026-05-13 14:05:03,0,0,0,0.0,0.0,0.0,0.0,0.0,0.0,0.0,0.0,0,0,0,0,0.0,0.0,0.0,0.0,0.0,0.0,0.0,0.0,0,2,2,1,0.0,0.0,0.0,0.0,0.37,0.0625,0.0,0.0033,1,0,0,0,0,0
1778670333.626654,2026-05-13 14:05:33,0,0,0,0.0,0.0,0.0,0.0,0.0,0.0,0.0,0.0,0,0,0,0,0.0,0.0,0.0,0.0,0.0,0.0,0.0,0.0,0,1,1,1,0.0,0.0,0.0,0.0,0.0,0.0,0.0,0.0033,1,0,0,0,0,0
1778670363.626654,2026-05-13 14:06:03,0,0,0,0.0,0.0,0.0,0.0,0.0,0.0,0.0,0.0,0,0,0,0,0.0,0.0,0.0,0.0,0.0,0.0,0.0,0.0,0,0,0,0,0.0,0.0,0.0,0.0,0.0,0.0,0.0,0.0,0,0,0,0,0,0
1778670393.626654,2026-05-13 14:06:33,0,0,0,0.0,0.0,0.0,0.0,0.0,0.0,0.0,0.0,0,0,0,0,0.0,0.0,0.0,0.0,0.0,0.0,0.0,0.0,0,0,0,0,0.0,0.0,0.0,0.0,0.0,0.0,0.0,0.0,0,0,0,0,0,0
1778670423.626654,2026-05-13 14:07:03,0,0,0,0.0,0.0,0.0,0.0,0.0,0.0,0.0,0.0,0,0,0,0,0.0,0.0,0.0,0.0,0.0,0.0,0.0,0.0,0,0,0,0,0.0,0.0,0.0,0.0,0.0,0.0,0.0,0.0,0,0,0,0,0,0
1778670453.626654,2026-05-13 14:07:33,0,0,0,0.0,0.0,0.0,0.0,0.0,0.0,0.0,0.0,0,0,0,0,0.0,0.0,0.0,0.0,0.0,0.0,0.0,0.0,0,0,0,0,0.0,0.0,0.0,0.0,0.0,0.0,0.0,0.0,0,0,0,0,0,0
1778670483.626654,2026-05-13 14:08:03,0,0,0,0.0,0.0,0.0,0.0,0.0,0.0,0.0,0.0,0,0,0,0,0.0,0.0,0.0,0.0,0.0,0.0,0.0,0.0,0,0,0,0,0.0,0.0,0.0,0.0,0.0,0.0,0.0,0.0,0,0,0,0,0,0
1778670513.626654,2026-05-13 14:08:33,0,0,0,0.0,0.0,0.0,0.0,0.0,0.0,0.0,0.0,0,0,0,0,0.0,0.0,0.0,0.0,0.0,0.0,0.0,0.0,0,0,0,0,0.0,0.0,0.0,0.0,0.0,0.0,0.0,0.0,0,0,0,0,0,0
1778670543.626654,2026-05-13 14:09:03,0,0,0,0.0,0.0,0.0,0.0,0.0,0.0,0.0,0.0,0,0,0,0,0.0,0.0,0.0,0.0,0.0,0.0,0.0,0.0,0,0,0,0,0.0,0.0,0.0,0.0,0.0,0.0,0.0,0.0,0,0,0,0,0,0
1778670573.626654,2026-05-13 14:09:33,0,0,0,0.0,0.0,0.0,0.0,0.0,0.0,0.0,0.0,0,0,0,0,0.0,0.0,0.0,0.0,0.0,0.0,0.0,0.0,0,0,0,0,0.0,0.0,0.0,0.0,0.0,0.0,0.0,0.0,0,0,0,0,0,0
1778670603.626654,2026-05-13 14:10:03,0,0,0,0.0,0.0,0.0,0.0,0.0,0.0,0.0,0.0,0,0,0,0,0.0,0.0,0.0,0.0,0.0,0.0,0.0,0.0,0,0,0,0,0.0,0.0,0.0,0.0,0.0,0.0,0.0,0.0,0,0,0,0,0,0
1778670633.626654,2026-05-13 14:10:33,0,0,0,0.0,0.0,0.0,0.0,0.0,0.0,0.0,0.0,0,0,0,0,0.0,0.0,0.0,0.0,0.0,0.0,0.0,0.0,0,0,0,0,0.0,0.0,0.0,0.0,0.0,0.0,0.0,0.0,0,0,0,0,0,0
1778670663.626654,2026-05-13 14:11:03,0,0,0,0.0,0.0,0.0,0.0,0.0,0.0,0.0,0.0,0,0,0,0,0.0,0.0,0.0,0.0,0.0,0.0,0.0,0.0,0,0,0,0,0.0,0.0,0.0,0.0,0.0,0.0,0.0,0.0,0,0,0,0,0,0
1778670693.626654,2026-05-13 14:11:33,0,0,0,0.0,0.0,0.0,0.0,0.0,0.0,0.0,0.0,0,0,0,0,0.0,0.0,0.0,0.0,0.0,0.0,0.0,0.0,0,0,0,0,0.0,0.0,0.0,0.0,0.0,0.0,0.0,0.0,0,0,0,0,0,0
1778670723.626654,2026-05-13 14:12:03,0,0,0,0.0,0.0,0.0,0.0,0.0,0.0,0.0,0.0,0,0,0,0,0.0,0.0,0.0,0.0,0.0,0.0,0.0,0.0,0,0,0,0,0.0,0.0,0.0,0.0,0.0,0.0,0.0,0.0,0,0,0,0,0,0
1778670753.626654,2026-05-13 14:12:33,0,0,0,0.0,0.0,0.0,0.0,0.0,0.0,0.0,0.0,0,0,0,0,0.0,0.0,0.0,0.0,0.0,0.0,0.0,0.0,0,0,0,0,0.0,0.0,0.0,0.0,0.0,0.0,0.0,0.0,0,0,0,0,0,0
1778670783.626654,2026-05-13 14:13:03,0,0,0,0.0,0.0,0.0,0.0,0.0,0.0,0.0,0.0,0,0,0,0,0.0,0.0,0.0,0.0,0.0,0.0,0.0,0.0,0,0,0,0,0.0,0.0,0.0,0.0,0.0,0.0,0.0,0.0,0,0,0,0,0,0
1778670813.626654,2026-05-13 14:13:33,0,0,0,0.0,0.0,0.0,0.0,0.0,0.0,0.0,0.0,0,0,0,0,0.0,0.0,0.0,0.0,0.0,0.0,0.0,0.0,0,0,0,0,0.0,0.0,0.0,0.0,0.0,0.0,0.0,0.0,0,0,0,0,0,0
1778670843.626654,2026-05-13 14:14:03,0,0,0,0.0,0.0,0.0,0.0,0.0,0.0,0.0,0.0,0,0,0,0,0.0,0.0,0.0,0.0,0.0,0.0,0.0,0.0,0,0,0,0,0.0,0.0,0.0,0.0,0.0,0.0,0.0,0.0,0,0,0,0,0,0
1778670873.626654,2026-05-13 14:14:33,0,0,0,0.0,0.0,0.0,0.0,0.0,0.0,0.0,0.0,0,0,0,0,0.0,0.0,0.0,0.0,0.0,0.0,0.0,0.0,0,0,0,0,0.0,0.0,0.0,0.0,0.0,0.0,0.0,0.0,0,0,0,0,0,0
1778670903.626654,2026-05-13 14:15:03,0,0,0,0.0,0.0,0.0,0.0,0.0,0.0,0.0,0.0,0,0,0,0,0.0,0.0,0.0,0.0,0.0,0.0,0.0,0.0,0,0,0,0,0.0,0.0,0.0,0.0,0.0,0.0,0.0,0.0,0,0,0,0,0,0
1778670933.626654,2026-05-13 14:15:33,0,0,0,0.0,0.0,0.0,0.0,0.0,0.0,0.0,0.0,0,0,0,0,0.0,0.0,0.0,0.0,0.0,0.0,0.0,0.0,0,0,0,0,0.0,0.0,0.0,0.0,0.0,0.0,0.0,0.0,0,0,0,0,0,0
1778670963.626654,2026-05-13 14:16:03,0,0,0,0.0,0.0,0.0,0.0,0.0,0.0,0.0,0.0,0,0,0,0,0.0,0.0,0.0,0.0,0.0,0.0,0.0,0.0,0,0,0,0,0.0,0.0,0.0,0.0,0.0,0.0,0.0,0.0,0,0,0,0,0,0
1778670993.626654,2026-05-13 14:16:33,0,0,0,0.0,0.0,0.0,0.0,0.0,0.0,0.0,0.0,0,0,0,0,0.0,0.0,0.0,0.0,0.0,0.0,0.0,0.0,0,0,0,0,0.0,0.0,0.0,0.0,0.0,0.0,0.0,0.0,0,0,0,0,0,0
1778671023.626654,2026-05-13 14:17:03,0,0,0,0.0,0.0,0.0,0.0,0.0,0.0,0.0,0.0,0,0,0,0,0.0,0.0,0.0,0.0,0.0,0.0,0.0,0.0,0,0,0,0,0.0,0.0,0.0,0.0,0.0,0.0,0.0,0.0,0,0,0,0,0,0
1778671053.626654,2026-05-13 14:17:33,0,0,0,0.0,0.0,0.0,0.0,0.0,0.0,0.0,0.0,0,0,0,0,0.0,0.0,0.0,0.0,0.0,0.0,0.0,0.0,0,0,0,0,0.0,0.0,0.0,0.0,0.0,0.0,0.0,0.0,0,0,0,0,0,0
1778671083.626654,2026-05-13 14:18:03,0,0,0,0.0,0.0,0.0,0.0,0.0,0.0,0.0,0.0,0,0,0,0,0.0,0.0,0.0,0.0,0.0,0.0,0.0,0.0,0,0,0,0,0.0,0.0,0.0,0.0,0.0,0.0,0.0,0.0,0,0,0,0,0,0
1778671113.626654,2026-05-13 14:18:33,0,0,0,0.0,0.0,0.0,0.0,0.0,0.0,0.0,0.0,0,0,0,0,0.0,0.0,0.0,0.0,0.0,0.0,0.0,0.0,0,0,0,0,0.0,0.0,0.0,0.0,0.0,0.0,0.0,0.0,0,0,0,0,0,0
1778671143.626654,2026-05-13 14:19:03,1,1,1,0.0,0.0,0.0,0.0,3.73,0.0,0.0,0.0333,1,1,1,1,0.0,0.0,0.0,0.0,1.87,0.0,0.0,0.0167,1,1,1,1,0.0,0.0,0.0,0.0,0.37,0.0,0.0,0.0033,1,0,0,0,0,0
1778671173.626654,2026-05-13 14:19:33,0,0,0,0.0,0.0,0.0,0.0,0.0,0.0,0.0,0.0,0,1,1,1,0.0,0.0,0.0,0.0,1.87,0.0,0.0,0.0167,1,1,1,1,0.0,0.0,0.0,0.0,0.37,0.0,0.0,0.0033,1,0,0,0,0,0
1778671203.626654,2026-05-13 14:20:03,1,1,1,0.0,0.0,0.0,0.0,3.73,0.0,0.0,0.0333,1,1,1,1,0.0,0.0,0.0,0.0,1.87,0.0,0.0,0.0167,1,2,1,1,0.0,0.0,0.0,0.0,0.75,0.0,0.0,0.0067,1,0,0,0,0,0
1778671233.626654,2026-05-13 14:20:33,0,0,0,0.0,0.0,0.0,0.0,0.0,0.0,0.0,0.0,0,1,1,1,0.0,0.0,0.0,0.0,1.87,0.0,0.0,0.0167,1,2,1,1,0.0,0.0,0.0,0.0,0.75,0.0,0.0,0.0067,1,0,0,0,0,0
1778671263.626654,2026-05-13 14:21:03,1,1,1,0.0,0.0,0.0,0.0,3.73,0.0,0.0,0.0333,1,1,1,1,0.0,0.0,0.0,0.0,1.87,0.0,0.0,0.0167,1,3,1,1,0.0,0.0,0.0,0.0,1.12,0.0,0.0,0.01,1,0,0,0,0,0
1778671293.626654,2026-05-13 14:21:33,0,0,0,0.0,0.0,0.0,0.0,0.0,0.0,0.0,0.0,0,1,1,1,0.0,0.0,0.0,0.0,1.87,0.0,0.0,0.0167,1,3,1,1,0.0,0.0,0.0,0.0,1.12,0.0,0.0,0.01,1,0,0,0,0,0
1778671323.626654,2026-05-13 14:22:03,1,1,1,0.0,0.0,0.0001,0.0,3.73,0.0,0.0,0.0333,1,1,1,1,0.0,0.0,0.0001,0.0,1.87,0.0,0.0,0.0167,1,4,1,1,0.0,0.0,0.0,0.0,1.49,0.0,0.0,0.0133,1,0,0,0,0,0
1778671353.626654,2026-05-13 14:22:33,0,0,0,0.0,0.0,0.0,0.0,0.0,0.0,0.0,0.0,0,1,1,1,0.0,0.0,0.0001,0.0,1.87,0.0,0.0,0.0167,1,4,1,1,0.0,0.0,0.0,0.0,1.49,0.0,0.0,0.0133,1,0,0,0,0,0
1778671383.626654,2026-05-13 14:23:03,1,1,1,0.0,0.0,0.0,0.0,3.73,0.0,0.0,0.0333,1,1,1,1,0.0,0.0,0.0,0.0,1.87,0.0,0.0,0.0167,1,5,1,1,0.0,0.0,0.0,0.0,1.87,0.0,0.0,0.0167,1,0,0,0,0,0
1778671413.626654,2026-05-13 14:23:33,0,0,0,0.0,0.0,0.0,0.0,0.0,0.0,0.0,0.0,0,1,1,1,0.0,0.0,0.0,0.0,1.87,0.0,0.0,0.0167,1,5,1,1,0.0,0.0,0.0,0.0,1.87,0.0,0.0,0.0167,1,0,0,0,0,0
1778671443.626654,2026-05-13 14:24:03,0,0,0,0.0,0.0,0.0,0.0,0.0,0.0,0.0,0.0,0,0,0,0,0.0,0.0,0.0,0.0,0.0,0.0,0.0,0.0,0,4,1,1,0.0,0.0,0.0,0.0,1.49,0.0,0.0,0.0133,1,0,0,0,0,0
1778671473.626654,2026-05-13 14:24:33,0,0,0,0.0,0.0,0.0,0.0,0.0,0.0,0.0,0.0,0,0,0,0,0.0,0.0,0.0,0.0,0.0,0.0,0.0,0.0,0,4,1,1,0.0,0.0,0.0,0.0,1.49,0.0,0.0,0.0133,1,0,0,0,0,0
1778671503.626654,2026-05-13 14:25:03,1,1,1,0.0,0.0,0.0001,0.0,3.73,0.0,0.0,0.0333,1,1,1,1,0.0,0.0,0.0001,0.0,1.87,0.0,0.0,0.0167,1,4,1,1,0.0,0.0,0.0001,0.0,1.49,0.0,0.0353,0.0133,1,0,0,0,0,0
1778671533.626654,2026-05-13 14:25:33,0,0,0,0.0,0.0,0.0,0.0,0.0,0.0,0.0,0.0,0,1,1,1,0.0,0.0,0.0001,0.0,1.87,0.0,0.0,0.0167,1,4,1,1,0.0,0.0,0.0001,0.0,1.49,0.0,0.0353,0.0133,1,0,0,0,0,0
1778671563.626654,2026-05-13 14:26:03,1,1,1,0.0,0.0,0.0001,0.0,3.73,0.0,0.0,0.0333,1,1,1,1,0.0,0.0,0.0001,0.0,1.87,0.0,0.0,0.0167,1,4,1,1,0.0,0.0,0.0001,0.0,1.49,0.0,0.0354,0.0133,1,0,0,0,0,0
1778671593.626654,2026-05-13 14:26:33,1,1,1,0.0,0.0,0.0,1.0,0.0,0.0,0.0,0.0333,1,2,2,2,0.0,0.0,0.0,0.5,1.87,0.0625,0.0,0.0167,1,5,2,2,0.0,0.0,0.0001,0.2,1.49,0.0451,0.045,0.0133,1,0,0,0,0,0
1778671623.626654,2026-05-13 14:27:03,1,1,1,0.0,0.0,0.0,0.0,3.73,0.0,0.0,0.0333,1,2,2,2,0.0,0.0,0.0,0.5,1.87,0.0625,0.0,0.0167,1,5,2,2,0.0,0.0,0.0,0.2,1.49,0.0451,0.0616,0.0133,1,0,0,0,0,0
1778671653.626654,2026-05-13 14:27:33,0,0,0,0.0,0.0,0.0,0.0,0.0,0.0,0.0,0.0,0,1,1,1,0.0,0.0,0.0,0.0,1.87,0.0,0.0,0.0167,1,5,2,2,0.0,0.0,0.0,0.2,1.49,0.0451,0.0616,0.0133,1,0,0,0,0,0
1778671683.626654,2026-05-13 14:28:03,1,1,1,0.0,0.0,0.0,0.0,3.73,0.0,0.0,0.0333,1,1,1,1,0.0,0.0,0.0,0.0,1.87,0.0,0.0,0.0167,1,5,2,2,0.0,0.0,0.0,0.2,1.49,0.0451,0.0346,0.0133,1,0,0,0,0,0
1778671713.626654,2026-05-13 14:28:33,0,0,0,0.0,0.0,0.0,0.0,0.0,0.0,0.0,0.0,0,1,1,1,0.0,0.0,0.0,0.0,1.87,0.0,0.0,0.0167,1,5,2,2,0.0,0.0,0.0,0.2,1.49,0.0451,0.0346,0.0133,1,0,0,0,0,0
1778671743.626654,2026-05-13 14:29:03,1,1,1,0.0,0.0,0.0,0.0,3.73,0.0,0.0,0.0333,1,1,1,1,0.0,0.0,0.0,0.0,1.87,0.0,0.0,0.0167,1,6,2,2,0.0,0.0,0.0,0.1667,1.87,0.0406,0.0316,0.0167,1,0,0,0,0,0
1778671773.626654,2026-05-13 14:29:33,0,0,0,0.0,0.0,0.0,0.0,0.0,0.0,0.0,0.0,0,1,1,1,0.0,0.0,0.0,0.0,1.87,0.0,0.0,0.0167,1,6,2,2,0.0,0.0,0.0,0.1667,1.87,0.0406,0.0316,0.0167,1,0,0,0,0,0
1778671803.626654,2026-05-13 14:30:03,1,1,1,0.0,0.0,0.0,0.0,3.73,0.0,0.0,0.0333,1,1,1,1,0.0,0.0,0.0,0.0,1.87,0.0,0.0,0.0167,1,6,2,2,0.0,0.0,0.0,0.1667,1.87,0.0406,0.0316,0.0167,1,0,0,0,0,0
1778671833.626654,2026-05-13 14:30:33,0,0,0,0.0,0.0,0.0,0.0,0.0,0.0,0.0,0.0,0,1,1,1,0.0,0.0,0.0,0.0,1.87,0.0,0.0,0.0167,1,6,2,2,0.0,0.0,0.0,0.1667,1.87,0.0406,0.0316,0.0167,1,0,0,0,0,0
1778671863.626654,2026-05-13 14:31:03,1,1,1,0.0,0.0,0.0001,0.0,3.73,0.0,0.0,0.0333,1,1,1,1,0.0,0.0,0.0001,0.0,1.87,0.0,0.0,0.0167,1,6,2,2,0.0,0.0,0.0,0.1667,1.87,0.0406,0.0272,0.0167,1,0,0,0,0,0
1778671893.626654,2026-05-13 14:31:33,0,0,0,0.0,0.0,0.0,0.0,0.0,0.0,0.0,0.0,0,1,1,1,0.0,0.0,0.0001,0.0,1.87,0.0,0.0,0.0167,1,5,1,1,0.0,0.0,0.0,0.0,1.87,0.0,0.0001,0.0167,1,0,0,0,0,0
1778671923.626654,2026-05-13 14:32:03,1,1,1,0.0,0.0,0.0,0.0,3.73,0.0,0.0,0.0333,1,1,1,1,0.0,0.0,0.0,0.0,1.87,0.0,0.0,0.0167,1,5,1,1,0.0,0.0,0.0,0.0,1.87,0.0,0.0001,0.0167,1,0,0,0,0,0
1778671953.626654,2026-05-13 14:32:33,0,0,0,0.0,0.0,0.0,0.0,0.0,0.0,0.0,0.0,0,1,1,1,0.0,0.0,0.0,0.0,1.87,0.0,0.0,0.0167,1,5,1,1,0.0,0.0,0.0,0.0,1.87,0.0,0.0001,0.0167,1,0,0,0,0,0
1778671983.626654,2026-05-13 14:33:03,1,1,1,0.0,0.0,0.0,0.0,3.73,0.0,0.0,0.0333,1,1,1,1,0.0,0.0,0.0,0.0,1.87,0.0,0.0,0.0167,1,5,1,1,0.0,0.0,0.0,0.0,1.87,0.0,0.0001,0.0167,1,0,0,0,0,0
1778672013.626654,2026-05-13 14:33:33,0,0,0,0.0,0.0,0.0,0.0,0.0,0.0,0.0,0.0,0,1,1,1,0.0,0.0,0.0,0.0,1.87,0.0,0.0,0.0167,1,5,1,1,0.0,0.0,0.0,0.0,1.87,0.0,0.0001,0.0167,1,0,0,0,0,0
1778672043.626654,2026-05-13 14:34:03,0,0,0,0.0,0.0,0.0,0.0,0.0,0.0,0.0,0.0,0,0,0,0,0.0,0.0,0.0,0.0,0.0,0.0,0.0,0.0,0,4,1,1,0.0,0.0,0.0,0.0,1.49,0.0,0.0002,0.0133,1,0,0,0,0,0
1778672073.626654,2026-05-13 14:34:33,0,0,0,0.0,0.0,0.0,0.0,0.0,0.0,0.0,0.0,0,0,0,0,0.0,0.0,0.0,0.0,0.0,0.0,0.0,0.0,0,4,1,1,0.0,0.0,0.0,0.0,1.49,0.0,0.0002,0.0133,1,0,0,0,0,0
1778672103.626654,2026-05-13 14:35:03,0,0,0,0.0,0.0,0.0,0.0,0.0,0.0,0.0,0.0,0,0,0,0,0.0,0.0,0.0,0.0,0.0,0.0,0.0,0.0,0,3,1,1,0.0,0.0,0.0,0.0,1.12,0.0,0.0002,0.01,1,0,0,0,0,0
1778672133.626654,2026-05-13 14:35:33,0,0,0,0.0,0.0,0.0,0.0,0.0,0.0,0.0,0.0,0,0,0,0,0.0,0.0,0.0,0.0,0.0,0.0,0.0,0.0,0,3,1,1,0.0,0.0,0.0,0.0,1.12,0.0,0.0002,0.01,1,0,0,0,0,0
1778672163.626654,2026-05-13 14:36:03,1,1,1,0.0,0.0,0.0,0.0,3.73,0.0,0.0,0.0333,1,1,1,1,0.0,0.0,0.0,0.0,1.87,0.0,0.0,0.0167,1,3,1,1,0.0,0.0,0.0,0.0,1.12,0.0,0.0499,0.01,1,0,0,0,0,0
1778672193.626654,2026-05-13 14:36:33,0,0,0,0.0,0.0,0.0,0.0,0.0,0.0,0.0,0.0,0,1,1,1,0.0,0.0,0.0,0.0,1.87,0.0,0.0,0.0167,1,3,1,1,0.0,0.0,0.0,0.0,1.12,0.0,0.0499,0.01,1,0,0,0,0,0
1778672223.626654,2026-05-13 14:37:03,0,0,0,0.0,0.0,0.0,0.0,0.0,0.0,0.0,0.0,0,0,0,0,0.0,0.0,0.0,0.0,0.0,0.0,0.0,0.0,0,2,1,1,0.0,0.0,0.0,0.0,0.75,0.0,0.0,0.0067,1,0,0,0,0,0
1778672253.626654,2026-05-13 14:37:33,0,0,0,0.0,0.0,0.0,0.0,0.0,0.0,0.0,0.0,0,0,0,0,0.0,0.0,0.0,0.0,0.0,0.0,0.0,0.0,0,2,1,1,0.0,0.0,0.0,0.0,0.75,0.0,0.0,0.0067,1,0,0,0,0,0
1778672283.626654,2026-05-13 14:38:03,0,0,0,0.0,0.0,0.0,0.0,0.0,0.0,0.0,0.0,0,0,0,0,0.0,0.0,0.0,0.0,0.0,0.0,0.0,0.0,0,1,1,1,0.0,0.0,0.0,0.0,0.37,0.0,0.0,0.0033,1,0,0,0,0,0
1778672313.626654,2026-05-13 14:38:33,0,0,0,0.0,0.0,0.0,0.0,0.0,0.0,0.0,0.0,0,0,0,0,0.0,0.0,0.0,0.0,0.0,0.0,0.0,0.0,0,1,1,1,0.0,0.0,0.0,0.0,0.37,0.0,0.0,0.0033,1,0,0,0,0,0
1778672343.626654,2026-05-13 14:39:03,1,1,1,0.0,0.0,0.0,0.0,3.73,0.0,0.0,0.0333,1,1,1,1,0.0,0.0,0.0,0.0,1.87,0.0,0.0,0.0167,1,2,1,1,0.0,0.0,0.0,0.0,0.75,0.0,0.0,0.0067,1,0,0,0,0,0
1778672373.626654,2026-05-13 14:39:33,0,0,0,0.0,0.0,0.0,0.0,0.0,0.0,0.0,0.0,0,1,1,1,0.0,0.0,0.0,0.0,1.87,0.0,0.0,0.0167,1,2,1,1,0.0,0.0,0.0,0.0,0.75,0.0,0.0,0.0067,1,0,0,0,0,0
1778672403.626654,2026-05-13 14:40:03,1,1,1,0.0,0.0,0.0,0.0,3.73,0.0,0.0,0.0333,1,1,1,1,0.0,0.0,0.0,0.0,1.87,0.0,0.0,0.0167,1,3,1,1,0.0,0.0,0.0,0.0,1.12,0.0,0.05,0.01,1,0,0,0,0,0
1778672433.626654,2026-05-13 14:40:33,0,0,0,0.0,0.0,0.0,0.0,0.0,0.0,0.0,0.0,0,1,1,1,0.0,0.0,0.0,0.0,1.87,0.0,0.0,0.0167,1,3,1,1,0.0,0.0,0.0,0.0,1.12,0.0,0.05,0.01,1,0,0,0,0,0
1778672463.626654,2026-05-13 14:41:03,0,0,0,0.0,0.0,0.0,0.0,0.0,0.0,0.0,0.0,0,0,0,0,0.0,0.0,0.0,0.0,0.0,0.0,0.0,0.0,0,2,1,1,0.0,0.0,0.0,0.0,0.75,0.0,0.0,0.0067,1,0,0,0,0,0
1778672493.626654,2026-05-13 14:41:33,0,0,0,0.0,0.0,0.0,0.0,0.0,0.0,0.0,0.0,0,0,0,0,0.0,0.0,0.0,0.0,0.0,0.0,0.0,0.0,0,2,1,1,0.0,0.0,0.0,0.0,0.75,0.0,0.0,0.0067,1,0,0,0,0,0
1778672523.626654,2026-05-13 14:42:03,0,0,0,0.0,0.0,0.0,0.0,0.0,0.0,0.0,0.0,0,0,0,0,0.0,0.0,0.0,0.0,0.0,0.0,0.0,0.0,0,2,1,1,0.0,0.0,0.0,0.0,0.75,0.0,0.0,0.0067,1,0,0,0,0,0
1778672553.626654,2026-05-13 14:42:33,0,0,0,0.0,0.0,0.0,0.0,0.0,0.0,0.0,0.0,0,0,0,0,0.0,0.0,0.0,0.0,0.0,0.0,0.0,0.0,0,2,1,1,0.0,0.0,0.0,0.0,0.75,0.0,0.0,0.0067,1,0,0,0,0,0
1778672583.626654,2026-05-13 14:43:03,0,0,0,0.0,0.0,0.0,0.0,0.0,0.0,0.0,0.0,0,0,0,0,0.0,0.0,0.0,0.0,0.0,0.0,0.0,0.0,0,2,1,1,0.0,0.0,0.0,0.0,0.75,0.0,0.0,0.0067,1,0,0,0,0,0
1778672613.626654,2026-05-13 14:43:33,0,0,0,0.0,0.0,0.0,0.0,0.0,0.0,0.0,0.0,0,0,0,0,0.0,0.0,0.0,0.0,0.0,0.0,0.0,0.0,0,2,1,1,0.0,0.0,0.0,0.0,0.75,0.0,0.0,0.0067,1,0,0,0,0,0
1778672643.626654,2026-05-13 14:44:03,0,0,0,0.0,0.0,0.0,0.0,0.0,0.0,0.0,0.0,0,0,0,0,0.0,0.0,0.0,0.0,0.0,0.0,0.0,0.0,0,1,1,1,0.0,0.0,0.0,0.0,0.37,0.0,0.0,0.0033,1,0,0,0,0,0
1778672673.626654,2026-05-13 14:44:33,0,0,0,0.0,0.0,0.0,0.0,0.0,0.0,0.0,0.0,0,0,0,0,0.0,0.0,0.0,0.0,0.0,0.0,0.0,0.0,0,1,1,1,0.0,0.0,0.0,0.0,0.37,0.0,0.0,0.0033,1,0,0,0,0,0
1778672703.626654,2026-05-13 14:45:03,0,0,0,0.0,0.0,0.0,0.0,0.0,0.0,0.0,0.0,0,0,0,0,0.0,0.0,0.0,0.0,0.0,0.0,0.0,0.0,0,0,0,0,0.0,0.0,0.0,0.0,0.0,0.0,0.0,0.0,0,0,0,0,0,0
1778672733.626654,2026-05-13 14:45:33,1,1,1,0.0,0.0,0.0817,1.0,1.6,0.0,0.0,0.0333,1,1,1,1,0.0,0.0,0.0817,1.0,0.8,0.0,0.0,0.0167,1,1,1,1,0.0,0.0,0.0817,1.0,0.16,0.0,0.0,0.0033,1,0,0,0,0,0
1778672763.626654,2026-05-13 14:46:03,0,0,0,0.0,0.0,0.0,0.0,0.0,0.0,0.0,0.0,0,1,1,1,0.0,0.0,0.0817,1.0,0.8,0.0,0.0,0.0167,1,1,1,1,0.0,0.0,0.0817,1.0,0.16,0.0,0.0,0.0033,1,0,0,0,0,0
1778672793.626654,2026-05-13 14:46:33,0,0,0,0.0,0.0,0.0,0.0,0.0,0.0,0.0,0.0,0,0,0,0,0.0,0.0,0.0,0.0,0.0,0.0,0.0,0.0,0,1,1,1,0.0,0.0,0.0817,1.0,0.16,0.0,0.0,0.0033,1,0,0,0,0,0
1778672823.626654,2026-05-13 14:47:03,1,1,1,0.0,0.0,0.0,0.0,3.73,0.0,0.0,0.0333,1,1,1,1,0.0,0.0,0.0,0.0,1.87,0.0,0.0,0.0167,1,2,2,2,0.0,0.0,0.0409,0.5,0.53,0.0625,0.0,0.0033,1,0,0,0,0,0
1778672853.626654,2026-05-13 14:47:33,0,0,0,0.0,0.0,0.0,0.0,0.0,0.0,0.0,0.0,0,1,1,1,0.0,0.0,0.0,0.0,1.87,0.0,0.0,0.0167,1,2,2,2,0.0,0.0,0.0409,0.5,0.53,0.0625,0.0,0.0033,1,0,0,0,0,0
1778672883.626654,2026-05-13 14:48:03,1,1,1,0.0,0.0,0.0,0.0,3.73,0.0,0.0,0.0333,1,1,1,1,0.0,0.0,0.0,0.0,1.87,0.0,0.0,0.0167,1,3,2,2,0.0,0.0,0.0273,0.3333,0.91,0.0574,0.021,0.0067,1,0,0,0,0,0
1778672913.626654,2026-05-13 14:48:33,0,0,0,0.0,0.0,0.0,0.0,0.0,0.0,0.0,0.0,0,1,1,1,0.0,0.0,0.0,0.0,1.87,0.0,0.0,0.0167,1,3,2,2,0.0,0.0,0.0273,0.3333,0.91,0.0574,0.021,0.0067,1,0,0,0,0,0
1778672943.626654,2026-05-13 14:49:03,0,0,0,0.0,0.0,0.0,0.0,0.0,0.0,0.0,0.0,0,0,0,0,0.0,0.0,0.0,0.0,0.0,0.0,0.0,0.0,0,3,2,2,0.0,0.0,0.0273,0.3333,0.91,0.0574,0.021,0.0067,1,0,0,0,0,0
1778672973.626654,2026-05-13 14:49:33,0,0,0,0.0,0.0,0.0,0.0,0.0,0.0,0.0,0.0,0,0,0,0,0.0,0.0,0.0,0.0,0.0,0.0,0.0,0.0,0,3,2,2,0.0,0.0,0.0273,0.3333,0.91,0.0574,0.021,0.0067,1,0,0,0,0,0
1778673003.626654,2026-05-13 14:50:03,1,1,1,0.0,0.0,0.0,0.0,3.73,0.0,0.0,0.0333,1,1,1,1,0.0,0.0,0.0,0.0,1.87,0.0,0.0,0.0167,1,4,2,2,0.0,0.0,0.0205,0.25,1.28,0.0507,0.027,0.01,1,0,0,0,0,0
1778673033.626654,2026-05-13 14:50:33,0,0,0,0.0,0.0,0.0,0.0,0.0,0.0,0.0,0.0,0,1,1,1,0.0,0.0,0.0,0.0,1.87,0.0,0.0,0.0167,1,3,1,1,0.0,0.0,0.0,0.0,1.12,0.0,0.0333,0.01,1,0,0,0,0,0
1778673063.626654,2026-05-13 14:51:03,1,1,1,0.0,0.0,0.0,0.0,3.73,0.0,0.0,0.0333,1,1,1,1,0.0,0.0,0.0,0.0,1.87,0.0,0.0,0.0167,1,4,1,1,0.0,0.0,0.0,0.0,1.49,0.0,0.0354,0.0133,1,0,0,0,0,0
1778673093.626654,2026-05-13 14:51:33,0,0,0,0.0,0.0,0.0,0.0,0.0,0.0,0.0,0.0,0,1,1,1,0.0,0.0,0.0,0.0,1.87,0.0,0.0,0.0167,1,4,1,1,0.0,0.0,0.0,0.0,1.49,0.0,0.0354,0.0133,1,0,0,0,0,0
1778673123.626654,2026-05-13 14:52:03,1,1,1,0.0,0.0,0.0001,0.0,3.73,0.0,0.0,0.0333,1,1,1,1,0.0,0.0,0.0001,0.0,1.87,0.0,0.0,0.0167,1,4,1,1,0.0,0.0,0.0,0.0,1.49,0.0,0.0355,0.0133,1,0,0,0,0,0
1778673153.626654,2026-05-13 14:52:33,0,0,0,0.0,0.0,0.0,0.0,0.0,0.0,0.0,0.0,0,1,1,1,0.0,0.0,0.0001,0.0,1.87,0.0,0.0,0.0167,1,4,1,1,0.0,0.0,0.0,0.0,1.49,0.0,0.0355,0.0133,1,0,0,0,0,0
1778673183.626654,2026-05-13 14:53:03,1,1,1,0.0,0.0,0.0001,0.0,3.73,0.0,0.0,0.0333,1,1,1,1,0.0,0.0,0.0001,0.0,1.87,0.0,0.0,0.0167,1,4,1,1,0.0,0.0,0.0001,0.0,1.49,0.0,0.0002,0.0133,1,0,0,0,0,0
1778673213.626654,2026-05-13 14:53:33,0,0,0,0.0,0.0,0.0,0.0,0.0,0.0,0.0,0.0,0,1,1,1,0.0,0.0,0.0001,0.0,1.87,0.0,0.0,0.0167,1,4,1,1,0.0,0.0,0.0001,0.0,1.49,0.0,0.0002,0.0133,1,0,0,0,0,0
1778673243.626654,2026-05-13 14:54:03,1,1,1,0.0,0.0,0.0001,0.0,3.73,0.0,0.0,0.0333,1,1,1,1,0.0,0.0,0.0001,0.0,1.87,0.0,0.0,0.0167,1,5,1,1,0.0,0.0,0.0001,0.0,1.87,0.0,0.0002,0.0167,1,0,0,0,0,0
1778673273.626654,2026-05-13 14:54:33,0,0,0,0.0,0.0,0.0,0.0,0.0,0.0,0.0,0.0,0,1,1,1,0.0,0.0,0.0001,0.0,1.87,0.0,0.0,0.0167,1,5,1,1,0.0,0.0,0.0001,0.0,1.87,0.0,0.0002,0.0167,1,0,0,0,0,0
1778673303.626654,2026-05-13 14:55:03,1,1,1,0.0,0.0,0.0,0.0,3.73,0.0,0.0,0.0333,1,1,1,1,0.0,0.0,0.0,0.0,1.87,0.0,0.0,0.0167,1,5,1,1,0.0,0.0,0.0001,0.0,1.87,0.0,0.0002,0.0167,1,0,0,0,0,0
1778673333.626654,2026-05-13 14:55:33,0,0,0,0.0,0.0,0.0,0.0,0.0,0.0,0.0,0.0,0,1,1,1,0.0,0.0,0.0,0.0,1.87,0.0,0.0,0.0167,1,5,1,1,0.0,0.0,0.0001,0.0,1.87,0.0,0.0002,0.0167,1,0,0,0,0,0
1778673363.626654,2026-05-13 14:56:03,1,1,1,0.0,0.0,0.0001,0.0,3.73,0.0,0.0,0.0333,1,1,1,1,0.0,0.0,0.0001,0.0,1.87,0.0,0.0,0.0167,1,5,1,1,0.0,0.0,0.0001,0.0,1.87,0.0,0.0001,0.0167,1,0,0,0,0,0
1778673393.626654,2026-05-13 14:56:33,0,0,0,0.0,0.0,0.0,0.0,0.0,0.0,0.0,0.0,0,1,1,1,0.0,0.0,0.0001,0.0,1.87,0.0,0.0,0.0167,1,5,1,1,0.0,0.0,0.0001,0.0,1.87,0.0,0.0001,0.0167,1,0,0,0,0,0
1778673423.626654,2026-05-13 14:57:03,0,0,0,0.0,0.0,0.0,0.0,0.0,0.0,0.0,0.0,0,0,0,0,0.0,0.0,0.0,0.0,0.0,0.0,0.0,0.0,0,4,1,1,0.0,0.0,0.0001,0.0,1.49,0.0,0.0001,0.0133,1,0,0,0,0,0
1778673453.626654,2026-05-13 14:57:33,0,0,0,0.0,0.0,0.0,0.0,0.0,0.0,0.0,0.0,0,0,0,0,0.0,0.0,0.0,0.0,0.0,0.0,0.0,0.0,0,4,1,1,0.0,0.0,0.0001,0.0,1.49,0.0,0.0001,0.0133,1,0,0,0,0,0
1778673483.626654,2026-05-13 14:58:03,0,0,0,0.0,0.0,0.0,0.0,0.0,0.0,0.0,0.0,0,0,0,0,0.0,0.0,0.0,0.0,0.0,0.0,0.0,0.0,0,3,1,1,0.0,0.0,0.0001,0.0,1.12,0.0,0.0,0.01,1,0,0,0,0,0
1778673513.626654,2026-05-13 14:58:33,0,0,0,0.0,0.0,0.0,0.0,0.0,0.0,0.0,0.0,0,0,0,0,0.0,0.0,0.0,0.0,0.0,0.0,0.0,0.0,0,3,1,1,0.0,0.0,0.0001,0.0,1.12,0.0,0.0,0.01,1,0,0,0,0,0
1778673543.626654,2026-05-13 14:59:03,0,0,0,0.0,0.0,0.0,0.0,0.0,0.0,0.0,0.0,0,0,0,0,0.0,0.0,0.0,0.0,0.0,0.0,0.0,0.0,0,2,1,1,0.0,0.0,0.0,0.0,0.75,0.0,0.0,0.0067,1,0,0,0,0,0
1778673573.626654,2026-05-13 14:59:33,0,0,0,0.0,0.0,0.0,0.0,0.0,0.0,0.0,0.0,0,0,0,0,0.0,0.0,0.0,0.0,0.0,0.0,0.0,0.0,0,2,1,1,0.0,0.0,0.0,0.0,0.75,0.0,0.0,0.0067,1,0,0,0,0,0
1778673603.626654,2026-05-13 15:00:03,10,1,1,0.0,0.3333,0.1044,0.0,57.77,0.0,0.131,0.3333,1,10,1,1,0.0,0.1667,0.1044,0.0,28.88,0.0,0.131,0.1667,1,11,2,2,0.0,0.0333,0.0949,0.0,6.15,0.0275,0.2984,0.0333,1,0,0,0,0,0
1778673633.626654,2026-05-13 15:00:33,0,0,0,0.0,0.0,0.0,0.0,0.0,0.0,0.0,0.0,0,10,1,1,0.0,0.1667,0.1044,0.0,28.88,0.0,0.131,0.1667,1,11,2,2,0.0,0.0333,0.0949,0.0,6.15,0.0275,0.2984,0.0333,1,0,0,0,0,0
1778673663.626654,2026-05-13 15:01:03,0,0,0,0.0,0.0,0.0,0.0,0.0,0.0,0.0,0.0,0,0,0,0,0.0,0.0,0.0,0.0,0.0,0.0,0.0,0.0,0,10,1,1,0.0,0.0333,0.1044,0.0,5.78,0.0,0.131,0.0333,1,0,0,0,0,0
1778673693.626654,2026-05-13 15:01:33,0,0,0,0.0,0.0,0.0,0.0,0.0,0.0,0.0,0.0,0,0,0,0,0.0,0.0,0.0,0.0,0.0,0.0,0.0,0.0,0,10,1,1,0.0,0.0333,0.1044,0.0,5.78,0.0,0.131,0.0333,1,0,0,0,0,0
1778673723.626654,2026-05-13 15:02:03,0,0,0,0.0,0.0,0.0,0.0,0.0,0.0,0.0,0.0,0,0,0,0,0.0,0.0,0.0,0.0,0.0,0.0,0.0,0.0,0,10,1,1,0.0,0.0333,0.1044,0.0,5.78,0.0,0.131,0.0333,1,0,0,0,0,0
1778673753.626654,2026-05-13 15:02:33,0,0,0,0.0,0.0,0.0,0.0,0.0,0.0,0.0,0.0,0,0,0,0,0.0,0.0,0.0,0.0,0.0,0.0,0.0,0.0,0,10,1,1,0.0,0.0333,0.1044,0.0,5.78,0.0,0.131,0.0333,1,0,0,0,0,0
1778673783.626654,2026-05-13 15:03:03,0,0,0,0.0,0.0,0.0,0.0,0.0,0.0,0.0,0.0,0,0,0,0,0.0,0.0,0.0,0.0,0.0,0.0,0.0,0.0,0,10,1,1,0.0,0.0333,0.1044,0.0,5.78,0.0,0.131,0.0333,1,0,0,0,0,0
1778673813.626654,2026-05-13 15:03:33,0,0,0,0.0,0.0,0.0,0.0,0.0,0.0,0.0,0.0,0,0,0,0,0.0,0.0,0.0,0.0,0.0,0.0,0.0,0.0,0,10,1,1,0.0,0.0333,0.1044,0.0,5.78,0.0,0.131,0.0333,1,0,0,0,0,0
1778673843.626654,2026-05-13 15:04:03,0,0,0,0.0,0.0,0.0,0.0,0.0,0.0,0.0,0.0,0,0,0,0,0.0,0.0,0.0,0.0,0.0,0.0,0.0,0.0,0,10,1,1,0.0,0.0333,0.1044,0.0,5.78,0.0,0.131,0.0333,1,0,0,0,0,0
1778673873.626654,2026-05-13 15:04:33,0,0,0,0.0,0.0,0.0,0.0,0.0,0.0,0.0,0.0,0,0,0,0,0.0,0.0,0.0,0.0,0.0,0.0,0.0,0.0,0,10,1,1,0.0,0.0333,0.1044,0.0,5.78,0.0,0.131,0.0333,1,0,0,0,0,0
1778673903.626654,2026-05-13 15:05:03,0,0,0,0.0,0.0,0.0,0.0,0.0,0.0,0.0,0.0,0,0,0,0,0.0,0.0,0.0,0.0,0.0,0.0,0.0,0.0,0,0,0,0,0.0,0.0,0.0,0.0,0.0,0.0,0.0,0.0,0,0,0,0,0,0
1778673933.626654,2026-05-13 15:05:33,0,0,0,0.0,0.0,0.0,0.0,0.0,0.0,0.0,0.0,0,0,0,0,0.0,0.0,0.0,0.0,0.0,0.0,0.0,0.0,0,0,0,0,0.0,0.0,0.0,0.0,0.0,0.0,0.0,0.0,0,0,0,0,0,0
1778673963.626654,2026-05-13 15:06:03,0,0,0,0.0,0.0,0.0,0.0,0.0,0.0,0.0,0.0,0,0,0,0,0.0,0.0,0.0,0.0,0.0,0.0,0.0,0.0,0,0,0,0,0.0,0.0,0.0,0.0,0.0,0.0,0.0,0.0,0,0,0,0,0,0
1778673993.626654,2026-05-13 15:06:33,0,0,0,0.0,0.0,0.0,0.0,0.0,0.0,0.0,0.0,0,0,0,0,0.0,0.0,0.0,0.0,0.0,0.0,0.0,0.0,0,0,0,0,0.0,0.0,0.0,0.0,0.0,0.0,0.0,0.0,0,0,0,0,0,0
1778674023.626654,2026-05-13 15:07:03,0,0,0,0.0,0.0,0.0,0.0,0.0,0.0,0.0,0.0,0,0,0,0,0.0,0.0,0.0,0.0,0.0,0.0,0.0,0.0,0,0,0,0,0.0,0.0,0.0,0.0,0.0,0.0,0.0,0.0,0,0,0,0,0,0
1778674053.626654,2026-05-13 15:07:33,0,0,0,0.0,0.0,0.0,0.0,0.0,0.0,0.0,0.0,0,0,0,0,0.0,0.0,0.0,0.0,0.0,0.0,0.0,0.0,0,0,0,0,0.0,0.0,0.0,0.0,0.0,0.0,0.0,0.0,0,0,0,0,0,0
1778674083.626654,2026-05-13 15:08:03,1,1,1,0.0,0.0,0.0,0.0,3.73,0.0,0.0,0.0333,1,1,1,1,0.0,0.0,0.0,0.0,1.87,0.0,0.0,0.0167,1,1,1,1,0.0,0.0,0.0,0.0,0.37,0.0,0.0,0.0033,1,0,0,0,0,0
1778674113.626654,2026-05-13 15:08:33,0,0,0,0.0,0.0,0.0,0.0,0.0,0.0,0.0,0.0,0,1,1,1,0.0,0.0,0.0,0.0,1.87,0.0,0.0,0.0167,1,1,1,1,0.0,0.0,0.0,0.0,0.37,0.0,0.0,0.0033,1,0,0,0,0,0
1778674143.626654,2026-05-13 15:09:03,1,1,1,0.0,0.0,0.0,0.0,3.73,0.0,0.0,0.0333,1,1,1,1,0.0,0.0,0.0,0.0,1.87,0.0,0.0,0.0167,1,2,1,1,0.0,0.0,0.0,0.0,0.75,0.0,0.0,0.0067,1,0,0,0,0,0
1778674173.626654,2026-05-13 15:09:33,0,0,0,0.0,0.0,0.0,0.0,0.0,0.0,0.0,0.0,0,1,1,1,0.0,0.0,0.0,0.0,1.87,0.0,0.0,0.0167,1,2,1,1,0.0,0.0,0.0,0.0,0.75,0.0,0.0,0.0067,1,0,0,0,0,0
1778674203.626654,2026-05-13 15:10:03,1,1,1,0.0,0.0,0.0,0.0,3.73,0.0,0.0,0.0333,1,1,1,1,0.0,0.0,0.0,0.0,1.87,0.0,0.0,0.0167,1,3,1,1,0.0,0.0,0.0,0.0,1.12,0.0,0.0,0.01,1,0,0,0,0,0
1778674233.626654,2026-05-13 15:10:33,0,0,0,0.0,0.0,0.0,0.0,0.0,0.0,0.0,0.0,0,1,1,1,0.0,0.0,0.0,0.0,1.87,0.0,0.0,0.0167,1,3,1,1,0.0,0.0,0.0,0.0,1.12,0.0,0.0,0.01,1,0,0,0,0,0
1778674263.626654,2026-05-13 15:11:03,0,0,0,0.0,0.0,0.0,0.0,0.0,0.0,0.0,0.0,0,0,0,0,0.0,0.0,0.0,0.0,0.0,0.0,0.0,0.0,0,3,1,1,0.0,0.0,0.0,0.0,1.12,0.0,0.0,0.01,1,0,0,0,0,0
1778674293.626654,2026-05-13 15:11:33,0,0,0,0.0,0.0,0.0,0.0,0.0,0.0,0.0,0.0,0,0,0,0,0.0,0.0,0.0,0.0,0.0,0.0,0.0,0.0,0,3,1,1,0.0,0.0,0.0,0.0,1.12,0.0,0.0,0.01,1,0,0,0,0,0
1778674323.626654,2026-05-13 15:12:03,0,0,0,0.0,0.0,0.0,0.0,0.0,0.0,0.0,0.0,0,0,0,0,0.0,0.0,0.0,0.0,0.0,0.0,0.0,0.0,0,3,1,1,0.0,0.0,0.0,0.0,1.12,0.0,0.0,0.01,1,0,0,0,0,0
1778674353.626654,2026-05-13 15:12:33,0,0,0,0.0,0.0,0.0,0.0,0.0,0.0,0.0,0.0,0,0,0,0,0.0,0.0,0.0,0.0,0.0,0.0,0.0,0.0,0,3,1,1,0.0,0.0,0.0,0.0,1.12,0.0,0.0,0.01,1,0,0,0,0,0
1778674383.626654,2026-05-13 15:13:03,0,0,0,0.0,0.0,0.0,0.0,0.0,0.0,0.0,0.0,0,0,0,0,0.0,0.0,0.0,0.0,0.0,0.0,0.0,0.0,0,2,1,1,0.0,0.0,0.0,0.0,0.75,0.0,0.0,0.0067,1,0,0,0,0,0
1778674413.626654,2026-05-13 15:13:33,0,0,0,0.0,0.0,0.0,0.0,0.0,0.0,0.0,0.0,0,0,0,0,0.0,0.0,0.0,0.0,0.0,0.0,0.0,0.0,0,2,1,1,0.0,0.0,0.0,0.0,0.75,0.0,0.0,0.0067,1,0,0,0,0,0
1778674443.626654,2026-05-13 15:14:03,0,0,0,0.0,0.0,0.0,0.0,0.0,0.0,0.0,0.0,0,0,0,0,0.0,0.0,0.0,0.0,0.0,0.0,0.0,0.0,0,1,1,1,0.0,0.0,0.0,0.0,0.37,0.0,0.0,0.0033,1,0,0,0,0,0
1778674473.626654,2026-05-13 15:14:33,0,0,0,0.0,0.0,0.0,0.0,0.0,0.0,0.0,0.0,0,0,0,0,0.0,0.0,0.0,0.0,0.0,0.0,0.0,0.0,0,1,1,1,0.0,0.0,0.0,0.0,0.37,0.0,0.0,0.0033,1,0,0,0,0,0
1778674503.626654,2026-05-13 15:15:03,0,0,0,0.0,0.0,0.0,0.0,0.0,0.0,0.0,0.0,0,0,0,0,0.0,0.0,0.0,0.0,0.0,0.0,0.0,0.0,0,0,0,0,0.0,0.0,0.0,0.0,0.0,0.0,0.0,0.0,0,0,0,0,0,0
1778674533.626654,2026-05-13 15:15:33,0,0,0,0.0,0.0,0.0,0.0,0.0,0.0,0.0,0.0,0,0,0,0,0.0,0.0,0.0,0.0,0.0,0.0,0.0,0.0,0,0,0,0,0.0,0.0,0.0,0.0,0.0,0.0,0.0,0.0,0,0,0,0,0,0
1778674563.626654,2026-05-13 15:16:03,0,0,0,0.0,0.0,0.0,0.0,0.0,0.0,0.0,0.0,0,0,0,0,0.0,0.0,0.0,0.0,0.0,0.0,0.0,0.0,0,0,0,0,0.0,0.0,0.0,0.0,0.0,0.0,0.0,0.0,0,0,0,0,0,0
1778674593.626654,2026-05-13 15:16:33,0,0,0,0.0,0.0,0.0,0.0,0.0,0.0,0.0,0.0,0,0,0,0,0.0,0.0,0.0,0.0,0.0,0.0,0.0,0.0,0,0,0,0,0.0,0.0,0.0,0.0,0.0,0.0,0.0,0.0,0,0,0,0,0,0
1778674623.626654,2026-05-13 15:17:03,0,0,0,0.0,0.0,0.0,0.0,0.0,0.0,0.0,0.0,0,0,0,0,0.0,0.0,0.0,0.0,0.0,0.0,0.0,0.0,0,0,0,0,0.0,0.0,0.0,0.0,0.0,0.0,0.0,0.0,0,0,0,0,0,0
1778674653.626654,2026-05-13 15:17:33,0,0,0,0.0,0.0,0.0,0.0,0.0,0.0,0.0,0.0,0,0,0,0,0.0,0.0,0.0,0.0,0.0,0.0,0.0,0.0,0,0,0,0,0.0,0.0,0.0,0.0,0.0,0.0,0.0,0.0,0,0,0,0,0,0
1778674683.626654,2026-05-13 15:18:03,0,0,0,0.0,0.0,0.0,0.0,0.0,0.0,0.0,0.0,0,0,0,0,0.0,0.0,0.0,0.0,0.0,0.0,0.0,0.0,0,0,0,0,0.0,0.0,0.0,0.0,0.0,0.0,0.0,0.0,0,0,0,0,0,0
1778674713.626654,2026-05-13 15:18:33,0,0,0,0.0,0.0,0.0,0.0,0.0,0.0,0.0,0.0,0,0,0,0,0.0,0.0,0.0,0.0,0.0,0.0,0.0,0.0,0,0,0,0,0.0,0.0,0.0,0.0,0.0,0.0,0.0,0.0,0,0,0,0,0,0
1778674743.626654,2026-05-13 15:19:03,0,0,0,0.0,0.0,0.0,0.0,0.0,0.0,0.0,0.0,0,0,0,0,0.0,0.0,0.0,0.0,0.0,0.0,0.0,0.0,0,0,0,0,0.0,0.0,0.0,0.0,0.0,0.0,0.0,0.0,0,0,0,0,0,0
1778674773.626654,2026-05-13 15:19:33,0,0,0,0.0,0.0,0.0,0.0,0.0,0.0,0.0,0.0,0,0,0,0,0.0,0.0,0.0,0.0,0.0,0.0,0.0,0.0,0,0,0,0,0.0,0.0,0.0,0.0,0.0,0.0,0.0,0.0,0,0,0,0,0,0
1778674803.626654,2026-05-13 15:20:03,0,0,0,0.0,0.0,0.0,0.0,0.0,0.0,0.0,0.0,0,0,0,0,0.0,0.0,0.0,0.0,0.0,0.0,0.0,0.0,0,0,0,0,0.0,0.0,0.0,0.0,0.0,0.0,0.0,0.0,0,0,0,0,0,0
1778674833.626654,2026-05-13 15:20:33,0,0,0,0.0,0.0,0.0,0.0,0.0,0.0,0.0,0.0,0,0,0,0,0.0,0.0,0.0,0.0,0.0,0.0,0.0,0.0,0,0,0,0,0.0,0.0,0.0,0.0,0.0,0.0,0.0,0.0,0,0,0,0,0,0
1778674863.626654,2026-05-13 15:21:03,0,0,0,0.0,0.0,0.0,0.0,0.0,0.0,0.0,0.0,0,0,0,0,0.0,0.0,0.0,0.0,0.0,0.0,0.0,0.0,0,0,0,0,0.0,0.0,0.0,0.0,0.0,0.0,0.0,0.0,0,0,0,0,0,0
1778674893.626654,2026-05-13 15:21:33,0,0,0,0.0,0.0,0.0,0.0,0.0,0.0,0.0,0.0,0,0,0,0,0.0,0.0,0.0,0.0,0.0,0.0,0.0,0.0,0,0,0,0,0.0,0.0,0.0,0.0,0.0,0.0,0.0,0.0,0,0,0,0,0,0
1778674923.626654,2026-05-13 15:22:03,0,0,0,0.0,0.0,0.0,0.0,0.0,0.0,0.0,0.0,0,0,0,0,0.0,0.0,0.0,0.0,0.0,0.0,0.0,0.0,0,0,0,0,0.0,0.0,0.0,0.0,0.0,0.0,0.0,0.0,0,0,0,0,0,0
1778674953.626654,2026-05-13 15:22:33,1,1,1,0.0,0.0,0.0001,0.0,3.73,0.0,0.0,0.0333,1,1,1,1,0.0,0.0,0.0001,0.0,1.87,0.0,0.0,0.0167,1,1,1,1,0.0,0.0,0.0001,0.0,0.37,0.0,0.0,0.0033,1,0,0,0,0,0
1778674983.626654,2026-05-13 15:23:03,0,0,0,0.0,0.0,0.0,0.0,0.0,0.0,0.0,0.0,0,1,1,1,0.0,0.0,0.0001,0.0,1.87,0.0,0.0,0.0167,1,1,1,1,0.0,0.0,0.0001,0.0,0.37,0.0,0.0,0.0033,1,0,0,0,0,0
1778675013.626654,2026-05-13 15:23:33,1,1,1,0.0,0.0,0.0,0.0,3.73,0.0,0.0,0.0333,1,1,1,1,0.0,0.0,0.0,0.0,1.87,0.0,0.0,0.0167,1,2,1,1,0.0,0.0,0.0001,0.0,0.75,0.0,0.0,0.0067,1,0,0,0,0,0
1778675043.626654,2026-05-13 15:24:03,0,0,0,0.0,0.0,0.0,0.0,0.0,0.0,0.0,0.0,0,1,1,1,0.0,0.0,0.0,0.0,1.87,0.0,0.0,0.0167,1,2,1,1,0.0,0.0,0.0001,0.0,0.75,0.0,0.0,0.0067,1,0,0,0,0,0
1778675073.626654,2026-05-13 15:24:33,1,1,1,0.0,0.0,0.0,0.0,3.73,0.0,0.0,0.0333,1,1,1,1,0.0,0.0,0.0,0.0,1.87,0.0,0.0,0.0167,1,3,1,1,0.0,0.0,0.0,0.0,1.12,0.0,0.0001,0.01,1,0,0,0,0,0
1778675103.626654,2026-05-13 15:25:03,0,0,0,0.0,0.0,0.0,0.0,0.0,0.0,0.0,0.0,0,1,1,1,0.0,0.0,0.0,0.0,1.87,0.0,0.0,0.0167,1,3,1,1,0.0,0.0,0.0,0.0,1.12,0.0,0.0001,0.01,1,0,0,0,0,0
1778675133.626654,2026-05-13 15:25:33,1,1,1,0.0,0.0,0.0,0.0,3.73,0.0,0.0,0.0333,1,1,1,1,0.0,0.0,0.0,0.0,1.87,0.0,0.0,0.0167,1,4,1,1,0.0,0.0,0.0,0.0,1.49,0.0,0.0001,0.0133,1,0,0,0,0,0
1778675163.626654,2026-05-13 15:26:03,0,0,0,0.0,0.0,0.0,0.0,0.0,0.0,0.0,0.0,0,1,1,1,0.0,0.0,0.0,0.0,1.87,0.0,0.0,0.0167,1,4,1,1,0.0,0.0,0.0,0.0,1.49,0.0,0.0001,0.0133,1,0,0,0,0,0
1778675193.626654,2026-05-13 15:26:33,1,1,1,0.0,0.0,0.0,0.0,3.73,0.0,0.0,0.0333,1,1,1,1,0.0,0.0,0.0,0.0,1.87,0.0,0.0,0.0167,1,5,1,1,0.0,0.0,0.0,0.0,1.87,0.0,0.0001,0.0167,1,0,0,0,0,0
1778675223.626654,2026-05-13 15:27:03,0,0,0,0.0,0.0,0.0,0.0,0.0,0.0,0.0,0.0,0,1,1,1,0.0,0.0,0.0,0.0,1.87,0.0,0.0,0.0167,1,5,1,1,0.0,0.0,0.0,0.0,1.87,0.0,0.0001,0.0167,1,0,0,0,0,0
1778675253.626654,2026-05-13 15:27:33,0,0,0,0.0,0.0,0.0,0.0,0.0,0.0,0.0,0.0,0,0,0,0,0.0,0.0,0.0,0.0,0.0,0.0,0.0,0.0,0,4,1,1,0.0,0.0,0.0,0.0,1.49,0.0,0.0,0.0133,1,0,0,0,0,0
1778675283.626654,2026-05-13 15:28:03,0,0,0,0.0,0.0,0.0,0.0,0.0,0.0,0.0,0.0,0,0,0,0,0.0,0.0,0.0,0.0,0.0,0.0,0.0,0.0,0,4,1,1,0.0,0.0,0.0,0.0,1.49,0.0,0.0,0.0133,1,0,0,0,0,0
1778675313.626654,2026-05-13 15:28:33,0,0,0,0.0,0.0,0.0,0.0,0.0,0.0,0.0,0.0,0,0,0,0,0.0,0.0,0.0,0.0,0.0,0.0,0.0,0.0,0,3,1,1,0.0,0.0,0.0,0.0,1.12,0.0,0.0,0.01,1,0,0,0,0,0
1778675343.626654,2026-05-13 15:29:03,0,0,0,0.0,0.0,0.0,0.0,0.0,0.0,0.0,0.0,0,0,0,0,0.0,0.0,0.0,0.0,0.0,0.0,0.0,0.0,0,3,1,1,0.0,0.0,0.0,0.0,1.12,0.0,0.0,0.01,1,0,0,0,0,0
1778675373.626654,2026-05-13 15:29:33,0,0,0,0.0,0.0,0.0,0.0,0.0,0.0,0.0,0.0,0,0,0,0,0.0,0.0,0.0,0.0,0.0,0.0,0.0,0.0,0,2,1,1,0.0,0.0,0.0,0.0,0.75,0.0,0.0,0.0067,1,0,0,0,0,0
1778675403.626654,2026-05-13 15:30:03,0,0,0,0.0,0.0,0.0,0.0,0.0,0.0,0.0,0.0,0,0,0,0,0.0,0.0,0.0,0.0,0.0,0.0,0.0,0.0,0,2,1,1,0.0,0.0,0.0,0.0,0.75,0.0,0.0,0.0067,1,0,0,0,0,0
1778675433.626654,2026-05-13 15:30:33,0,0,0,0.0,0.0,0.0,0.0,0.0,0.0,0.0,0.0,0,0,0,0,0.0,0.0,0.0,0.0,0.0,0.0,0.0,0.0,0,1,1,1,0.0,0.0,0.0,0.0,0.37,0.0,0.0,0.0033,1,0,0,0,0,0
1778675463.626654,2026-05-13 15:31:03,0,0,0,0.0,0.0,0.0,0.0,0.0,0.0,0.0,0.0,0,0,0,0,0.0,0.0,0.0,0.0,0.0,0.0,0.0,0.0,0,1,1,1,0.0,0.0,0.0,0.0,0.37,0.0,0.0,0.0033,1,0,0,0,0,0
1778675493.626654,2026-05-13 15:31:33,0,0,0,0.0,0.0,0.0,0.0,0.0,0.0,0.0,0.0,0,0,0,0,0.0,0.0,0.0,0.0,0.0,0.0,0.0,0.0,0,0,0,0,0.0,0.0,0.0,0.0,0.0,0.0,0.0,0.0,0,0,0,0,0,0
1778675523.626654,2026-05-13 15:32:03,1,1,1,0.0,0.0,271.1557,0.0,37.33,0.0,0.0,0.0333,1,1,1,1,0.0,0.0,271.1557,0.0,18.67,0.0,0.0,0.0167,1,1,1,1,0.0,0.0,271.1557,0.0,3.73,0.0,0.0,0.0033,1,0,0,0,0,0
1778675553.626654,2026-05-13 15:32:33,0,0,0,0.0,0.0,0.0,0.0,0.0,0.0,0.0,0.0,0,1,1,1,0.0,0.0,271.1557,0.0,18.67,0.0,0.0,0.0167,1,1,1,1,0.0,0.0,271.1557,0.0,3.73,0.0,0.0,0.0033,1,0,0,0,0,0
1778675583.626654,2026-05-13 15:33:03,0,0,0,0.0,0.0,0.0,0.0,0.0,0.0,0.0,0.0,0,0,0,0,0.0,0.0,0.0,0.0,0.0,0.0,0.0,0.0,0,1,1,1,0.0,0.0,271.1557,0.0,3.73,0.0,0.0,0.0033,1,0,0,0,0,0
1778675613.626654,2026-05-13 15:33:33,0,0,0,0.0,0.0,0.0,0.0,0.0,0.0,0.0,0.0,0,0,0,0,0.0,0.0,0.0,0.0,0.0,0.0,0.0,0.0,0,1,1,1,0.0,0.0,271.1557,0.0,3.73,0.0,0.0,0.0033,1,0,0,0,0,0
1778675643.626654,2026-05-13 15:34:03,0,0,0,0.0,0.0,0.0,0.0,0.0,0.0,0.0,0.0,0,0,0,0,0.0,0.0,0.0,0.0,0.0,0.0,0.0,0.0,0,1,1,1,0.0,0.0,271.1557,0.0,3.73,0.0,0.0,0.0033,1,0,0,0,0,0
1778675673.626654,2026-05-13 15:34:33,0,0,0,0.0,0.0,0.0,0.0,0.0,0.0,0.0,0.0,0,0,0,0,0.0,0.0,0.0,0.0,0.0,0.0,0.0,0.0,0,1,1,1,0.0,0.0,271.1557,0.0,3.73,0.0,0.0,0.0033,1,0,0,0,0,0
1778675703.626654,2026-05-13 15:35:03,0,0,0,0.0,0.0,0.0,0.0,0.0,0.0,0.0,0.0,0,0,0,0,0.0,0.0,0.0,0.0,0.0,0.0,0.0,0.0,0,1,1,1,0.0,0.0,271.1557,0.0,3.73,0.0,0.0,0.0033,1,0,0,0,0,0
1778675733.626654,2026-05-13 15:35:33,0,0,0,0.0,0.0,0.0,0.0,0.0,0.0,0.0,0.0,0,0,0,0,0.0,0.0,0.0,0.0,0.0,0.0,0.0,0.0,0,1,1,1,0.0,0.0,271.1557,0.0,3.73,0.0,0.0,0.0033,1,0,0,0,0,0
1778675763.626654,2026-05-13 15:36:03,0,0,0,0.0,0.0,0.0,0.0,0.0,0.0,0.0,0.0,0,0,0,0,0.0,0.0,0.0,0.0,0.0,0.0,0.0,0.0,0,1,1,1,0.0,0.0,271.1557,0.0,3.73,0.0,0.0,0.0033,1,0,0,0,0,0
1778675793.626654,2026-05-13 15:36:33,0,0,0,0.0,0.0,0.0,0.0,0.0,0.0,0.0,0.0,0,0,0,0,0.0,0.0,0.0,0.0,0.0,0.0,0.0,0.0,0,1,1,1,0.0,0.0,271.1557,0.0,3.73,0.0,0.0,0.0033,1,0,0,0,0,0
1778675823.626654,2026-05-13 15:37:03,0,0,0,0.0,0.0,0.0,0.0,0.0,0.0,0.0,0.0,0,0,0,0,0.0,0.0,0.0,0.0,0.0,0.0,0.0,0.0,0,0,0,0,0.0,0.0,0.0,0.0,0.0,0.0,0.0,0.0,0,0,0,0,0,0
1778675853.626654,2026-05-13 15:37:33,1,1,1,0.0,0.0,0.0,0.0,3.73,0.0,0.0,0.0333,1,1,1,1,0.0,0.0,0.0,0.0,1.87,0.0,0.0,0.0167,1,1,1,1,0.0,0.0,0.0,0.0,0.37,0.0,0.0,0.0033,1,0,0,0,0,0
1778675883.626654,2026-05-13 15:38:03,0,0,0,0.0,0.0,0.0,0.0,0.0,0.0,0.0,0.0,0,1,1,1,0.0,0.0,0.0,0.0,1.87,0.0,0.0,0.0167,1,1,1,1,0.0,0.0,0.0,0.0,0.37,0.0,0.0,0.0033,1,0,0,0,0,0
1778675913.626654,2026-05-13 15:38:33,1,1,1,0.0,0.0,0.0001,0.0,3.73,0.0,0.0,0.0333,1,1,1,1,0.0,0.0,0.0001,0.0,1.87,0.0,0.0,0.0167,1,2,1,1,0.0,0.0,0.0001,0.0,0.75,0.0,0.0,0.0067,1,0,0,0,0,0
1778675943.626654,2026-05-13 15:39:03,0,0,0,0.0,0.0,0.0,0.0,0.0,0.0,0.0,0.0,0,1,1,1,0.0,0.0,0.0001,0.0,1.87,0.0,0.0,0.0167,1,2,1,1,0.0,0.0,0.0001,0.0,0.75,0.0,0.0,0.0067,1,0,0,0,0,0
1778675973.626654,2026-05-13 15:39:33,0,0,0,0.0,0.0,0.0,0.0,0.0,0.0,0.0,0.0,0,0,0,0,0.0,0.0,0.0,0.0,0.0,0.0,0.0,0.0,0,2,1,1,0.0,0.0,0.0001,0.0,0.75,0.0,0.0,0.0067,1,0,0,0,0,0
1778676003.626654,2026-05-13 15:40:03,0,0,0,0.0,0.0,0.0,0.0,0.0,0.0,0.0,0.0,0,0,0,0,0.0,0.0,0.0,0.0,0.0,0.0,0.0,0.0,0,2,1,1,0.0,0.0,0.0001,0.0,0.75,0.0,0.0,0.0067,1,0,0,0,0,0
1778676033.626654,2026-05-13 15:40:33,1,1,1,0.0,0.0,0.0002,0.0,3.73,0.0,0.0,0.0333,1,1,1,1,0.0,0.0,0.0002,0.0,1.87,0.0,0.0,0.0167,1,3,1,1,0.0,0.0,0.0001,0.0,1.12,0.0,0.0334,0.01,1,0,0,0,0,0
1778676063.626654,2026-05-13 15:41:03,0,0,0,0.0,0.0,0.0,0.0,0.0,0.0,0.0,0.0,0,1,1,1,0.0,0.0,0.0002,0.0,1.87,0.0,0.0,0.0167,1,3,1,1,0.0,0.0,0.0001,0.0,1.12,0.0,0.0334,0.01,1,0,0,0,0,0
1778676093.626654,2026-05-13 15:41:33,1,1,1,0.0,0.0,0.0001,0.0,3.73,0.0,0.0,0.0333,1,1,1,1,0.0,0.0,0.0001,0.0,1.87,0.0,0.0,0.0167,1,4,1,1,0.0,0.0,0.0001,0.0,1.49,0.0,0.0354,0.0133,1,0,0,0,0,0
1778676123.626654,2026-05-13 15:42:03,0,0,0,0.0,0.0,0.0,0.0,0.0,0.0,0.0,0.0,0,1,1,1,0.0,0.0,0.0001,0.0,1.87,0.0,0.0,0.0167,1,4,1,1,0.0,0.0,0.0001,0.0,1.49,0.0,0.0354,0.0133,1,0,0,0,0,0
1778676153.626654,2026-05-13 15:42:33,1,1,1,0.0,0.0,0.0001,0.0,3.73,0.0,0.0,0.0333,1,1,1,1,0.0,0.0,0.0001,0.0,1.87,0.0,0.0,0.0167,1,4,1,1,0.0,0.0,0.0001,0.0,1.49,0.0,0.0353,0.0133,1,0,0,0,0,0
1778676183.626654,2026-05-13 15:43:03,0,0,0,0.0,0.0,0.0,0.0,0.0,0.0,0.0,0.0,0,1,1,1,0.0,0.0,0.0001,0.0,1.87,0.0,0.0,0.0167,1,4,1,1,0.0,0.0,0.0001,0.0,1.49,0.0,0.0353,0.0133,1,0,0,0,0,0
1778676213.626654,2026-05-13 15:43:33,0,0,0,0.0,0.0,0.0,0.0,0.0,0.0,0.0,0.0,0,0,0,0,0.0,0.0,0.0,0.0,0.0,0.0,0.0,0.0,0,3,1,1,0.0,0.0,0.0001,0.0,1.12,0.0,0.0001,0.01,1,0,0,0,0,0
1778676243.626654,2026-05-13 15:44:03,0,0,0,0.0,0.0,0.0,0.0,0.0,0.0,0.0,0.0,0,0,0,0,0.0,0.0,0.0,0.0,0.0,0.0,0.0,0.0,0,3,1,1,0.0,0.0,0.0001,0.0,1.12,0.0,0.0001,0.01,1,0,0,0,0,0
1778676273.626654,2026-05-13 15:44:33,0,0,0,0.0,0.0,0.0,0.0,0.0,0.0,0.0,0.0,0,0,0,0,0.0,0.0,0.0,0.0,0.0,0.0,0.0,0.0,0,3,1,1,0.0,0.0,0.0001,0.0,1.12,0.0,0.0001,0.01,1,0,0,0,0,0
1778676303.626654,2026-05-13 15:45:03,0,0,0,0.0,0.0,0.0,0.0,0.0,0.0,0.0,0.0,0,0,0,0,0.0,0.0,0.0,0.0,0.0,0.0,0.0,0.0,0,3,1,1,0.0,0.0,0.0001,0.0,1.12,0.0,0.0001,0.01,1,0,0,0,0,0
1778676333.626654,2026-05-13 15:45:33,0,0,0,0.0,0.0,0.0,0.0,0.0,0.0,0.0,0.0,0,0,0,0,0.0,0.0,0.0,0.0,0.0,0.0,0.0,0.0,0,2,1,1,0.0,0.0,0.0001,0.0,0.75,0.0,0.0,0.0067,1,0,0,0,0,0
1778676363.626654,2026-05-13 15:46:03,0,0,0,0.0,0.0,0.0,0.0,0.0,0.0,0.0,0.0,0,0,0,0,0.0,0.0,0.0,0.0,0.0,0.0,0.0,0.0,0,2,1,1,0.0,0.0,0.0001,0.0,0.75,0.0,0.0,0.0067,1,0,0,0,0,0
1778676393.626654,2026-05-13 15:46:33,1,1,1,0.0,0.0,0.0,0.0,3.73,0.0,0.0,0.0333,1,1,1,1,0.0,0.0,0.0,0.0,1.87,0.0,0.0,0.0167,1,2,1,1,0.0,0.0,0.0,0.0,0.75,0.0,0.0,0.0067,1,0,0,0,0,0
1778676423.626654,2026-05-13 15:47:03,0,0,0,0.0,0.0,0.0,0.0,0.0,0.0,0.0,0.0,0,1,1,1,0.0,0.0,0.0,0.0,1.87,0.0,0.0,0.0167,1,2,1,1,0.0,0.0,0.0,0.0,0.75,0.0,0.0,0.0067,1,0,0,0,0,0
1778676453.626654,2026-05-13 15:47:33,1,1,1,0.0,0.0,0.0,0.0,3.73,0.0,0.0,0.0333,1,1,1,1,0.0,0.0,0.0,0.0,1.87,0.0,0.0,0.0167,1,2,1,1,0.0,0.0,0.0,0.0,0.75,0.0,0.0,0.0067,1,0,0,0,0,0
1778676483.626654,2026-05-13 15:48:03,0,0,0,0.0,0.0,0.0,0.0,0.0,0.0,0.0,0.0,0,1,1,1,0.0,0.0,0.0,0.0,1.87,0.0,0.0,0.0167,1,2,1,1,0.0,0.0,0.0,0.0,0.75,0.0,0.0,0.0067,1,0,0,0,0,0
1778676513.626654,2026-05-13 15:48:33,1,1,1,0.0,0.0,0.0,0.0,3.73,0.0,0.0,0.0333,1,1,1,1,0.0,0.0,0.0,0.0,1.87,0.0,0.0,0.0167,1,3,1,1,0.0,0.0,0.0,0.0,1.12,0.0,0.0,0.01,1,0,0,0,0,0
1778676543.626654,2026-05-13 15:49:03,0,0,0,0.0,0.0,0.0,0.0,0.0,0.0,0.0,0.0,0,1,1,1,0.0,0.0,0.0,0.0,1.87,0.0,0.0,0.0167,1,3,1,1,0.0,0.0,0.0,0.0,1.12,0.0,0.0,0.01,1,0,0,0,0,0
1778676573.626654,2026-05-13 15:49:33,1,1,1,0.0,0.0,0.0,0.0,3.73,0.0,0.0,0.0333,1,1,1,1,0.0,0.0,0.0,0.0,1.87,0.0,0.0,0.0167,1,4,1,1,0.0,0.0,0.0,0.0,1.49,0.0,0.0,0.0133,1,0,0,0,0,0
1778676603.626654,2026-05-13 15:50:03,0,0,0,0.0,0.0,0.0,0.0,0.0,0.0,0.0,0.0,0,1,1,1,0.0,0.0,0.0,0.0,1.87,0.0,0.0,0.0167,1,4,1,1,0.0,0.0,0.0,0.0,1.49,0.0,0.0,0.0133,1,0,0,0,0,0
1778676633.626654,2026-05-13 15:50:33,1,1,1,0.0,0.0,0.0,0.0,3.73,0.0,0.0,0.0333,1,1,1,1,0.0,0.0,0.0,0.0,1.87,0.0,0.0,0.0167,1,5,1,1,0.0,0.0,0.0,0.0,1.87,0.0,0.0,0.0167,1,0,0,0,0,0
1778676663.626654,2026-05-13 15:51:03,0,0,0,0.0,0.0,0.0,0.0,0.0,0.0,0.0,0.0,0,1,1,1,0.0,0.0,0.0,0.0,1.87,0.0,0.0,0.0167,1,5,1,1,0.0,0.0,0.0,0.0,1.87,0.0,0.0,0.0167,1,0,0,0,0,0
1778676693.626654,2026-05-13 15:51:33,1,1,1,0.0,0.0,0.0,0.0,3.73,0.0,0.0,0.0333,1,1,1,1,0.0,0.0,0.0,0.0,1.87,0.0,0.0,0.0167,1,5,1,1,0.0,0.0,0.0,0.0,1.87,0.0,0.0,0.0167,1,0,0,0,0,0
1778676723.626654,2026-05-13 15:52:03,0,0,0,0.0,0.0,0.0,0.0,0.0,0.0,0.0,0.0,0,1,1,1,0.0,0.0,0.0,0.0,1.87,0.0,0.0,0.0167,1,5,1,1,0.0,0.0,0.0,0.0,1.87,0.0,0.0,0.0167,1,0,0,0,0,0
1778676753.626654,2026-05-13 15:52:33,1,1,1,0.0,0.0,0.0,0.0,3.73,0.0,0.0,0.0333,1,1,1,1,0.0,0.0,0.0,0.0,1.87,0.0,0.0,0.0167,1,5,1,1,0.0,0.0,0.0,0.0,1.87,0.0,0.0,0.0167,1,0,0,0,0,0
1778676783.626654,2026-05-13 15:53:03,0,0,0,0.0,0.0,0.0,0.0,0.0,0.0,0.0,0.0,0,1,1,1,0.0,0.0,0.0,0.0,1.87,0.0,0.0,0.0167,1,5,1,1,0.0,0.0,0.0,0.0,1.87,0.0,0.0,0.0167,1,0,0,0,0,0
1778676813.626654,2026-05-13 15:53:33,1,1,1,0.0,0.0,0.0,0.0,3.73,0.0,0.0,0.0333,1,1,1,1,0.0,0.0,0.0,0.0,1.87,0.0,0.0,0.0167,1,5,1,1,0.0,0.0,0.0,0.0,1.87,0.0,0.0,0.0167,1,0,0,0,0,0
1778676843.626654,2026-05-13 15:54:03,1,1,1,0.0,0.0,0.0814,1.0,1.6,0.0,0.0,0.0333,1,2,2,2,0.0,0.0,0.0407,0.5,2.67,0.0625,0.0,0.0167,1,6,2,2,0.0,0.0,0.0136,0.1667,2.03,0.0406,0.0248,0.0167,1,0,0,0,0,0
1778676873.626654,2026-05-13 15:54:33,1,1,1,0.0,0.0,0.0,0.0,3.73,0.0,0.0,0.0333,1,2,2,2,0.0,0.0,0.0407,0.5,2.67,0.0625,0.0,0.0167,1,6,2,2,0.0,0.0,0.0136,0.1667,2.03,0.0406,0.0309,0.0167,1,0,0,0,0,0
1778676903.626654,2026-05-13 15:55:03,0,0,0,0.0,0.0,0.0,0.0,0.0,0.0,0.0,0.0,0,1,1,1,0.0,0.0,0.0,0.0,1.87,0.0,0.0,0.0167,1,6,2,2,0.0,0.0,0.0136,0.1667,2.03,0.0406,0.0309,0.0167,1,0,0,0,0,0
1778676933.626654,2026-05-13 15:55:33,0,0,0,0.0,0.0,0.0,0.0,0.0,0.0,0.0,0.0,0,0,0,0,0.0,0.0,0.0,0.0,0.0,0.0,0.0,0.0,0,5,2,2,0.0,0.0,0.0163,0.2,1.65,0.0451,0.0337,0.0133,1,0,0,0,0,0
1778676963.626654,2026-05-13 15:56:03,0,0,0,0.0,0.0,0.0,0.0,0.0,0.0,0.0,0.0,0,0,0,0,0.0,0.0,0.0,0.0,0.0,0.0,0.0,0.0,0,5,2,2,0.0,0.0,0.0163,0.2,1.65,0.0451,0.0337,0.0133,1,0,0,0,0,0
1778676993.626654,2026-05-13 15:56:33,1,1,1,0.0,0.0,0.0,0.0,3.73,0.0,0.0,0.0333,1,1,1,1,0.0,0.0,0.0,0.0,1.87,0.0,0.0,0.0167,1,5,2,2,0.0,0.0,0.0163,0.2,1.65,0.0451,0.0613,0.0133,1,0,0,0,0,0
1778677023.626654,2026-05-13 15:57:03,1,1,1,0.0,0.0,0.0035,0.0,10.3,0.0,0.0,0.0333,1,2,2,2,0.0,0.0,0.0018,0.0,7.02,0.0625,0.0,0.0167,1,6,3,3,0.0,0.0,0.0142,0.1667,2.68,0.0782,0.0598,0.0133,2,0,0,0,0,0
1778677053.626654,2026-05-13 15:57:33,0,0,0,0.0,0.0,0.0,0.0,0.0,0.0,0.0,0.0,0,1,1,1,0.0,0.0,0.0035,0.0,5.15,0.0,0.0,0.0167,1,5,3,3,0.0,0.0,0.017,0.2,2.31,0.0857,0.0679,0.01,2,0,0,0,0,0
1778677083.626654,2026-05-13 15:58:03,0,0,0,0.0,0.0,0.0,0.0,0.0,0.0,0.0,0.0,0,0,0,0,0.0,0.0,0.0,0.0,0.0,0.0,0.0,0.0,0,5,3,3,0.0,0.0,0.017,0.2,2.31,0.0857,0.0679,0.01,2,0,0,0,0,0
1778677113.626654,2026-05-13 15:58:33,0,0,0,0.0,0.0,0.0,0.0,0.0,0.0,0.0,0.0,0,0,0,0,0.0,0.0,0.0,0.0,0.0,0.0,0.0,0.0,0,4,3,3,0.0,0.0,0.0212,0.25,1.94,0.0938,0.0601,0.0067,2,0,0,0,0,0
1778677143.626654,2026-05-13 15:59:03,0,0,0,0.0,0.0,0.0,0.0,0.0,0.0,0.0,0.0,0,0,0,0,0.0,0.0,0.0,0.0,0.0,0.0,0.0,0.0,0,3,2,2,0.0,0.0,0.0012,0.0,1.78,0.0574,0.0483,0.0067,1,0,0,0,0,0
1778677173.626654,2026-05-13 15:59:33,0,0,0,0.0,0.0,0.0,0.0,0.0,0.0,0.0,0.0,0,0,0,0,0.0,0.0,0.0,0.0,0.0,0.0,0.0,0.0,0,2,2,2,0.0,0.0,0.0018,0.0,1.4,0.0625,0.0,0.0033,1,0,0,0,0,0
1778677203.626654,2026-05-13 16:00:03,8,1,1,0.0,0.2667,0.0338,0.0,34.9,0.0,0.1172,0.2667,1,8,1,1,0.0,0.1333,0.0338,0.0,17.45,0.0,0.1172,0.1333,1,10,3,2,0.0,0.0267,0.0274,0.0,4.89,0.0576,0.2291,0.03,2,0,0,0,0,0
1778677233.626654,2026-05-13 16:00:33,0,0,0,0.0,0.0,0.0,0.0,0.0,0.0,0.0,0.0,0,8,1,1,0.0,0.1333,0.0338,0.0,17.45,0.0,0.1172,0.1333,1,10,3,2,0.0,0.0267,0.0274,0.0,4.89,0.0576,0.2291,0.03,2,0,0,0,0,0
1778677263.626654,2026-05-13 16:01:03,0,0,0,0.0,0.0,0.0,0.0,0.0,0.0,0.0,0.0,0,0,0,0,0.0,0.0,0.0,0.0,0.0,0.0,0.0,0.0,0,10,3,2,0.0,0.0267,0.0274,0.0,4.89,0.0576,0.2291,0.03,2,0,0,0,0,0
1778677293.626654,2026-05-13 16:01:33,0,0,0,0.0,0.0,0.0,0.0,0.0,0.0,0.0,0.0,0,0,0,0,0.0,0.0,0.0,0.0,0.0,0.0,0.0,0.0,0,9,2,1,0.0,0.0267,0.0304,0.0,4.52,0.0315,0.264,0.03,2,0,0,0,0,0
1778677323.626654,2026-05-13 16:02:03,0,0,0,0.0,0.0,0.0,0.0,0.0,0.0,0.0,0.0,0,0,0,0,0.0,0.0,0.0,0.0,0.0,0.0,0.0,0.0,0,8,1,1,0.0,0.0267,0.0338,0.0,3.49,0.0,0.1172,0.0267,1,0,0,0,0,0
1778677353.626654,2026-05-13 16:02:33,1,1,1,0.0,0.0,0.0,0.0,3.73,0.0,0.0,0.0333,1,1,1,1,0.0,0.0,0.0,0.0,1.87,0.0,0.0,0.0167,1,9,2,2,0.0,0.0267,0.03,0.0,3.86,0.0315,0.2638,0.0267,1,0,0,0,0,0
1778677383.626654,2026-05-13 16:03:03,0,0,0,0.0,0.0,0.0,0.0,0.0,0.0,0.0,0.0,0,1,1,1,0.0,0.0,0.0,0.0,1.87,0.0,0.0,0.0167,1,9,2,2,0.0,0.0267,0.03,0.0,3.86,0.0315,0.2638,0.0267,1,0,0,0,0,0
1778677413.626654,2026-05-13 16:03:33,1,1,1,0.0,0.0,0.0,0.0,3.73,0.0,0.0,0.0333,1,1,1,1,0.0,0.0,0.0,0.0,1.87,0.0,0.0,0.0167,1,10,2,2,0.0,0.0267,0.027,0.0,4.24,0.0451,0.2038,0.0267,1,0,0,0,0,0
1778677443.626654,2026-05-13 16:04:03,0,0,0,0.0,0.0,0.0,0.0,0.0,0.0,0.0,0.0,0,1,1,1,0.0,0.0,0.0,0.0,1.87,0.0,0.0,0.0167,1,10,2,2,0.0,0.0267,0.027,0.0,4.24,0.0451,0.2038,0.0267,1,0,0,0,0,0
1778677473.626654,2026-05-13 16:04:33,1,1,1,0.0,0.0,30.1362,0.0,7.47,0.0,0.0,0.0333,1,1,1,1,0.0,0.0,30.1362,0.0,3.73,0.0,0.0,0.0167,1,11,2,2,0.0,0.0267,2.7642,0.0,4.98,0.0528,0.1704,0.0267,1,0,0,0,0,0
1778677503.626654,2026-05-13 16:05:03,0,0,0,0.0,0.0,0.0,0.0,0.0,0.0,0.0,0.0,0,1,1,1,0.0,0.0,30.1362,0.0,3.73,0.0,0.0,0.0167,1,3,1,1,0.0,0.0,10.0454,0.0,1.49,0.0,0.0,0.01,1,0,0,0,0,0
1778677533.626654,2026-05-13 16:05:33,0,0,0,0.0,0.0,0.0,0.0,0.0,0.0,0.0,0.0,0,0,0,0,0.0,0.0,0.0,0.0,0.0,0.0,0.0,0.0,0,3,1,1,0.0,0.0,10.0454,0.0,1.49,0.0,0.0,0.01,1,0,0,0,0,0
1778677563.626654,2026-05-13 16:06:03,1,1,1,0.0,0.0,0.0,0.0,3.73,0.0,0.0,0.0333,1,1,1,1,0.0,0.0,0.0,0.0,1.87,0.0,0.0,0.0167,1,4,1,1,0.0,0.0,7.5341,0.0,1.87,0.0,0.0202,0.0133,1,0,0,0,0,0
1778677593.626654,2026-05-13 16:06:33,0,0,0,0.0,0.0,0.0,0.0,0.0,0.0,0.0,0.0,0,1,1,1,0.0,0.0,0.0,0.0,1.87,0.0,0.0,0.0167,1,4,1,1,0.0,0.0,7.5341,0.0,1.87,0.0,0.0202,0.0133,1,0,0,0,0,0
1778677623.626654,2026-05-13 16:07:03,0,0,0,0.0,0.0,0.0,0.0,0.0,0.0,0.0,0.0,0,0,0,0,0.0,0.0,0.0,0.0,0.0,0.0,0.0,0.0,0,4,1,1,0.0,0.0,7.5341,0.0,1.87,0.0,0.0202,0.0133,1,0,0,0,0,0
1778677653.626654,2026-05-13 16:07:33,0,0,0,0.0,0.0,0.0,0.0,0.0,0.0,0.0,0.0,0,0,0,0,0.0,0.0,0.0,0.0,0.0,0.0,0.0,0.0,0,3,1,1,0.0,0.0,10.0454,0.0,1.49,0.0,0.02,0.01,1,0,0,0,0,0
1778677683.626654,2026-05-13 16:08:03,0,0,0,0.0,0.0,0.0,0.0,0.0,0.0,0.0,0.0,0,0,0,0,0.0,0.0,0.0,0.0,0.0,0.0,0.0,0.0,0,3,1,1,0.0,0.0,10.0454,0.0,1.49,0.0,0.02,0.01,1,0,0,0,0,0
1778677713.626654,2026-05-13 16:08:33,0,0,0,0.0,0.0,0.0,0.0,0.0,0.0,0.0,0.0,0,0,0,0,0.0,0.0,0.0,0.0,0.0,0.0,0.0,0.0,0,2,1,1,0.0,0.0,15.0681,0.0,1.12,0.0,0.0,0.0067,1,0,0,0,0,0
1778677743.626654,2026-05-13 16:09:03,0,0,0,0.0,0.0,0.0,0.0,0.0,0.0,0.0,0.0,0,0,0,0,0.0,0.0,0.0,0.0,0.0,0.0,0.0,0.0,0,2,1,1,0.0,0.0,15.0681,0.0,1.12,0.0,0.0,0.0067,1,0,0,0,0,0
1778677773.626654,2026-05-13 16:09:33,0,0,0,0.0,0.0,0.0,0.0,0.0,0.0,0.0,0.0,0,0,0,0,0.0,0.0,0.0,0.0,0.0,0.0,0.0,0.0,0,1,1,1,0.0,0.0,0.0,0.0,0.37,0.0,0.0,0.0033,1,0,0,0,0,0
1778677803.626654,2026-05-13 16:10:03,0,0,0,0.0,0.0,0.0,0.0,0.0,0.0,0.0,0.0,0,0,0,0,0.0,0.0,0.0,0.0,0.0,0.0,0.0,0.0,0,1,1,1,0.0,0.0,0.0,0.0,0.37,0.0,0.0,0.0033,1,0,0,0,0,0
1778677833.626654,2026-05-13 16:10:33,0,0,0,0.0,0.0,0.0,0.0,0.0,0.0,0.0,0.0,0,0,0,0,0.0,0.0,0.0,0.0,0.0,0.0,0.0,0.0,0,1,1,1,0.0,0.0,0.0,0.0,0.37,0.0,0.0,0.0033,1,0,0,0,0,0
1778677863.626654,2026-05-13 16:11:03,0,0,0,0.0,0.0,0.0,0.0,0.0,0.0,0.0,0.0,0,0,0,0,0.0,0.0,0.0,0.0,0.0,0.0,0.0,0.0,0,0,0,0,0.0,0.0,0.0,0.0,0.0,0.0,0.0,0.0,0,0,0,0,0,0
1778677893.626654,2026-05-13 16:11:33,0,0,0,0.0,0.0,0.0,0.0,0.0,0.0,0.0,0.0,0,0,0,0,0.0,0.0,0.0,0.0,0.0,0.0,0.0,0.0,0,0,0,0,0.0,0.0,0.0,0.0,0.0,0.0,0.0,0.0,0,0,0,0,0,0
1778677923.626654,2026-05-13 16:12:03,0,0,0,0.0,0.0,0.0,0.0,0.0,0.0,0.0,0.0,0,0,0,0,0.0,0.0,0.0,0.0,0.0,0.0,0.0,0.0,0,0,0,0,0.0,0.0,0.0,0.0,0.0,0.0,0.0,0.0,0,0,0,0,0,0
1778677953.626654,2026-05-13 16:12:33,1,1,1,0.0,0.0,0.0,0.0,3.73,0.0,0.0,0.0333,1,1,1,1,0.0,0.0,0.0,0.0,1.87,0.0,0.0,0.0167,1,1,1,1,0.0,0.0,0.0,0.0,0.37,0.0,0.0,0.0033,1,0,0,0,0,0
1778677983.626654,2026-05-13 16:13:03,0,0,0,0.0,0.0,0.0,0.0,0.0,0.0,0.0,0.0,0,1,1,1,0.0,0.0,0.0,0.0,1.87,0.0,0.0,0.0167,1,1,1,1,0.0,0.0,0.0,0.0,0.37,0.0,0.0,0.0033,1,0,0,0,0,0
1778678013.626654,2026-05-13 16:13:33,1,1,1,0.0,0.0,0.0,0.0,3.73,0.0,0.0,0.0333,1,1,1,1,0.0,0.0,0.0,0.0,1.87,0.0,0.0,0.0167,1,2,1,1,0.0,0.0,0.0,0.0,0.75,0.0,0.0,0.0067,1,0,0,0,0,0
1778678043.626654,2026-05-13 16:14:03,0,0,0,0.0,0.0,0.0,0.0,0.0,0.0,0.0,0.0,0,1,1,1,0.0,0.0,0.0,0.0,1.87,0.0,0.0,0.0167,1,2,1,1,0.0,0.0,0.0,0.0,0.75,0.0,0.0,0.0067,1,0,0,0,0,0
1778678073.626654,2026-05-13 16:14:33,1,1,1,0.0,0.0,0.0,0.0,3.73,0.0,0.0,0.0333,1,1,1,1,0.0,0.0,0.0,0.0,1.87,0.0,0.0,0.0167,1,3,1,1,0.0,0.0,0.0,0.0,1.12,0.0,0.0,0.01,1,0,0,0,0,0
1778678103.626654,2026-05-13 16:15:03,0,0,0,0.0,0.0,0.0,0.0,0.0,0.0,0.0,0.0,0,1,1,1,0.0,0.0,0.0,0.0,1.87,0.0,0.0,0.0167,1,3,1,1,0.0,0.0,0.0,0.0,1.12,0.0,0.0,0.01,1,0,0,0,0,0
1778678133.626654,2026-05-13 16:15:33,0,0,0,0.0,0.0,0.0,0.0,0.0,0.0,0.0,0.0,0,0,0,0,0.0,0.0,0.0,0.0,0.0,0.0,0.0,0.0,0,3,1,1,0.0,0.0,0.0,0.0,1.12,0.0,0.0,0.01,1,0,0,0,0,0
1778678163.626654,2026-05-13 16:16:03,0,0,0,0.0,0.0,0.0,0.0,0.0,0.0,0.0,0.0,0,0,0,0,0.0,0.0,0.0,0.0,0.0,0.0,0.0,0.0,0,3,1,1,0.0,0.0,0.0,0.0,1.12,0.0,0.0,0.01,1,0,0,0,0,0
1778678193.626654,2026-05-13 16:16:33,6,2,3,0.0,0.0667,1.1523,0.6667,2293.8,0.0574,0.1567,0.2,2,6,2,3,0.0,0.0333,1.1523,0.6667,1146.9,0.0574,0.1567,0.1,2,9,3,4,0.0,0.0067,0.7682,0.4444,230.5,0.0957,0.1387,0.02,2,0,0,0,0,0
1778678223.626654,2026-05-13 16:17:03,0,0,0,0.0,0.0,0.0,0.0,0.0,0.0,0.0,0.0,0,6,2,3,0.0,0.0333,1.1523,0.6667,1146.9,0.0574,0.1567,0.1,2,9,3,4,0.0,0.0067,0.7682,0.4444,230.5,0.0957,0.1387,0.02,2,0,0,0,0,0
1778678253.626654,2026-05-13 16:17:33,0,0,0,0.0,0.0,0.0,0.0,0.0,0.0,0.0,0.0,0,0,0,0,0.0,0.0,0.0,0.0,0.0,0.0,0.0,0.0,0,8,3,4,0.0,0.0067,0.8642,0.5,230.13,0.0938,0.1668,0.02,2,0,0,0,0,0
1778678283.626654,2026-05-13 16:18:03,0,0,0,0.0,0.0,0.0,0.0,0.0,0.0,0.0,0.0,0,0,0,0,0.0,0.0,0.0,0.0,0.0,0.0,0.0,0.0,0,8,3,4,0.0,0.0067,0.8642,0.5,230.13,0.0938,0.1668,0.02,2,0,0,0,0,0
1778678313.626654,2026-05-13 16:18:33,0,0,0,0.0,0.0,0.0,0.0,0.0,0.0,0.0,0.0,0,0,0,0,0.0,0.0,0.0,0.0,0.0,0.0,0.0,0.0,0,7,3,4,0.0,0.0067,0.9877,0.5714,229.75,0.0862,0.22,0.02,2,0,0,0,0,0
1778678343.626654,2026-05-13 16:19:03,0,0,0,0.0,0.0,0.0,0.0,0.0,0.0,0.0,0.0,0,0,0,0,0.0,0.0,0.0,0.0,0.0,0.0,0.0,0.0,0,7,3,4,0.0,0.0067,0.9877,0.5714,229.75,0.0862,0.22,0.02,2,0,0,0,0,0
1778678373.626654,2026-05-13 16:19:33,0,0,0,0.0,0.0,0.0,0.0,0.0,0.0,0.0,0.0,0,0,0,0,0.0,0.0,0.0,0.0,0.0,0.0,0.0,0.0,0,6,2,3,0.0,0.0067,1.1523,0.6667,229.38,0.0574,0.1567,0.02,2,0,0,0,0,0
1778678403.626654,2026-05-13 16:20:03,0,0,0,0.0,0.0,0.0,0.0,0.0,0.0,0.0,0.0,0,0,0,0,0.0,0.0,0.0,0.0,0.0,0.0,0.0,0.0,0,6,2,3,0.0,0.0067,1.1523,0.6667,229.38,0.0574,0.1567,0.02,2,0,0,0,0,0
1778678433.626654,2026-05-13 16:20:33,0,0,0,0.0,0.0,0.0,0.0,0.0,0.0,0.0,0.0,0,0,0,0,0.0,0.0,0.0,0.0,0.0,0.0,0.0,0.0,0,6,2,3,0.0,0.0067,1.1523,0.6667,229.38,0.0574,0.1567,0.02,2,0,0,0,0,0
1778678463.626654,2026-05-13 16:21:03,0,0,0,0.0,0.0,0.0,0.0,0.0,0.0,0.0,0.0,0,0,0,0,0.0,0.0,0.0,0.0,0.0,0.0,0.0,0.0,0,6,2,3,0.0,0.0067,1.1523,0.6667,229.38,0.0574,0.1567,0.02,2,0,0,0,0,0
1778678493.626654,2026-05-13 16:21:33,0,0,0,0.0,0.0,0.0,0.0,0.0,0.0,0.0,0.0,0,0,0,0,0.0,0.0,0.0,0.0,0.0,0.0,0.0,0.0,0,0,0,0,0.0,0.0,0.0,0.0,0.0,0.0,0.0,0.0,0,0,0,0,0,0
1778678523.626654,2026-05-13 16:22:03,0,0,0,0.0,0.0,0.0,0.0,0.0,0.0,0.0,0.0,0,0,0,0,0.0,0.0,0.0,0.0,0.0,0.0,0.0,0.0,0,0,0,0,0.0,0.0,0.0,0.0,0.0,0.0,0.0,0.0,0,0,0,0,0,0
1778678553.626654,2026-05-13 16:22:33,1,1,1,0.0,0.0,0.0001,0.0,3.73,0.0,0.0,0.0333,1,1,1,1,0.0,0.0,0.0001,0.0,1.87,0.0,0.0,0.0167,1,1,1,1,0.0,0.0,0.0001,0.0,0.37,0.0,0.0,0.0033,1,0,0,0,0,0
1778678583.626654,2026-05-13 16:23:03,0,0,0,0.0,0.0,0.0,0.0,0.0,0.0,0.0,0.0,0,1,1,1,0.0,0.0,0.0001,0.0,1.87,0.0,0.0,0.0167,1,1,1,1,0.0,0.0,0.0001,0.0,0.37,0.0,0.0,0.0033,1,0,0,0,0,0
1778678613.626654,2026-05-13 16:23:33,1,1,1,0.0,0.0,0.0,0.0,3.73,0.0,0.0,0.0333,1,1,1,1,0.0,0.0,0.0,0.0,1.87,0.0,0.0,0.0167,1,2,1,1,0.0,0.0,0.0,0.0,0.75,0.0,0.0,0.0067,1,0,0,0,0,0
1778678643.626654,2026-05-13 16:24:03,0,0,0,0.0,0.0,0.0,0.0,0.0,0.0,0.0,0.0,0,1,1,1,0.0,0.0,0.0,0.0,1.87,0.0,0.0,0.0167,1,2,1,1,0.0,0.0,0.0,0.0,0.75,0.0,0.0,0.0067,1,0,0,0,0,0
1778678673.626654,2026-05-13 16:24:33,1,1,1,0.0,0.0,0.0,0.0,3.73,0.0,0.0,0.0333,1,1,1,1,0.0,0.0,0.0,0.0,1.87,0.0,0.0,0.0167,1,3,1,1,0.0,0.0,0.0,0.0,1.12,0.0,0.0,0.01,1,0,0,0,0,0
1778678703.626654,2026-05-13 16:25:03,0,0,0,0.0,0.0,0.0,0.0,0.0,0.0,0.0,0.0,0,1,1,1,0.0,0.0,0.0,0.0,1.87,0.0,0.0,0.0167,1,3,1,1,0.0,0.0,0.0,0.0,1.12,0.0,0.0,0.01,1,0,0,0,0,0
1778678733.626654,2026-05-13 16:25:33,1,1,1,0.0,0.0,0.0,0.0,3.73,0.0,0.0,0.0333,1,1,1,1,0.0,0.0,0.0,0.0,1.87,0.0,0.0,0.0167,1,4,1,1,0.0,0.0,0.0,0.0,1.49,0.0,0.0,0.0133,1,0,0,0,0,0
1778678763.626654,2026-05-13 16:26:03,0,0,0,0.0,0.0,0.0,0.0,0.0,0.0,0.0,0.0,0,1,1,1,0.0,0.0,0.0,0.0,1.87,0.0,0.0,0.0167,1,4,1,1,0.0,0.0,0.0,0.0,1.49,0.0,0.0,0.0133,1,0,0,0,0,0
1778678793.626654,2026-05-13 16:26:33,1,1,1,0.0,0.0,0.0,0.0,3.73,0.0,0.0,0.0333,1,1,1,1,0.0,0.0,0.0,0.0,1.87,0.0,0.0,0.0167,1,5,1,1,0.0,0.0,0.0,0.0,1.87,0.0,0.0,0.0167,1,0,0,0,0,0
1778678823.626654,2026-05-13 16:27:03,0,0,0,0.0,0.0,0.0,0.0,0.0,0.0,0.0,0.0,0,1,1,1,0.0,0.0,0.0,0.0,1.87,0.0,0.0,0.0167,1,5,1,1,0.0,0.0,0.0,0.0,1.87,0.0,0.0,0.0167,1,0,0,0,0,0
1778678853.626654,2026-05-13 16:27:33,1,1,1,0.0,0.0,0.0,0.0,3.73,0.0,0.0,0.0333,1,1,1,1,0.0,0.0,0.0,0.0,1.87,0.0,0.0,0.0167,1,5,1,1,0.0,0.0,0.0,0.0,1.87,0.0,0.0,0.0167,1,0,0,0,0,0
1778678883.626654,2026-05-13 16:28:03,1,1,1,0.0,0.0,0.0705,1.0,1.6,0.0,0.0,0.0333,1,2,2,2,0.0,0.0,0.0353,0.5,2.67,0.0625,0.0,0.0167,1,6,2,2,0.0,0.0,0.0118,0.1667,2.03,0.0406,0.025,0.0167,1,0,0,0,0,0
1778678913.626654,2026-05-13 16:28:33,1,1,1,0.0,0.0,0.0,0.0,3.73,0.0,0.0,0.0333,1,2,2,2,0.0,0.0,0.0353,0.5,2.67,0.0625,0.0,0.0167,1,6,2,2,0.0,0.0,0.0118,0.1667,2.03,0.0406,0.031,0.0167,1,0,0,0,0,0
1778678943.626654,2026-05-13 16:29:03,0,0,0,0.0,0.0,0.0,0.0,0.0,0.0,0.0,0.0,0,1,1,1,0.0,0.0,0.0,0.0,1.87,0.0,0.0,0.0167,1,6,2,2,0.0,0.0,0.0118,0.1667,2.03,0.0406,0.031,0.0167,1,0,0,0,0,0
1778678973.626654,2026-05-13 16:29:33,1,1,1,0.0,0.0,0.0,0.0,3.73,0.0,0.0,0.0333,1,1,1,1,0.0,0.0,0.0,0.0,1.87,0.0,0.0,0.0167,1,6,2,2,0.0,0.0,0.0118,0.1667,2.03,0.0406,0.0309,0.0167,1,0,0,0,0,0
1778679003.626654,2026-05-13 16:30:03,0,0,0,0.0,0.0,0.0,0.0,0.0,0.0,0.0,0.0,0,1,1,1,0.0,0.0,0.0,0.0,1.87,0.0,0.0,0.0167,1,6,2,2,0.0,0.0,0.0118,0.1667,2.03,0.0406,0.0309,0.0167,1,0,0,0,0,0
1778679033.626654,2026-05-13 16:30:33,1,1,1,0.0,0.0,0.0,0.0,3.73,0.0,0.0,0.0333,1,1,1,1,0.0,0.0,0.0,0.0,1.87,0.0,0.0,0.0167,1,6,2,2,0.0,0.0,0.0118,0.1667,2.03,0.0406,0.031,0.0167,1,0,0,0,0,0
1778679063.626654,2026-05-13 16:31:03,0,0,0,0.0,0.0,0.0,0.0,0.0,0.0,0.0,0.0,0,1,1,1,0.0,0.0,0.0,0.0,1.87,0.0,0.0,0.0167,1,6,2,2,0.0,0.0,0.0118,0.1667,2.03,0.0406,0.031,0.0167,1,0,0,0,0,0
1778679093.626654,2026-05-13 16:31:33,1,1,1,0.0,0.0,0.0,0.0,3.73,0.0,0.0,0.0333,1,1,1,1,0.0,0.0,0.0,0.0,1.87,0.0,0.0,0.0167,1,6,2,2,0.0,0.0,0.0118,0.1667,2.03,0.0406,0.0309,0.0167,1,0,0,0,0,0
1778679123.626654,2026-05-13 16:32:03,0,0,0,0.0,0.0,0.0,0.0,0.0,0.0,0.0,0.0,0,1,1,1,0.0,0.0,0.0,0.0,1.87,0.0,0.0,0.0167,1,6,2,2,0.0,0.0,0.0118,0.1667,2.03,0.0406,0.0309,0.0167,1,0,0,0,0,0
1778679153.626654,2026-05-13 16:32:33,0,0,0,0.0,0.0,0.0,0.0,0.0,0.0,0.0,0.0,0,0,0,0,0.0,0.0,0.0,0.0,0.0,0.0,0.0,0.0,0,5,2,2,0.0,0.0,0.0141,0.2,1.65,0.0451,0.0217,0.0133,1,0,0,0,0,0
1778679183.626654,2026-05-13 16:33:03,0,0,0,0.0,0.0,0.0,0.0,0.0,0.0,0.0,0.0,0,0,0,0,0.0,0.0,0.0,0.0,0.0,0.0,0.0,0.0,0,4,1,1,0.0,0.0,0.0,0.0,1.49,0.0,0.0001,0.0133,1,0,0,0,0,0
1778679213.626654,2026-05-13 16:33:33,0,0,0,0.0,0.0,0.0,0.0,0.0,0.0,0.0,0.0,0,0,0,0,0.0,0.0,0.0,0.0,0.0,0.0,0.0,0.0,0,3,1,1,0.0,0.0,0.0,0.0,1.12,0.0,0.0001,0.01,1,0,0,0,0,0
1778679243.626654,2026-05-13 16:34:03,0,0,0,0.0,0.0,0.0,0.0,0.0,0.0,0.0,0.0,0,0,0,0,0.0,0.0,0.0,0.0,0.0,0.0,0.0,0.0,0,3,1,1,0.0,0.0,0.0,0.0,1.12,0.0,0.0001,0.01,1,0,0,0,0,0
1778679273.626654,2026-05-13 16:34:33,0,0,0,0.0,0.0,0.0,0.0,0.0,0.0,0.0,0.0,0,0,0,0,0.0,0.0,0.0,0.0,0.0,0.0,0.0,0.0,0,2,1,1,0.0,0.0,0.0,0.0,0.75,0.0,0.0,0.0067,1,0,0,0,0,0
1778679303.626654,2026-05-13 16:35:03,0,0,0,0.0,0.0,0.0,0.0,0.0,0.0,0.0,0.0,0,0,0,0,0.0,0.0,0.0,0.0,0.0,0.0,0.0,0.0,0,2,1,1,0.0,0.0,0.0,0.0,0.75,0.0,0.0,0.0067,1,0,0,0,0,0
1778679333.626654,2026-05-13 16:35:33,0,0,0,0.0,0.0,0.0,0.0,0.0,0.0,0.0,0.0,0,0,0,0,0.0,0.0,0.0,0.0,0.0,0.0,0.0,0.0,0,1,1,1,0.0,0.0,0.0,0.0,0.37,0.0,0.0,0.0033,1,0,0,0,0,0
1778679363.626654,2026-05-13 16:36:03,0,0,0,0.0,0.0,0.0,0.0,0.0,0.0,0.0,0.0,0,0,0,0,0.0,0.0,0.0,0.0,0.0,0.0,0.0,0.0,0,1,1,1,0.0,0.0,0.0,0.0,0.37,0.0,0.0,0.0033,1,0,0,0,0,0
1778679393.626654,2026-05-13 16:36:33,0,0,0,0.0,0.0,0.0,0.0,0.0,0.0,0.0,0.0,0,0,0,0,0.0,0.0,0.0,0.0,0.0,0.0,0.0,0.0,0,0,0,0,0.0,0.0,0.0,0.0,0.0,0.0,0.0,0.0,0,0,0,0,0,0
1778679423.626654,2026-05-13 16:37:03,0,0,0,0.0,0.0,0.0,0.0,0.0,0.0,0.0,0.0,0,0,0,0,0.0,0.0,0.0,0.0,0.0,0.0,0.0,0.0,0,0,0,0,0.0,0.0,0.0,0.0,0.0,0.0,0.0,0.0,0,0,0,0,0,0
1778679453.626654,2026-05-13 16:37:33,1,1,1,0.0,0.0,0.0,0.0,3.73,0.0,0.0,0.0333,1,1,1,1,0.0,0.0,0.0,0.0,1.87,0.0,0.0,0.0167,1,1,1,1,0.0,0.0,0.0,0.0,0.37,0.0,0.0,0.0033,1,0,0,0,0,0
1778679483.626654,2026-05-13 16:38:03,0,0,0,0.0,0.0,0.0,0.0,0.0,0.0,0.0,0.0,0,1,1,1,0.0,0.0,0.0,0.0,1.87,0.0,0.0,0.0167,1,1,1,1,0.0,0.0,0.0,0.0,0.37,0.0,0.0,0.0033,1,0,0,0,0,0
1778679513.626654,2026-05-13 16:38:33,1,1,1,0.0,0.0,0.0001,0.0,3.73,0.0,0.0,0.0333,1,1,1,1,0.0,0.0,0.0001,0.0,1.87,0.0,0.0,0.0167,1,2,1,1,0.0,0.0,0.0,0.0,0.75,0.0,0.0,0.0067,1,0,0,0,0,0
1778679543.626654,2026-05-13 16:39:03,0,0,0,0.0,0.0,0.0,0.0,0.0,0.0,0.0,0.0,0,1,1,1,0.0,0.0,0.0001,0.0,1.87,0.0,0.0,0.0167,1,2,1,1,0.0,0.0,0.0,0.0,0.75,0.0,0.0,0.0067,1,0,0,0,0,0
1778679573.626654,2026-05-13 16:39:33,1,1,1,0.0,0.0,0.0006,0.0,3.73,0.0,0.0,0.0333,1,1,1,1,0.0,0.0,0.0006,0.0,1.87,0.0,0.0,0.0167,1,3,1,1,0.0,0.0,0.0002,0.0,1.12,0.0,0.0,0.01,1,0,0,0,0,0
1778679603.626654,2026-05-13 16:40:03,0,0,0,0.0,0.0,0.0,0.0,0.0,0.0,0.0,0.0,0,1,1,1,0.0,0.0,0.0006,0.0,1.87,0.0,0.0,0.0167,1,3,1,1,0.0,0.0,0.0002,0.0,1.12,0.0,0.0,0.01,1,0,0,0,0,0
1778679633.626654,2026-05-13 16:40:33,1,1,1,0.0,0.0,0.0,0.0,3.73,0.0,0.0,0.0333,1,1,1,1,0.0,0.0,0.0,0.0,1.87,0.0,0.0,0.0167,1,4,1,1,0.0,0.0,0.0002,0.0,1.49,0.0,0.0001,0.0133,1,0,0,0,0,0
1778679663.626654,2026-05-13 16:41:03,0,0,0,0.0,0.0,0.0,0.0,0.0,0.0,0.0,0.0,0,1,1,1,0.0,0.0,0.0,0.0,1.87,0.0,0.0,0.0167,1,4,1,1,0.0,0.0,0.0002,0.0,1.49,0.0,0.0001,0.0133,1,0,0,0,0,0
1778679693.626654,2026-05-13 16:41:33,1,1,1,0.0,0.0,0.0,0.0,3.73,0.0,0.0,0.0333,1,1,1,1,0.0,0.0,0.0,0.0,1.87,0.0,0.0,0.0167,1,5,1,1,0.0,0.0,0.0002,0.0,1.87,0.0,0.0001,0.0167,1,0,0,0,0,0
1778679723.626654,2026-05-13 16:42:03,0,0,0,0.0,0.0,0.0,0.0,0.0,0.0,0.0,0.0,0,1,1,1,0.0,0.0,0.0,0.0,1.87,0.0,0.0,0.0167,1,5,1,1,0.0,0.0,0.0002,0.0,1.87,0.0,0.0001,0.0167,1,0,0,0,0,0
1778679753.626654,2026-05-13 16:42:33,0,0,0,0.0,0.0,0.0,0.0,0.0,0.0,0.0,0.0,0,0,0,0,0.0,0.0,0.0,0.0,0.0,0.0,0.0,0.0,0,4,1,1,0.0,0.0,0.0002,0.0,1.49,0.0,0.0,0.0133,1,0,0,0,0,0
1778679783.626654,2026-05-13 16:43:03,0,0,0,0.0,0.0,0.0,0.0,0.0,0.0,0.0,0.0,0,0,0,0,0.0,0.0,0.0,0.0,0.0,0.0,0.0,0.0,0,4,1,1,0.0,0.0,0.0002,0.0,1.49,0.0,0.0,0.0133,1,0,0,0,0,0
1778679813.626654,2026-05-13 16:43:33,0,0,0,0.0,0.0,0.0,0.0,0.0,0.0,0.0,0.0,0,0,0,0,0.0,0.0,0.0,0.0,0.0,0.0,0.0,0.0,0,3,1,1,0.0,0.0,0.0002,0.0,1.12,0.0,0.0,0.01,1,0,0,0,0,0
1778679843.626654,2026-05-13 16:44:03,0,0,0,0.0,0.0,0.0,0.0,0.0,0.0,0.0,0.0,0,0,0,0,0.0,0.0,0.0,0.0,0.0,0.0,0.0,0.0,0,3,1,1,0.0,0.0,0.0002,0.0,1.12,0.0,0.0,0.01,1,0,0,0,0,0
1778679873.626654,2026-05-13 16:44:33,0,0,0,0.0,0.0,0.0,0.0,0.0,0.0,0.0,0.0,0,0,0,0,0.0,0.0,0.0,0.0,0.0,0.0,0.0,0.0,0,2,1,1,0.0,0.0,0.0,0.0,0.75,0.0,0.0,0.0067,1,0,0,0,0,0
1778679903.626654,2026-05-13 16:45:03,0,0,0,0.0,0.0,0.0,0.0,0.0,0.0,0.0,0.0,0,0,0,0,0.0,0.0,0.0,0.0,0.0,0.0,0.0,0.0,0,2,1,1,0.0,0.0,0.0,0.0,0.75,0.0,0.0,0.0067,1,0,0,0,0,0
1778679933.626654,2026-05-13 16:45:33,0,0,0,0.0,0.0,0.0,0.0,0.0,0.0,0.0,0.0,0,0,0,0,0.0,0.0,0.0,0.0,0.0,0.0,0.0,0.0,0,1,1,1,0.0,0.0,0.0,0.0,0.37,0.0,0.0,0.0033,1,0,0,0,0,0
1778679963.626654,2026-05-13 16:46:03,0,0,0,0.0,0.0,0.0,0.0,0.0,0.0,0.0,0.0,0,0,0,0,0.0,0.0,0.0,0.0,0.0,0.0,0.0,0.0,0,1,1,1,0.0,0.0,0.0,0.0,0.37,0.0,0.0,0.0033,1,0,0,0,0,0
1778679993.626654,2026-05-13 16:46:33,0,0,0,0.0,0.0,0.0,0.0,0.0,0.0,0.0,0.0,0,0,0,0,0.0,0.0,0.0,0.0,0.0,0.0,0.0,0.0,0,0,0,0,0.0,0.0,0.0,0.0,0.0,0.0,0.0,0.0,0,0,0,0,0,0
1778680023.626654,2026-05-13 16:47:03,0,0,0,0.0,0.0,0.0,0.0,0.0,0.0,0.0,0.0,0,0,0,0,0.0,0.0,0.0,0.0,0.0,0.0,0.0,0.0,0,0,0,0,0.0,0.0,0.0,0.0,0.0,0.0,0.0,0.0,0,0,0,0,0,0
1778680053.626654,2026-05-13 16:47:33,1,1,1,0.0,0.0,0.0001,0.0,3.73,0.0,0.0,0.0333,1,1,1,1,0.0,0.0,0.0001,0.0,1.87,0.0,0.0,0.0167,1,1,1,1,0.0,0.0,0.0001,0.0,0.37,0.0,0.0,0.0033,1,0,0,0,0,0
1778680083.626654,2026-05-13 16:48:03,0,0,0,0.0,0.0,0.0,0.0,0.0,0.0,0.0,0.0,0,1,1,1,0.0,0.0,0.0001,0.0,1.87,0.0,0.0,0.0167,1,1,1,1,0.0,0.0,0.0001,0.0,0.37,0.0,0.0,0.0033,1,0,0,0,0,0
1778680113.626654,2026-05-13 16:48:33,1,1,1,0.0,0.0,0.0,0.0,3.73,0.0,0.0,0.0333,1,1,1,1,0.0,0.0,0.0,0.0,1.87,0.0,0.0,0.0167,1,2,1,1,0.0,0.0,0.0001,0.0,0.75,0.0,0.0,0.0067,1,0,0,0,0,0
1778680143.626654,2026-05-13 16:49:03,0,0,0,0.0,0.0,0.0,0.0,0.0,0.0,0.0,0.0,0,1,1,1,0.0,0.0,0.0,0.0,1.87,0.0,0.0,0.0167,1,2,1,1,0.0,0.0,0.0001,0.0,0.75,0.0,0.0,0.0067,1,0,0,0,0,0
1778680173.626654,2026-05-13 16:49:33,1,1,1,0.0,0.0,0.0,0.0,3.73,0.0,0.0,0.0333,1,1,1,1,0.0,0.0,0.0,0.0,1.87,0.0,0.0,0.0167,1,3,1,1,0.0,0.0,0.0001,0.0,1.12,0.0,0.0,0.01,1,0,0,0,0,0
1778680203.626654,2026-05-13 16:50:03,0,0,0,0.0,0.0,0.0,0.0,0.0,0.0,0.0,0.0,0,1,1,1,0.0,0.0,0.0,0.0,1.87,0.0,0.0,0.0167,1,3,1,1,0.0,0.0,0.0001,0.0,1.12,0.0,0.0,0.01,1,0,0,0,0,0
1778680233.626654,2026-05-13 16:50:33,1,1,1,0.0,0.0,0.0,0.0,3.73,0.0,0.0,0.0333,1,1,1,1,0.0,0.0,0.0,0.0,1.87,0.0,0.0,0.0167,1,4,1,1,0.0,0.0,0.0001,0.0,1.49,0.0,0.0,0.0133,1,0,0,0,0,0
1778680263.626654,2026-05-13 16:51:03,0,0,0,0.0,0.0,0.0,0.0,0.0,0.0,0.0,0.0,0,1,1,1,0.0,0.0,0.0,0.0,1.87,0.0,0.0,0.0167,1,4,1,1,0.0,0.0,0.0001,0.0,1.49,0.0,0.0,0.0133,1,0,0,0,0,0
1778680293.626654,2026-05-13 16:51:33,1,1,1,0.0,0.0,0.0001,0.0,3.73,0.0,0.0,0.0333,1,1,1,1,0.0,0.0,0.0001,0.0,1.87,0.0,0.0,0.0167,1,5,1,1,0.0,0.0,0.0001,0.0,1.87,0.0,0.0001,0.0167,1,0,0,0,0,0
1778680323.626654,2026-05-13 16:52:03,0,0,0,0.0,0.0,0.0,0.0,0.0,0.0,0.0,0.0,0,1,1,1,0.0,0.0,0.0001,0.0,1.87,0.0,0.0,0.0167,1,5,1,1,0.0,0.0,0.0001,0.0,1.87,0.0,0.0001,0.0167,1,0,0,0,0,0
1778680353.626654,2026-05-13 16:52:33,0,0,0,0.0,0.0,0.0,0.0,0.0,0.0,0.0,0.0,0,0,0,0,0.0,0.0,0.0,0.0,0.0,0.0,0.0,0.0,0,4,1,1,0.0,0.0,0.0,0.0,1.49,0.0,0.0001,0.0133,1,0,0,0,0,0
1778680383.626654,2026-05-13 16:53:03,0,0,0,0.0,0.0,0.0,0.0,0.0,0.0,0.0,0.0,0,0,0,0,0.0,0.0,0.0,0.0,0.0,0.0,0.0,0.0,0,4,1,1,0.0,0.0,0.0,0.0,1.49,0.0,0.0001,0.0133,1,0,0,0,0,0
1778680413.626654,2026-05-13 16:53:33,0,0,0,0.0,0.0,0.0,0.0,0.0,0.0,0.0,0.0,0,0,0,0,0.0,0.0,0.0,0.0,0.0,0.0,0.0,0.0,0,3,1,1,0.0,0.0,0.0,0.0,1.12,0.0,0.0001,0.01,1,0,0,0,0,0
1778680443.626654,2026-05-13 16:54:03,0,0,0,0.0,0.0,0.0,0.0,0.0,0.0,0.0,0.0,0,0,0,0,0.0,0.0,0.0,0.0,0.0,0.0,0.0,0.0,0,3,1,1,0.0,0.0,0.0,0.0,1.12,0.0,0.0001,0.01,1,0,0,0,0,0
1778680473.626654,2026-05-13 16:54:33,0,0,0,0.0,0.0,0.0,0.0,0.0,0.0,0.0,0.0,0,0,0,0,0.0,0.0,0.0,0.0,0.0,0.0,0.0,0.0,0,2,1,1,0.0,0.0,0.0,0.0,0.75,0.0,0.0,0.0067,1,0,0,0,0,0
1778680503.626654,2026-05-13 16:55:03,0,0,0,0.0,0.0,0.0,0.0,0.0,0.0,0.0,0.0,0,0,0,0,0.0,0.0,0.0,0.0,0.0,0.0,0.0,0.0,0,2,1,1,0.0,0.0,0.0,0.0,0.75,0.0,0.0,0.0067,1,0,0,0,0,0
1778680533.626654,2026-05-13 16:55:33,0,0,0,0.0,0.0,0.0,0.0,0.0,0.0,0.0,0.0,0,0,0,0,0.0,0.0,0.0,0.0,0.0,0.0,0.0,0.0,0,1,1,1,0.0,0.0,0.0001,0.0,0.37,0.0,0.0,0.0033,1,0,0,0,0,0
1778680563.626654,2026-05-13 16:56:03,0,0,0,0.0,0.0,0.0,0.0,0.0,0.0,0.0,0.0,0,0,0,0,0.0,0.0,0.0,0.0,0.0,0.0,0.0,0.0,0,1,1,1,0.0,0.0,0.0001,0.0,0.37,0.0,0.0,0.0033,1,0,0,0,0,0
1778680593.626654,2026-05-13 16:56:33,0,0,0,0.0,0.0,0.0,0.0,0.0,0.0,0.0,0.0,0,0,0,0,0.0,0.0,0.0,0.0,0.0,0.0,0.0,0.0,0,0,0,0,0.0,0.0,0.0,0.0,0.0,0.0,0.0,0.0,0,0,0,0,0,0
1778680623.626654,2026-05-13 16:57:03,0,0,0,0.0,0.0,0.0,0.0,0.0,0.0,0.0,0.0,0,0,0,0,0.0,0.0,0.0,0.0,0.0,0.0,0.0,0.0,0,0,0,0,0.0,0.0,0.0,0.0,0.0,0.0,0.0,0.0,0,0,0,0,0,0
1778680653.626654,2026-05-13 16:57:33,0,0,0,0.0,0.0,0.0,0.0,0.0,0.0,0.0,0.0,0,0,0,0,0.0,0.0,0.0,0.0,0.0,0.0,0.0,0.0,0,0,0,0,0.0,0.0,0.0,0.0,0.0,0.0,0.0,0.0,0,0,0,0,0,0
1778680683.626654,2026-05-13 16:58:03,0,0,0,0.0,0.0,0.0,0.0,0.0,0.0,0.0,0.0,0,0,0,0,0.0,0.0,0.0,0.0,0.0,0.0,0.0,0.0,0,0,0,0,0.0,0.0,0.0,0.0,0.0,0.0,0.0,0.0,0,0,0,0,0,0
1778680713.626654,2026-05-13 16:58:33,0,0,0,0.0,0.0,0.0,0.0,0.0,0.0,0.0,0.0,0,0,0,0,0.0,0.0,0.0,0.0,0.0,0.0,0.0,0.0,0,0,0,0,0.0,0.0,0.0,0.0,0.0,0.0,0.0,0.0,0,0,0,0,0,0
1778680743.626654,2026-05-13 16:59:03,0,0,0,0.0,0.0,0.0,0.0,0.0,0.0,0.0,0.0,0,0,0,0,0.0,0.0,0.0,0.0,0.0,0.0,0.0,0.0,0,0,0,0,0.0,0.0,0.0,0.0,0.0,0.0,0.0,0.0,0,0,0,0,0,0
1778680773.626654,2026-05-13 16:59:33,0,0,0,0.0,0.0,0.0,0.0,0.0,0.0,0.0,0.0,0,0,0,0,0.0,0.0,0.0,0.0,0.0,0.0,0.0,0.0,0,0,0,0,0.0,0.0,0.0,0.0,0.0,0.0,0.0,0.0,0,0,0,0,0,0
1778680803.626654,2026-05-13 17:00:03,11,1,1,0.0,0.3667,0.0514,0.0,50.33,0.0,0.0775,0.3667,1,11,1,1,0.0,0.1833,0.0514,0.0,25.17,0.0,0.0775,0.1833,1,11,1,1,0.0,0.0367,0.0514,0.0,5.03,0.0,0.0775,0.0367,1,0,0,0,0,0
1778680833.626654,2026-05-13 17:00:33,1,1,1,0.0,0.0,9.716,1.0,0.0,0.0,0.0,0.0333,1,12,2,2,0.0,0.1833,0.8568,0.0833,25.17,0.0259,0.3015,0.1833,1,12,2,2,0.0,0.0367,0.8568,0.0833,5.03,0.0259,0.3015,0.0367,1,0,0,0,0,0
1778680863.626654,2026-05-13 17:01:03,0,0,0,0.0,0.0,0.0,0.0,0.0,0.0,0.0,0.0,0,1,1,1,0.0,0.0,9.716,1.0,0.0,0.0,0.0,0.0167,1,12,2,2,0.0,0.0367,0.8568,0.0833,5.03,0.0259,0.3015,0.0367,1,0,0,0,0,0
1778680893.626654,2026-05-13 17:01:33,0,0,0,0.0,0.0,0.0,0.0,0.0,0.0,0.0,0.0,0,0,0,0,0.0,0.0,0.0,0.0,0.0,0.0,0.0,0.0,0,12,2,2,0.0,0.0367,0.8568,0.0833,5.03,0.0259,0.3015,0.0367,1,0,0,0,0,0
1778680923.626654,2026-05-13 17:02:03,1,1,1,0.0,0.0,0.0711,1.0,1.6,0.0,0.0,0.0333,1,1,1,1,0.0,0.0,0.0711,1.0,0.8,0.0,0.0,0.0167,1,13,3,3,0.0,0.0367,0.7964,0.1538,5.19,0.0483,0.2739,0.04,2,0,0,0,0,0
1778680953.626654,2026-05-13 17:02:33,1,1,1,0.0,0.0,0.0001,0.0,3.73,0.0,0.0,0.0333,1,2,2,2,0.0,0.0,0.0356,0.5,2.67,0.0625,0.0,0.0167,1,14,3,4,0.0,0.0367,0.7395,0.1429,5.57,0.0591,0.2273,0.04,2,0,0,0,0,0
1778680983.626654,2026-05-13 17:03:03,0,0,0,0.0,0.0,0.0,0.0,0.0,0.0,0.0,0.0,0,1,1,1,0.0,0.0,0.0001,0.0,1.87,0.0,0.0,0.0167,1,14,3,4,0.0,0.0367,0.7395,0.1429,5.57,0.0591,0.2273,0.04,2,0,0,0,0,0
1778681013.626654,2026-05-13 17:03:33,1,1,1,0.0,0.0,0.0001,0.0,3.73,0.0,0.0,0.0333,1,1,1,1,0.0,0.0,0.0001,0.0,1.87,0.0,0.0,0.0167,1,15,3,4,0.0,0.0367,0.6902,0.1333,5.94,0.0658,0.1879,0.04,2,0,0,0,0,0
1778681043.626654,2026-05-13 17:04:03,0,0,0,0.0,0.0,0.0,0.0,0.0,0.0,0.0,0.0,0,1,1,1,0.0,0.0,0.0001,0.0,1.87,0.0,0.0,0.0167,1,15,3,4,0.0,0.0367,0.6902,0.1333,5.94,0.0658,0.1879,0.04,2,0,0,0,0,0
1778681073.626654,2026-05-13 17:04:33,1,1,1,0.0,0.0,0.0,0.0,3.73,0.0,0.0,0.0333,1,1,1,1,0.0,0.0,0.0,0.0,1.87,0.0,0.0,0.0167,1,16,3,4,0.0,0.0367,0.6471,0.125,6.31,0.0701,0.1636,0.04,2,0,0,0,0,0
1778681103.626654,2026-05-13 17:05:03,0,0,0,0.0,0.0,0.0,0.0,0.0,0.0,0.0,0.0,0,1,1,1,0.0,0.0,0.0,0.0,1.87,0.0,0.0,0.0167,1,5,2,3,0.0,0.0,1.9575,0.4,1.28,0.0451,0.0349,0.01,1,0,0,0,0,0
1778681133.626654,2026-05-13 17:05:33,0,0,0,0.0,0.0,0.0,0.0,0.0,0.0,0.0,0.0,0,0,0,0,0.0,0.0,0.0,0.0,0.0,0.0,0.0,0.0,0,4,2,2,0.0,0.0,0.0178,0.25,1.28,0.0507,0.0237,0.01,1,0,0,0,0,0
1778681163.626654,2026-05-13 17:06:03,0,0,0,0.0,0.0,0.0,0.0,0.0,0.0,0.0,0.0,0,0,0,0,0.0,0.0,0.0,0.0,0.0,0.0,0.0,0.0,0,4,2,2,0.0,0.0,0.0178,0.25,1.28,0.0507,0.0237,0.01,1,0,0,0,0,0
1778681193.626654,2026-05-13 17:06:33,0,0,0,0.0,0.0,0.0,0.0,0.0,0.0,0.0,0.0,0,0,0,0,0.0,0.0,0.0,0.0,0.0,0.0,0.0,0.0,0,4,2,2,0.0,0.0,0.0178,0.25,1.28,0.0507,0.0237,0.01,1,0,0,0,0,0
1778681223.626654,2026-05-13 17:07:03,1,1,1,0.0,0.0,0.0001,0.0,3.73,0.0,0.0,0.0333,1,1,1,1,0.0,0.0,0.0001,0.0,1.87,0.0,0.0,0.0167,1,4,1,1,0.0,0.0,0.0001,0.0,1.49,0.0,0.0353,0.0133,1,0,0,0,0,0
1778681253.626654,2026-05-13 17:07:33,0,0,0,0.0,0.0,0.0,0.0,0.0,0.0,0.0,0.0,0,1,1,1,0.0,0.0,0.0001,0.0,1.87,0.0,0.0,0.0167,1,3,1,1,0.0,0.0,0.0001,0.0,1.12,0.0,0.0333,0.01,1,0,0,0,0,0
1778681283.626654,2026-05-13 17:08:03,1,1,1,0.0,0.0,0.0,0.0,3.73,0.0,0.0,0.0333,1,1,1,1,0.0,0.0,0.0,0.0,1.87,0.0,0.0,0.0167,1,4,1,1,0.0,0.0,0.0001,0.0,1.49,0.0,0.0353,0.0133,1,0,0,0,0,0
1778681313.626654,2026-05-13 17:08:33,0,0,0,0.0,0.0,0.0,0.0,0.0,0.0,0.0,0.0,0,1,1,1,0.0,0.0,0.0,0.0,1.87,0.0,0.0,0.0167,1,3,1,1,0.0,0.0,0.0,0.0,1.12,0.0,0.0333,0.01,1,0,0,0,0,0
1778681343.626654,2026-05-13 17:09:03,1,1,1,0.0,0.0,0.0,0.0,3.73,0.0,0.0,0.0333,1,1,1,1,0.0,0.0,0.0,0.0,1.87,0.0,0.0,0.0167,1,4,1,1,0.0,0.0,0.0,0.0,1.49,0.0,0.0353,0.0133,1,0,0,0,0,0
1778681373.626654,2026-05-13 17:09:33,0,0,0,0.0,0.0,0.0,0.0,0.0,0.0,0.0,0.0,0,1,1,1,0.0,0.0,0.0,0.0,1.87,0.0,0.0,0.0167,1,3,1,1,0.0,0.0,0.0,0.0,1.12,0.0,0.0,0.01,1,0,0,0,0,0
1778681403.626654,2026-05-13 17:10:03,1,1,1,0.0,0.0,0.0,0.0,3.73,0.0,0.0,0.0333,1,1,1,1,0.0,0.0,0.0,0.0,1.87,0.0,0.0,0.0167,1,4,1,1,0.0,0.0,0.0,0.0,1.49,0.0,0.0001,0.0133,1,0,0,0,0,0
1778681433.626654,2026-05-13 17:10:33,0,0,0,0.0,0.0,0.0,0.0,0.0,0.0,0.0,0.0,0,1,1,1,0.0,0.0,0.0,0.0,1.87,0.0,0.0,0.0167,1,4,1,1,0.0,0.0,0.0,0.0,1.49,0.0,0.0001,0.0133,1,0,0,0,0,0
1778681463.626654,2026-05-13 17:11:03,1,1,1,0.0,0.0,0.0,0.0,3.73,0.0,0.0,0.0333,1,1,1,1,0.0,0.0,0.0,0.0,1.87,0.0,0.0,0.0167,1,5,1,1,0.0,0.0,0.0,0.0,1.87,0.0,0.0001,0.0167,1,0,0,0,0,0
1778681493.626654,2026-05-13 17:11:33,0,0,0,0.0,0.0,0.0,0.0,0.0,0.0,0.0,0.0,0,1,1,1,0.0,0.0,0.0,0.0,1.87,0.0,0.0,0.0167,1,5,1,1,0.0,0.0,0.0,0.0,1.87,0.0,0.0001,0.0167,1,0,0,0,0,0
1778681523.626654,2026-05-13 17:12:03,1,1,1,0.0,0.0,0.0,0.0,3.73,0.0,0.0,0.0333,1,1,1,1,0.0,0.0,0.0,0.0,1.87,0.0,0.0,0.0167,1,5,1,1,0.0,0.0,0.0,0.0,1.87,0.0,0.0001,0.0167,1,0,0,0,0,0
1778681553.626654,2026-05-13 17:12:33,0,0,0,0.0,0.0,0.0,0.0,0.0,0.0,0.0,0.0,0,1,1,1,0.0,0.0,0.0,0.0,1.87,0.0,0.0,0.0167,1,5,1,1,0.0,0.0,0.0,0.0,1.87,0.0,0.0001,0.0167,1,0,0,0,0,0
1778681583.626654,2026-05-13 17:13:03,1,1,1,0.0,0.0,0.0,0.0,3.73,0.0,0.0,0.0333,1,1,1,1,0.0,0.0,0.0,0.0,1.87,0.0,0.0,0.0167,1,5,1,1,0.0,0.0,0.0,0.0,1.87,0.0,0.0001,0.0167,1,0,0,0,0,0
1778681613.626654,2026-05-13 17:13:33,0,0,0,0.0,0.0,0.0,0.0,0.0,0.0,0.0,0.0,0,1,1,1,0.0,0.0,0.0,0.0,1.87,0.0,0.0,0.0167,1,5,1,1,0.0,0.0,0.0,0.0,1.87,0.0,0.0001,0.0167,1,0,0,0,0,0
1778681643.626654,2026-05-13 17:14:03,1,1,1,0.0,0.0,0.0,0.0,3.73,0.0,0.0,0.0333,1,1,1,1,0.0,0.0,0.0,0.0,1.87,0.0,0.0,0.0167,1,5,1,1,0.0,0.0,0.0,0.0,1.87,0.0,0.0,0.0167,1,0,0,0,0,0
1778681673.626654,2026-05-13 17:14:33,0,0,0,0.0,0.0,0.0,0.0,0.0,0.0,0.0,0.0,0,1,1,1,0.0,0.0,0.0,0.0,1.87,0.0,0.0,0.0167,1,5,1,1,0.0,0.0,0.0,0.0,1.87,0.0,0.0,0.0167,1,0,0,0,0,0
1778681703.626654,2026-05-13 17:15:03,1,1,1,0.0,0.0,0.0,0.0,3.73,0.0,0.0,0.0333,1,1,1,1,0.0,0.0,0.0,0.0,1.87,0.0,0.0,0.0167,1,5,1,1,0.0,0.0,0.0,0.0,1.87,0.0,0.0,0.0167,1,0,0,0,0,0
1778681733.626654,2026-05-13 17:15:33,0,0,0,0.0,0.0,0.0,0.0,0.0,0.0,0.0,0.0,0,1,1,1,0.0,0.0,0.0,0.0,1.87,0.0,0.0,0.0167,1,5,1,1,0.0,0.0,0.0,0.0,1.87,0.0,0.0,0.0167,1,0,0,0,0,0
1778681763.626654,2026-05-13 17:16:03,1,1,1,0.0,0.0,0.0,0.0,3.73,0.0,0.0,0.0333,1,1,1,1,0.0,0.0,0.0,0.0,1.87,0.0,0.0,0.0167,1,5,1,1,0.0,0.0,0.0,0.0,1.87,0.0,0.0,0.0167,1,0,0,0,0,0
1778681793.626654,2026-05-13 17:16:33,0,0,0,0.0,0.0,0.0,0.0,0.0,0.0,0.0,0.0,0,1,1,1,0.0,0.0,0.0,0.0,1.87,0.0,0.0,0.0167,1,5,1,1,0.0,0.0,0.0,0.0,1.87,0.0,0.0,0.0167,1,0,0,0,0,0
1778681823.626654,2026-05-13 17:17:03,1,1,1,0.0,0.0,0.0001,0.0,3.73,0.0,0.0,0.0333,1,1,1,1,0.0,0.0,0.0001,0.0,1.87,0.0,0.0,0.0167,1,5,1,1,0.0,0.0,0.0,0.0,1.87,0.0,0.0001,0.0167,1,0,0,0,0,0
1778681853.626654,2026-05-13 17:17:33,0,0,0,0.0,0.0,0.0,0.0,0.0,0.0,0.0,0.0,0,1,1,1,0.0,0.0,0.0001,0.0,1.87,0.0,0.0,0.0167,1,5,1,1,0.0,0.0,0.0,0.0,1.87,0.0,0.0001,0.0167,1,0,0,0,0,0
1778681883.626654,2026-05-13 17:18:03,1,1,1,0.0,0.0,0.0,0.0,3.73,0.0,0.0,0.0333,1,1,1,1,0.0,0.0,0.0,0.0,1.87,0.0,0.0,0.0167,1,5,1,1,0.0,0.0,0.0,0.0,1.87,0.0,0.0002,0.0167,1,0,0,0,0,0
1778681913.626654,2026-05-13 17:18:33,0,0,0,0.0,0.0,0.0,0.0,0.0,0.0,0.0,0.0,0,1,1,1,0.0,0.0,0.0,0.0,1.87,0.0,0.0,0.0167,1,5,1,1,0.0,0.0,0.0,0.0,1.87,0.0,0.0002,0.0167,1,0,0,0,0,0
1778681943.626654,2026-05-13 17:19:03,1,1,1,0.0,0.0,0.0,0.0,3.73,0.0,0.0,0.0333,1,1,1,1,0.0,0.0,0.0,0.0,1.87,0.0,0.0,0.0167,1,5,1,1,0.0,0.0,0.0,0.0,1.87,0.0,0.0002,0.0167,1,0,0,0,0,0
1778681973.626654,2026-05-13 17:19:33,0,0,0,0.0,0.0,0.0,0.0,0.0,0.0,0.0,0.0,0,1,1,1,0.0,0.0,0.0,0.0,1.87,0.0,0.0,0.0167,1,5,1,1,0.0,0.0,0.0,0.0,1.87,0.0,0.0002,0.0167,1,0,0,0,0,0
1778682003.626654,2026-05-13 17:20:03,1,1,1,0.0,0.0,0.0,0.0,3.73,0.0,0.0,0.0333,1,1,1,1,0.0,0.0,0.0,0.0,1.87,0.0,0.0,0.0167,1,5,1,1,0.0,0.0,0.0,0.0,1.87,0.0,0.0002,0.0167,1,0,0,0,0,0
1778682033.626654,2026-05-13 17:20:33,0,0,0,0.0,0.0,0.0,0.0,0.0,0.0,0.0,0.0,0,1,1,1,0.0,0.0,0.0,0.0,1.87,0.0,0.0,0.0167,1,5,1,1,0.0,0.0,0.0,0.0,1.87,0.0,0.0002,0.0167,1,0,0,0,0,0
1778682063.626654,2026-05-13 17:21:03,1,1,1,0.0,0.0,0.0,0.0,3.73,0.0,0.0,0.0333,1,1,1,1,0.0,0.0,0.0,0.0,1.87,0.0,0.0,0.0167,1,5,1,1,0.0,0.0,0.0,0.0,1.87,0.0,0.0001,0.0167,1,0,0,0,0,0
1778682093.626654,2026-05-13 17:21:33,0,0,0,0.0,0.0,0.0,0.0,0.0,0.0,0.0,0.0,0,1,1,1,0.0,0.0,0.0,0.0,1.87,0.0,0.0,0.0167,1,5,1,1,0.0,0.0,0.0,0.0,1.87,0.0,0.0001,0.0167,1,0,0,0,0,0
1778682123.626654,2026-05-13 17:22:03,1,1,1,0.0,0.0,0.0,0.0,3.73,0.0,0.0,0.0333,1,1,1,1,0.0,0.0,0.0,0.0,1.87,0.0,0.0,0.0167,1,5,1,1,0.0,0.0,0.0,0.0,1.87,0.0,0.0001,0.0167,1,0,0,0,0,0
1778682153.626654,2026-05-13 17:22:33,0,0,0,0.0,0.0,0.0,0.0,0.0,0.0,0.0,0.0,0,1,1,1,0.0,0.0,0.0,0.0,1.87,0.0,0.0,0.0167,1,5,1,1,0.0,0.0,0.0,0.0,1.87,0.0,0.0001,0.0167,1,0,0,0,0,0
1778682183.626654,2026-05-13 17:23:03,1,1,1,0.0,0.0,0.0,0.0,3.73,0.0,0.0,0.0333,1,1,1,1,0.0,0.0,0.0,0.0,1.87,0.0,0.0,0.0167,1,5,1,1,0.0,0.0,0.0,0.0,1.87,0.0,0.0,0.0167,1,0,0,0,0,0
1778682213.626654,2026-05-13 17:23:33,0,0,0,0.0,0.0,0.0,0.0,0.0,0.0,0.0,0.0,0,1,1,1,0.0,0.0,0.0,0.0,1.87,0.0,0.0,0.0167,1,5,1,1,0.0,0.0,0.0,0.0,1.87,0.0,0.0,0.0167,1,0,0,0,0,0
1778682243.626654,2026-05-13 17:24:03,1,1,1,0.0,0.0,0.0,0.0,3.73,0.0,0.0,0.0333,1,1,1,1,0.0,0.0,0.0,0.0,1.87,0.0,0.0,0.0167,1,5,1,1,0.0,0.0,0.0,0.0,1.87,0.0,0.0,0.0167,1,0,0,0,0,0
1778682273.626654,2026-05-13 17:24:33,0,0,0,0.0,0.0,0.0,0.0,0.0,0.0,0.0,0.0,0,1,1,1,0.0,0.0,0.0,0.0,1.87,0.0,0.0,0.0167,1,5,1,1,0.0,0.0,0.0,0.0,1.87,0.0,0.0,0.0167,1,0,0,0,0,0
1778682303.626654,2026-05-13 17:25:03,1,1,1,0.0,0.0,0.0,0.0,3.73,0.0,0.0,0.0333,1,1,1,1,0.0,0.0,0.0,0.0,1.87,0.0,0.0,0.0167,1,5,1,1,0.0,0.0,0.0,0.0,1.87,0.0,0.0,0.0167,1,0,0,0,0,0
1778682333.626654,2026-05-13 17:25:33,0,0,0,0.0,0.0,0.0,0.0,0.0,0.0,0.0,0.0,0,1,1,1,0.0,0.0,0.0,0.0,1.87,0.0,0.0,0.0167,1,5,1,1,0.0,0.0,0.0,0.0,1.87,0.0,0.0,0.0167,1,0,0,0,0,0
1778682363.626654,2026-05-13 17:26:03,1,1,1,0.0,0.0,0.0,0.0,3.73,0.0,0.0,0.0333,1,1,1,1,0.0,0.0,0.0,0.0,1.87,0.0,0.0,0.0167,1,5,1,1,0.0,0.0,0.0,0.0,1.87,0.0,0.0,0.0167,1,0,0,0,0,0
1778682393.626654,2026-05-13 17:26:33,0,0,0,0.0,0.0,0.0,0.0,0.0,0.0,0.0,0.0,0,1,1,1,0.0,0.0,0.0,0.0,1.87,0.0,0.0,0.0167,1,5,1,1,0.0,0.0,0.0,0.0,1.87,0.0,0.0,0.0167,1,0,0,0,0,0
1778682423.626654,2026-05-13 17:27:03,1,1,1,0.0,0.0,0.0,0.0,3.73,0.0,0.0,0.0333,1,1,1,1,0.0,0.0,0.0,0.0,1.87,0.0,0.0,0.0167,1,5,1,1,0.0,0.0,0.0,0.0,1.87,0.0,0.0001,0.0167,1,0,0,0,0,0
1778682453.626654,2026-05-13 17:27:33,0,0,0,0.0,0.0,0.0,0.0,0.0,0.0,0.0,0.0,0,1,1,1,0.0,0.0,0.0,0.0,1.87,0.0,0.0,0.0167,1,5,1,1,0.0,0.0,0.0,0.0,1.87,0.0,0.0001,0.0167,1,0,0,0,0,0
1778682483.626654,2026-05-13 17:28:03,0,0,0,0.0,0.0,0.0,0.0,0.0,0.0,0.0,0.0,0,0,0,0,0.0,0.0,0.0,0.0,0.0,0.0,0.0,0.0,0,4,1,1,0.0,0.0,0.0,0.0,1.49,0.0,0.0001,0.0133,1,0,0,0,0,0
1778682513.626654,2026-05-13 17:28:33,0,0,0,0.0,0.0,0.0,0.0,0.0,0.0,0.0,0.0,0,0,0,0,0.0,0.0,0.0,0.0,0.0,0.0,0.0,0.0,0,4,1,1,0.0,0.0,0.0,0.0,1.49,0.0,0.0001,0.0133,1,0,0,0,0,0
1778682543.626654,2026-05-13 17:29:03,0,0,0,0.0,0.0,0.0,0.0,0.0,0.0,0.0,0.0,0,0,0,0,0.0,0.0,0.0,0.0,0.0,0.0,0.0,0.0,0,3,1,1,0.0,0.0,0.0,0.0,1.12,0.0,0.0001,0.01,1,0,0,0,0,0
1778682573.626654,2026-05-13 17:29:33,0,0,0,0.0,0.0,0.0,0.0,0.0,0.0,0.0,0.0,0,0,0,0,0.0,0.0,0.0,0.0,0.0,0.0,0.0,0.0,0,3,1,1,0.0,0.0,0.0,0.0,1.12,0.0,0.0001,0.01,1,0,0,0,0,0
1778682603.626654,2026-05-13 17:30:03,0,0,0,0.0,0.0,0.0,0.0,0.0,0.0,0.0,0.0,0,0,0,0,0.0,0.0,0.0,0.0,0.0,0.0,0.0,0.0,0,2,1,1,0.0,0.0,0.0,0.0,0.75,0.0,0.0,0.0067,1,0,0,0,0,0
1778682633.626654,2026-05-13 17:30:33,0,0,0,0.0,0.0,0.0,0.0,0.0,0.0,0.0,0.0,0,0,0,0,0.0,0.0,0.0,0.0,0.0,0.0,0.0,0.0,0,2,1,1,0.0,0.0,0.0,0.0,0.75,0.0,0.0,0.0067,1,0,0,0,0,0
1778682663.626654,2026-05-13 17:31:03,0,0,0,0.0,0.0,0.0,0.0,0.0,0.0,0.0,0.0,0,0,0,0,0.0,0.0,0.0,0.0,0.0,0.0,0.0,0.0,0,1,1,1,0.0,0.0,0.0,0.0,0.37,0.0,0.0,0.0033,1,0,0,0,0,0
1778682693.626654,2026-05-13 17:31:33,0,0,0,0.0,0.0,0.0,0.0,0.0,0.0,0.0,0.0,0,0,0,0,0.0,0.0,0.0,0.0,0.0,0.0,0.0,0.0,0,1,1,1,0.0,0.0,0.0,0.0,0.37,0.0,0.0,0.0033,1,0,0,0,0,0
1778682723.626654,2026-05-13 17:32:03,0,0,0,0.0,0.0,0.0,0.0,0.0,0.0,0.0,0.0,0,0,0,0,0.0,0.0,0.0,0.0,0.0,0.0,0.0,0.0,0,0,0,0,0.0,0.0,0.0,0.0,0.0,0.0,0.0,0.0,0,0,0,0,0,0
1778682753.626654,2026-05-13 17:32:33,0,0,0,0.0,0.0,0.0,0.0,0.0,0.0,0.0,0.0,0,0,0,0,0.0,0.0,0.0,0.0,0.0,0.0,0.0,0.0,0,0,0,0,0.0,0.0,0.0,0.0,0.0,0.0,0.0,0.0,0,0,0,0,0,0
1778682783.626654,2026-05-13 17:33:03,0,0,0,0.0,0.0,0.0,0.0,0.0,0.0,0.0,0.0,0,0,0,0,0.0,0.0,0.0,0.0,0.0,0.0,0.0,0.0,0,0,0,0,0.0,0.0,0.0,0.0,0.0,0.0,0.0,0.0,0,0,0,0,0,0
1778682813.626654,2026-05-13 17:33:33,0,0,0,0.0,0.0,0.0,0.0,0.0,0.0,0.0,0.0,0,0,0,0,0.0,0.0,0.0,0.0,0.0,0.0,0.0,0.0,0,0,0,0,0.0,0.0,0.0,0.0,0.0,0.0,0.0,0.0,0,0,0,0,0,0
1778682843.626654,2026-05-13 17:34:03,0,0,0,0.0,0.0,0.0,0.0,0.0,0.0,0.0,0.0,0,0,0,0,0.0,0.0,0.0,0.0,0.0,0.0,0.0,0.0,0,0,0,0,0.0,0.0,0.0,0.0,0.0,0.0,0.0,0.0,0,0,0,0,0,0
1778682873.626654,2026-05-13 17:34:33,0,0,0,0.0,0.0,0.0,0.0,0.0,0.0,0.0,0.0,0,0,0,0,0.0,0.0,0.0,0.0,0.0,0.0,0.0,0.0,0,0,0,0,0.0,0.0,0.0,0.0,0.0,0.0,0.0,0.0,0,0,0,0,0,0
1778682903.626654,2026-05-13 17:35:03,0,0,0,0.0,0.0,0.0,0.0,0.0,0.0,0.0,0.0,0,0,0,0,0.0,0.0,0.0,0.0,0.0,0.0,0.0,0.0,0,0,0,0,0.0,0.0,0.0,0.0,0.0,0.0,0.0,0.0,0,0,0,0,0,0
1778682933.626654,2026-05-13 17:35:33,0,0,0,0.0,0.0,0.0,0.0,0.0,0.0,0.0,0.0,0,0,0,0,0.0,0.0,0.0,0.0,0.0,0.0,0.0,0.0,0,0,0,0,0.0,0.0,0.0,0.0,0.0,0.0,0.0,0.0,0,0,0,0,0,0
1778682963.626654,2026-05-13 17:36:03,0,0,0,0.0,0.0,0.0,0.0,0.0,0.0,0.0,0.0,0,0,0,0,0.0,0.0,0.0,0.0,0.0,0.0,0.0,0.0,0,0,0,0,0.0,0.0,0.0,0.0,0.0,0.0,0.0,0.0,0,0,0,0,0,0
1778682993.626654,2026-05-13 17:36:33,0,0,0,0.0,0.0,0.0,0.0,0.0,0.0,0.0,0.0,0,0,0,0,0.0,0.0,0.0,0.0,0.0,0.0,0.0,0.0,0,0,0,0,0.0,0.0,0.0,0.0,0.0,0.0,0.0,0.0,0,0,0,0,0,0
1778683023.626654,2026-05-13 17:37:03,0,0,0,0.0,0.0,0.0,0.0,0.0,0.0,0.0,0.0,0,0,0,0,0.0,0.0,0.0,0.0,0.0,0.0,0.0,0.0,0,0,0,0,0.0,0.0,0.0,0.0,0.0,0.0,0.0,0.0,0,0,0,0,0,0
1778683053.626654,2026-05-13 17:37:33,0,0,0,0.0,0.0,0.0,0.0,0.0,0.0,0.0,0.0,0,0,0,0,0.0,0.0,0.0,0.0,0.0,0.0,0.0,0.0,0,0,0,0,0.0,0.0,0.0,0.0,0.0,0.0,0.0,0.0,0,0,0,0,0,0
1778683083.626654,2026-05-13 17:38:03,0,0,0,0.0,0.0,0.0,0.0,0.0,0.0,0.0,0.0,0,0,0,0,0.0,0.0,0.0,0.0,0.0,0.0,0.0,0.0,0,0,0,0,0.0,0.0,0.0,0.0,0.0,0.0,0.0,0.0,0,0,0,0,0,0
1778683113.626654,2026-05-13 17:38:33,0,0,0,0.0,0.0,0.0,0.0,0.0,0.0,0.0,0.0,0,0,0,0,0.0,0.0,0.0,0.0,0.0,0.0,0.0,0.0,0,0,0,0,0.0,0.0,0.0,0.0,0.0,0.0,0.0,0.0,0,0,0,0,0,0
1778683143.626654,2026-05-13 17:39:03,0,0,0,0.0,0.0,0.0,0.0,0.0,0.0,0.0,0.0,0,0,0,0,0.0,0.0,0.0,0.0,0.0,0.0,0.0,0.0,0,0,0,0,0.0,0.0,0.0,0.0,0.0,0.0,0.0,0.0,0,0,0,0,0,0
1778683173.626654,2026-05-13 17:39:33,0,0,0,0.0,0.0,0.0,0.0,0.0,0.0,0.0,0.0,0,0,0,0,0.0,0.0,0.0,0.0,0.0,0.0,0.0,0.0,0,0,0,0,0.0,0.0,0.0,0.0,0.0,0.0,0.0,0.0,0,0,0,0,0,0
1778683203.626654,2026-05-13 17:40:03,0,0,0,0.0,0.0,0.0,0.0,0.0,0.0,0.0,0.0,0,0,0,0,0.0,0.0,0.0,0.0,0.0,0.0,0.0,0.0,0,0,0,0,0.0,0.0,0.0,0.0,0.0,0.0,0.0,0.0,0,0,0,0,0,0
1778683233.626654,2026-05-13 17:40:33,0,0,0,0.0,0.0,0.0,0.0,0.0,0.0,0.0,0.0,0,0,0,0,0.0,0.0,0.0,0.0,0.0,0.0,0.0,0.0,0,0,0,0,0.0,0.0,0.0,0.0,0.0,0.0,0.0,0.0,0,0,0,0,0,0
1778683263.626654,2026-05-13 17:41:03,0,0,0,0.0,0.0,0.0,0.0,0.0,0.0,0.0,0.0,0,0,0,0,0.0,0.0,0.0,0.0,0.0,0.0,0.0,0.0,0,0,0,0,0.0,0.0,0.0,0.0,0.0,0.0,0.0,0.0,0,0,0,0,0,0
1778683293.626654,2026-05-13 17:41:33,0,0,0,0.0,0.0,0.0,0.0,0.0,0.0,0.0,0.0,0,0,0,0,0.0,0.0,0.0,0.0,0.0,0.0,0.0,0.0,0,0,0,0,0.0,0.0,0.0,0.0,0.0,0.0,0.0,0.0,0,0,0,0,0,0
1778683323.626654,2026-05-13 17:42:03,0,0,0,0.0,0.0,0.0,0.0,0.0,0.0,0.0,0.0,0,0,0,0,0.0,0.0,0.0,0.0,0.0,0.0,0.0,0.0,0,0,0,0,0.0,0.0,0.0,0.0,0.0,0.0,0.0,0.0,0,0,0,0,0,0
1778683353.626654,2026-05-13 17:42:33,0,0,0,0.0,0.0,0.0,0.0,0.0,0.0,0.0,0.0,0,0,0,0,0.0,0.0,0.0,0.0,0.0,0.0,0.0,0.0,0,0,0,0,0.0,0.0,0.0,0.0,0.0,0.0,0.0,0.0,0,0,0,0,0,0
1778683383.626654,2026-05-13 17:43:03,0,0,0,0.0,0.0,0.0,0.0,0.0,0.0,0.0,0.0,0,0,0,0,0.0,0.0,0.0,0.0,0.0,0.0,0.0,0.0,0,0,0,0,0.0,0.0,0.0,0.0,0.0,0.0,0.0,0.0,0,0,0,0,0,0
1778683413.626654,2026-05-13 17:43:33,0,0,0,0.0,0.0,0.0,0.0,0.0,0.0,0.0,0.0,0,0,0,0,0.0,0.0,0.0,0.0,0.0,0.0,0.0,0.0,0,0,0,0,0.0,0.0,0.0,0.0,0.0,0.0,0.0,0.0,0,0,0,0,0,0
1778683443.626654,2026-05-13 17:44:03,0,0,0,0.0,0.0,0.0,0.0,0.0,0.0,0.0,0.0,0,0,0,0,0.0,0.0,0.0,0.0,0.0,0.0,0.0,0.0,0,0,0,0,0.0,0.0,0.0,0.0,0.0,0.0,0.0,0.0,0,0,0,0,0,0
1778683473.626654,2026-05-13 17:44:33,0,0,0,0.0,0.0,0.0,0.0,0.0,0.0,0.0,0.0,0,0,0,0,0.0,0.0,0.0,0.0,0.0,0.0,0.0,0.0,0,0,0,0,0.0,0.0,0.0,0.0,0.0,0.0,0.0,0.0,0,0,0,0,0,0
1778683503.626654,2026-05-13 17:45:03,0,0,0,0.0,0.0,0.0,0.0,0.0,0.0,0.0,0.0,0,0,0,0,0.0,0.0,0.0,0.0,0.0,0.0,0.0,0.0,0,0,0,0,0.0,0.0,0.0,0.0,0.0,0.0,0.0,0.0,0,0,0,0,0,0
1778683533.626654,2026-05-13 17:45:33,0,0,0,0.0,0.0,0.0,0.0,0.0,0.0,0.0,0.0,0,0,0,0,0.0,0.0,0.0,0.0,0.0,0.0,0.0,0.0,0,0,0,0,0.0,0.0,0.0,0.0,0.0,0.0,0.0,0.0,0,0,0,0,0,0
1778683563.626654,2026-05-13 17:46:03,0,0,0,0.0,0.0,0.0,0.0,0.0,0.0,0.0,0.0,0,0,0,0,0.0,0.0,0.0,0.0,0.0,0.0,0.0,0.0,0,0,0,0,0.0,0.0,0.0,0.0,0.0,0.0,0.0,0.0,0,0,0,0,0,0
1778683593.626654,2026-05-13 17:46:33,0,0,0,0.0,0.0,0.0,0.0,0.0,0.0,0.0,0.0,0,0,0,0,0.0,0.0,0.0,0.0,0.0,0.0,0.0,0.0,0,0,0,0,0.0,0.0,0.0,0.0,0.0,0.0,0.0,0.0,0,0,0,0,0,0
1778683623.626654,2026-05-13 17:47:03,0,0,0,0.0,0.0,0.0,0.0,0.0,0.0,0.0,0.0,0,0,0,0,0.0,0.0,0.0,0.0,0.0,0.0,0.0,0.0,0,0,0,0,0.0,0.0,0.0,0.0,0.0,0.0,0.0,0.0,0,0,0,0,0,0
1778683653.626654,2026-05-13 17:47:33,0,0,0,0.0,0.0,0.0,0.0,0.0,0.0,0.0,0.0,0,0,0,0,0.0,0.0,0.0,0.0,0.0,0.0,0.0,0.0,0,0,0,0,0.0,0.0,0.0,0.0,0.0,0.0,0.0,0.0,0,0,0,0,0,0
1778683683.626654,2026-05-13 17:48:03,0,0,0,0.0,0.0,0.0,0.0,0.0,0.0,0.0,0.0,0,0,0,0,0.0,0.0,0.0,0.0,0.0,0.0,0.0,0.0,0,0,0,0,0.0,0.0,0.0,0.0,0.0,0.0,0.0,0.0,0,0,0,0,0,0
1778683713.626654,2026-05-13 17:48:33,0,0,0,0.0,0.0,0.0,0.0,0.0,0.0,0.0,0.0,0,0,0,0,0.0,0.0,0.0,0.0,0.0,0.0,0.0,0.0,0,0,0,0,0.0,0.0,0.0,0.0,0.0,0.0,0.0,0.0,0,0,0,0,0,0
1778683743.626654,2026-05-13 17:49:03,0,0,0,0.0,0.0,0.0,0.0,0.0,0.0,0.0,0.0,0,0,0,0,0.0,0.0,0.0,0.0,0.0,0.0,0.0,0.0,0,0,0,0,0.0,0.0,0.0,0.0,0.0,0.0,0.0,0.0,0,0,0,0,0,0
1778683773.626654,2026-05-13 17:49:33,0,0,0,0.0,0.0,0.0,0.0,0.0,0.0,0.0,0.0,0,0,0,0,0.0,0.0,0.0,0.0,0.0,0.0,0.0,0.0,0,0,0,0,0.0,0.0,0.0,0.0,0.0,0.0,0.0,0.0,0,0,0,0,0,0
1778683803.626654,2026-05-13 17:50:03,0,0,0,0.0,0.0,0.0,0.0,0.0,0.0,0.0,0.0,0,0,0,0,0.0,0.0,0.0,0.0,0.0,0.0,0.0,0.0,0,0,0,0,0.0,0.0,0.0,0.0,0.0,0.0,0.0,0.0,0,0,0,0,0,0
1778683833.626654,2026-05-13 17:50:33,0,0,0,0.0,0.0,0.0,0.0,0.0,0.0,0.0,0.0,0,0,0,0,0.0,0.0,0.0,0.0,0.0,0.0,0.0,0.0,0,0,0,0,0.0,0.0,0.0,0.0,0.0,0.0,0.0,0.0,0,0,0,0,0,0
1778683863.626654,2026-05-13 17:51:03,0,0,0,0.0,0.0,0.0,0.0,0.0,0.0,0.0,0.0,0,0,0,0,0.0,0.0,0.0,0.0,0.0,0.0,0.0,0.0,0,0,0,0,0.0,0.0,0.0,0.0,0.0,0.0,0.0,0.0,0,0,0,0,0,0
1778683893.626654,2026-05-13 17:51:33,0,0,0,0.0,0.0,0.0,0.0,0.0,0.0,0.0,0.0,0,0,0,0,0.0,0.0,0.0,0.0,0.0,0.0,0.0,0.0,0,0,0,0,0.0,0.0,0.0,0.0,0.0,0.0,0.0,0.0,0,0,0,0,0,0
1778683923.626654,2026-05-13 17:52:03,0,0,0,0.0,0.0,0.0,0.0,0.0,0.0,0.0,0.0,0,0,0,0,0.0,0.0,0.0,0.0,0.0,0.0,0.0,0.0,0,0,0,0,0.0,0.0,0.0,0.0,0.0,0.0,0.0,0.0,0,0,0,0,0,0
1778683953.626654,2026-05-13 17:52:33,0,0,0,0.0,0.0,0.0,0.0,0.0,0.0,0.0,0.0,0,0,0,0,0.0,0.0,0.0,0.0,0.0,0.0,0.0,0.0,0,0,0,0,0.0,0.0,0.0,0.0,0.0,0.0,0.0,0.0,0,0,0,0,0,0
1778683983.626654,2026-05-13 17:53:03,0,0,0,0.0,0.0,0.0,0.0,0.0,0.0,0.0,0.0,0,0,0,0,0.0,0.0,0.0,0.0,0.0,0.0,0.0,0.0,0,0,0,0,0.0,0.0,0.0,0.0,0.0,0.0,0.0,0.0,0,0,0,0,0,0
1778684013.626654,2026-05-13 17:53:33,0,0,0,0.0,0.0,0.0,0.0,0.0,0.0,0.0,0.0,0,0,0,0,0.0,0.0,0.0,0.0,0.0,0.0,0.0,0.0,0,0,0,0,0.0,0.0,0.0,0.0,0.0,0.0,0.0,0.0,0,0,0,0,0,0
1778684043.626654,2026-05-13 17:54:03,0,0,0,0.0,0.0,0.0,0.0,0.0,0.0,0.0,0.0,0,0,0,0,0.0,0.0,0.0,0.0,0.0,0.0,0.0,0.0,0,0,0,0,0.0,0.0,0.0,0.0,0.0,0.0,0.0,0.0,0,0,0,0,0,0
1778684073.626654,2026-05-13 17:54:33,0,0,0,0.0,0.0,0.0,0.0,0.0,0.0,0.0,0.0,0,0,0,0,0.0,0.0,0.0,0.0,0.0,0.0,0.0,0.0,0,0,0,0,0.0,0.0,0.0,0.0,0.0,0.0,0.0,0.0,0,0,0,0,0,0
1778684103.626654,2026-05-13 17:55:03,0,0,0,0.0,0.0,0.0,0.0,0.0,0.0,0.0,0.0,0,0,0,0,0.0,0.0,0.0,0.0,0.0,0.0,0.0,0.0,0,0,0,0,0.0,0.0,0.0,0.0,0.0,0.0,0.0,0.0,0,0,0,0,0,0
1778684133.626654,2026-05-13 17:55:33,0,0,0,0.0,0.0,0.0,0.0,0.0,0.0,0.0,0.0,0,0,0,0,0.0,0.0,0.0,0.0,0.0,0.0,0.0,0.0,0,0,0,0,0.0,0.0,0.0,0.0,0.0,0.0,0.0,0.0,0,0,0,0,0,0
1778684163.626654,2026-05-13 17:56:03,0,0,0,0.0,0.0,0.0,0.0,0.0,0.0,0.0,0.0,0,0,0,0,0.0,0.0,0.0,0.0,0.0,0.0,0.0,0.0,0,0,0,0,0.0,0.0,0.0,0.0,0.0,0.0,0.0,0.0,0,0,0,0,0,0
1778684193.626654,2026-05-13 17:56:33,0,0,0,0.0,0.0,0.0,0.0,0.0,0.0,0.0,0.0,0,0,0,0,0.0,0.0,0.0,0.0,0.0,0.0,0.0,0.0,0,0,0,0,0.0,0.0,0.0,0.0,0.0,0.0,0.0,0.0,0,0,0,0,0,0
1778684223.626654,2026-05-13 17:57:03,0,0,0,0.0,0.0,0.0,0.0,0.0,0.0,0.0,0.0,0,0,0,0,0.0,0.0,0.0,0.0,0.0,0.0,0.0,0.0,0,0,0,0,0.0,0.0,0.0,0.0,0.0,0.0,0.0,0.0,0,0,0,0,0,0
1778684253.626654,2026-05-13 17:57:33,0,0,0,0.0,0.0,0.0,0.0,0.0,0.0,0.0,0.0,0,0,0,0,0.0,0.0,0.0,0.0,0.0,0.0,0.0,0.0,0,0,0,0,0.0,0.0,0.0,0.0,0.0,0.0,0.0,0.0,0,0,0,0,0,0
1778684283.626654,2026-05-13 17:58:03,0,0,0,0.0,0.0,0.0,0.0,0.0,0.0,0.0,0.0,0,0,0,0,0.0,0.0,0.0,0.0,0.0,0.0,0.0,0.0,0,0,0,0,0.0,0.0,0.0,0.0,0.0,0.0,0.0,0.0,0,0,0,0,0,0
1778684313.626654,2026-05-13 17:58:33,0,0,0,0.0,0.0,0.0,0.0,0.0,0.0,0.0,0.0,0,0,0,0,0.0,0.0,0.0,0.0,0.0,0.0,0.0,0.0,0,0,0,0,0.0,0.0,0.0,0.0,0.0,0.0,0.0,0.0,0,0,0,0,0,0
1778684343.626654,2026-05-13 17:59:03,0,0,0,0.0,0.0,0.0,0.0,0.0,0.0,0.0,0.0,0,0,0,0,0.0,0.0,0.0,0.0,0.0,0.0,0.0,0.0,0,0,0,0,0.0,0.0,0.0,0.0,0.0,0.0,0.0,0.0,0,0,0,0,0,0
1778684373.626654,2026-05-13 17:59:33,0,0,0,0.0,0.0,0.0,0.0,0.0,0.0,0.0,0.0,0,0,0,0,0.0,0.0,0.0,0.0,0.0,0.0,0.0,0.0,0,0,0,0,0.0,0.0,0.0,0.0,0.0,0.0,0.0,0.0,0,0,0,0,0,0
1778684403.626654,2026-05-13 18:00:03,0,0,0,0.0,0.0,0.0,0.0,0.0,0.0,0.0,0.0,0,0,0,0,0.0,0.0,0.0,0.0,0.0,0.0,0.0,0.0,0,0,0,0,0.0,0.0,0.0,0.0,0.0,0.0,0.0,0.0,0,0,0,0,0,0
1778684433.626654,2026-05-13 18:00:33,0,0,0,0.0,0.0,0.0,0.0,0.0,0.0,0.0,0.0,0,0,0,0,0.0,0.0,0.0,0.0,0.0,0.0,0.0,0.0,0,0,0,0,0.0,0.0,0.0,0.0,0.0,0.0,0.0,0.0,0,0,0,0,0,0
1778684463.626654,2026-05-13 18:01:03,0,0,0,0.0,0.0,0.0,0.0,0.0,0.0,0.0,0.0,0,0,0,0,0.0,0.0,0.0,0.0,0.0,0.0,0.0,0.0,0,0,0,0,0.0,0.0,0.0,0.0,0.0,0.0,0.0,0.0,0,0,0,0,0,0
1778684493.626654,2026-05-13 18:01:33,0,0,0,0.0,0.0,0.0,0.0,0.0,0.0,0.0,0.0,0,0,0,0,0.0,0.0,0.0,0.0,0.0,0.0,0.0,0.0,0,0,0,0,0.0,0.0,0.0,0.0,0.0,0.0,0.0,0.0,0,0,0,0,0,0
1778684523.626654,2026-05-13 18:02:03,0,0,0,0.0,0.0,0.0,0.0,0.0,0.0,0.0,0.0,0,0,0,0,0.0,0.0,0.0,0.0,0.0,0.0,0.0,0.0,0,0,0,0,0.0,0.0,0.0,0.0,0.0,0.0,0.0,0.0,0,0,0,0,0,0
1778684553.626654,2026-05-13 18:02:33,0,0,0,0.0,0.0,0.0,0.0,0.0,0.0,0.0,0.0,0,0,0,0,0.0,0.0,0.0,0.0,0.0,0.0,0.0,0.0,0,0,0,0,0.0,0.0,0.0,0.0,0.0,0.0,0.0,0.0,0,0,0,0,0,0
1778684583.626654,2026-05-13 18:03:03,0,0,0,0.0,0.0,0.0,0.0,0.0,0.0,0.0,0.0,0,0,0,0,0.0,0.0,0.0,0.0,0.0,0.0,0.0,0.0,0,0,0,0,0.0,0.0,0.0,0.0,0.0,0.0,0.0,0.0,0,0,0,0,0,0
1778684613.626654,2026-05-13 18:03:33,0,0,0,0.0,0.0,0.0,0.0,0.0,0.0,0.0,0.0,0,0,0,0,0.0,0.0,0.0,0.0,0.0,0.0,0.0,0.0,0,0,0,0,0.0,0.0,0.0,0.0,0.0,0.0,0.0,0.0,0,0,0,0,0,0
1778684643.626654,2026-05-13 18:04:03,0,0,0,0.0,0.0,0.0,0.0,0.0,0.0,0.0,0.0,0,0,0,0,0.0,0.0,0.0,0.0,0.0,0.0,0.0,0.0,0,0,0,0,0.0,0.0,0.0,0.0,0.0,0.0,0.0,0.0,0,0,0,0,0,0
1778684673.626654,2026-05-13 18:04:33,0,0,0,0.0,0.0,0.0,0.0,0.0,0.0,0.0,0.0,0,0,0,0,0.0,0.0,0.0,0.0,0.0,0.0,0.0,0.0,0,0,0,0,0.0,0.0,0.0,0.0,0.0,0.0,0.0,0.0,0,0,0,0,0,0
1778684703.626654,2026-05-13 18:05:03,0,0,0,0.0,0.0,0.0,0.0,0.0,0.0,0.0,0.0,0,0,0,0,0.0,0.0,0.0,0.0,0.0,0.0,0.0,0.0,0,0,0,0,0.0,0.0,0.0,0.0,0.0,0.0,0.0,0.0,0,0,0,0,0,0
1778684733.626654,2026-05-13 18:05:33,0,0,0,0.0,0.0,0.0,0.0,0.0,0.0,0.0,0.0,0,0,0,0,0.0,0.0,0.0,0.0,0.0,0.0,0.0,0.0,0,0,0,0,0.0,0.0,0.0,0.0,0.0,0.0,0.0,0.0,0,0,0,0,0,0
1778684763.626654,2026-05-13 18:06:03,0,0,0,0.0,0.0,0.0,0.0,0.0,0.0,0.0,0.0,0,0,0,0,0.0,0.0,0.0,0.0,0.0,0.0,0.0,0.0,0,0,0,0,0.0,0.0,0.0,0.0,0.0,0.0,0.0,0.0,0,0,0,0,0,0
1778684793.626654,2026-05-13 18:06:33,0,0,0,0.0,0.0,0.0,0.0,0.0,0.0,0.0,0.0,0,0,0,0,0.0,0.0,0.0,0.0,0.0,0.0,0.0,0.0,0,0,0,0,0.0,0.0,0.0,0.0,0.0,0.0,0.0,0.0,0,0,0,0,0,0
1778684823.626654,2026-05-13 18:07:03,0,0,0,0.0,0.0,0.0,0.0,0.0,0.0,0.0,0.0,0,0,0,0,0.0,0.0,0.0,0.0,0.0,0.0,0.0,0.0,0,0,0,0,0.0,0.0,0.0,0.0,0.0,0.0,0.0,0.0,0,0,0,0,0,0
1778684853.626654,2026-05-13 18:07:33,0,0,0,0.0,0.0,0.0,0.0,0.0,0.0,0.0,0.0,0,0,0,0,0.0,0.0,0.0,0.0,0.0,0.0,0.0,0.0,0,0,0,0,0.0,0.0,0.0,0.0,0.0,0.0,0.0,0.0,0,0,0,0,0,0
1778684883.626654,2026-05-13 18:08:03,0,0,0,0.0,0.0,0.0,0.0,0.0,0.0,0.0,0.0,0,0,0,0,0.0,0.0,0.0,0.0,0.0,0.0,0.0,0.0,0,0,0,0,0.0,0.0,0.0,0.0,0.0,0.0,0.0,0.0,0,0,0,0,0,0
1778684913.626654,2026-05-13 18:08:33,0,0,0,0.0,0.0,0.0,0.0,0.0,0.0,0.0,0.0,0,0,0,0,0.0,0.0,0.0,0.0,0.0,0.0,0.0,0.0,0,0,0,0,0.0,0.0,0.0,0.0,0.0,0.0,0.0,0.0,0,0,0,0,0,0
1778684943.626654,2026-05-13 18:09:03,0,0,0,0.0,0.0,0.0,0.0,0.0,0.0,0.0,0.0,0,0,0,0,0.0,0.0,0.0,0.0,0.0,0.0,0.0,0.0,0,0,0,0,0.0,0.0,0.0,0.0,0.0,0.0,0.0,0.0,0,0,0,0,0,0
1778684973.626654,2026-05-13 18:09:33,0,0,0,0.0,0.0,0.0,0.0,0.0,0.0,0.0,0.0,0,0,0,0,0.0,0.0,0.0,0.0,0.0,0.0,0.0,0.0,0,0,0,0,0.0,0.0,0.0,0.0,0.0,0.0,0.0,0.0,0,0,0,0,0,0
1778685003.626654,2026-05-13 18:10:03,0,0,0,0.0,0.0,0.0,0.0,0.0,0.0,0.0,0.0,0,0,0,0,0.0,0.0,0.0,0.0,0.0,0.0,0.0,0.0,0,0,0,0,0.0,0.0,0.0,0.0,0.0,0.0,0.0,0.0,0,0,0,0,0,0
1778685033.626654,2026-05-13 18:10:33,0,0,0,0.0,0.0,0.0,0.0,0.0,0.0,0.0,0.0,0,0,0,0,0.0,0.0,0.0,0.0,0.0,0.0,0.0,0.0,0,0,0,0,0.0,0.0,0.0,0.0,0.0,0.0,0.0,0.0,0,0,0,0,0,0
1778685063.626654,2026-05-13 18:11:03,0,0,0,0.0,0.0,0.0,0.0,0.0,0.0,0.0,0.0,0,0,0,0,0.0,0.0,0.0,0.0,0.0,0.0,0.0,0.0,0,0,0,0,0.0,0.0,0.0,0.0,0.0,0.0,0.0,0.0,0,0,0,0,0,0
1778685093.626654,2026-05-13 18:11:33,0,0,0,0.0,0.0,0.0,0.0,0.0,0.0,0.0,0.0,0,0,0,0,0.0,0.0,0.0,0.0,0.0,0.0,0.0,0.0,0,0,0,0,0.0,0.0,0.0,0.0,0.0,0.0,0.0,0.0,0,0,0,0,0,0
1778685123.626654,2026-05-13 18:12:03,0,0,0,0.0,0.0,0.0,0.0,0.0,0.0,0.0,0.0,0,0,0,0,0.0,0.0,0.0,0.0,0.0,0.0,0.0,0.0,0,0,0,0,0.0,0.0,0.0,0.0,0.0,0.0,0.0,0.0,0,0,0,0,0,0
1778685153.626654,2026-05-13 18:12:33,0,0,0,0.0,0.0,0.0,0.0,0.0,0.0,0.0,0.0,0,0,0,0,0.0,0.0,0.0,0.0,0.0,0.0,0.0,0.0,0,0,0,0,0.0,0.0,0.0,0.0,0.0,0.0,0.0,0.0,0,0,0,0,0,0
1778685183.626654,2026-05-13 18:13:03,0,0,0,0.0,0.0,0.0,0.0,0.0,0.0,0.0,0.0,0,0,0,0,0.0,0.0,0.0,0.0,0.0,0.0,0.0,0.0,0,0,0,0,0.0,0.0,0.0,0.0,0.0,0.0,0.0,0.0,0,0,0,0,0,0
1778685213.626654,2026-05-13 18:13:33,0,0,0,0.0,0.0,0.0,0.0,0.0,0.0,0.0,0.0,0,0,0,0,0.0,0.0,0.0,0.0,0.0,0.0,0.0,0.0,0,0,0,0,0.0,0.0,0.0,0.0,0.0,0.0,0.0,0.0,0,0,0,0,0,0
1778685243.626654,2026-05-13 18:14:03,0,0,0,0.0,0.0,0.0,0.0,0.0,0.0,0.0,0.0,0,0,0,0,0.0,0.0,0.0,0.0,0.0,0.0,0.0,0.0,0,0,0,0,0.0,0.0,0.0,0.0,0.0,0.0,0.0,0.0,0,0,0,0,0,0
1778685273.626654,2026-05-13 18:14:33,0,0,0,0.0,0.0,0.0,0.0,0.0,0.0,0.0,0.0,0,0,0,0,0.0,0.0,0.0,0.0,0.0,0.0,0.0,0.0,0,0,0,0,0.0,0.0,0.0,0.0,0.0,0.0,0.0,0.0,0,0,0,0,0,0
1778685303.626654,2026-05-13 18:15:03,0,0,0,0.0,0.0,0.0,0.0,0.0,0.0,0.0,0.0,0,0,0,0,0.0,0.0,0.0,0.0,0.0,0.0,0.0,0.0,0,0,0,0,0.0,0.0,0.0,0.0,0.0,0.0,0.0,0.0,0,0,0,0,0,0
1778685333.626654,2026-05-13 18:15:33,0,0,0,0.0,0.0,0.0,0.0,0.0,0.0,0.0,0.0,0,0,0,0,0.0,0.0,0.0,0.0,0.0,0.0,0.0,0.0,0,0,0,0,0.0,0.0,0.0,0.0,0.0,0.0,0.0,0.0,0,0,0,0,0,0
1778685363.626654,2026-05-13 18:16:03,0,0,0,0.0,0.0,0.0,0.0,0.0,0.0,0.0,0.0,0,0,0,0,0.0,0.0,0.0,0.0,0.0,0.0,0.0,0.0,0,0,0,0,0.0,0.0,0.0,0.0,0.0,0.0,0.0,0.0,0,0,0,0,0,0
1778685393.626654,2026-05-13 18:16:33,0,0,0,0.0,0.0,0.0,0.0,0.0,0.0,0.0,0.0,0,0,0,0,0.0,0.0,0.0,0.0,0.0,0.0,0.0,0.0,0,0,0,0,0.0,0.0,0.0,0.0,0.0,0.0,0.0,0.0,0,0,0,0,0,0
1778685423.626654,2026-05-13 18:17:03,0,0,0,0.0,0.0,0.0,0.0,0.0,0.0,0.0,0.0,0,0,0,0,0.0,0.0,0.0,0.0,0.0,0.0,0.0,0.0,0,0,0,0,0.0,0.0,0.0,0.0,0.0,0.0,0.0,0.0,0,0,0,0,0,0
1778685453.626654,2026-05-13 18:17:33,0,0,0,0.0,0.0,0.0,0.0,0.0,0.0,0.0,0.0,0,0,0,0,0.0,0.0,0.0,0.0,0.0,0.0,0.0,0.0,0,0,0,0,0.0,0.0,0.0,0.0,0.0,0.0,0.0,0.0,0,0,0,0,0,0
1778685483.626654,2026-05-13 18:18:03,0,0,0,0.0,0.0,0.0,0.0,0.0,0.0,0.0,0.0,0,0,0,0,0.0,0.0,0.0,0.0,0.0,0.0,0.0,0.0,0,0,0,0,0.0,0.0,0.0,0.0,0.0,0.0,0.0,0.0,0,0,0,0,0,0
1778685513.626654,2026-05-13 18:18:33,0,0,0,0.0,0.0,0.0,0.0,0.0,0.0,0.0,0.0,0,0,0,0,0.0,0.0,0.0,0.0,0.0,0.0,0.0,0.0,0,0,0,0,0.0,0.0,0.0,0.0,0.0,0.0,0.0,0.0,0,0,0,0,0,0
1778685543.626654,2026-05-13 18:19:03,0,0,0,0.0,0.0,0.0,0.0,0.0,0.0,0.0,0.0,0,0,0,0,0.0,0.0,0.0,0.0,0.0,0.0,0.0,0.0,0,0,0,0,0.0,0.0,0.0,0.0,0.0,0.0,0.0,0.0,0,0,0,0,0,0
1778685573.626654,2026-05-13 18:19:33,0,0,0,0.0,0.0,0.0,0.0,0.0,0.0,0.0,0.0,0,0,0,0,0.0,0.0,0.0,0.0,0.0,0.0,0.0,0.0,0,0,0,0,0.0,0.0,0.0,0.0,0.0,0.0,0.0,0.0,0,0,0,0,0,0
1778685603.626654,2026-05-13 18:20:03,0,0,0,0.0,0.0,0.0,0.0,0.0,0.0,0.0,0.0,0,0,0,0,0.0,0.0,0.0,0.0,0.0,0.0,0.0,0.0,0,0,0,0,0.0,0.0,0.0,0.0,0.0,0.0,0.0,0.0,0,0,0,0,0,0
1778685633.626654,2026-05-13 18:20:33,0,0,0,0.0,0.0,0.0,0.0,0.0,0.0,0.0,0.0,0,0,0,0,0.0,0.0,0.0,0.0,0.0,0.0,0.0,0.0,0,0,0,0,0.0,0.0,0.0,0.0,0.0,0.0,0.0,0.0,0,0,0,0,0,0
1778685663.626654,2026-05-13 18:21:03,0,0,0,0.0,0.0,0.0,0.0,0.0,0.0,0.0,0.0,0,0,0,0,0.0,0.0,0.0,0.0,0.0,0.0,0.0,0.0,0,0,0,0,0.0,0.0,0.0,0.0,0.0,0.0,0.0,0.0,0,0,0,0,0,0
1778685693.626654,2026-05-13 18:21:33,0,0,0,0.0,0.0,0.0,0.0,0.0,0.0,0.0,0.0,0,0,0,0,0.0,0.0,0.0,0.0,0.0,0.0,0.0,0.0,0,0,0,0,0.0,0.0,0.0,0.0,0.0,0.0,0.0,0.0,0,0,0,0,0,0
1778685723.626654,2026-05-13 18:22:03,0,0,0,0.0,0.0,0.0,0.0,0.0,0.0,0.0,0.0,0,0,0,0,0.0,0.0,0.0,0.0,0.0,0.0,0.0,0.0,0,0,0,0,0.0,0.0,0.0,0.0,0.0,0.0,0.0,0.0,0,0,0,0,0,0
1778685753.626654,2026-05-13 18:22:33,0,0,0,0.0,0.0,0.0,0.0,0.0,0.0,0.0,0.0,0,0,0,0,0.0,0.0,0.0,0.0,0.0,0.0,0.0,0.0,0,0,0,0,0.0,0.0,0.0,0.0,0.0,0.0,0.0,0.0,0,0,0,0,0,0
1778685783.626654,2026-05-13 18:23:03,0,0,0,0.0,0.0,0.0,0.0,0.0,0.0,0.0,0.0,0,0,0,0,0.0,0.0,0.0,0.0,0.0,0.0,0.0,0.0,0,0,0,0,0.0,0.0,0.0,0.0,0.0,0.0,0.0,0.0,0,0,0,0,0,0
1778685813.626654,2026-05-13 18:23:33,0,0,0,0.0,0.0,0.0,0.0,0.0,0.0,0.0,0.0,0,0,0,0,0.0,0.0,0.0,0.0,0.0,0.0,0.0,0.0,0,0,0,0,0.0,0.0,0.0,0.0,0.0,0.0,0.0,0.0,0,0,0,0,0,0
1778685843.626654,2026-05-13 18:24:03,0,0,0,0.0,0.0,0.0,0.0,0.0,0.0,0.0,0.0,0,0,0,0,0.0,0.0,0.0,0.0,0.0,0.0,0.0,0.0,0,0,0,0,0.0,0.0,0.0,0.0,0.0,0.0,0.0,0.0,0,0,0,0,0,0
1778685873.626654,2026-05-13 18:24:33,0,0,0,0.0,0.0,0.0,0.0,0.0,0.0,0.0,0.0,0,0,0,0,0.0,0.0,0.0,0.0,0.0,0.0,0.0,0.0,0,0,0,0,0.0,0.0,0.0,0.0,0.0,0.0,0.0,0.0,0,0,0,0,0,0
1778685903.626654,2026-05-13 18:25:03,0,0,0,0.0,0.0,0.0,0.0,0.0,0.0,0.0,0.0,0,0,0,0,0.0,0.0,0.0,0.0,0.0,0.0,0.0,0.0,0,0,0,0,0.0,0.0,0.0,0.0,0.0,0.0,0.0,0.0,0,0,0,0,0,0
1778685933.626654,2026-05-13 18:25:33,0,0,0,0.0,0.0,0.0,0.0,0.0,0.0,0.0,0.0,0,0,0,0,0.0,0.0,0.0,0.0,0.0,0.0,0.0,0.0,0,0,0,0,0.0,0.0,0.0,0.0,0.0,0.0,0.0,0.0,0,0,0,0,0,0
1778685963.626654,2026-05-13 18:26:03,0,0,0,0.0,0.0,0.0,0.0,0.0,0.0,0.0,0.0,0,0,0,0,0.0,0.0,0.0,0.0,0.0,0.0,0.0,0.0,0,0,0,0,0.0,0.0,0.0,0.0,0.0,0.0,0.0,0.0,0,0,0,0,0,0
1778685993.626654,2026-05-13 18:26:33,0,0,0,0.0,0.0,0.0,0.0,0.0,0.0,0.0,0.0,0,0,0,0,0.0,0.0,0.0,0.0,0.0,0.0,0.0,0.0,0,0,0,0,0.0,0.0,0.0,0.0,0.0,0.0,0.0,0.0,0,0,0,0,0,0
1778686023.626654,2026-05-13 18:27:03,0,0,0,0.0,0.0,0.0,0.0,0.0,0.0,0.0,0.0,0,0,0,0,0.0,0.0,0.0,0.0,0.0,0.0,0.0,0.0,0,0,0,0,0.0,0.0,0.0,0.0,0.0,0.0,0.0,0.0,0,0,0,0,0,0
1778686053.626654,2026-05-13 18:27:33,0,0,0,0.0,0.0,0.0,0.0,0.0,0.0,0.0,0.0,0,0,0,0,0.0,0.0,0.0,0.0,0.0,0.0,0.0,0.0,0,0,0,0,0.0,0.0,0.0,0.0,0.0,0.0,0.0,0.0,0,0,0,0,0,0
1778686083.626654,2026-05-13 18:28:03,0,0,0,0.0,0.0,0.0,0.0,0.0,0.0,0.0,0.0,0,0,0,0,0.0,0.0,0.0,0.0,0.0,0.0,0.0,0.0,0,0,0,0,0.0,0.0,0.0,0.0,0.0,0.0,0.0,0.0,0,0,0,0,0,0
1778686113.626654,2026-05-13 18:28:33,0,0,0,0.0,0.0,0.0,0.0,0.0,0.0,0.0,0.0,0,0,0,0,0.0,0.0,0.0,0.0,0.0,0.0,0.0,0.0,0,0,0,0,0.0,0.0,0.0,0.0,0.0,0.0,0.0,0.0,0,0,0,0,0,0
1778686143.626654,2026-05-13 18:29:03,0,0,0,0.0,0.0,0.0,0.0,0.0,0.0,0.0,0.0,0,0,0,0,0.0,0.0,0.0,0.0,0.0,0.0,0.0,0.0,0,0,0,0,0.0,0.0,0.0,0.0,0.0,0.0,0.0,0.0,0,0,0,0,0,0
1778686173.626654,2026-05-13 18:29:33,0,0,0,0.0,0.0,0.0,0.0,0.0,0.0,0.0,0.0,0,0,0,0,0.0,0.0,0.0,0.0,0.0,0.0,0.0,0.0,0,0,0,0,0.0,0.0,0.0,0.0,0.0,0.0,0.0,0.0,0,0,0,0,0,0
1778686203.626654,2026-05-13 18:30:03,0,0,0,0.0,0.0,0.0,0.0,0.0,0.0,0.0,0.0,0,0,0,0,0.0,0.0,0.0,0.0,0.0,0.0,0.0,0.0,0,0,0,0,0.0,0.0,0.0,0.0,0.0,0.0,0.0,0.0,0,0,0,0,0,0
1778686233.626654,2026-05-13 18:30:33,0,0,0,0.0,0.0,0.0,0.0,0.0,0.0,0.0,0.0,0,0,0,0,0.0,0.0,0.0,0.0,0.0,0.0,0.0,0.0,0,0,0,0,0.0,0.0,0.0,0.0,0.0,0.0,0.0,0.0,0,0,0,0,0,0
1778686263.626654,2026-05-13 18:31:03,0,0,0,0.0,0.0,0.0,0.0,0.0,0.0,0.0,0.0,0,0,0,0,0.0,0.0,0.0,0.0,0.0,0.0,0.0,0.0,0,0,0,0,0.0,0.0,0.0,0.0,0.0,0.0,0.0,0.0,0,0,0,0,0,0
1778686293.626654,2026-05-13 18:31:33,0,0,0,0.0,0.0,0.0,0.0,0.0,0.0,0.0,0.0,0,0,0,0,0.0,0.0,0.0,0.0,0.0,0.0,0.0,0.0,0,0,0,0,0.0,0.0,0.0,0.0,0.0,0.0,0.0,0.0,0,0,0,0,0,0
1778686323.626654,2026-05-13 18:32:03,0,0,0,0.0,0.0,0.0,0.0,0.0,0.0,0.0,0.0,0,0,0,0,0.0,0.0,0.0,0.0,0.0,0.0,0.0,0.0,0,0,0,0,0.0,0.0,0.0,0.0,0.0,0.0,0.0,0.0,0,0,0,0,0,0
1778686353.626654,2026-05-13 18:32:33,0,0,0,0.0,0.0,0.0,0.0,0.0,0.0,0.0,0.0,0,0,0,0,0.0,0.0,0.0,0.0,0.0,0.0,0.0,0.0,0,0,0,0,0.0,0.0,0.0,0.0,0.0,0.0,0.0,0.0,0,0,0,0,0,0
1778686383.626654,2026-05-13 18:33:03,0,0,0,0.0,0.0,0.0,0.0,0.0,0.0,0.0,0.0,0,0,0,0,0.0,0.0,0.0,0.0,0.0,0.0,0.0,0.0,0,0,0,0,0.0,0.0,0.0,0.0,0.0,0.0,0.0,0.0,0,0,0,0,0,0
1778686413.626654,2026-05-13 18:33:33,0,0,0,0.0,0.0,0.0,0.0,0.0,0.0,0.0,0.0,0,0,0,0,0.0,0.0,0.0,0.0,0.0,0.0,0.0,0.0,0,0,0,0,0.0,0.0,0.0,0.0,0.0,0.0,0.0,0.0,0,0,0,0,0,0
1778686443.626654,2026-05-13 18:34:03,0,0,0,0.0,0.0,0.0,0.0,0.0,0.0,0.0,0.0,0,0,0,0,0.0,0.0,0.0,0.0,0.0,0.0,0.0,0.0,0,0,0,0,0.0,0.0,0.0,0.0,0.0,0.0,0.0,0.0,0,0,0,0,0,0
1778686473.626654,2026-05-13 18:34:33,0,0,0,0.0,0.0,0.0,0.0,0.0,0.0,0.0,0.0,0,0,0,0,0.0,0.0,0.0,0.0,0.0,0.0,0.0,0.0,0,0,0,0,0.0,0.0,0.0,0.0,0.0,0.0,0.0,0.0,0,0,0,0,0,0
1778686503.626654,2026-05-13 18:35:03,0,0,0,0.0,0.0,0.0,0.0,0.0,0.0,0.0,0.0,0,0,0,0,0.0,0.0,0.0,0.0,0.0,0.0,0.0,0.0,0,0,0,0,0.0,0.0,0.0,0.0,0.0,0.0,0.0,0.0,0,0,0,0,0,0
1778686533.626654,2026-05-13 18:35:33,0,0,0,0.0,0.0,0.0,0.0,0.0,0.0,0.0,0.0,0,0,0,0,0.0,0.0,0.0,0.0,0.0,0.0,0.0,0.0,0,0,0,0,0.0,0.0,0.0,0.0,0.0,0.0,0.0,0.0,0,0,0,0,0,0
1778686563.626654,2026-05-13 18:36:03,0,0,0,0.0,0.0,0.0,0.0,0.0,0.0,0.0,0.0,0,0,0,0,0.0,0.0,0.0,0.0,0.0,0.0,0.0,0.0,0,0,0,0,0.0,0.0,0.0,0.0,0.0,0.0,0.0,0.0,0,0,0,0,0,0
1778686593.626654,2026-05-13 18:36:33,0,0,0,0.0,0.0,0.0,0.0,0.0,0.0,0.0,0.0,0,0,0,0,0.0,0.0,0.0,0.0,0.0,0.0,0.0,0.0,0,0,0,0,0.0,0.0,0.0,0.0,0.0,0.0,0.0,0.0,0,0,0,0,0,0
1778686623.626654,2026-05-13 18:37:03,0,0,0,0.0,0.0,0.0,0.0,0.0,0.0,0.0,0.0,0,0,0,0,0.0,0.0,0.0,0.0,0.0,0.0,0.0,0.0,0,0,0,0,0.0,0.0,0.0,0.0,0.0,0.0,0.0,0.0,0,0,0,0,0,0
1778686653.626654,2026-05-13 18:37:33,0,0,0,0.0,0.0,0.0,0.0,0.0,0.0,0.0,0.0,0,0,0,0,0.0,0.0,0.0,0.0,0.0,0.0,0.0,0.0,0,0,0,0,0.0,0.0,0.0,0.0,0.0,0.0,0.0,0.0,0,0,0,0,0,0
1778686683.626654,2026-05-13 18:38:03,0,0,0,0.0,0.0,0.0,0.0,0.0,0.0,0.0,0.0,0,0,0,0,0.0,0.0,0.0,0.0,0.0,0.0,0.0,0.0,0,0,0,0,0.0,0.0,0.0,0.0,0.0,0.0,0.0,0.0,0,0,0,0,0,0
1778686713.626654,2026-05-13 18:38:33,0,0,0,0.0,0.0,0.0,0.0,0.0,0.0,0.0,0.0,0,0,0,0,0.0,0.0,0.0,0.0,0.0,0.0,0.0,0.0,0,0,0,0,0.0,0.0,0.0,0.0,0.0,0.0,0.0,0.0,0,0,0,0,0,0
1778686743.626654,2026-05-13 18:39:03,0,0,0,0.0,0.0,0.0,0.0,0.0,0.0,0.0,0.0,0,0,0,0,0.0,0.0,0.0,0.0,0.0,0.0,0.0,0.0,0,0,0,0,0.0,0.0,0.0,0.0,0.0,0.0,0.0,0.0,0,0,0,0,0,0
1778686773.626654,2026-05-13 18:39:33,0,0,0,0.0,0.0,0.0,0.0,0.0,0.0,0.0,0.0,0,0,0,0,0.0,0.0,0.0,0.0,0.0,0.0,0.0,0.0,0,0,0,0,0.0,0.0,0.0,0.0,0.0,0.0,0.0,0.0,0,0,0,0,0,0
1778686803.626654,2026-05-13 18:40:03,0,0,0,0.0,0.0,0.0,0.0,0.0,0.0,0.0,0.0,0,0,0,0,0.0,0.0,0.0,0.0,0.0,0.0,0.0,0.0,0,0,0,0,0.0,0.0,0.0,0.0,0.0,0.0,0.0,0.0,0,0,0,0,0,0
1778686833.626654,2026-05-13 18:40:33,0,0,0,0.0,0.0,0.0,0.0,0.0,0.0,0.0,0.0,0,0,0,0,0.0,0.0,0.0,0.0,0.0,0.0,0.0,0.0,0,0,0,0,0.0,0.0,0.0,0.0,0.0,0.0,0.0,0.0,0,0,0,0,0,0
1778686863.626654,2026-05-13 18:41:03,0,0,0,0.0,0.0,0.0,0.0,0.0,0.0,0.0,0.0,0,0,0,0,0.0,0.0,0.0,0.0,0.0,0.0,0.0,0.0,0,0,0,0,0.0,0.0,0.0,0.0,0.0,0.0,0.0,0.0,0,0,0,0,0,0
1778686893.626654,2026-05-13 18:41:33,0,0,0,0.0,0.0,0.0,0.0,0.0,0.0,0.0,0.0,0,0,0,0,0.0,0.0,0.0,0.0,0.0,0.0,0.0,0.0,0,0,0,0,0.0,0.0,0.0,0.0,0.0,0.0,0.0,0.0,0,0,0,0,0,0
1778686923.626654,2026-05-13 18:42:03,0,0,0,0.0,0.0,0.0,0.0,0.0,0.0,0.0,0.0,0,0,0,0,0.0,0.0,0.0,0.0,0.0,0.0,0.0,0.0,0,0,0,0,0.0,0.0,0.0,0.0,0.0,0.0,0.0,0.0,0,0,0,0,0,0
1778686953.626654,2026-05-13 18:42:33,0,0,0,0.0,0.0,0.0,0.0,0.0,0.0,0.0,0.0,0,0,0,0,0.0,0.0,0.0,0.0,0.0,0.0,0.0,0.0,0,0,0,0,0.0,0.0,0.0,0.0,0.0,0.0,0.0,0.0,0,0,0,0,0,0
1778686983.626654,2026-05-13 18:43:03,0,0,0,0.0,0.0,0.0,0.0,0.0,0.0,0.0,0.0,0,0,0,0,0.0,0.0,0.0,0.0,0.0,0.0,0.0,0.0,0,0,0,0,0.0,0.0,0.0,0.0,0.0,0.0,0.0,0.0,0,0,0,0,0,0
1778687013.626654,2026-05-13 18:43:33,0,0,0,0.0,0.0,0.0,0.0,0.0,0.0,0.0,0.0,0,0,0,0,0.0,0.0,0.0,0.0,0.0,0.0,0.0,0.0,0,0,0,0,0.0,0.0,0.0,0.0,0.0,0.0,0.0,0.0,0,0,0,0,0,0
1778687043.626654,2026-05-13 18:44:03,0,0,0,0.0,0.0,0.0,0.0,0.0,0.0,0.0,0.0,0,0,0,0,0.0,0.0,0.0,0.0,0.0,0.0,0.0,0.0,0,0,0,0,0.0,0.0,0.0,0.0,0.0,0.0,0.0,0.0,0,0,0,0,0,0
1778687073.626654,2026-05-13 18:44:33,0,0,0,0.0,0.0,0.0,0.0,0.0,0.0,0.0,0.0,0,0,0,0,0.0,0.0,0.0,0.0,0.0,0.0,0.0,0.0,0,0,0,0,0.0,0.0,0.0,0.0,0.0,0.0,0.0,0.0,0,0,0,0,0,0
1778687103.626654,2026-05-13 18:45:03,0,0,0,0.0,0.0,0.0,0.0,0.0,0.0,0.0,0.0,0,0,0,0,0.0,0.0,0.0,0.0,0.0,0.0,0.0,0.0,0,0,0,0,0.0,0.0,0.0,0.0,0.0,0.0,0.0,0.0,0,0,0,0,0,0
1778687133.626654,2026-05-13 18:45:33,0,0,0,0.0,0.0,0.0,0.0,0.0,0.0,0.0,0.0,0,0,0,0,0.0,0.0,0.0,0.0,0.0,0.0,0.0,0.0,0,0,0,0,0.0,0.0,0.0,0.0,0.0,0.0,0.0,0.0,0,0,0,0,0,0
1778687163.626654,2026-05-13 18:46:03,0,0,0,0.0,0.0,0.0,0.0,0.0,0.0,0.0,0.0,0,0,0,0,0.0,0.0,0.0,0.0,0.0,0.0,0.0,0.0,0,0,0,0,0.0,0.0,0.0,0.0,0.0,0.0,0.0,0.0,0,0,0,0,0,0
1778687193.626654,2026-05-13 18:46:33,0,0,0,0.0,0.0,0.0,0.0,0.0,0.0,0.0,0.0,0,0,0,0,0.0,0.0,0.0,0.0,0.0,0.0,0.0,0.0,0,0,0,0,0.0,0.0,0.0,0.0,0.0,0.0,0.0,0.0,0,0,0,0,0,0
1778687223.626654,2026-05-13 18:47:03,0,0,0,0.0,0.0,0.0,0.0,0.0,0.0,0.0,0.0,0,0,0,0,0.0,0.0,0.0,0.0,0.0,0.0,0.0,0.0,0,0,0,0,0.0,0.0,0.0,0.0,0.0,0.0,0.0,0.0,0,0,0,0,0,0
1778687253.626654,2026-05-13 18:47:33,0,0,0,0.0,0.0,0.0,0.0,0.0,0.0,0.0,0.0,0,0,0,0,0.0,0.0,0.0,0.0,0.0,0.0,0.0,0.0,0,0,0,0,0.0,0.0,0.0,0.0,0.0,0.0,0.0,0.0,0,0,0,0,0,0
1778687283.626654,2026-05-13 18:48:03,0,0,0,0.0,0.0,0.0,0.0,0.0,0.0,0.0,0.0,0,0,0,0,0.0,0.0,0.0,0.0,0.0,0.0,0.0,0.0,0,0,0,0,0.0,0.0,0.0,0.0,0.0,0.0,0.0,0.0,0,0,0,0,0,0
1778687313.626654,2026-05-13 18:48:33,0,0,0,0.0,0.0,0.0,0.0,0.0,0.0,0.0,0.0,0,0,0,0,0.0,0.0,0.0,0.0,0.0,0.0,0.0,0.0,0,0,0,0,0.0,0.0,0.0,0.0,0.0,0.0,0.0,0.0,0,0,0,0,0,0
1778687343.626654,2026-05-13 18:49:03,0,0,0,0.0,0.0,0.0,0.0,0.0,0.0,0.0,0.0,0,0,0,0,0.0,0.0,0.0,0.0,0.0,0.0,0.0,0.0,0,0,0,0,0.0,0.0,0.0,0.0,0.0,0.0,0.0,0.0,0,0,0,0,0,0
1778687373.626654,2026-05-13 18:49:33,0,0,0,0.0,0.0,0.0,0.0,0.0,0.0,0.0,0.0,0,0,0,0,0.0,0.0,0.0,0.0,0.0,0.0,0.0,0.0,0,0,0,0,0.0,0.0,0.0,0.0,0.0,0.0,0.0,0.0,0,0,0,0,0,0
1778687403.626654,2026-05-13 18:50:03,0,0,0,0.0,0.0,0.0,0.0,0.0,0.0,0.0,0.0,0,0,0,0,0.0,0.0,0.0,0.0,0.0,0.0,0.0,0.0,0,0,0,0,0.0,0.0,0.0,0.0,0.0,0.0,0.0,0.0,0,0,0,0,0,0
1778687433.626654,2026-05-13 18:50:33,0,0,0,0.0,0.0,0.0,0.0,0.0,0.0,0.0,0.0,0,0,0,0,0.0,0.0,0.0,0.0,0.0,0.0,0.0,0.0,0,0,0,0,0.0,0.0,0.0,0.0,0.0,0.0,0.0,0.0,0,0,0,0,0,0
1778687463.626654,2026-05-13 18:51:03,0,0,0,0.0,0.0,0.0,0.0,0.0,0.0,0.0,0.0,0,0,0,0,0.0,0.0,0.0,0.0,0.0,0.0,0.0,0.0,0,0,0,0,0.0,0.0,0.0,0.0,0.0,0.0,0.0,0.0,0,0,0,0,0,0
1778687493.626654,2026-05-13 18:51:33,0,0,0,0.0,0.0,0.0,0.0,0.0,0.0,0.0,0.0,0,0,0,0,0.0,0.0,0.0,0.0,0.0,0.0,0.0,0.0,0,0,0,0,0.0,0.0,0.0,0.0,0.0,0.0,0.0,0.0,0,0,0,0,0,0
1778687523.626654,2026-05-13 18:52:03,0,0,0,0.0,0.0,0.0,0.0,0.0,0.0,0.0,0.0,0,0,0,0,0.0,0.0,0.0,0.0,0.0,0.0,0.0,0.0,0,0,0,0,0.0,0.0,0.0,0.0,0.0,0.0,0.0,0.0,0,0,0,0,0,0
1778687553.626654,2026-05-13 18:52:33,0,0,0,0.0,0.0,0.0,0.0,0.0,0.0,0.0,0.0,0,0,0,0,0.0,0.0,0.0,0.0,0.0,0.0,0.0,0.0,0,0,0,0,0.0,0.0,0.0,0.0,0.0,0.0,0.0,0.0,0,0,0,0,0,0
1778687583.626654,2026-05-13 18:53:03,0,0,0,0.0,0.0,0.0,0.0,0.0,0.0,0.0,0.0,0,0,0,0,0.0,0.0,0.0,0.0,0.0,0.0,0.0,0.0,0,0,0,0,0.0,0.0,0.0,0.0,0.0,0.0,0.0,0.0,0,0,0,0,0,0
1778687613.626654,2026-05-13 18:53:33,0,0,0,0.0,0.0,0.0,0.0,0.0,0.0,0.0,0.0,0,0,0,0,0.0,0.0,0.0,0.0,0.0,0.0,0.0,0.0,0,0,0,0,0.0,0.0,0.0,0.0,0.0,0.0,0.0,0.0,0,0,0,0,0,0
1778687643.626654,2026-05-13 18:54:03,0,0,0,0.0,0.0,0.0,0.0,0.0,0.0,0.0,0.0,0,0,0,0,0.0,0.0,0.0,0.0,0.0,0.0,0.0,0.0,0,0,0,0,0.0,0.0,0.0,0.0,0.0,0.0,0.0,0.0,0,0,0,0,0,0
1778687673.626654,2026-05-13 18:54:33,0,0,0,0.0,0.0,0.0,0.0,0.0,0.0,0.0,0.0,0,0,0,0,0.0,0.0,0.0,0.0,0.0,0.0,0.0,0.0,0,0,0,0,0.0,0.0,0.0,0.0,0.0,0.0,0.0,0.0,0,0,0,0,0,0
1778687703.626654,2026-05-13 18:55:03,0,0,0,0.0,0.0,0.0,0.0,0.0,0.0,0.0,0.0,0,0,0,0,0.0,0.0,0.0,0.0,0.0,0.0,0.0,0.0,0,0,0,0,0.0,0.0,0.0,0.0,0.0,0.0,0.0,0.0,0,0,0,0,0,0
1778687733.626654,2026-05-13 18:55:33,0,0,0,0.0,0.0,0.0,0.0,0.0,0.0,0.0,0.0,0,0,0,0,0.0,0.0,0.0,0.0,0.0,0.0,0.0,0.0,0,0,0,0,0.0,0.0,0.0,0.0,0.0,0.0,0.0,0.0,0,0,0,0,0,0
1778687763.626654,2026-05-13 18:56:03,0,0,0,0.0,0.0,0.0,0.0,0.0,0.0,0.0,0.0,0,0,0,0,0.0,0.0,0.0,0.0,0.0,0.0,0.0,0.0,0,0,0,0,0.0,0.0,0.0,0.0,0.0,0.0,0.0,0.0,0,0,0,0,0,0
1778687793.626654,2026-05-13 18:56:33,0,0,0,0.0,0.0,0.0,0.0,0.0,0.0,0.0,0.0,0,0,0,0,0.0,0.0,0.0,0.0,0.0,0.0,0.0,0.0,0,0,0,0,0.0,0.0,0.0,0.0,0.0,0.0,0.0,0.0,0,0,0,0,0,0
1778687823.626654,2026-05-13 18:57:03,0,0,0,0.0,0.0,0.0,0.0,0.0,0.0,0.0,0.0,0,0,0,0,0.0,0.0,0.0,0.0,0.0,0.0,0.0,0.0,0,0,0,0,0.0,0.0,0.0,0.0,0.0,0.0,0.0,0.0,0,0,0,0,0,0
1778687853.626654,2026-05-13 18:57:33,0,0,0,0.0,0.0,0.0,0.0,0.0,0.0,0.0,0.0,0,0,0,0,0.0,0.0,0.0,0.0,0.0,0.0,0.0,0.0,0,0,0,0,0.0,0.0,0.0,0.0,0.0,0.0,0.0,0.0,0,0,0,0,0,0
1778687883.626654,2026-05-13 18:58:03,0,0,0,0.0,0.0,0.0,0.0,0.0,0.0,0.0,0.0,0,0,0,0,0.0,0.0,0.0,0.0,0.0,0.0,0.0,0.0,0,0,0,0,0.0,0.0,0.0,0.0,0.0,0.0,0.0,0.0,0,0,0,0,0,0
1778687913.626654,2026-05-13 18:58:33,1,1,1,0.0,0.0,120.4274,1.0,0.0,0.0,0.0,0.0333,1,1,1,1,0.0,0.0,120.4274,1.0,0.0,0.0,0.0,0.0167,1,1,1,1,0.0,0.0,120.4274,1.0,0.0,0.0,0.0,0.0033,1,0,0,0,0,0
1778687943.626654,2026-05-13 18:59:03,1,1,1,0.0,0.0,90.3437,1.0,0.0,0.0,0.0,0.0333,1,2,1,2,0.0,0.0,105.3856,1.0,0.0,0.0,0.0,0.0167,1,2,1,2,0.0,0.0,105.3856,1.0,0.0,0.0,0.0,0.0033,1,0,0,0,0,0
1778687973.626654,2026-05-13 18:59:33,1,1,1,0.0,0.0,0.0,0.0,3.73,0.0,0.0,0.0333,1,2,1,2,0.0,0.0,45.1719,0.5,1.87,0.0,0.0,0.0167,1,3,1,3,0.0,0.0,70.2571,0.6667,0.37,0.0,0.0011,0.0033,1,0,0,0,0,0
1778688003.626654,2026-05-13 19:00:03,16,1,1,0.0,0.5333,0.1352,0.0,78.87,0.0,0.204,0.5333,1,17,2,2,0.0,0.2667,0.1273,0.0,41.3,0.0202,0.366,0.2667,1,19,2,4,0.0,0.0533,11.2071,0.1053,8.26,0.0393,0.2211,0.0533,1,0,0,0,0,0
1778688033.626654,2026-05-13 19:00:33,1,1,1,0.0,0.0,0.0,1.0,0.0,0.0,0.0,0.0333,1,17,2,2,0.0,0.2667,0.1273,0.0588,39.43,0.0202,0.357,0.2667,1,20,3,5,0.0,0.0533,10.6467,0.15,8.26,0.0553,0.1926,0.0533,1,0,0,0,0,0
1778688063.626654,2026-05-13 19:01:03,2,1,2,0.0,0.0,45.169,0.5,3.73,0.0,0.0,0.0333,1,3,2,3,0.0,0.0,30.1126,0.6667,1.87,0.0574,0.0927,0.0167,1,22,3,5,0.0,0.0533,13.7851,0.1818,8.63,0.0639,0.1828,0.0533,1,0,0,0,0,0
1778688093.626654,2026-05-13 19:01:33,2,2,2,0.0,0.0,0.0367,1.0,1.6,0.0625,0.0,0.0333,1,4,3,4,0.0,0.0,22.6028,0.75,2.67,0.0938,0.1121,0.0167,1,24,4,7,0.0,0.0533,12.6394,0.25,8.79,0.0845,0.1662,0.0567,2,0,0,0,0,0
1778688123.626654,2026-05-13 19:02:03,2,1,2,0.0,0.0,0.0,0.5,3.73,0.0,0.0,0.0333,1,4,3,4,0.0,0.0,0.0184,0.75,2.67,0.0938,0.1035,0.0167,1,26,4,7,0.0,0.0533,11.6671,0.2692,9.17,0.0879,0.1589,0.0567,2,0,0,0,0,0
1778688153.626654,2026-05-13 19:02:33,1,1,1,0.0,0.0,0.0,1.0,0.0,0.0,0.0,0.0333,1,3,1,2,0.0,0.0,0.0,0.6667,1.87,0.0,0.0962,0.0167,1,27,4,7,0.0,0.0533,11.235,0.2963,9.17,0.0888,0.1487,0.0567,2,0,0,0,0,0
1778688183.626654,2026-05-13 19:03:03,0,0,0,0.0,0.0,0.0,0.0,0.0,0.0,0.0,0.0,0,1,1,1,0.0,0.0,0.0,1.0,0.0,0.0,0.0,0.0167,1,27,4,7,0.0,0.0533,11.235,0.2963,9.17,0.0888,0.1487,0.0567,2,0,0,0,0,0
1778688213.626654,2026-05-13 19:03:33,0,0,0,0.0,0.0,0.0,0.0,0.0,0.0,0.0,0.0,0,0,0,0,0.0,0.0,0.0,0.0,0.0,0.0,0.0,0.0,0,26,4,7,0.0,0.0533,7.0353,0.2692,9.17,0.0879,0.1589,0.0567,2,0,0,0,0,0
1778688243.626654,2026-05-13 19:04:03,0,0,0,0.0,0.0,0.0,0.0,0.0,0.0,0.0,0.0,0,0,0,0,0.0,0.0,0.0,0.0,0.0,0.0,0.0,0.0,0,25,4,6,0.0,0.0533,3.703,0.24,9.17,0.0865,0.1714,0.0567,2,0,0,0,0,0
1778688273.626654,2026-05-13 19:04:33,0,0,0,0.0,0.0,0.0,0.0,0.0,0.0,0.0,0.0,0,0,0,0,0.0,0.0,0.0,0.0,0.0,0.0,0.0,0.0,0,24,4,6,0.0,0.0533,3.8573,0.25,8.79,0.0845,0.1814,0.0567,2,0,0,0,0,0
1778688303.626654,2026-05-13 19:05:03,0,0,0,0.0,0.0,0.0,0.0,0.0,0.0,0.0,0.0,0,0,0,0,0.0,0.0,0.0,0.0,0.0,0.0,0.0,0.0,0,8,3,5,0.0,0.0,11.3014,0.75,0.91,0.0812,0.0816,0.0067,1,0,0,0,0,0
1778688333.626654,2026-05-13 19:05:33,3,1,3,0.0,0.0,0.0,0.6667,3.73,0.0,0.0615,0.0667,1,3,1,3,0.0,0.0,0.0,0.6667,1.87,0.0,0.0615,0.0333,1,10,3,5,0.0,0.0,9.0411,0.7,1.28,0.0576,0.1812,0.01,1,0,0,0,0,0
1778688363.626654,2026-05-13 19:06:03,0,0,0,0.0,0.0,0.0,0.0,0.0,0.0,0.0,0.0,0,3,1,3,0.0,0.0,0.0,0.6667,1.87,0.0,0.0615,0.0333,1,8,3,5,0.0,0.0,0.0092,0.75,0.91,0.0663,0.1783,0.0067,1,0,0,0,0,0
1778688393.626654,2026-05-13 19:06:33,1,1,1,0.0,0.0,0.0,0.0,3.73,0.0,0.0,0.0333,1,1,1,1,0.0,0.0,0.0,0.0,1.87,0.0,0.0,0.0167,1,7,1,3,0.0,0.0,0.0,0.5714,1.12,0.0,0.1423,0.01,1,0,0,0,0,0
1778688423.626654,2026-05-13 19:07:03,0,0,0,0.0,0.0,0.0,0.0,0.0,0.0,0.0,0.0,0,1,1,1,0.0,0.0,0.0,0.0,1.87,0.0,0.0,0.0167,1,5,1,3,0.0,0.0,0.0,0.6,0.75,0.0,0.1221,0.0067,1,0,0,0,0,0
1778688453.626654,2026-05-13 19:07:33,0,0,0,0.0,0.0,0.0,0.0,0.0,0.0,0.0,0.0,0,0,0,0,0.0,0.0,0.0,0.0,0.0,0.0,0.0,0.0,0,4,1,3,0.0,0.0,0.0,0.5,0.75,0.0,0.1398,0.0067,1,0,0,0,0,0
1778688483.626654,2026-05-13 19:08:03,0,0,0,0.0,0.0,0.0,0.0,0.0,0.0,0.0,0.0,0,0,0,0,0.0,0.0,0.0,0.0,0.0,0.0,0.0,0.0,0,4,1,3,0.0,0.0,0.0,0.5,0.75,0.0,0.1398,0.0067,1,0,0,0,0,0
1778688513.626654,2026-05-13 19:08:33,1,1,1,0.0,0.0,0.0,1.0,0.0,0.0,0.0,0.0333,1,1,1,1,0.0,0.0,0.0,1.0,0.0,0.0,0.0,0.0167,1,5,1,3,0.0,0.0,0.0,0.6,0.75,0.0,0.11,0.0067,1,0,0,0,0,0
1778688543.626654,2026-05-13 19:09:03,1,1,1,0.0,0.0,0.0,1.0,0.0,0.0,0.0,0.0333,1,2,1,1,0.0,0.0,0.0,1.0,0.0,0.0,0.0,0.0167,1,6,1,3,0.0,0.0,0.0,0.6667,0.75,0.0,0.1066,0.01,1,0,0,0,0,0
1778688573.626654,2026-05-13 19:09:33,0,0,0,0.0,0.0,0.0,0.0,0.0,0.0,0.0,0.0,0,1,1,1,0.0,0.0,0.0,1.0,0.0,0.0,0.0,0.0167,1,6,1,3,0.0,0.0,0.0,0.6667,0.75,0.0,0.1066,0.01,1,0,0,0,0,0
1778688603.626654,2026-05-13 19:10:03,0,0,0,0.0,0.0,0.0,0.0,0.0,0.0,0.0,0.0,0,0,0,0,0.0,0.0,0.0,0.0,0.0,0.0,0.0,0.0,0,6,1,3,0.0,0.0,0.0,0.6667,0.75,0.0,0.1066,0.01,1,0,0,0,0,0
1778688633.626654,2026-05-13 19:10:33,2,1,1,0.0,0.0,30.118,1.0,0.0,0.0,0.0,0.0333,1,2,1,1,0.0,0.0,30.118,1.0,0.0,0.0,0.0,0.0167,1,5,1,2,0.0,0.0,12.0472,0.8,0.37,0.0,0.0792,0.0067,1,0,0,0,0,0
1778688663.626654,2026-05-13 19:11:03,0,0,0,0.0,0.0,0.0,0.0,0.0,0.0,0.0,0.0,0,2,1,1,0.0,0.0,30.118,1.0,0.0,0.0,0.0,0.0167,1,5,1,2,0.0,0.0,12.0472,0.8,0.37,0.0,0.0792,0.0067,1,0,0,0,0,0
1778688693.626654,2026-05-13 19:11:33,1,1,1,0.0,0.0,0.0,0.0,3.73,0.0,0.0,0.0333,1,1,1,1,0.0,0.0,0.0,0.0,1.87,0.0,0.0,0.0167,1,5,1,2,0.0,0.0,12.0472,0.8,0.37,0.0,0.0746,0.0067,1,0,0,0,0,0
1778688723.626654,2026-05-13 19:12:03,1,1,1,0.0,0.0,0.0,1.0,0.0,0.0,0.0,0.0333,1,2,1,2,0.0,0.0,0.0,0.5,1.87,0.0,0.0,0.0167,1,6,1,2,0.0,0.0,10.0393,0.8333,0.37,0.0,0.0731,0.01,1,0,0,0,0,0
1778688753.626654,2026-05-13 19:12:33,0,0,0,0.0,0.0,0.0,0.0,0.0,0.0,0.0,0.0,0,1,1,1,0.0,0.0,0.0,1.0,0.0,0.0,0.0,0.0167,1,6,1,2,0.0,0.0,10.0393,0.8333,0.37,0.0,0.0731,0.01,1,0,0,0,0,0
1778688783.626654,2026-05-13 19:13:03,1,1,1,0.0,0.0,0.0,1.0,0.0,0.0,0.0,0.0333,1,1,1,1,0.0,0.0,0.0,1.0,0.0,0.0,0.0,0.0167,1,7,1,3,0.0,0.0,8.6051,0.8571,0.37,0.0,0.064,0.0133,1,0,0,0,0,0
1778688813.626654,2026-05-13 19:13:33,1,1,1,0.0,0.0,0.0,1.0,0.0,0.0,0.0,0.0333,1,2,1,2,0.0,0.0,0.0,1.0,0.0,0.0,0.0,0.0167,1,7,1,3,0.0,0.0,8.6051,0.8571,0.37,0.0,0.0639,0.0133,1,0,0,0,0,0
1778688843.626654,2026-05-13 19:14:03,0,0,0,0.0,0.0,0.0,0.0,0.0,0.0,0.0,0.0,0,1,1,1,0.0,0.0,0.0,1.0,0.0,0.0,0.0,0.0167,1,6,1,3,0.0,0.0,10.0393,0.8333,0.37,0.0,0.0625,0.01,1,0,0,0,0,0
1778688873.626654,2026-05-13 19:14:33,2,1,2,0.0,0.0,0.0,0.5,3.73,0.0,0.0,0.0333,1,2,1,2,0.0,0.0,0.0,0.5,1.87,0.0,0.0,0.0167,1,8,1,3,0.0,0.0,7.5295,0.75,0.75,0.0,0.0728,0.0133,1,0,0,0,0,0
1778688903.626654,2026-05-13 19:15:03,1,1,1,0.0,0.0,0.0,1.0,0.0,0.0,0.0,0.0333,1,3,1,2,0.0,0.0,0.0,0.6667,1.87,0.0,0.0988,0.0167,1,9,1,3,0.0,0.0,6.6929,0.7778,0.75,0.0,0.0694,0.0133,1,0,0,0,0,0
1778688933.626654,2026-05-13 19:15:33,0,0,0,0.0,0.0,0.0,0.0,0.0,0.0,0.0,0.0,0,1,1,1,0.0,0.0,0.0,1.0,0.0,0.0,0.0,0.0167,1,7,1,3,0.0,0.0,0.0,0.7143,0.75,0.0,0.059,0.01,1,0,0,0,0,0
1778688963.626654,2026-05-13 19:16:03,1,1,1,0.0,0.0,0.0,0.0,3.73,0.0,0.0,0.0333,1,1,1,1,0.0,0.0,0.0,0.0,1.87,0.0,0.0,0.0167,1,8,1,3,0.0,0.0,0.0,0.625,1.12,0.0,0.0545,0.01,1,0,0,0,0,0
1778688993.626654,2026-05-13 19:16:33,0,0,0,0.0,0.0,0.0,0.0,0.0,0.0,0.0,0.0,0,1,1,1,0.0,0.0,0.0,0.0,1.87,0.0,0.0,0.0167,1,7,1,3,0.0,0.0,0.0,0.7143,0.75,0.0,0.0559,0.01,1,0,0,0,0,0
1778689023.626654,2026-05-13 19:17:03,0,0,0,0.0,0.0,0.0,0.0,0.0,0.0,0.0,0.0,0,0,0,0,0.0,0.0,0.0,0.0,0.0,0.0,0.0,0.0,0,6,1,3,0.0,0.0,0.0,0.6667,0.75,0.0,0.0624,0.0067,1,0,0,0,0,0
1778689053.626654,2026-05-13 19:17:33,1,1,1,0.0,0.0,0.0,0.0,3.73,0.0,0.0,0.0333,1,1,1,1,0.0,0.0,0.0,0.0,1.87,0.0,0.0,0.0167,1,7,1,3,0.0,0.0,0.0,0.5714,1.12,0.0,0.0638,0.01,1,0,0,0,0,0
1778689083.626654,2026-05-13 19:18:03,0,0,0,0.0,0.0,0.0,0.0,0.0,0.0,0.0,0.0,0,1,1,1,0.0,0.0,0.0,0.0,1.87,0.0,0.0,0.0167,1,6,1,2,0.0,0.0,0.0,0.5,1.12,0.0,0.0637,0.01,1,0,0,0,0,0
1778689113.626654,2026-05-13 19:18:33,1,1,1,0.0,0.0,0.0754,1.0,1.6,0.0,0.0,0.0333,1,1,1,1,0.0,0.0,0.0754,1.0,0.8,0.0,0.0,0.0167,1,6,2,3,0.0,0.0,0.0126,0.5,1.28,0.0406,0.0634,0.01,1,0,0,0,0,0
1778689143.626654,2026-05-13 19:19:03,0,0,0,0.0,0.0,0.0,0.0,0.0,0.0,0.0,0.0,0,1,1,1,0.0,0.0,0.0754,1.0,0.8,0.0,0.0,0.0167,1,6,2,3,0.0,0.0,0.0126,0.5,1.28,0.0406,0.0634,0.01,1,0,0,0,0,0
1778689173.626654,2026-05-13 19:19:33,0,0,0,0.0,0.0,0.0,0.0,0.0,0.0,0.0,0.0,0,0,0,0,0.0,0.0,0.0,0.0,0.0,0.0,0.0,0.0,0,4,2,3,0.0,0.0,0.0189,0.5,0.91,0.0507,0.0188,0.0067,1,0,0,0,0,0
1778689203.626654,2026-05-13 19:20:03,2,1,2,0.0,0.0,0.0,0.5,3.73,0.0,0.0,0.0333,1,2,1,2,0.0,0.0,0.0,0.5,1.87,0.0,0.0,0.0167,1,5,2,3,0.0,0.0,0.0151,0.4,1.28,0.0451,0.06,0.01,1,0,0,0,0,0
1778689233.626654,2026-05-13 19:20:33,0,0,0,0.0,0.0,0.0,0.0,0.0,0.0,0.0,0.0,0,2,1,2,0.0,0.0,0.0,0.5,1.87,0.0,0.0,0.0167,1,5,2,3,0.0,0.0,0.0151,0.4,1.28,0.0451,0.06,0.01,1,0,0,0,0,0
1778689263.626654,2026-05-13 19:21:03,0,0,0,0.0,0.0,0.0,0.0,0.0,0.0,0.0,0.0,0,0,0,0,0.0,0.0,0.0,0.0,0.0,0.0,0.0,0.0,0,4,2,3,0.0,0.0,0.0189,0.5,0.91,0.0507,0.0728,0.0067,1,0,0,0,0,0
1778689293.626654,2026-05-13 19:21:33,1,1,1,0.0,0.0,0.0,0.0,3.73,0.0,0.0,0.0333,1,1,1,1,0.0,0.0,0.0,0.0,1.87,0.0,0.0,0.0167,1,5,2,3,0.0,0.0,0.0151,0.4,1.28,0.0451,0.06,0.01,1,0,0,0,0,0
1778689323.626654,2026-05-13 19:22:03,0,0,0,0.0,0.0,0.0,0.0,0.0,0.0,0.0,0.0,0,1,1,1,0.0,0.0,0.0,0.0,1.87,0.0,0.0,0.0167,1,5,2,3,0.0,0.0,0.0151,0.4,1.28,0.0451,0.06,0.01,1,0,0,0,0,0
1778689353.626654,2026-05-13 19:22:33,1,1,1,0.0,0.0,0.0,0.0,3.73,0.0,0.0,0.0333,1,1,1,1,0.0,0.0,0.0,0.0,1.87,0.0,0.0,0.0167,1,5,2,3,0.0,0.0,0.0151,0.4,1.28,0.0451,0.0607,0.01,1,0,0,0,0,0
1778689383.626654,2026-05-13 19:23:03,0,0,0,0.0,0.0,0.0,0.0,0.0,0.0,0.0,0.0,0,1,1,1,0.0,0.0,0.0,0.0,1.87,0.0,0.0,0.0167,1,5,2,3,0.0,0.0,0.0151,0.4,1.28,0.0451,0.0607,0.01,1,0,0,0,0,0
1778689413.626654,2026-05-13 19:23:33,2,1,2,0.0,0.0,0.0,0.5,3.73,0.0,0.0,0.0333,1,2,1,2,0.0,0.0,0.0,0.5,1.87,0.0,0.0,0.0167,1,6,1,2,0.0,0.0,0.0,0.3333,1.49,0.0,0.0855,0.0133,1,0,0,0,0,0
1778689443.626654,2026-05-13 19:24:03,0,0,0,0.0,0.0,0.0,0.0,0.0,0.0,0.0,0.0,0,2,1,2,0.0,0.0,0.0,0.5,1.87,0.0,0.0,0.0167,1,6,1,2,0.0,0.0,0.0,0.3333,1.49,0.0,0.0855,0.0133,1,0,0,0,0,0
1778689473.626654,2026-05-13 19:24:33,1,1,1,0.0,0.0,0.0,0.0,3.73,0.0,0.0,0.0333,1,1,1,1,0.0,0.0,0.0,0.0,1.87,0.0,0.0,0.0167,1,7,1,2,0.0,0.0,0.0,0.2857,1.87,0.0,0.0743,0.0167,1,0,0,0,0,0
1778689503.626654,2026-05-13 19:25:03,0,0,0,0.0,0.0,0.0,0.0,0.0,0.0,0.0,0.0,0,1,1,1,0.0,0.0,0.0,0.0,1.87,0.0,0.0,0.0167,1,5,1,2,0.0,0.0,0.0,0.2,1.49,0.0,0.0577,0.0133,1,0,0,0,0,0
1778689533.626654,2026-05-13 19:25:33,1,1,1,0.0,0.0,0.0001,0.0,3.73,0.0,0.0,0.0333,1,1,1,1,0.0,0.0,0.0001,0.0,1.87,0.0,0.0,0.0167,1,6,1,2,0.0,0.0,0.0,0.1667,1.87,0.0,0.05,0.0167,1,0,0,0,0,0
1778689563.626654,2026-05-13 19:26:03,1,1,1,0.0,0.0,0.0,1.0,0.0,0.0,0.0,0.0333,1,2,1,2,0.0,0.0,0.0001,0.5,1.87,0.0,0.0,0.0167,1,7,1,2,0.0,0.0,0.0,0.2857,1.87,0.0,0.051,0.0167,1,0,0,0,0,0
1778689593.626654,2026-05-13 19:26:33,1,1,1,0.0,0.0,0.0,0.0,3.73,0.0,0.0,0.0333,1,2,1,2,0.0,0.0,0.0,0.5,1.87,0.0,0.0,0.0167,1,7,1,2,0.0,0.0,0.0,0.2857,1.87,0.0,0.0559,0.0167,1,0,0,0,0,0
1778689623.626654,2026-05-13 19:27:03,0,0,0,0.0,0.0,0.0,0.0,0.0,0.0,0.0,0.0,0,1,1,1,0.0,0.0,0.0,0.0,1.87,0.0,0.0,0.0167,1,7,1,2,0.0,0.0,0.0,0.2857,1.87,0.0,0.0559,0.0167,1,0,0,0,0,0
1778689653.626654,2026-05-13 19:27:33,1,1,1,0.0,0.0,0.0001,0.0,3.73,0.0,0.0,0.0333,1,1,1,1,0.0,0.0,0.0001,0.0,1.87,0.0,0.0,0.0167,1,7,1,2,0.0,0.0,0.0,0.2857,1.87,0.0,0.0559,0.0167,1,0,0,0,0,0
1778689683.626654,2026-05-13 19:28:03,1,1,1,0.0,0.0,30.0442,1.0,0.0,0.0,0.0,0.0333,1,2,1,2,0.0,0.0,15.0222,0.5,1.87,0.0,0.0,0.0167,1,8,1,2,0.0,0.0,3.7556,0.375,1.87,0.0,0.0544,0.0167,1,0,0,0,0,0
1778689713.626654,2026-05-13 19:28:33,1,1,1,0.0,0.0,0.0,0.0,3.73,0.0,0.0,0.0333,1,2,1,2,0.0,0.0,15.0221,0.5,1.87,0.0,0.0,0.0167,1,7,1,2,0.0,0.0,4.2921,0.2857,1.87,0.0,0.0354,0.0167,1,0,0,0,0,0
1778689743.626654,2026-05-13 19:29:03,1,1,1,0.0,0.0,0.0,1.0,0.0,0.0,0.0,0.0333,1,2,1,2,0.0,0.0,0.0,0.5,1.87,0.0,0.0,0.0167,1,8,1,2,0.0,0.0,3.7556,0.375,1.87,0.0,0.035,0.0167,1,0,0,0,0,0
1778689773.626654,2026-05-13 19:29:33,2,1,2,0.0,0.0,0.0003,0.5,3.73,0.0,0.0,0.0333,1,3,1,2,0.0,0.0,0.0002,0.6667,1.87,0.0,0.0995,0.0167,1,9,1,2,0.0,0.0,3.3383,0.4444,1.87,0.0,0.0499,0.0167,1,0,0,0,0,0
1778689803.626654,2026-05-13 19:30:03,0,0,0,0.0,0.0,0.0,0.0,0.0,0.0,0.0,0.0,0,2,1,2,0.0,0.0,0.0003,0.5,1.87,0.0,0.0,0.0167,1,9,1,2,0.0,0.0,3.3383,0.4444,1.87,0.0,0.0499,0.0167,1,0,0,0,0,0
1778689833.626654,2026-05-13 19:30:33,0,0,0,0.0,0.0,0.0,0.0,0.0,0.0,0.0,0.0,0,0,0,0,0.0,0.0,0.0,0.0,0.0,0.0,0.0,0.0,0,8,1,2,0.0,0.0,3.7556,0.5,1.49,0.0,0.0533,0.0133,1,0,0,0,0,0
1778689863.626654,2026-05-13 19:31:03,0,0,0,0.0,0.0,0.0,0.0,0.0,0.0,0.0,0.0,0,0,0,0,0.0,0.0,0.0,0.0,0.0,0.0,0.0,0.0,0,7,1,2,0.0,0.0,4.2921,0.4286,1.49,0.0,0.0576,0.0133,1,0,0,0,0,0
1778689893.626654,2026-05-13 19:31:33,0,0,0,0.0,0.0,0.0,0.0,0.0,0.0,0.0,0.0,0,0,0,0,0.0,0.0,0.0,0.0,0.0,0.0,0.0,0.0,0,6,1,2,0.0,0.0,5.0075,0.5,1.12,0.0,0.0499,0.01,1,0,0,0,0,0
1778689923.626654,2026-05-13 19:32:03,0,0,0,0.0,0.0,0.0,0.0,0.0,0.0,0.0,0.0,0,0,0,0,0.0,0.0,0.0,0.0,0.0,0.0,0.0,0.0,0,6,1,2,0.0,0.0,5.0075,0.5,1.12,0.0,0.0499,0.01,1,0,0,0,0,0
1778689953.626654,2026-05-13 19:32:33,2,1,2,0.0,0.0,15.0539,0.5,3.73,0.0,0.0,0.0333,1,2,1,2,0.0,0.0,15.0539,0.5,1.87,0.0,0.0,0.0167,1,7,1,2,0.0,0.0,8.5932,0.5714,1.12,0.0,0.1374,0.01,1,0,0,0,0,0
1778689983.626654,2026-05-13 19:33:03,0,0,0,0.0,0.0,0.0,0.0,0.0,0.0,0.0,0.0,0,2,1,2,0.0,0.0,15.0539,0.5,1.87,0.0,0.0,0.0167,1,6,1,2,0.0,0.0,5.0181,0.5,1.12,0.0,0.1402,0.01,1,0,0,0,0,0
1778690013.626654,2026-05-13 19:33:33,0,0,0,0.0,0.0,0.0,0.0,0.0,0.0,0.0,0.0,0,0,0,0,0.0,0.0,0.0,0.0,0.0,0.0,0.0,0.0,0,5,1,2,0.0,0.0,6.0217,0.6,0.75,0.0,0.1423,0.0067,1,0,0,0,0,0
1778690043.626654,2026-05-13 19:34:03,0,0,0,0.0,0.0,0.0,0.0,0.0,0.0,0.0,0.0,0,0,0,0,0.0,0.0,0.0,0.0,0.0,0.0,0.0,0.0,0,4,1,2,0.0,0.0,7.5271,0.5,0.75,0.0,0.1413,0.0067,1,0,0,0,0,0
1778690073.626654,2026-05-13 19:34:33,0,0,0,0.0,0.0,0.0,0.0,0.0,0.0,0.0,0.0,0,0,0,0,0.0,0.0,0.0,0.0,0.0,0.0,0.0,0.0,0,2,1,2,0.0,0.0,15.0539,0.5,0.37,0.0,0.0,0.0033,1,0,0,0,0,0
1778690103.626654,2026-05-13 19:35:03,1,1,1,0.0,0.0,0.0001,0.0,3.73,0.0,0.0,0.0333,1,1,1,1,0.0,0.0,0.0001,0.0,1.87,0.0,0.0,0.0167,1,3,1,2,0.0,0.0,10.0359,0.3333,0.75,0.0,0.0999,0.0067,1,0,0,0,0,0
1778690133.626654,2026-05-13 19:35:33,0,0,0,0.0,0.0,0.0,0.0,0.0,0.0,0.0,0.0,0,1,1,1,0.0,0.0,0.0001,0.0,1.87,0.0,0.0,0.0167,1,3,1,2,0.0,0.0,10.0359,0.3333,0.75,0.0,0.0999,0.0067,1,0,0,0,0,0
1778690163.626654,2026-05-13 19:36:03,0,0,0,0.0,0.0,0.0,0.0,0.0,0.0,0.0,0.0,0,0,0,0,0.0,0.0,0.0,0.0,0.0,0.0,0.0,0.0,0,3,1,2,0.0,0.0,10.0359,0.3333,0.75,0.0,0.0999,0.0067,1,0,0,0,0,0
1778690193.626654,2026-05-13 19:36:33,0,0,0,0.0,0.0,0.0,0.0,0.0,0.0,0.0,0.0,0,0,0,0,0.0,0.0,0.0,0.0,0.0,0.0,0.0,0.0,0,3,1,2,0.0,0.0,10.0359,0.3333,0.75,0.0,0.0999,0.0067,1,0,0,0,0,0
1778690223.626654,2026-05-13 19:37:03,0,0,0,0.0,0.0,0.0,0.0,0.0,0.0,0.0,0.0,0,0,0,0,0.0,0.0,0.0,0.0,0.0,0.0,0.0,0.0,0,3,1,2,0.0,0.0,10.0359,0.3333,0.75,0.0,0.0999,0.0067,1,0,0,0,0,0
1778690253.626654,2026-05-13 19:37:33,1,1,1,0.0,0.0,0.0,1.0,0.0,0.0,0.0,0.0333,1,1,1,1,0.0,0.0,0.0,1.0,0.0,0.0,0.0,0.0167,1,2,1,2,0.0,0.0,0.0,0.5,0.37,0.0,0.0,0.0033,1,0,0,0,0,0
1778690283.626654,2026-05-13 19:38:03,0,0,0,0.0,0.0,0.0,0.0,0.0,0.0,0.0,0.0,0,1,1,1,0.0,0.0,0.0,1.0,0.0,0.0,0.0,0.0167,1,2,1,2,0.0,0.0,0.0,0.5,0.37,0.0,0.0,0.0033,1,0,0,0,0,0
1778690313.626654,2026-05-13 19:38:33,0,0,0,0.0,0.0,0.0,0.0,0.0,0.0,0.0,0.0,0,0,0,0,0.0,0.0,0.0,0.0,0.0,0.0,0.0,0.0,0,2,1,2,0.0,0.0,0.0,0.5,0.37,0.0,0.0,0.0033,1,0,0,0,0,0
1778690343.626654,2026-05-13 19:39:03,0,0,0,0.0,0.0,0.0,0.0,0.0,0.0,0.0,0.0,0,0,0,0,0.0,0.0,0.0,0.0,0.0,0.0,0.0,0.0,0,2,1,2,0.0,0.0,0.0,0.5,0.37,0.0,0.0,0.0033,1,0,0,0,0,0
1778690373.626654,2026-05-13 19:39:33,0,0,0,0.0,0.0,0.0,0.0,0.0,0.0,0.0,0.0,0,0,0,0,0.0,0.0,0.0,0.0,0.0,0.0,0.0,0.0,0,2,1,2,0.0,0.0,0.0,0.5,0.37,0.0,0.0,0.0033,1,0,0,0,0,0
1778690403.626654,2026-05-13 19:40:03,1,1,1,0.0,0.0,0.0,0.0,3.73,0.0,0.0,0.0333,1,1,1,1,0.0,0.0,0.0,0.0,1.87,0.0,0.0,0.0167,1,2,1,2,0.0,0.0,0.0,0.5,0.37,0.0,0.0,0.0033,1,0,0,0,0,0
1778690433.626654,2026-05-13 19:40:33,2,1,2,0.0,0.0,0.0,1.0,0.0,0.0,0.0,0.0333,1,3,1,3,0.0,0.0,0.0,0.6667,1.87,0.0,0.0993,0.0167,1,4,1,3,0.0,0.0,0.0,0.75,0.37,0.0,0.108,0.0067,1,0,0,0,0,0
1778690463.626654,2026-05-13 19:41:03,0,0,0,0.0,0.0,0.0,0.0,0.0,0.0,0.0,0.0,0,2,1,2,0.0,0.0,0.0,1.0,0.0,0.0,0.0,0.0167,1,4,1,3,0.0,0.0,0.0,0.75,0.37,0.0,0.108,0.0067,1,0,0,0,0,0
1778690493.626654,2026-05-13 19:41:33,1,1,1,0.0,0.0,30.1022,1.0,0.0,0.0,0.0,0.0333,1,1,1,1,0.0,0.0,30.1022,1.0,0.0,0.0,0.0,0.0167,1,5,1,3,0.0,0.0,6.0204,0.8,0.37,0.0,0.0935,0.01,1,0,0,0,0,0
1778690523.626654,2026-05-13 19:42:03,1,1,1,0.0,0.0,0.0,0.0,3.73,0.0,0.0,0.0333,1,2,1,2,0.0,0.0,15.0511,0.5,1.87,0.0,0.0,0.0167,1,6,1,3,0.0,0.0,5.017,0.6667,0.75,0.0,0.0956,0.01,1,0,0,0,0,0
1778690553.626654,2026-05-13 19:42:33,1,1,1,0.0,0.0,0.0,1.0,0.0,0.0,0.0,0.0333,1,2,1,2,0.0,0.0,0.0,0.5,1.87,0.0,0.0,0.0167,1,6,1,3,0.0,0.0,5.017,0.6667,0.75,0.0,0.0632,0.0067,1,0,0,0,0,0
1778690583.626654,2026-05-13 19:43:03,2,1,2,0.0,0.0,0.0,0.5,3.73,0.0,0.0,0.0333,1,3,1,3,0.0,0.0,0.0,0.6667,1.87,0.0,0.0992,0.0167,1,8,1,3,0.0,0.0,3.7628,0.625,1.12,0.0,0.0744,0.01,1,0,0,0,0,0
1778690613.626654,2026-05-13 19:43:33,0,0,0,0.0,0.0,0.0,0.0,0.0,0.0,0.0,0.0,0,2,1,2,0.0,0.0,0.0,0.5,1.87,0.0,0.0,0.0167,1,8,1,3,0.0,0.0,3.7628,0.625,1.12,0.0,0.0744,0.01,1,0,0,0,0,0
1778690643.626654,2026-05-13 19:44:03,0,0,0,0.0,0.0,0.0,0.0,0.0,0.0,0.0,0.0,0,0,0,0,0.0,0.0,0.0,0.0,0.0,0.0,0.0,0.0,0,8,1,3,0.0,0.0,3.7628,0.625,1.12,0.0,0.0744,0.01,1,0,0,0,0,0
1778690673.626654,2026-05-13 19:44:33,1,1,1,0.0,0.0,0.0,0.0,3.73,0.0,0.0,0.0333,1,1,1,1,0.0,0.0,0.0,0.0,1.87,0.0,0.0,0.0167,1,9,1,3,0.0,0.0,3.3447,0.5556,1.49,0.0,0.0822,0.0133,1,0,0,0,0,0
1778690703.626654,2026-05-13 19:45:03,0,0,0,0.0,0.0,0.0,0.0,0.0,0.0,0.0,0.0,0,1,1,1,0.0,0.0,0.0,0.0,1.87,0.0,0.0,0.0167,1,8,1,3,0.0,0.0,3.7628,0.625,1.12,0.0,0.0864,0.01,1,0,0,0,0,0
1778690733.626654,2026-05-13 19:45:33,2,1,2,0.0,0.0,0.0,0.5,3.73,0.0,0.0,0.0333,1,2,1,2,0.0,0.0,0.0,0.5,1.87,0.0,0.0,0.0167,1,8,1,3,0.0,0.0,3.7628,0.5,1.49,0.0,0.0864,0.0133,1,0,0,0,0,0
1778690763.626654,2026-05-13 19:46:03,0,0,0,0.0,0.0,0.0,0.0,0.0,0.0,0.0,0.0,0,2,1,2,0.0,0.0,0.0,0.5,1.87,0.0,0.0,0.0167,1,8,1,3,0.0,0.0,3.7628,0.5,1.49,0.0,0.0864,0.0133,1,0,0,0,0,0
1778690793.626654,2026-05-13 19:46:33,0,0,0,0.0,0.0,0.0,0.0,0.0,0.0,0.0,0.0,0,0,0,0,0.0,0.0,0.0,0.0,0.0,0.0,0.0,0.0,0,7,1,3,0.0,0.0,0.0,0.4286,1.49,0.0,0.0912,0.0133,1,0,0,0,0,0
1778690823.626654,2026-05-13 19:47:03,0,0,0,0.0,0.0,0.0,0.0,0.0,0.0,0.0,0.0,0,0,0,0,0.0,0.0,0.0,0.0,0.0,0.0,0.0,0.0,0,6,1,3,0.0,0.0,0.0,0.5,1.12,0.0,0.0969,0.01,1,0,0,0,0,0
1778690853.626654,2026-05-13 19:47:33,0,0,0,0.0,0.0,0.0,0.0,0.0,0.0,0.0,0.0,0,0,0,0,0.0,0.0,0.0,0.0,0.0,0.0,0.0,0.0,0,5,1,3,0.0,0.0,0.0,0.4,1.12,0.0,0.1037,0.01,1,0,0,0,0,0
1778690883.626654,2026-05-13 19:48:03,0,0,0,0.0,0.0,0.0,0.0,0.0,0.0,0.0,0.0,0,0,0,0,0.0,0.0,0.0,0.0,0.0,0.0,0.0,0.0,0,3,1,2,0.0,0.0,0.0,0.3333,0.75,0.0,0.0997,0.0067,1,0,0,0,0,0
1778690913.626654,2026-05-13 19:48:33,0,0,0,0.0,0.0,0.0,0.0,0.0,0.0,0.0,0.0,0,0,0,0,0.0,0.0,0.0,0.0,0.0,0.0,0.0,0.0,0,3,1,2,0.0,0.0,0.0,0.3333,0.75,0.0,0.0997,0.0067,1,0,0,0,0,0
1778690943.626654,2026-05-13 19:49:03,0,0,0,0.0,0.0,0.0,0.0,0.0,0.0,0.0,0.0,0,0,0,0,0.0,0.0,0.0,0.0,0.0,0.0,0.0,0.0,0,3,1,2,0.0,0.0,0.0,0.3333,0.75,0.0,0.0997,0.0067,1,0,0,0,0,0
1778690973.626654,2026-05-13 19:49:33,0,0,0,0.0,0.0,0.0,0.0,0.0,0.0,0.0,0.0,0,0,0,0,0.0,0.0,0.0,0.0,0.0,0.0,0.0,0.0,0,2,1,2,0.0,0.0,0.0,0.5,0.37,0.0,0.0,0.0033,1,0,0,0,0,0
1778691003.626654,2026-05-13 19:50:03,0,0,0,0.0,0.0,0.0,0.0,0.0,0.0,0.0,0.0,0,0,0,0,0.0,0.0,0.0,0.0,0.0,0.0,0.0,0.0,0,2,1,2,0.0,0.0,0.0,0.5,0.37,0.0,0.0,0.0033,1,0,0,0,0,0
1778691033.626654,2026-05-13 19:50:33,0,0,0,0.0,0.0,0.0,0.0,0.0,0.0,0.0,0.0,0,0,0,0,0.0,0.0,0.0,0.0,0.0,0.0,0.0,0.0,0,0,0,0,0.0,0.0,0.0,0.0,0.0,0.0,0.0,0.0,0,0,0,0,0,0
1778691063.626654,2026-05-13 19:51:03,0,0,0,0.0,0.0,0.0,0.0,0.0,0.0,0.0,0.0,0,0,0,0,0.0,0.0,0.0,0.0,0.0,0.0,0.0,0.0,0,0,0,0,0.0,0.0,0.0,0.0,0.0,0.0,0.0,0.0,0,0,0,0,0,0
1778691093.626654,2026-05-13 19:51:33,0,0,0,0.0,0.0,0.0,0.0,0.0,0.0,0.0,0.0,0,0,0,0,0.0,0.0,0.0,0.0,0.0,0.0,0.0,0.0,0,0,0,0,0.0,0.0,0.0,0.0,0.0,0.0,0.0,0.0,0,0,0,0,0,0
1778691123.626654,2026-05-13 19:52:03,1,1,1,0.0,0.0,0.0,1.0,0.0,0.0,0.0,0.0333,1,1,1,1,0.0,0.0,0.0,1.0,0.0,0.0,0.0,0.0167,1,1,1,1,0.0,0.0,0.0,1.0,0.0,0.0,0.0,0.0033,1,0,0,0,0,0
1778691153.626654,2026-05-13 19:52:33,0,0,0,0.0,0.0,0.0,0.0,0.0,0.0,0.0,0.0,0,1,1,1,0.0,0.0,0.0,1.0,0.0,0.0,0.0,0.0167,1,1,1,1,0.0,0.0,0.0,1.0,0.0,0.0,0.0,0.0033,1,0,0,0,0,0
1778691183.626654,2026-05-13 19:53:03,0,0,0,0.0,0.0,0.0,0.0,0.0,0.0,0.0,0.0,0,0,0,0,0.0,0.0,0.0,0.0,0.0,0.0,0.0,0.0,0,1,1,1,0.0,0.0,0.0,1.0,0.0,0.0,0.0,0.0033,1,0,0,0,0,0
1778691213.626654,2026-05-13 19:53:33,0,0,0,0.0,0.0,0.0,0.0,0.0,0.0,0.0,0.0,0,0,0,0,0.0,0.0,0.0,0.0,0.0,0.0,0.0,0.0,0,1,1,1,0.0,0.0,0.0,1.0,0.0,0.0,0.0,0.0033,1,0,0,0,0,0
1778691243.626654,2026-05-13 19:54:03,0,0,0,0.0,0.0,0.0,0.0,0.0,0.0,0.0,0.0,0,0,0,0,0.0,0.0,0.0,0.0,0.0,0.0,0.0,0.0,0,1,1,1,0.0,0.0,0.0,1.0,0.0,0.0,0.0,0.0033,1,0,0,0,0,0
1778691273.626654,2026-05-13 19:54:33,1,1,1,0.0,0.0,0.0,1.0,0.0,0.0,0.0,0.0333,1,1,1,1,0.0,0.0,0.0,1.0,0.0,0.0,0.0,0.0167,1,2,1,1,0.0,0.0,0.0,1.0,0.0,0.0,0.0,0.0033,1,0,0,0,0,0
1778691303.626654,2026-05-13 19:55:03,2,1,2,0.0,0.0,0.0,0.5,3.73,0.0,0.0,0.0333,1,3,1,2,0.0,0.0,0.0,0.6667,1.87,0.0,0.0981,0.0167,1,4,1,2,0.0,0.0,0.0,0.75,0.37,0.0,0.1077,0.0033,1,0,0,0,0,0
1778691333.626654,2026-05-13 19:55:33,0,0,0,0.0,0.0,0.0,0.0,0.0,0.0,0.0,0.0,0,2,1,2,0.0,0.0,0.0,0.5,1.87,0.0,0.0,0.0167,1,4,1,2,0.0,0.0,0.0,0.75,0.37,0.0,0.1077,0.0033,1,0,0,0,0,0
1778691363.626654,2026-05-13 19:56:03,1,1,1,0.0,0.0,0.0,0.0,3.73,0.0,0.0,0.0333,1,1,1,1,0.0,0.0,0.0,0.0,1.87,0.0,0.0,0.0167,1,5,1,2,0.0,0.0,0.0,0.6,0.75,0.0,0.0933,0.0067,1,0,0,0,0,0
1778691393.626654,2026-05-13 19:56:33,0,0,0,0.0,0.0,0.0,0.0,0.0,0.0,0.0,0.0,0,1,1,1,0.0,0.0,0.0,0.0,1.87,0.0,0.0,0.0167,1,5,1,2,0.0,0.0,0.0,0.6,0.75,0.0,0.0933,0.0067,1,0,0,0,0,0
1778691423.626654,2026-05-13 19:57:03,1,1,1,0.0,0.0,0.0,0.0,3.73,0.0,0.0,0.0333,1,1,1,1,0.0,0.0,0.0,0.0,1.87,0.0,0.0,0.0167,1,5,1,2,0.0,0.0,0.0,0.4,1.12,0.0,0.066,0.01,1,0,0,0,0,0
1778691453.626654,2026-05-13 19:57:33,0,0,0,0.0,0.0,0.0,0.0,0.0,0.0,0.0,0.0,0,1,1,1,0.0,0.0,0.0,0.0,1.87,0.0,0.0,0.0167,1,5,1,2,0.0,0.0,0.0,0.4,1.12,0.0,0.066,0.01,1,0,0,0,0,0
1778691483.626654,2026-05-13 19:58:03,0,0,0,0.0,0.0,0.0,0.0,0.0,0.0,0.0,0.0,0,0,0,0,0.0,0.0,0.0,0.0,0.0,0.0,0.0,0.0,0,5,1,2,0.0,0.0,0.0,0.4,1.12,0.0,0.066,0.01,1,0,0,0,0,0
1778691513.626654,2026-05-13 19:58:33,0,0,0,0.0,0.0,0.0,0.0,0.0,0.0,0.0,0.0,0,0,0,0,0.0,0.0,0.0,0.0,0.0,0.0,0.0,0.0,0,5,1,2,0.0,0.0,0.0,0.4,1.12,0.0,0.066,0.01,1,0,0,0,0,0
1778691543.626654,2026-05-13 19:59:03,0,0,0,0.0,0.0,0.0,0.0,0.0,0.0,0.0,0.0,0,0,0,0,0.0,0.0,0.0,0.0,0.0,0.0,0.0,0.0,0,5,1,2,0.0,0.0,0.0,0.4,1.12,0.0,0.066,0.01,1,0,0,0,0,0
1778691573.626654,2026-05-13 19:59:33,0,0,0,0.0,0.0,0.0,0.0,0.0,0.0,0.0,0.0,0,0,0,0,0.0,0.0,0.0,0.0,0.0,0.0,0.0,0.0,0,4,1,2,0.0,0.0,0.0,0.25,1.12,0.0,0.0702,0.01,1,0,0,0,0,0
1778691603.626654,2026-05-13 20:00:03,14,1,1,0.0,0.4667,0.0477,0.0,59.4,0.0,0.2397,0.4667,1,14,1,1,0.0,0.2333,0.0477,0.0,29.7,0.0,0.2397,0.2333,1,16,2,2,0.0,0.0467,0.0418,0.0,6.69,0.034,0.2864,0.0467,1,0,0,0,0,0
1778691633.626654,2026-05-13 20:00:33,0,0,0,0.0,0.0,0.0,0.0,0.0,0.0,0.0,0.0,0,14,1,1,0.0,0.2333,0.0477,0.0,29.7,0.0,0.2397,0.2333,1,16,2,2,0.0,0.0467,0.0418,0.0,6.69,0.034,0.2864,0.0467,1,0,0,0,0,0
1778691663.626654,2026-05-13 20:01:03,0,0,0,0.0,0.0,0.0,0.0,0.0,0.0,0.0,0.0,0,0,0,0,0.0,0.0,0.0,0.0,0.0,0.0,0.0,0.0,0,15,2,2,0.0,0.0467,0.0445,0.0,6.31,0.0221,0.3551,0.0467,1,0,0,0,0,0
1778691693.626654,2026-05-13 20:01:33,0,0,0,0.0,0.0,0.0,0.0,0.0,0.0,0.0,0.0,0,0,0,0,0.0,0.0,0.0,0.0,0.0,0.0,0.0,0.0,0,15,2,2,0.0,0.0467,0.0445,0.0,6.31,0.0221,0.3551,0.0467,1,0,0,0,0,0
1778691723.626654,2026-05-13 20:02:03,0,0,0,0.0,0.0,0.0,0.0,0.0,0.0,0.0,0.0,0,0,0,0,0.0,0.0,0.0,0.0,0.0,0.0,0.0,0.0,0,14,1,1,0.0,0.0467,0.0477,0.0,5.94,0.0,0.2397,0.0467,1,0,0,0,0,0
1778691753.626654,2026-05-13 20:02:33,0,0,0,0.0,0.0,0.0,0.0,0.0,0.0,0.0,0.0,0,0,0,0,0.0,0.0,0.0,0.0,0.0,0.0,0.0,0.0,0,14,1,1,0.0,0.0467,0.0477,0.0,5.94,0.0,0.2397,0.0467,1,0,0,0,0,0
1778691783.626654,2026-05-13 20:03:03,0,0,0,0.0,0.0,0.0,0.0,0.0,0.0,0.0,0.0,0,0,0,0,0.0,0.0,0.0,0.0,0.0,0.0,0.0,0.0,0,14,1,1,0.0,0.0467,0.0477,0.0,5.94,0.0,0.2397,0.0467,1,0,0,0,0,0
1778691813.626654,2026-05-13 20:03:33,0,0,0,0.0,0.0,0.0,0.0,0.0,0.0,0.0,0.0,0,0,0,0,0.0,0.0,0.0,0.0,0.0,0.0,0.0,0.0,0,14,1,1,0.0,0.0467,0.0477,0.0,5.94,0.0,0.2397,0.0467,1,0,0,0,0,0
1778691843.626654,2026-05-13 20:04:03,0,0,0,0.0,0.0,0.0,0.0,0.0,0.0,0.0,0.0,0,0,0,0,0.0,0.0,0.0,0.0,0.0,0.0,0.0,0.0,0,14,1,1,0.0,0.0467,0.0477,0.0,5.94,0.0,0.2397,0.0467,1,0,0,0,0,0
1778691873.626654,2026-05-13 20:04:33,0,0,0,0.0,0.0,0.0,0.0,0.0,0.0,0.0,0.0,0,0,0,0,0.0,0.0,0.0,0.0,0.0,0.0,0.0,0.0,0,14,1,1,0.0,0.0467,0.0477,0.0,5.94,0.0,0.2397,0.0467,1,0,0,0,0,0
1778691903.626654,2026-05-13 20:05:03,0,0,0,0.0,0.0,0.0,0.0,0.0,0.0,0.0,0.0,0,0,0,0,0.0,0.0,0.0,0.0,0.0,0.0,0.0,0.0,0,0,0,0,0.0,0.0,0.0,0.0,0.0,0.0,0.0,0.0,0,0,0,0,0,0
1778691933.626654,2026-05-13 20:05:33,1,1,1,0.0,0.0,0.0,1.0,0.0,0.0,0.0,0.0333,1,1,1,1,0.0,0.0,0.0,1.0,0.0,0.0,0.0,0.0167,1,1,1,1,0.0,0.0,0.0,1.0,0.0,0.0,0.0,0.0033,1,0,0,0,0,0
1778691963.626654,2026-05-13 20:06:03,0,0,0,0.0,0.0,0.0,0.0,0.0,0.0,0.0,0.0,0,1,1,1,0.0,0.0,0.0,1.0,0.0,0.0,0.0,0.0167,1,1,1,1,0.0,0.0,0.0,1.0,0.0,0.0,0.0,0.0033,1,0,0,0,0,0
1778691993.626654,2026-05-13 20:06:33,0,0,0,0.0,0.0,0.0,0.0,0.0,0.0,0.0,0.0,0,0,0,0,0.0,0.0,0.0,0.0,0.0,0.0,0.0,0.0,0,1,1,1,0.0,0.0,0.0,1.0,0.0,0.0,0.0,0.0033,1,0,0,0,0,0
1778692023.626654,2026-05-13 20:07:03,0,0,0,0.0,0.0,0.0,0.0,0.0,0.0,0.0,0.0,0,0,0,0,0.0,0.0,0.0,0.0,0.0,0.0,0.0,0.0,0,1,1,1,0.0,0.0,0.0,1.0,0.0,0.0,0.0,0.0033,1,0,0,0,0,0
1778692053.626654,2026-05-13 20:07:33,0,0,0,0.0,0.0,0.0,0.0,0.0,0.0,0.0,0.0,0,0,0,0,0.0,0.0,0.0,0.0,0.0,0.0,0.0,0.0,0,1,1,1,0.0,0.0,0.0,1.0,0.0,0.0,0.0,0.0033,1,0,0,0,0,0
1778692083.626654,2026-05-13 20:08:03,0,0,0,0.0,0.0,0.0,0.0,0.0,0.0,0.0,0.0,0,0,0,0,0.0,0.0,0.0,0.0,0.0,0.0,0.0,0.0,0,1,1,1,0.0,0.0,0.0,1.0,0.0,0.0,0.0,0.0033,1,0,0,0,0,0
1778692113.626654,2026-05-13 20:08:33,0,0,0,0.0,0.0,0.0,0.0,0.0,0.0,0.0,0.0,0,0,0,0,0.0,0.0,0.0,0.0,0.0,0.0,0.0,0.0,0,1,1,1,0.0,0.0,0.0,1.0,0.0,0.0,0.0,0.0033,1,0,0,0,0,0
1778692143.626654,2026-05-13 20:09:03,2,1,1,0.0,0.0,0.0,1.0,0.0,0.0,0.0,0.0333,1,2,1,1,0.0,0.0,0.0,1.0,0.0,0.0,0.0,0.0167,1,3,1,1,0.0,0.0,0.0,1.0,0.0,0.0,0.0998,0.0067,1,0,0,0,0,0
1778692173.626654,2026-05-13 20:09:33,0,0,0,0.0,0.0,0.0,0.0,0.0,0.0,0.0,0.0,0,2,1,1,0.0,0.0,0.0,1.0,0.0,0.0,0.0,0.0167,1,3,1,1,0.0,0.0,0.0,1.0,0.0,0.0,0.0998,0.0067,1,0,0,0,0,0
1778692203.626654,2026-05-13 20:10:03,0,0,0,0.0,0.0,0.0,0.0,0.0,0.0,0.0,0.0,0,0,0,0,0.0,0.0,0.0,0.0,0.0,0.0,0.0,0.0,0,3,1,1,0.0,0.0,0.0,1.0,0.0,0.0,0.0998,0.0067,1,0,0,0,0,0
1778692233.626654,2026-05-13 20:10:33,0,0,0,0.0,0.0,0.0,0.0,0.0,0.0,0.0,0.0,0,0,0,0,0.0,0.0,0.0,0.0,0.0,0.0,0.0,0.0,0,2,1,1,0.0,0.0,0.0,1.0,0.0,0.0,0.0,0.0033,1,0,0,0,0,0
1778692263.626654,2026-05-13 20:11:03,2,1,1,0.0,0.0,0.0,1.0,0.0,0.0,0.0,0.0333,1,2,1,1,0.0,0.0,0.0,1.0,0.0,0.0,0.0,0.0167,1,4,1,1,0.0,0.0,0.0,1.0,0.0,0.0,0.141,0.0067,1,0,0,0,0,0
1778692293.626654,2026-05-13 20:11:33,0,0,0,0.0,0.0,0.0,0.0,0.0,0.0,0.0,0.0,0,2,1,1,0.0,0.0,0.0,1.0,0.0,0.0,0.0,0.0167,1,4,1,1,0.0,0.0,0.0,1.0,0.0,0.0,0.141,0.0067,1,0,0,0,0,0
1778692323.626654,2026-05-13 20:12:03,0,0,0,0.0,0.0,0.0,0.0,0.0,0.0,0.0,0.0,0,0,0,0,0.0,0.0,0.0,0.0,0.0,0.0,0.0,0.0,0,4,1,1,0.0,0.0,0.0,1.0,0.0,0.0,0.141,0.0067,1,0,0,0,0,0
1778692353.626654,2026-05-13 20:12:33,1,1,1,0.0,0.0,0.0,1.0,0.0,0.0,0.0,0.0333,1,1,1,1,0.0,0.0,0.0,1.0,0.0,0.0,0.0,0.0167,1,5,1,1,0.0,0.0,0.0,1.0,0.0,0.0,0.1017,0.0067,1,0,0,0,0,0
1778692383.626654,2026-05-13 20:13:03,0,0,0,0.0,0.0,0.0,0.0,0.0,0.0,0.0,0.0,0,1,1,1,0.0,0.0,0.0,1.0,0.0,0.0,0.0,0.0167,1,5,1,1,0.0,0.0,0.0,1.0,0.0,0.0,0.1017,0.0067,1,0,0,0,0,0
1778692413.626654,2026-05-13 20:13:33,0,0,0,0.0,0.0,0.0,0.0,0.0,0.0,0.0,0.0,0,0,0,0,0.0,0.0,0.0,0.0,0.0,0.0,0.0,0.0,0,5,1,1,0.0,0.0,0.0,1.0,0.0,0.0,0.1017,0.0067,1,0,0,0,0,0
1778692443.626654,2026-05-13 20:14:03,0,0,0,0.0,0.0,0.0,0.0,0.0,0.0,0.0,0.0,0,0,0,0,0.0,0.0,0.0,0.0,0.0,0.0,0.0,0.0,0,3,1,1,0.0,0.0,0.0,1.0,0.0,0.0,0.1,0.0033,1,0,0,0,0,0
1778692473.626654,2026-05-13 20:14:33,2,1,2,0.0,0.0,0.0,0.5,3.73,0.0,0.0,0.0333,1,2,1,2,0.0,0.0,0.0,0.5,1.87,0.0,0.0,0.0167,1,5,1,2,0.0,0.0,0.0,0.8,0.37,0.0,0.1009,0.0033,1,0,0,0,0,0
1778692503.626654,2026-05-13 20:15:03,0,0,0,0.0,0.0,0.0,0.0,0.0,0.0,0.0,0.0,0,2,1,2,0.0,0.0,0.0,0.5,1.87,0.0,0.0,0.0167,1,5,1,2,0.0,0.0,0.0,0.8,0.37,0.0,0.1009,0.0033,1,0,0,0,0,0
1778692533.626654,2026-05-13 20:15:33,1,1,1,0.0,0.0,0.0,0.0,3.73,0.0,0.0,0.0333,1,1,1,1,0.0,0.0,0.0,0.0,1.87,0.0,0.0,0.0167,1,6,1,2,0.0,0.0,0.0,0.6667,0.75,0.0,0.088,0.0067,1,0,0,0,0,0
1778692563.626654,2026-05-13 20:16:03,0,0,0,0.0,0.0,0.0,0.0,0.0,0.0,0.0,0.0,0,1,1,1,0.0,0.0,0.0,0.0,1.87,0.0,0.0,0.0167,1,4,1,2,0.0,0.0,0.0,0.5,0.75,0.0,0.0804,0.0067,1,0,0,0,0,0
1778692593.626654,2026-05-13 20:16:33,1,1,1,0.0,0.0,0.0,0.0,3.73,0.0,0.0,0.0333,1,1,1,1,0.0,0.0,0.0,0.0,1.87,0.0,0.0,0.0167,1,5,1,2,0.0,0.0,0.0,0.4,1.12,0.0,0.0697,0.01,1,0,0,0,0,0
1778692623.626654,2026-05-13 20:17:03,0,0,0,0.0,0.0,0.0,0.0,0.0,0.0,0.0,0.0,0,1,1,1,0.0,0.0,0.0,0.0,1.87,0.0,0.0,0.0167,1,5,1,2,0.0,0.0,0.0,0.4,1.12,0.0,0.0697,0.01,1,0,0,0,0,0
1778692653.626654,2026-05-13 20:17:33,0,0,0,0.0,0.0,0.0,0.0,0.0,0.0,0.0,0.0,0,0,0,0,0.0,0.0,0.0,0.0,0.0,0.0,0.0,0.0,0,4,1,2,0.0,0.0,0.0,0.25,1.12,0.0,0.0687,0.01,1,0,0,0,0,0
1778692683.626654,2026-05-13 20:18:03,1,1,1,0.0,0.0,0.0,0.0,3.73,0.0,0.0,0.0333,1,1,1,1,0.0,0.0,0.0,0.0,1.87,0.0,0.0,0.0167,1,5,1,2,0.0,0.0,0.0,0.2,1.49,0.0,0.0611,0.0133,1,0,0,0,0,0
1778692713.626654,2026-05-13 20:18:33,0,0,0,0.0,0.0,0.0,0.0,0.0,0.0,0.0,0.0,0,1,1,1,0.0,0.0,0.0,0.0,1.87,0.0,0.0,0.0167,1,5,1,2,0.0,0.0,0.0,0.2,1.49,0.0,0.0611,0.0133,1,0,0,0,0,0
1778692743.626654,2026-05-13 20:19:03,0,0,0,0.0,0.0,0.0,0.0,0.0,0.0,0.0,0.0,0,0,0,0,0.0,0.0,0.0,0.0,0.0,0.0,0.0,0.0,0,5,1,2,0.0,0.0,0.0,0.2,1.49,0.0,0.0611,0.0133,1,0,0,0,0,0
1778692773.626654,2026-05-13 20:19:33,0,0,0,0.0,0.0,0.0,0.0,0.0,0.0,0.0,0.0,0,0,0,0,0.0,0.0,0.0,0.0,0.0,0.0,0.0,0.0,0,3,1,1,0.0,0.0,0.0,0.0,1.12,0.0,0.02,0.01,1,0,0,0,0,0
1778692803.626654,2026-05-13 20:20:03,1,1,1,0.0,0.0,0.0,0.0,3.73,0.0,0.0,0.0333,1,1,1,1,0.0,0.0,0.0,0.0,1.87,0.0,0.0,0.0167,1,4,1,1,0.0,0.0,0.0,0.0,1.49,0.0,0.0272,0.0133,1,0,0,0,0,0
1778692833.626654,2026-05-13 20:20:33,0,0,0,0.0,0.0,0.0,0.0,0.0,0.0,0.0,0.0,0,1,1,1,0.0,0.0,0.0,0.0,1.87,0.0,0.0,0.0167,1,3,1,1,0.0,0.0,0.0,0.0,1.12,0.0,0.0143,0.01,1,0,0,0,0,0
1778692863.626654,2026-05-13 20:21:03,1,1,1,0.0,0.0,0.0,0.0,3.73,0.0,0.0,0.0333,1,1,1,1,0.0,0.0,0.0,0.0,1.87,0.0,0.0,0.0167,1,4,1,1,0.0,0.0,0.0,0.0,1.49,0.0,0.0272,0.0133,1,0,0,0,0,0
1778692893.626654,2026-05-13 20:21:33,0,0,0,0.0,0.0,0.0,0.0,0.0,0.0,0.0,0.0,0,1,1,1,0.0,0.0,0.0,0.0,1.87,0.0,0.0,0.0167,1,3,1,1,0.0,0.0,0.0,0.0,1.12,0.0,0.0333,0.01,1,0,0,0,0,0
1778692923.626654,2026-05-13 20:22:03,1,1,1,0.0,0.0,0.0,0.0,3.73,0.0,0.0,0.0333,1,1,1,1,0.0,0.0,0.0,0.0,1.87,0.0,0.0,0.0167,1,4,1,1,0.0,0.0,0.0,0.0,1.49,0.0,0.0353,0.0133,1,0,0,0,0,0
1778692953.626654,2026-05-13 20:22:33,0,0,0,0.0,0.0,0.0,0.0,0.0,0.0,0.0,0.0,0,1,1,1,0.0,0.0,0.0,0.0,1.87,0.0,0.0,0.0167,1,4,1,1,0.0,0.0,0.0,0.0,1.49,0.0,0.0353,0.0133,1,0,0,0,0,0
1778692983.626654,2026-05-13 20:23:03,1,1,1,0.0,0.0,0.0,1.0,0.0,0.0,0.0,0.0333,1,1,1,1,0.0,0.0,0.0,1.0,0.0,0.0,0.0,0.0167,1,4,1,2,0.0,0.0,0.0,0.25,1.12,0.0,0.0008,0.01,1,0,0,0,0,0
1778693013.626654,2026-05-13 20:23:33,0,0,0,0.0,0.0,0.0,0.0,0.0,0.0,0.0,0.0,0,1,1,1,0.0,0.0,0.0,1.0,0.0,0.0,0.0,0.0167,1,4,1,2,0.0,0.0,0.0,0.25,1.12,0.0,0.0008,0.01,1,0,0,0,0,0
1778693043.626654,2026-05-13 20:24:03,0,0,0,0.0,0.0,0.0,0.0,0.0,0.0,0.0,0.0,0,0,0,0,0.0,0.0,0.0,0.0,0.0,0.0,0.0,0.0,0,4,1,2,0.0,0.0,0.0,0.25,1.12,0.0,0.0008,0.01,1,0,0,0,0,0
1778693073.626654,2026-05-13 20:24:33,1,1,1,0.0,0.0,0.0,0.0,3.73,0.0,0.0,0.0333,1,1,1,1,0.0,0.0,0.0,0.0,1.87,0.0,0.0,0.0167,1,5,1,2,0.0,0.0,0.0,0.2,1.49,0.0,0.0201,0.0133,1,0,0,0,0,0
1778693103.626654,2026-05-13 20:25:03,0,0,0,0.0,0.0,0.0,0.0,0.0,0.0,0.0,0.0,0,1,1,1,0.0,0.0,0.0,0.0,1.87,0.0,0.0,0.0167,1,4,1,2,0.0,0.0,0.0,0.25,1.12,0.0,0.0213,0.01,1,0,0,0,0,0
1778693133.626654,2026-05-13 20:25:33,1,1,1,0.0,0.0,0.0,0.0,3.73,0.0,0.0,0.0333,1,1,1,1,0.0,0.0,0.0,0.0,1.87,0.0,0.0,0.0167,1,5,1,2,0.0,0.0,0.0,0.2,1.49,0.0,0.0201,0.0133,1,0,0,0,0,0
1778693163.626654,2026-05-13 20:26:03,0,0,0,0.0,0.0,0.0,0.0,0.0,0.0,0.0,0.0,0,1,1,1,0.0,0.0,0.0,0.0,1.87,0.0,0.0,0.0167,1,4,1,2,0.0,0.0,0.0,0.25,1.12,0.0,0.0213,0.01,1,0,0,0,0,0
1778693193.626654,2026-05-13 20:26:33,0,0,0,0.0,0.0,0.0,0.0,0.0,0.0,0.0,0.0,0,0,0,0,0.0,0.0,0.0,0.0,0.0,0.0,0.0,0.0,0,4,1,2,0.0,0.0,0.0,0.25,1.12,0.0,0.0213,0.01,1,0,0,0,0,0
1778693223.626654,2026-05-13 20:27:03,0,0,0,0.0,0.0,0.0,0.0,0.0,0.0,0.0,0.0,0,0,0,0,0.0,0.0,0.0,0.0,0.0,0.0,0.0,0.0,0,3,1,2,0.0,0.0,0.0,0.3333,0.75,0.0,0.0206,0.0067,1,0,0,0,0,0
1778693253.626654,2026-05-13 20:27:33,0,0,0,0.0,0.0,0.0,0.0,0.0,0.0,0.0,0.0,0,0,0,0,0.0,0.0,0.0,0.0,0.0,0.0,0.0,0.0,0,3,1,2,0.0,0.0,0.0,0.3333,0.75,0.0,0.0206,0.0067,1,0,0,0,0,0
1778693283.626654,2026-05-13 20:28:03,0,0,0,0.0,0.0,0.0,0.0,0.0,0.0,0.0,0.0,0,0,0,0,0.0,0.0,0.0,0.0,0.0,0.0,0.0,0.0,0,2,1,1,0.0,0.0,0.0,0.0,0.75,0.0,0.0,0.0067,1,0,0,0,0,0
1778693313.626654,2026-05-13 20:28:33,5,2,4,0.2,0.0,1.732,1.0,432.4,0.0451,0.0737,0.1667,2,5,2,4,0.2,0.0,1.732,1.0,216.2,0.0451,0.0737,0.0833,2,7,2,5,0.1429,0.0,1.2372,0.7143,43.99,0.037,0.1616,0.0167,2,0,0,0,0,0
1778693343.626654,2026-05-13 20:29:03,5,2,3,0.0,0.1333,0.0478,0.2,9.4,0.0451,0.1695,0.1667,2,10,4,7,0.1,0.0667,0.8899,0.6,220.9,0.1076,0.1911,0.0833,2,12,4,8,0.0833,0.0133,0.7416,0.5,44.93,0.1016,0.2167,0.0167,2,0,0,0,0,0
1778693373.626654,2026-05-13 20:29:33,0,0,0,0.0,0.0,0.0,0.0,0.0,0.0,0.0,0.0,0,5,2,3,0.0,0.0667,0.0478,0.2,4.7,0.0451,0.1695,0.0833,2,11,4,8,0.0909,0.0133,0.809,0.5455,44.55,0.1048,0.265,0.0167,2,0,0,0,0,0
1778693403.626654,2026-05-13 20:30:03,0,0,0,0.0,0.0,0.0,0.0,0.0,0.0,0.0,0.0,0,0,0,0,0.0,0.0,0.0,0.0,0.0,0.0,0.0,0.0,0,11,4,8,0.0909,0.0133,0.809,0.5455,44.55,0.1048,0.265,0.0167,2,0,0,0,0,0
1778693433.626654,2026-05-13 20:30:33,0,0,0,0.0,0.0,0.0,0.0,0.0,0.0,0.0,0.0,0,0,0,0,0.0,0.0,0.0,0.0,0.0,0.0,0.0,0.0,0,10,4,7,0.1,0.0133,0.8899,0.6,44.18,0.1076,0.1911,0.0167,2,0,0,0,0,0
1778693463.626654,2026-05-13 20:31:03,0,0,0,0.0,0.0,0.0,0.0,0.0,0.0,0.0,0.0,0,0,0,0,0.0,0.0,0.0,0.0,0.0,0.0,0.0,0.0,0,10,4,7,0.1,0.0133,0.8899,0.6,44.18,0.1076,0.1911,0.0167,2,0,0,0,0,0
1778693493.626654,2026-05-13 20:31:33,0,0,0,0.0,0.0,0.0,0.0,0.0,0.0,0.0,0.0,0,0,0,0,0.0,0.0,0.0,0.0,0.0,0.0,0.0,0.0,0,10,4,7,0.1,0.0133,0.8899,0.6,44.18,0.1076,0.1911,0.0167,2,0,0,0,0,0
1778693523.626654,2026-05-13 20:32:03,0,0,0,0.0,0.0,0.0,0.0,0.0,0.0,0.0,0.0,0,0,0,0,0.0,0.0,0.0,0.0,0.0,0.0,0.0,0.0,0,10,4,7,0.1,0.0133,0.8899,0.6,44.18,0.1076,0.1911,0.0167,2,0,0,0,0,0
1778693553.626654,2026-05-13 20:32:33,0,0,0,0.0,0.0,0.0,0.0,0.0,0.0,0.0,0.0,0,0,0,0,0.0,0.0,0.0,0.0,0.0,0.0,0.0,0.0,0,10,4,7,0.1,0.0133,0.8899,0.6,44.18,0.1076,0.1911,0.0167,2,0,0,0,0,0
1778693583.626654,2026-05-13 20:33:03,0,0,0,0.0,0.0,0.0,0.0,0.0,0.0,0.0,0.0,0,0,0,0,0.0,0.0,0.0,0.0,0.0,0.0,0.0,0.0,0,10,4,7,0.1,0.0133,0.8899,0.6,44.18,0.1076,0.1911,0.0167,2,0,0,0,0,0
1778693613.626654,2026-05-13 20:33:33,0,0,0,0.0,0.0,0.0,0.0,0.0,0.0,0.0,0.0,0,0,0,0,0.0,0.0,0.0,0.0,0.0,0.0,0.0,0.0,0,5,2,3,0.0,0.0133,0.0478,0.2,0.94,0.0451,0.1695,0.0167,2,0,0,0,0,0
1778693643.626654,2026-05-13 20:34:03,0,0,0,0.0,0.0,0.0,0.0,0.0,0.0,0.0,0.0,0,0,0,0,0.0,0.0,0.0,0.0,0.0,0.0,0.0,0.0,0,0,0,0,0.0,0.0,0.0,0.0,0.0,0.0,0.0,0.0,0,0,0,0,0,0
1778693673.626654,2026-05-13 20:34:33,0,0,0,0.0,0.0,0.0,0.0,0.0,0.0,0.0,0.0,0,0,0,0,0.0,0.0,0.0,0.0,0.0,0.0,0.0,0.0,0,0,0,0,0.0,0.0,0.0,0.0,0.0,0.0,0.0,0.0,0,0,0,0,0,0
1778693703.626654,2026-05-13 20:35:03,0,0,0,0.0,0.0,0.0,0.0,0.0,0.0,0.0,0.0,0,0,0,0,0.0,0.0,0.0,0.0,0.0,0.0,0.0,0.0,0,0,0,0,0.0,0.0,0.0,0.0,0.0,0.0,0.0,0.0,0,0,0,0,0,0
1778693733.626654,2026-05-13 20:35:33,0,0,0,0.0,0.0,0.0,0.0,0.0,0.0,0.0,0.0,0,0,0,0,0.0,0.0,0.0,0.0,0.0,0.0,0.0,0.0,0,0,0,0,0.0,0.0,0.0,0.0,0.0,0.0,0.0,0.0,0,0,0,0,0,0
1778693763.626654,2026-05-13 20:36:03,0,0,0,0.0,0.0,0.0,0.0,0.0,0.0,0.0,0.0,0,0,0,0,0.0,0.0,0.0,0.0,0.0,0.0,0.0,0.0,0,0,0,0,0.0,0.0,0.0,0.0,0.0,0.0,0.0,0.0,0,0,0,0,0,0
1778693793.626654,2026-05-13 20:36:33,0,0,0,0.0,0.0,0.0,0.0,0.0,0.0,0.0,0.0,0,0,0,0,0.0,0.0,0.0,0.0,0.0,0.0,0.0,0.0,0,0,0,0,0.0,0.0,0.0,0.0,0.0,0.0,0.0,0.0,0,0,0,0,0,0
1778693823.626654,2026-05-13 20:37:03,0,0,0,0.0,0.0,0.0,0.0,0.0,0.0,0.0,0.0,0,0,0,0,0.0,0.0,0.0,0.0,0.0,0.0,0.0,0.0,0,0,0,0,0.0,0.0,0.0,0.0,0.0,0.0,0.0,0.0,0,0,0,0,0,0
1778693853.626654,2026-05-13 20:37:33,0,0,0,0.0,0.0,0.0,0.0,0.0,0.0,0.0,0.0,0,0,0,0,0.0,0.0,0.0,0.0,0.0,0.0,0.0,0.0,0,0,0,0,0.0,0.0,0.0,0.0,0.0,0.0,0.0,0.0,0,0,0,0,0,0
1778693883.626654,2026-05-13 20:38:03,0,0,0,0.0,0.0,0.0,0.0,0.0,0.0,0.0,0.0,0,0,0,0,0.0,0.0,0.0,0.0,0.0,0.0,0.0,0.0,0,0,0,0,0.0,0.0,0.0,0.0,0.0,0.0,0.0,0.0,0,0,0,0,0,0
1778693913.626654,2026-05-13 20:38:33,7,1,1,0.0,0.2333,0.093,0.0,29.03,0.0,0.0831,0.2333,1,7,1,1,0.0,0.1167,0.093,0.0,14.52,0.0,0.0831,0.1167,1,7,1,1,0.0,0.0233,0.093,0.0,2.9,0.0,0.0831,0.0233,1,0,0,0,0,0
1778693943.626654,2026-05-13 20:39:03,0,0,0,0.0,0.0,0.0,0.0,0.0,0.0,0.0,0.0,0,7,1,1,0.0,0.1167,0.093,0.0,14.52,0.0,0.0831,0.1167,1,7,1,1,0.0,0.0233,0.093,0.0,2.9,0.0,0.0831,0.0233,1,0,0,0,0,0
1778693973.626654,2026-05-13 20:39:33,0,0,0,0.0,0.0,0.0,0.0,0.0,0.0,0.0,0.0,0,0,0,0,0.0,0.0,0.0,0.0,0.0,0.0,0.0,0.0,0,7,1,1,0.0,0.0233,0.093,0.0,2.9,0.0,0.0831,0.0233,1,0,0,0,0,0
1778694003.626654,2026-05-13 20:40:03,1,1,1,0.0,0.0,0.0001,0.0,3.73,0.0,0.0,0.0333,1,1,1,1,0.0,0.0,0.0001,0.0,1.87,0.0,0.0,0.0167,1,8,2,2,0.0,0.0233,0.0814,0.0,3.28,0.034,0.2427,0.0233,1,0,0,0,0,0
1778694033.626654,2026-05-13 20:40:33,0,0,0,0.0,0.0,0.0,0.0,0.0,0.0,0.0,0.0,0,1,1,1,0.0,0.0,0.0001,0.0,1.87,0.0,0.0,0.0167,1,8,2,2,0.0,0.0233,0.0814,0.0,3.28,0.034,0.2427,0.0233,1,0,0,0,0,0
1778694063.626654,2026-05-13 20:41:03,0,0,0,0.0,0.0,0.0,0.0,0.0,0.0,0.0,0.0,0,0,0,0,0.0,0.0,0.0,0.0,0.0,0.0,0.0,0.0,0,8,2,2,0.0,0.0233,0.0814,0.0,3.28,0.034,0.2427,0.0233,1,0,0,0,0,0
1778694093.626654,2026-05-13 20:41:33,0,0,0,0.0,0.0,0.0,0.0,0.0,0.0,0.0,0.0,0,0,0,0,0.0,0.0,0.0,0.0,0.0,0.0,0.0,0.0,0,8,2,2,0.0,0.0233,0.0814,0.0,3.28,0.034,0.2427,0.0233,1,0,0,0,0,0
1778694123.626654,2026-05-13 20:42:03,1,1,1,1.0,0.0,3.5264,0.0,65.77,0.0,0.0,0.0333,1,1,1,1,1.0,0.0,3.5264,0.0,32.88,0.0,0.0,0.0167,1,9,3,2,0.1111,0.0233,0.4642,0.0,9.85,0.0617,0.1737,0.0233,1,0,0,0,0,0
1778694153.626654,2026-05-13 20:42:33,0,0,0,0.0,0.0,0.0,0.0,0.0,0.0,0.0,0.0,0,1,1,1,1.0,0.0,3.5264,0.0,32.88,0.0,0.0,0.0167,1,9,3,2,0.1111,0.0233,0.4642,0.0,9.85,0.0617,0.1737,0.0233,1,0,0,0,0,0
1778694183.626654,2026-05-13 20:43:03,0,0,0,0.0,0.0,0.0,0.0,0.0,0.0,0.0,0.0,0,0,0,0,0.0,0.0,0.0,0.0,0.0,0.0,0.0,0.0,0,9,3,2,0.1111,0.0233,0.4642,0.0,9.85,0.0617,0.1737,0.0233,1,0,0,0,0,0
1778694213.626654,2026-05-13 20:43:33,37,3,10,0.0,0.4667,0.2998,0.6216,604.77,0.0986,0.1838,1.2333,3,37,3,10,0.0,0.2333,0.2998,0.6216,302.38,0.0986,0.1838,0.6167,3,39,5,11,0.0256,0.0467,0.3748,0.5897,67.43,0.115,0.3942,0.1233,3,0,0,0,0,0
1778694243.626654,2026-05-13 20:44:03,5,2,2,0.0,0.1,0.0873,0.4,18.03,0.0607,0.1291,0.1667,2,42,3,11,0.0,0.2833,0.2745,0.5952,311.4,0.098,0.2662,0.7,3,44,5,12,0.0227,0.0567,0.3421,0.5682,69.23,0.1131,0.3687,0.14,3,0,0,0,0,0
1778694273.626654,2026-05-13 20:44:33,8,2,4,0.0,0.0667,0.1477,0.75,25.23,0.0507,0.2235,0.2667,2,13,2,5,0.0,0.0833,0.1245,0.6154,21.63,0.0601,0.1666,0.2167,2,52,5,15,0.0192,0.0633,0.3122,0.5962,71.75,0.1106,0.3649,0.1667,3,0,0,0,0,0
1778694303.626654,2026-05-13 20:45:03,0,0,0,0.0,0.0,0.0,0.0,0.0,0.0,0.0,0.0,0,8,2,4,0.0,0.0333,0.1477,0.75,12.62,0.0507,0.2235,0.1333,2,51,4,15,0.0196,0.0633,0.3184,0.6078,71.38,0.104,0.3318,0.1667,3,0,0,0,0,0
1778694333.626654,2026-05-13 20:45:33,1,1,1,0.0,0.0333,0.1046,0.0,7.53,0.0,0.0,0.0333,1,1,1,1,0.0,0.0167,0.1046,0.0,3.77,0.0,0.0,0.0167,1,52,4,15,0.0192,0.0667,0.3142,0.5962,72.13,0.1037,0.3024,0.17,3,0,0,0,0,0
1778694363.626654,2026-05-13 20:46:03,0,0,0,0.0,0.0,0.0,0.0,0.0,0.0,0.0,0.0,0,1,1,1,0.0,0.0167,0.1046,0.0,3.77,0.0,0.0,0.0167,1,52,4,15,0.0192,0.0667,0.3142,0.5962,72.13,0.1037,0.3024,0.17,3,0,0,0,0,0
1778694393.626654,2026-05-13 20:46:33,1,1,1,0.0,0.0333,0.0836,0.0,7.53,0.0,0.0,0.0333,1,1,1,1,0.0,0.0167,0.0836,0.0,3.77,0.0,0.0,0.0167,1,53,4,15,0.0189,0.07,0.3099,0.5849,72.89,0.1033,0.2827,0.1733,3,0,0,0,0,0
1778694423.626654,2026-05-13 20:47:03,0,0,0,0.0,0.0,0.0,0.0,0.0,0.0,0.0,0.0,0,1,1,1,0.0,0.0167,0.0836,0.0,3.77,0.0,0.0,0.0167,1,52,3,14,0.0,0.07,0.248,0.5962,66.31,0.0967,0.3007,0.1733,3,0,0,0,0,0
1778694453.626654,2026-05-13 20:47:33,0,0,0,0.0,0.0,0.0,0.0,0.0,0.0,0.0,0.0,0,0,0,0,0.0,0.0,0.0,0.0,0.0,0.0,0.0,0.0,0,52,3,14,0.0,0.07,0.248,0.5962,66.31,0.0967,0.3007,0.1733,3,0,0,0,0,0
1778694483.626654,2026-05-13 20:48:03,0,0,0,0.0,0.0,0.0,0.0,0.0,0.0,0.0,0.0,0,0,0,0,0.0,0.0,0.0,0.0,0.0,0.0,0.0,0.0,0,52,3,14,0.0,0.07,0.248,0.5962,66.31,0.0967,0.3007,0.1733,3,0,0,0,0,0
1778694513.626654,2026-05-13 20:48:33,1,1,1,0.0,0.0333,0.0878,0.0,7.53,0.0,0.0,0.0333,1,1,1,1,0.0,0.0167,0.0878,0.0,3.77,0.0,0.0,0.0167,1,16,2,5,0.0,0.0267,0.1184,0.5,6.59,0.0625,0.1868,0.0533,2,0,0,0,0,0
1778694543.626654,2026-05-13 20:49:03,0,0,0,0.0,0.0,0.0,0.0,0.0,0.0,0.0,0.0,0,1,1,1,0.0,0.0167,0.0878,0.0,3.77,0.0,0.0,0.0167,1,11,2,4,0.0,0.0167,0.1325,0.5455,4.78,0.0621,0.1609,0.0367,2,0,0,0,0,0
1778694573.626654,2026-05-13 20:49:33,3,2,2,0.0,0.0333,0.1614,0.6667,7.77,0.0574,0.0458,0.1,2,3,2,2,0.0,0.0167,0.1614,0.6667,3.88,0.0574,0.0458,0.05,2,6,2,2,0.0,0.0133,0.1267,0.3333,3.04,0.0574,0.0995,0.02,2,0,0,0,0,0
1778694603.626654,2026-05-13 20:50:03,0,0,0,0.0,0.0,0.0,0.0,0.0,0.0,0.0,0.0,0,3,2,2,0.0,0.0167,0.1614,0.6667,3.88,0.0574,0.0458,0.05,2,6,2,2,0.0,0.0133,0.1267,0.3333,3.04,0.0574,0.0995,0.02,2,0,0,0,0,0
1778694633.626654,2026-05-13 20:50:33,0,0,0,0.0,0.0,0.0,0.0,0.0,0.0,0.0,0.0,0,0,0,0,0.0,0.0,0.0,0.0,0.0,0.0,0.0,0.0,0,5,2,2,0.0,0.01,0.1311,0.4,2.28,0.0607,0.1198,0.0167,2,0,0,0,0,0
1778694663.626654,2026-05-13 20:51:03,0,0,0,0.0,0.0,0.0,0.0,0.0,0.0,0.0,0.0,0,0,0,0,0.0,0.0,0.0,0.0,0.0,0.0,0.0,0.0,0,5,2,2,0.0,0.01,0.1311,0.4,2.28,0.0607,0.1198,0.0167,2,0,0,0,0,0
1778694693.626654,2026-05-13 20:51:33,0,0,0,0.0,0.0,0.0,0.0,0.0,0.0,0.0,0.0,0,0,0,0,0.0,0.0,0.0,0.0,0.0,0.0,0.0,0.0,0,4,2,2,0.0,0.0067,0.143,0.5,1.53,0.0625,0.1401,0.0133,2,0,0,0,0,0
1778694723.626654,2026-05-13 20:52:03,0,0,0,0.0,0.0,0.0,0.0,0.0,0.0,0.0,0.0,0,0,0,0,0.0,0.0,0.0,0.0,0.0,0.0,0.0,0.0,0,4,2,2,0.0,0.0067,0.143,0.5,1.53,0.0625,0.1401,0.0133,2,0,0,0,0,0
1778694753.626654,2026-05-13 20:52:33,0,0,0,0.0,0.0,0.0,0.0,0.0,0.0,0.0,0.0,0,0,0,0,0.0,0.0,0.0,0.0,0.0,0.0,0.0,0.0,0,4,2,2,0.0,0.0067,0.143,0.5,1.53,0.0625,0.1401,0.0133,2,0,0,0,0,0
1778694783.626654,2026-05-13 20:53:03,1,1,1,0.0,0.0333,0.0808,0.0,7.53,0.0,0.0,0.0333,1,1,1,1,0.0,0.0167,0.0808,0.0,3.77,0.0,0.0,0.0167,1,5,2,2,0.0,0.01,0.1306,0.4,2.28,0.0607,0.1347,0.0167,2,0,0,0,0,0
1778694813.626654,2026-05-13 20:53:33,0,0,0,0.0,0.0,0.0,0.0,0.0,0.0,0.0,0.0,0,1,1,1,0.0,0.0167,0.0808,0.0,3.77,0.0,0.0,0.0167,1,4,2,2,0.0,0.0067,0.1413,0.5,1.53,0.0625,0.1411,0.0133,2,0,0,0,0,0
1778694843.626654,2026-05-13 20:54:03,0,0,0,0.0,0.0,0.0,0.0,0.0,0.0,0.0,0.0,0,0,0,0,0.0,0.0,0.0,0.0,0.0,0.0,0.0,0.0,0,4,2,2,0.0,0.0067,0.1413,0.5,1.53,0.0625,0.1411,0.0133,2,0,0,0,0,0
1778694873.626654,2026-05-13 20:54:33,3,2,2,0.0,0.0333,0.238,0.6667,7.77,0.0574,0.0181,0.1,2,3,2,2,0.0,0.0167,0.238,0.6667,3.88,0.0574,0.0181,0.05,2,4,2,2,0.0,0.0067,0.1987,0.5,1.53,0.0625,0.1402,0.0133,2,0,0,0,0,0
1778694903.626654,2026-05-13 20:55:03,1,1,1,0.0,0.0,0.0001,0.0,3.73,0.0,0.0,0.0333,1,4,3,3,0.0,0.0167,0.1786,0.5,5.75,0.0938,0.1387,0.05,2,5,3,3,0.0,0.0067,0.159,0.4,1.9,0.0951,0.1131,0.0133,2,0,0,0,0,0
1778694933.626654,2026-05-13 20:55:33,0,0,0,0.0,0.0,0.0,0.0,0.0,0.0,0.0,0.0,0,1,1,1,0.0,0.0,0.0001,0.0,1.87,0.0,0.0,0.0167,1,5,3,3,0.0,0.0067,0.159,0.4,1.9,0.0951,0.1131,0.0133,2,0,0,0,0,0
1778694963.626654,2026-05-13 20:56:03,0,0,0,0.0,0.0,0.0,0.0,0.0,0.0,0.0,0.0,0,0,0,0,0.0,0.0,0.0,0.0,0.0,0.0,0.0,0.0,0,5,3,3,0.0,0.0067,0.159,0.4,1.9,0.0951,0.1131,0.0133,2,0,0,0,0,0
1778694993.626654,2026-05-13 20:56:33,1,1,1,0.0,0.0,0.0,1.0,0.0,0.0,0.0,0.0333,1,1,1,1,0.0,0.0,0.0,1.0,0.0,0.0,0.0,0.0167,1,6,3,4,0.0,0.0067,0.1325,0.5,1.9,0.0991,0.0906,0.0133,2,0,0,0,0,0
1778695023.626654,2026-05-13 20:57:03,1,1,1,0.0,0.0,0.0001,0.0,3.73,0.0,0.0,0.0333,1,2,1,2,0.0,0.0,0.0,0.5,1.87,0.0,0.0,0.0167,1,7,3,4,0.0,0.0067,0.1136,0.4286,2.28,0.0973,0.0848,0.0133,2,0,0,0,0,0
1778695053.626654,2026-05-13 20:57:33,0,0,0,0.0,0.0,0.0,0.0,0.0,0.0,0.0,0.0,0,1,1,1,0.0,0.0,0.0001,0.0,1.87,0.0,0.0,0.0167,1,7,3,4,0.0,0.0067,0.1136,0.4286,2.28,0.0973,0.0848,0.0133,2,0,0,0,0,0
1778695083.626654,2026-05-13 20:58:03,1,1,1,0.0,0.0333,0.0902,0.0,7.53,0.0,0.0,0.0333,1,1,1,1,0.0,0.0167,0.0902,0.0,3.77,0.0,0.0,0.0167,1,7,3,4,0.0,0.0067,0.1149,0.4286,2.28,0.0973,0.0824,0.0133,2,0,0,0,0,0
1778695113.626654,2026-05-13 20:58:33,0,0,0,0.0,0.0,0.0,0.0,0.0,0.0,0.0,0.0,0,1,1,1,0.0,0.0167,0.0902,0.0,3.77,0.0,0.0,0.0167,1,7,3,4,0.0,0.0067,0.1149,0.4286,2.28,0.0973,0.0824,0.0133,2,0,0,0,0,0
1778695143.626654,2026-05-13 20:59:03,1,1,1,0.0,0.0,0.0,0.0,3.73,0.0,0.0,0.0333,1,1,1,1,0.0,0.0,0.0,0.0,1.87,0.0,0.0,0.0167,1,8,3,4,0.0,0.0067,0.1006,0.375,2.65,0.0938,0.0736,0.0133,2,0,0,0,0,0
1778695173.626654,2026-05-13 20:59:33,3,2,2,0.0,0.0333,0.077,0.6667,11.3,0.0574,0.0107,0.1,2,4,3,3,0.0,0.0167,0.0577,0.5,7.52,0.0938,0.1396,0.05,2,8,3,4,0.0,0.0067,0.0402,0.375,3.0,0.0938,0.0824,0.0133,2,0,0,0,0,0
1778695203.626654,2026-05-13 21:00:03,12,1,1,0.0,0.4,0.0936,0.0,56.4,0.0,0.1027,0.4,1,15,2,2,0.0,0.2167,0.0902,0.1333,33.85,0.0354,0.3486,0.25,2,19,3,4,0.0,0.0467,0.076,0.1579,8.27,0.0679,0.176,0.0533,2,0,0,0,0,0
1778695233.626654,2026-05-13 21:00:33,0,0,0,0.0,0.0,0.0,0.0,0.0,0.0,0.0,0.0,0,12,1,1,0.0,0.2,0.0936,0.0,28.2,0.0,0.1027,0.2,1,19,3,4,0.0,0.0467,0.076,0.1579,8.27,0.0679,0.176,0.0533,2,0,0,0,0,0
1778695263.626654,2026-05-13 21:01:03,0,0,0,0.0,0.0,0.0,0.0,0.0,0.0,0.0,0.0,0,0,0,0,0.0,0.0,0.0,0.0,0.0,0.0,0.0,0.0,0,19,3,4,0.0,0.0467,0.076,0.1579,8.27,0.0679,0.176,0.0533,2,0,0,0,0,0
1778695293.626654,2026-05-13 21:01:33,0,0,0,0.0,0.0,0.0,0.0,0.0,0.0,0.0,0.0,0,0,0,0,0.0,0.0,0.0,0.0,0.0,0.0,0.0,0.0,0,18,3,3,0.0,0.0467,0.0802,0.1111,8.27,0.0617,0.1975,0.0533,2,0,0,0,0,0
1778695323.626654,2026-05-13 21:02:03,1,1,1,0.0,0.0,0.0,0.0,3.73,0.0,0.0,0.0333,1,1,1,1,0.0,0.0,0.0,0.0,1.87,0.0,0.0,0.0167,1,18,3,3,0.0,0.0467,0.0802,0.1111,8.27,0.0617,0.2161,0.0533,2,0,0,0,0,0
1778695353.626654,2026-05-13 21:02:33,0,0,0,0.0,0.0,0.0,0.0,0.0,0.0,0.0,0.0,0,1,1,1,0.0,0.0,0.0,0.0,1.87,0.0,0.0,0.0167,1,18,3,3,0.0,0.0467,0.0802,0.1111,8.27,0.0617,0.2161,0.0533,2,0,0,0,0,0
1778695383.626654,2026-05-13 21:03:03,1,1,1,0.0,0.0333,0.0831,0.0,7.53,0.0,0.0,0.0333,1,1,1,1,0.0,0.0167,0.0831,0.0,3.77,0.0,0.0,0.0167,1,18,3,3,0.0,0.0467,0.0798,0.1111,8.27,0.0617,0.2233,0.0533,2,0,0,0,0,0
1778695413.626654,2026-05-13 21:03:33,1,1,1,0.0,0.0,0.0,0.0,3.73,0.0,0.0,0.0333,1,2,2,2,0.0,0.0167,0.0416,0.0,5.63,0.0625,0.0,0.0167,1,19,3,3,0.0,0.0467,0.0756,0.1053,8.64,0.0679,0.1988,0.0533,2,0,0,0,0,0
1778695443.626654,2026-05-13 21:04:03,0,0,0,0.0,0.0,0.0,0.0,0.0,0.0,0.0,0.0,0,1,1,1,0.0,0.0,0.0,0.0,1.87,0.0,0.0,0.0167,1,18,3,3,0.0,0.0467,0.0798,0.1111,8.27,0.0617,0.2074,0.0533,2,0,0,0,0,0
1778695473.626654,2026-05-13 21:04:33,3,2,2,0.0,0.0333,0.073,0.6667,11.3,0.0574,0.0045,0.1,2,3,2,2,0.0,0.0167,0.073,0.6667,5.65,0.0574,0.0045,0.05,2,18,3,3,0.0,0.0467,0.0792,0.1111,8.27,0.0617,0.2053,0.0533,2,0,0,0,0,0
1778695503.626654,2026-05-13 21:05:03,1,1,1,0.0,0.0,0.0,0.0,3.73,0.0,0.0,0.0333,1,4,3,3,0.0,0.0167,0.0547,0.5,7.52,0.0938,0.1407,0.05,2,7,3,3,0.0,0.0067,0.0432,0.2857,3.0,0.0973,0.0709,0.0133,2,0,0,0,0,0
1778695533.626654,2026-05-13 21:05:33,0,0,0,0.0,0.0,0.0,0.0,0.0,0.0,0.0,0.0,0,1,1,1,0.0,0.0,0.0,0.0,1.87,0.0,0.0,0.0167,1,7,3,3,0.0,0.0067,0.0432,0.2857,3.0,0.0973,0.0709,0.0133,2,0,0,0,0,0
1778695563.626654,2026-05-13 21:06:03,1,1,1,0.0,0.0,0.0,0.0,3.73,0.0,0.0,0.0333,1,1,1,1,0.0,0.0,0.0,0.0,1.87,0.0,0.0,0.0167,1,8,3,3,0.0,0.0067,0.0378,0.25,3.38,0.0938,0.0651,0.0133,2,0,0,0,0,0
1778695593.626654,2026-05-13 21:06:33,0,0,0,0.0,0.0,0.0,0.0,0.0,0.0,0.0,0.0,0,1,1,1,0.0,0.0,0.0,0.0,1.87,0.0,0.0,0.0167,1,8,3,3,0.0,0.0067,0.0378,0.25,3.38,0.0938,0.0651,0.0133,2,0,0,0,0,0
1778695623.626654,2026-05-13 21:07:03,1,1,1,0.0,0.0,0.0,0.0,3.73,0.0,0.0,0.0333,1,1,1,1,0.0,0.0,0.0,0.0,1.87,0.0,0.0,0.0167,1,8,3,3,0.0,0.0067,0.0378,0.25,3.38,0.0938,0.0659,0.0133,2,0,0,0,0,0
1778695653.626654,2026-05-13 21:07:33,0,0,0,0.0,0.0,0.0,0.0,0.0,0.0,0.0,0.0,0,1,1,1,0.0,0.0,0.0,0.0,1.87,0.0,0.0,0.0167,1,8,3,3,0.0,0.0067,0.0378,0.25,3.38,0.0938,0.0659,0.0133,2,0,0,0,0,0
1778695683.626654,2026-05-13 21:08:03,1,1,1,0.0,0.0333,0.0876,0.0,7.53,0.0,0.0,0.0333,1,1,1,1,0.0,0.0167,0.0876,0.0,3.77,0.0,0.0,0.0167,1,8,3,3,0.0,0.0067,0.0383,0.25,3.38,0.0938,0.0653,0.0133,2,0,0,0,0,0
1778695713.626654,2026-05-13 21:08:33,0,0,0,0.0,0.0,0.0,0.0,0.0,0.0,0.0,0.0,0,1,1,1,0.0,0.0167,0.0876,0.0,3.77,0.0,0.0,0.0167,1,7,3,3,0.0,0.0067,0.0438,0.2857,3.0,0.0973,0.0729,0.0133,2,0,0,0,0,0
1778695743.626654,2026-05-13 21:09:03,0,0,0,0.0,0.0,0.0,0.0,0.0,0.0,0.0,0.0,0,0,0,0,0.0,0.0,0.0,0.0,0.0,0.0,0.0,0.0,0,7,3,3,0.0,0.0067,0.0438,0.2857,3.0,0.0973,0.0729,0.0133,2,0,0,0,0,0
1778695773.626654,2026-05-13 21:09:33,3,2,2,0.0,0.0333,0.1342,0.6667,7.77,0.0574,0.0247,0.1,2,3,2,2,0.0,0.0167,0.1342,0.6667,3.88,0.0574,0.0247,0.05,2,7,3,3,0.0,0.0067,0.07,0.2857,2.65,0.0973,0.0767,0.0133,2,0,0,0,0,0
1778695803.626654,2026-05-13 21:10:03,0,0,0,0.0,0.0,0.0,0.0,0.0,0.0,0.0,0.0,0,3,2,2,0.0,0.0167,0.1342,0.6667,3.88,0.0574,0.0247,0.05,2,6,3,3,0.0,0.0067,0.0817,0.3333,2.28,0.0991,0.0888,0.0133,2,0,0,0,0,0
1778695833.626654,2026-05-13 21:10:33,0,0,0,0.0,0.0,0.0,0.0,0.0,0.0,0.0,0.0,0,0,0,0,0.0,0.0,0.0,0.0,0.0,0.0,0.0,0.0,0,6,3,3,0.0,0.0067,0.0817,0.3333,2.28,0.0991,0.0888,0.0133,2,0,0,0,0,0
1778695863.626654,2026-05-13 21:11:03,0,0,0,0.0,0.0,0.0,0.0,0.0,0.0,0.0,0.0,0,0,0,0,0.0,0.0,0.0,0.0,0.0,0.0,0.0,0.0,0,5,3,3,0.0,0.0067,0.098,0.4,1.9,0.0951,0.1093,0.0133,2,0,0,0,0,0
1778695893.626654,2026-05-13 21:11:33,0,0,0,0.0,0.0,0.0,0.0,0.0,0.0,0.0,0.0,0,0,0,0,0.0,0.0,0.0,0.0,0.0,0.0,0.0,0.0,0,5,3,3,0.0,0.0067,0.098,0.4,1.9,0.0951,0.1093,0.0133,2,0,0,0,0,0
1778695923.626654,2026-05-13 21:12:03,0,0,0,0.0,0.0,0.0,0.0,0.0,0.0,0.0,0.0,0,0,0,0,0.0,0.0,0.0,0.0,0.0,0.0,0.0,0.0,0,4,2,2,0.0,0.0067,0.1225,0.5,1.53,0.0625,0.1408,0.0133,2,0,0,0,0,0
1778695953.626654,2026-05-13 21:12:33,0,0,0,0.0,0.0,0.0,0.0,0.0,0.0,0.0,0.0,0,0,0,0,0.0,0.0,0.0,0.0,0.0,0.0,0.0,0.0,0,4,2,2,0.0,0.0067,0.1225,0.5,1.53,0.0625,0.1408,0.0133,2,0,0,0,0,0
1778695983.626654,2026-05-13 21:13:03,1,1,1,0.0,0.0333,0.0832,0.0,7.53,0.0,0.0,0.0333,1,1,1,1,0.0,0.0167,0.0832,0.0,3.77,0.0,0.0,0.0167,1,4,2,2,0.0,0.0067,0.1214,0.5,1.53,0.0625,0.1412,0.0133,2,0,0,0,0,0
1778696013.626654,2026-05-13 21:13:33,0,0,0,0.0,0.0,0.0,0.0,0.0,0.0,0.0,0.0,0,1,1,1,0.0,0.0167,0.0832,0.0,3.77,0.0,0.0,0.0167,1,4,2,2,0.0,0.0067,0.1214,0.5,1.53,0.0625,0.1412,0.0133,2,0,0,0,0,0
1778696043.626654,2026-05-13 21:14:03,0,0,0,0.0,0.0,0.0,0.0,0.0,0.0,0.0,0.0,0,0,0,0,0.0,0.0,0.0,0.0,0.0,0.0,0.0,0.0,0,4,2,2,0.0,0.0067,0.1214,0.5,1.53,0.0625,0.1412,0.0133,2,0,0,0,0,0
1778696073.626654,2026-05-13 21:14:33,3,2,2,0.0,0.0333,0.0723,0.6667,11.3,0.0574,0.0037,0.1,2,3,2,2,0.0,0.0167,0.0723,0.6667,5.65,0.0574,0.0037,0.05,2,4,2,2,0.0,0.0067,0.075,0.5,1.88,0.0625,0.1411,0.0133,2,0,0,0,0,0
1778696103.626654,2026-05-13 21:15:03,0,0,0,0.0,0.0,0.0,0.0,0.0,0.0,0.0,0.0,0,3,2,2,0.0,0.0167,0.0723,0.6667,5.65,0.0574,0.0037,0.05,2,4,2,2,0.0,0.0067,0.075,0.5,1.88,0.0625,0.1411,0.0133,2,0,0,0,0,0
1778696133.626654,2026-05-13 21:15:33,1,1,1,0.0,0.0,0.0,0.0,3.73,0.0,0.0,0.0333,1,1,1,1,0.0,0.0,0.0,0.0,1.87,0.0,0.0,0.0167,1,5,3,3,0.0,0.0067,0.06,0.4,2.26,0.0951,0.1101,0.0133,2,0,0,0,0,0
1778696163.626654,2026-05-13 21:16:03,0,0,0,0.0,0.0,0.0,0.0,0.0,0.0,0.0,0.0,0,1,1,1,0.0,0.0,0.0,0.0,1.87,0.0,0.0,0.0167,1,5,3,3,0.0,0.0067,0.06,0.4,2.26,0.0951,0.1101,0.0133,2,0,0,0,0,0
1778696193.626654,2026-05-13 21:16:33,10,2,4,0.0,0.2,0.0475,0.4,29.13,0.0607,0.2358,0.3333,2,10,2,4,0.0,0.1,0.0475,0.4,14.57,0.0607,0.2358,0.1667,2,15,4,6,0.0,0.0267,0.0517,0.4,5.17,0.1025,0.1881,0.0467,3,0,0,0,0,0
1778696223.626654,2026-05-13 21:17:03,64,2,7,0.0,0.6,0.21,0.7188,561.97,0.0536,0.2096,2.1333,2,74,2,8,0.0,0.4,0.188,0.6757,295.55,0.0568,0.295,1.2333,2,79,4,10,0.0,0.0867,0.1799,0.6582,61.37,0.0725,0.4214,0.26,3,0,0,1,0,1
1778696253.626654,2026-05-13 21:17:33,0,0,0,0.0,0.0,0.0,0.0,0.0,0.0,0.0,0.0,0,64,2,7,0.0,0.3,0.21,0.7188,280.98,0.0536,0.2096,1.0667,2,79,4,10,0.0,0.0867,0.1799,0.6582,61.37,0.0725,0.4214,0.26,3,0,0,0,0,0
1778696283.626654,2026-05-13 21:18:03,13,2,4,0.0,0.3333,0.0731,0.2308,57.1,0.0487,0.1589,0.4333,2,13,2,4,0.0,0.1667,0.0731,0.2308,28.55,0.0487,0.1589,0.2167,2,91,4,13,0.0,0.1167,0.1657,0.6044,66.32,0.0736,0.3784,0.3,3,0,0,0,0,0
1778696313.626654,2026-05-13 21:18:33,13,2,4,0.0,0.2667,0.8396,0.3846,531.07,0.0601,0.2402,0.4333,2,26,2,7,0.0,0.3,0.4563,0.3077,294.08,0.0557,0.1843,0.4333,2,104,4,16,0.0,0.1433,0.2499,0.5769,119.43,0.0732,0.3698,0.3433,3,0,0,0,0,0
1778696343.626654,2026-05-13 21:19:03,0,0,0,0.0,0.0,0.0,0.0,0.0,0.0,0.0,0.0,0,13,2,4,0.0,0.1333,0.8396,0.3846,265.53,0.0601,0.2402,0.2167,2,104,4,16,0.0,0.1433,0.2499,0.5769,119.43,0.0732,0.3698,0.3433,3,0,0,0,0,0
1778696373.626654,2026-05-13 21:19:33,3,2,2,0.0,0.0333,0.0747,0.6667,11.3,0.0574,0.0027,0.1,2,3,2,2,0.0,0.0167,0.0747,0.6667,5.65,0.0574,0.0027,0.05,2,104,4,16,0.0,0.1433,0.25,0.5769,119.43,0.0732,0.3751,0.3433,3,0,0,0,0,0
1778696403.626654,2026-05-13 21:20:03,0,0,0,0.0,0.0,0.0,0.0,0.0,0.0,0.0,0.0,0,3,2,2,0.0,0.0167,0.0747,0.6667,5.65,0.0574,0.0027,0.05,2,104,4,16,0.0,0.1433,0.25,0.5769,119.43,0.0732,0.3751,0.3433,3,0,0,0,0,0
1778696433.626654,2026-05-13 21:20:33,0,0,0,0.0,0.0,0.0,0.0,0.0,0.0,0.0,0.0,0,0,0,0,0.0,0.0,0.0,0.0,0.0,0.0,0.0,0.0,0,103,3,15,0.0,0.1433,0.2524,0.5825,119.06,0.0689,0.3653,0.3433,3,0,0,0,0,0
1778696463.626654,2026-05-13 21:21:03,0,0,0,0.0,0.0,0.0,0.0,0.0,0.0,0.0,0.0,0,0,0,0,0.0,0.0,0.0,0.0,0.0,0.0,0.0,0.0,0,103,3,15,0.0,0.1433,0.2524,0.5825,119.06,0.0689,0.3653,0.3433,3,0,0,0,0,0
1778696493.626654,2026-05-13 21:21:33,0,0,0,0.0,0.0,0.0,0.0,0.0,0.0,0.0,0.0,0,0,0,0,0.0,0.0,0.0,0.0,0.0,0.0,0.0,0.0,0,93,3,14,0.0,0.1233,0.2745,0.6022,116.14,0.069,0.388,0.31,3,0,0,0,0,0
1778696523.626654,2026-05-13 21:22:03,5,2,3,0.0,0.1,0.0515,0.4,10.0,0.0607,0.1708,0.1667,2,5,2,3,0.0,0.05,0.0515,0.4,5.0,0.0607,0.1708,0.0833,2,34,3,10,0.0,0.0733,0.3631,0.3529,60.95,0.0729,0.3287,0.1133,3,0,0,0,0,0
1778696553.626654,2026-05-13 21:22:33,0,0,0,0.0,0.0,0.0,0.0,0.0,0.0,0.0,0.0,0,5,2,3,0.0,0.05,0.0515,0.4,5.0,0.0607,0.1708,0.0833,2,34,3,10,0.0,0.0733,0.3631,0.3529,60.95,0.0729,0.3287,0.1133,3,0,0,0,0,0
1778696583.626654,2026-05-13 21:23:03,1,1,1,0.0,0.0333,0.0812,0.0,7.53,0.0,0.0,0.0333,1,1,1,1,0.0,0.0167,0.0812,0.0,3.77,0.0,0.0,0.0167,1,22,3,7,0.0,0.0433,0.5217,0.4091,55.99,0.0805,0.2447,0.0733,3,0,0,0,0,0
1778696613.626654,2026-05-13 21:23:33,2,1,1,0.0,0.0667,0.0847,0.0,13.57,0.0,0.0,0.0667,1,3,1,1,0.0,0.05,0.0835,0.0,10.55,0.0,0.1,0.05,1,11,3,4,0.0,0.0233,0.0665,0.3636,4.24,0.0818,0.1721,0.0367,3,0,0,0,0,0
1778696643.626654,2026-05-13 21:24:03,2,2,2,0.0,0.0333,0.0385,0.5,4.73,0.0625,0.0,0.0667,2,4,2,2,0.0,0.05,0.0616,0.25,9.15,0.0507,0.0694,0.0667,2,13,3,5,0.0,0.0267,0.0622,0.3846,4.71,0.0834,0.1937,0.0433,3,0,0,0,0,0
1778696673.626654,2026-05-13 21:24:33,3,2,2,0.0,0.0333,0.126,0.6667,7.77,0.0574,0.0272,0.1,2,5,3,3,0.0,0.0333,0.091,0.6,6.25,0.0951,0.1716,0.0833,3,13,3,5,0.0,0.0267,0.0741,0.3846,4.36,0.0834,0.1594,0.0433,3,0,0,0,0,0
1778696703.626654,2026-05-13 21:25:03,0,0,0,0.0,0.0,0.0,0.0,0.0,0.0,0.0,0.0,0,3,2,2,0.0,0.0167,0.126,0.6667,3.88,0.0574,0.0272,0.05,2,13,3,5,0.0,0.0267,0.0741,0.3846,4.36,0.0834,0.1594,0.0433,3,0,0,0,0,0
1778696733.626654,2026-05-13 21:25:33,1,1,1,0.0,0.0,0.0,0.0,3.73,0.0,0.0,0.0333,1,1,1,1,0.0,0.0,0.0,0.0,1.87,0.0,0.0,0.0167,1,14,4,6,0.0,0.0267,0.0688,0.3571,4.73,0.1007,0.1401,0.0433,3,0,0,0,0,0
1778696763.626654,2026-05-13 21:26:03,0,0,0,0.0,0.0,0.0,0.0,0.0,0.0,0.0,0.0,0,1,1,1,0.0,0.0,0.0,0.0,1.87,0.0,0.0,0.0167,1,14,4,6,0.0,0.0267,0.0688,0.3571,4.73,0.1007,0.1401,0.0433,3,0,0,0,0,0
1778696793.626654,2026-05-13 21:26:33,1,1,1,0.0,0.0,0.0,0.0,3.73,0.0,0.0,0.0333,1,1,1,1,0.0,0.0,0.0,0.0,1.87,0.0,0.0,0.0167,1,15,4,6,0.0,0.0267,0.0642,0.3333,5.11,0.1077,0.1276,0.0433,3,0,0,0,0,0
1778696823.626654,2026-05-13 21:27:03,0,0,0,0.0,0.0,0.0,0.0,0.0,0.0,0.0,0.0,0,1,1,1,0.0,0.0,0.0,0.0,1.87,0.0,0.0,0.0167,1,10,4,4,0.0,0.0167,0.0706,0.3,4.11,0.1101,0.113,0.0267,3,0,0,0,0,0
1778696853.626654,2026-05-13 21:27:33,5,2,3,0.0,0.1,0.048,0.4,10.0,0.0607,0.1708,0.1667,2,5,2,3,0.0,0.05,0.048,0.4,5.0,0.0607,0.1708,0.0833,2,15,4,6,0.0,0.0267,0.0631,0.3333,5.11,0.1077,0.129,0.0433,3,0,0,0,0,0
1778696883.626654,2026-05-13 21:28:03,1,1,1,0.0,0.0333,0.0733,0.0,7.53,0.0,0.0,0.0333,1,6,2,3,0.0,0.0667,0.0522,0.3333,8.77,0.0574,0.1378,0.1,2,15,4,6,0.0,0.0267,0.0625,0.3333,5.11,0.1077,0.1338,0.0433,3,0,0,0,0,0
1778696913.626654,2026-05-13 21:28:33,0,0,0,0.0,0.0,0.0,0.0,0.0,0.0,0.0,0.0,0,1,1,1,0.0,0.0167,0.0733,0.0,3.77,0.0,0.0,0.0167,1,13,4,6,0.0,0.02,0.0591,0.3846,3.75,0.1146,0.118,0.0367,3,0,0,0,0,0
1778696943.626654,2026-05-13 21:29:03,0,0,0,0.0,0.0,0.0,0.0,0.0,0.0,0.0,0.0,0,0,0,0,0.0,0.0,0.0,0.0,0.0,0.0,0.0,0.0,0,11,4,5,0.0,0.0167,0.0629,0.3636,3.28,0.1162,0.1217,0.03,3,0,0,0,0,0
1778696973.626654,2026-05-13 21:29:33,3,1,2,0.0,0.0,0.0466,1.0,6.17,0.0,0.0859,0.1,1,3,1,2,0.0,0.0,0.0466,1.0,3.08,0.0,0.0859,0.05,1,11,4,6,0.0,0.0133,0.0412,0.4545,3.12,0.121,0.1273,0.03,3,0,0,0,0,0
1778697003.626654,2026-05-13 21:30:03,1,1,1,0.0,0.0,0.0,0.0,3.73,0.0,0.0,0.0333,1,4,2,3,0.0,0.0,0.0349,0.75,4.95,0.0507,0.1304,0.05,1,12,4,6,0.0,0.0133,0.0378,0.4167,3.49,0.1224,0.1249,0.03,3,0,0,0,0,0
1778697033.626654,2026-05-13 21:30:33,0,0,0,0.0,0.0,0.0,0.0,0.0,0.0,0.0,0.0,0,1,1,1,0.0,0.0,0.0,0.0,1.87,0.0,0.0,0.0167,1,11,4,6,0.0,0.0133,0.0412,0.4545,3.12,0.121,0.1425,0.03,3,0,0,0,0,0
1778697063.626654,2026-05-13 21:31:03,1,1,1,0.0,0.0,0.0,0.0,3.73,0.0,0.0,0.0333,1,1,1,1,0.0,0.0,0.0,0.0,1.87,0.0,0.0,0.0167,1,12,4,6,0.0,0.0133,0.0378,0.4167,3.49,0.1224,0.1249,0.03,3,0,0,0,0,0
1778697093.626654,2026-05-13 21:31:33,0,0,0,0.0,0.0,0.0,0.0,0.0,0.0,0.0,0.0,0,1,1,1,0.0,0.0,0.0,0.0,1.87,0.0,0.0,0.0167,1,11,4,6,0.0,0.0133,0.0412,0.4545,3.12,0.121,0.1426,0.03,3,0,0,0,0,0
1778697123.626654,2026-05-13 21:32:03,1,1,1,0.0,0.0,0.0,0.0,3.73,0.0,0.0,0.0333,1,1,1,1,0.0,0.0,0.0,0.0,1.87,0.0,0.0,0.0167,1,12,4,6,0.0,0.0133,0.0378,0.4167,3.49,0.1224,0.1249,0.03,3,0,0,0,0,0
1778697153.626654,2026-05-13 21:32:33,0,0,0,0.0,0.0,0.0,0.0,0.0,0.0,0.0,0.0,0,1,1,1,0.0,0.0,0.0,0.0,1.87,0.0,0.0,0.0167,1,7,3,4,0.0,0.0033,0.0304,0.4286,2.49,0.0906,0.0887,0.0133,2,0,0,0,0,0
1778697183.626654,2026-05-13 21:33:03,5,2,3,0.0,0.1,0.0512,0.4,11.4,0.0607,0.1007,0.1667,2,5,2,3,0.0,0.05,0.0512,0.4,5.7,0.0607,0.1007,0.0833,2,11,4,6,0.0,0.01,0.036,0.4545,2.88,0.1238,0.1247,0.0267,3,0,0,0,0,0
1778697213.626654,2026-05-13 21:33:33,9,2,3,0.0,0.1333,0.0381,0.5556,23.53,0.0619,0.153,0.3,2,14,2,5,0.0,0.1167,0.0428,0.5,17.47,0.0625,0.1411,0.2333,2,20,4,8,0.0,0.0233,0.037,0.5,5.23,0.1176,0.1778,0.0567,3,0,0,0,0,0
1778697243.626654,2026-05-13 21:34:03,0,0,0,0.0,0.0,0.0,0.0,0.0,0.0,0.0,0.0,0,9,2,3,0.0,0.0667,0.0381,0.5556,11.77,0.0619,0.153,0.15,2,20,4,8,0.0,0.0233,0.037,0.5,5.23,0.1176,0.1778,0.0567,3,0,0,0,0,0
1778697273.626654,2026-05-13 21:34:33,2,1,1,0.0,0.0,0.1534,1.0,2.63,0.0,0.0,0.0667,1,2,1,1,0.0,0.0,0.1534,1.0,1.32,0.0,0.0,0.0333,1,19,4,7,0.0,0.0233,0.0477,0.4737,4.88,0.114,0.1631,0.0533,3,0,0,0,0,0
1778697303.626654,2026-05-13 21:35:03,0,0,0,0.0,0.0,0.0,0.0,0.0,0.0,0.0,0.0,0,2,1,1,0.0,0.0,0.1534,1.0,1.32,0.0,0.0,0.0333,1,18,4,7,0.0,0.0233,0.0504,0.5,4.5,0.1103,0.1826,0.0533,3,0,0,0,0,0
1778697333.626654,2026-05-13 21:35:33,0,0,0,0.0,0.0,0.0,0.0,0.0,0.0,0.0,0.0,0,0,0,0,0.0,0.0,0.0,0.0,0.0,0.0,0.0,0.0,0,18,4,7,0.0,0.0233,0.0504,0.5,4.5,0.1103,0.1826,0.0533,3,0,0,0,0,0
1778697363.626654,2026-05-13 21:36:03,3,1,1,0.0,0.1,0.0806,0.0,18.6,0.0,0.098,0.1,1,3,1,1,0.0,0.05,0.0806,0.0,9.3,0.0,0.098,0.05,1,20,4,7,0.0,0.0333,0.0574,0.45,5.99,0.0986,0.2033,0.0633,3,0,0,0,0,0
1778697393.626654,2026-05-13 21:36:33,0,0,0,0.0,0.0,0.0,0.0,0.0,0.0,0.0,0.0,0,3,1,1,0.0,0.05,0.0806,0.0,9.3,0.0,0.098,0.05,1,20,4,7,0.0,0.0333,0.0574,0.45,5.99,0.0986,0.2033,0.0633,3,0,0,0,0,0
1778697423.626654,2026-05-13 21:37:03,0,0,0,0.0,0.0,0.0,0.0,0.0,0.0,0.0,0.0,0,0,0,0,0.0,0.0,0.0,0.0,0.0,0.0,0.0,0.0,0,19,3,6,0.0,0.0333,0.0604,0.4737,5.62,0.085,0.2376,0.0633,3,0,0,0,0,0
1778697453.626654,2026-05-13 21:37:33,3,1,1,0.0,0.1,0.0859,0.0,18.5,0.0,0.0927,0.1,1,3,1,1,0.0,0.05,0.0859,0.0,9.25,0.0,0.0927,0.05,1,22,3,6,0.0,0.0433,0.0639,0.4091,7.47,0.0805,0.2159,0.0733,3,0,0,0,0,0
1778697483.626654,2026-05-13 21:38:03,1,1,1,0.0,0.0333,0.076,0.0,7.53,0.0,0.0,0.0333,1,4,1,1,0.0,0.0667,0.0834,0.0,13.02,0.0,0.1411,0.0667,1,18,3,4,0.0,0.0367,0.0681,0.3889,7.08,0.0812,0.1802,0.06,3,0,0,0,0,0
1778697513.626654,2026-05-13 21:38:33,5,2,3,0.0,0.1,0.0486,0.4,10.0,0.0607,0.171,0.1667,2,6,2,3,0.0,0.0667,0.0531,0.3333,8.77,0.0574,0.1363,0.1,2,14,3,4,0.0,0.0333,0.0804,0.2857,5.73,0.0718,0.1603,0.0467,3,0,0,0,0,0
1778697543.626654,2026-05-13 21:39:03,0,0,0,0.0,0.0,0.0,0.0,0.0,0.0,0.0,0.0,0,5,2,3,0.0,0.05,0.0486,0.4,5.0,0.0607,0.171,0.0833,2,14,3,4,0.0,0.0333,0.0804,0.2857,5.73,0.0718,0.1603,0.0467,3,0,0,0,0,0
1778697573.626654,2026-05-13 21:39:33,2,1,1,0.0,0.0,0.0715,1.0,6.17,0.0,0.0,0.0667,1,2,1,1,0.0,0.0,0.0715,1.0,3.08,0.0,0.0,0.0333,1,14,3,4,0.0,0.0333,0.0687,0.2857,6.08,0.0718,0.152,0.0467,3,0,0,0,0,0
1778697603.626654,2026-05-13 21:40:03,0,0,0,0.0,0.0,0.0,0.0,0.0,0.0,0.0,0.0,0,2,1,1,0.0,0.0,0.0715,1.0,3.08,0.0,0.0,0.0333,1,14,3,4,0.0,0.0333,0.0687,0.2857,6.08,0.0718,0.152,0.0467,3,0,0,0,0,0
1778697633.626654,2026-05-13 21:40:33,1,1,1,0.0,0.0,0.0,0.0,3.73,0.0,0.0,0.0333,1,1,1,1,0.0,0.0,0.0,0.0,1.87,0.0,0.0,0.0167,1,15,4,5,0.0,0.0333,0.0641,0.2667,6.45,0.0891,0.1358,0.0467,3,0,0,0,0,0
1778697663.626654,2026-05-13 21:41:03,0,0,0,0.0,0.0,0.0,0.0,0.0,0.0,0.0,0.0,0,1,1,1,0.0,0.0,0.0,0.0,1.87,0.0,0.0,0.0167,1,12,4,5,0.0,0.0233,0.06,0.3333,4.59,0.1009,0.1289,0.0367,3,0,0,0,0,0
1778697693.626654,2026-05-13 21:41:33,1,1,1,0.0,0.0,0.0,0.0,3.73,0.0,0.0,0.0333,1,1,1,1,0.0,0.0,0.0,0.0,1.87,0.0,0.0,0.0167,1,13,4,5,0.0,0.0233,0.0554,0.3077,4.97,0.108,0.1172,0.0367,3,0,0,0,0,0
1778697723.626654,2026-05-13 21:42:03,0,0,0,0.0,0.0,0.0,0.0,0.0,0.0,0.0,0.0,0,1,1,1,0.0,0.0,0.0,0.0,1.87,0.0,0.0,0.0167,1,13,4,5,0.0,0.0233,0.0554,0.3077,4.97,0.108,0.1172,0.0367,3,0,0,0,0,0
1778697753.626654,2026-05-13 21:42:33,4,2,2,0.0,0.1,0.0582,0.25,18.4,0.0507,0.0702,0.1333,2,4,2,2,0.0,0.05,0.0582,0.25,9.2,0.0507,0.0702,0.0667,2,14,4,6,0.0,0.0233,0.0496,0.3571,4.96,0.1111,0.1253,0.04,3,0,0,0,0,0
1778697783.626654,2026-05-13 21:43:03,1,1,1,0.0,0.0333,0.0752,0.0,7.53,0.0,0.0,0.0333,1,5,2,2,0.0,0.0667,0.0616,0.2,12.97,0.0451,0.1724,0.0833,2,14,4,6,0.0,0.0233,0.0496,0.3571,4.96,0.1111,0.1202,0.04,3,0,0,0,0,0
1778697813.626654,2026-05-13 21:43:33,0,0,0,0.0,0.0,0.0,0.0,0.0,0.0,0.0,0.0,0,1,1,1,0.0,0.0167,0.0752,0.0,3.77,0.0,0.0,0.0167,1,9,4,4,0.0,0.0133,0.0501,0.3333,3.96,0.1148,0.1011,0.0233,3,0,0,0,0,0
1778697843.626654,2026-05-13 21:44:03,5,2,2,0.0,0.1,0.0585,0.4,10.0,0.0607,0.1708,0.1667,2,5,2,2,0.0,0.05,0.0585,0.4,5.0,0.0607,0.1708,0.0833,2,14,4,5,0.0,0.0233,0.0531,0.3571,4.96,0.1111,0.1201,0.04,3,0,0,0,0,0
1778697873.626654,2026-05-13 21:44:33,2,1,1,0.0,0.0,0.0739,1.0,6.17,0.0,0.0,0.0667,1,7,3,3,0.0,0.05,0.0629,0.5714,8.08,0.0973,0.1578,0.1167,3,14,4,5,0.0,0.0233,0.0535,0.3571,4.96,0.1111,0.1246,0.04,3,0,0,0,0,0
1778697903.626654,2026-05-13 21:45:03,1,1,1,0.0,0.0,0.0,0.0,3.73,0.0,0.0,0.0333,1,3,2,2,0.0,0.0,0.0493,0.6667,4.95,0.0574,0.0993,0.0333,1,15,4,5,0.0,0.0233,0.0499,0.3333,5.33,0.1143,0.1189,0.04,3,0,0,0,0,0
1778697933.626654,2026-05-13 21:45:33,0,0,0,0.0,0.0,0.0,0.0,0.0,0.0,0.0,0.0,0,1,1,1,0.0,0.0,0.0,0.0,1.87,0.0,0.0,0.0167,1,14,4,5,0.0,0.0233,0.0535,0.3571,4.96,0.1111,0.1283,0.04,3,0,0,0,0,0
1778697963.626654,2026-05-13 21:46:03,1,1,1,0.0,0.0,0.0,0.0,3.73,0.0,0.0,0.0333,1,1,1,1,0.0,0.0,0.0,0.0,1.87,0.0,0.0,0.0167,1,15,4,5,0.0,0.0233,0.0499,0.3333,5.33,0.1143,0.1189,0.04,3,0,0,0,0,0
1778697993.626654,2026-05-13 21:46:33,4,2,2,0.0,0.1,0.059,0.25,13.63,0.0507,0.0704,0.1333,2,5,3,3,0.0,0.05,0.0472,0.2,8.68,0.0857,0.1724,0.0667,2,18,4,6,0.0,0.0333,0.0547,0.3333,6.32,0.1036,0.1384,0.0533,3,0,0,0,0,0
1778698023.626654,2026-05-13 21:47:03,1,1,1,0.0,0.0,0.0,1.0,0.0,0.0,0.0,0.0333,1,5,2,2,0.0,0.05,0.0472,0.4,6.82,0.0607,0.17,0.0833,2,19,4,6,0.0,0.0333,0.0518,0.3684,6.32,0.1049,0.1365,0.0567,3,0,0,0,0,0
1778698053.626654,2026-05-13 21:47:33,0,0,0,0.0,0.0,0.0,0.0,0.0,0.0,0.0,0.0,0,1,1,1,0.0,0.0,0.0,1.0,0.0,0.0,0.0,0.0167,1,15,4,5,0.0,0.0233,0.0501,0.4,4.48,0.1123,0.1285,0.0433,3,0,0,0,0,0
1778698083.626654,2026-05-13 21:48:03,1,1,1,0.0,0.0333,0.08,0.0,7.53,0.0,0.0,0.0333,1,1,1,1,0.0,0.0167,0.08,0.0,3.77,0.0,0.0,0.0167,1,15,4,5,0.0,0.0233,0.0504,0.4,4.48,0.1123,0.1314,0.0433,3,0,0,0,0,0
1778698113.626654,2026-05-13 21:48:33,0,0,0,0.0,0.0,0.0,0.0,0.0,0.0,0.0,0.0,0,1,1,1,0.0,0.0167,0.08,0.0,3.77,0.0,0.0,0.0167,1,15,4,5,0.0,0.0233,0.0504,0.4,4.48,0.1123,0.1314,0.0433,3,0,0,0,0,0
1778698143.626654,2026-05-13 21:49:03,0,0,0,0.0,0.0,0.0,0.0,0.0,0.0,0.0,0.0,0,0,0,0,0.0,0.0,0.0,0.0,0.0,0.0,0.0,0.0,0,10,4,4,0.0,0.0133,0.0464,0.4,3.48,0.1201,0.1123,0.0267,3,0,0,0,0,0
1778698173.626654,2026-05-13 21:49:33,7,3,3,0.0,0.1,0.0764,0.5714,12.63,0.0973,0.1427,0.2333,3,7,3,3,0.0,0.05,0.0764,0.5714,6.32,0.0973,0.1427,0.1167,3,15,4,5,0.0,0.0233,0.0567,0.4,4.13,0.1123,0.1453,0.0433,3,0,0,0,0,0
1778698203.626654,2026-05-13 21:50:03,0,0,0,0.0,0.0,0.0,0.0,0.0,0.0,0.0,0.0,0,7,3,3,0.0,0.05,0.0764,0.5714,6.32,0.0973,0.1427,0.1167,3,14,4,5,0.0,0.0233,0.0607,0.4286,3.75,0.1056,0.1646,0.0433,3,0,0,0,0,0
1778698233.626654,2026-05-13 21:50:33,0,0,0,0.0,0.0,0.0,0.0,0.0,0.0,0.0,0.0,0,0,0,0,0.0,0.0,0.0,0.0,0.0,0.0,0.0,0.0,0,14,4,5,0.0,0.0233,0.0607,0.4286,3.75,0.1056,0.1646,0.0433,3,0,0,0,0,0
1778698263.626654,2026-05-13 21:51:03,0,0,0,0.0,0.0,0.0,0.0,0.0,0.0,0.0,0.0,0,0,0,0,0.0,0.0,0.0,0.0,0.0,0.0,0.0,0.0,0,13,3,4,0.0,0.0233,0.0654,0.4615,3.38,0.0887,0.1919,0.0433,3,0,0,0,0,0
1778698293.626654,2026-05-13 21:51:33,1,1,1,0.0,0.0,0.0894,1.0,1.6,0.0,0.0,0.0333,1,1,1,1,0.0,0.0,0.0894,1.0,0.8,0.0,0.0,0.0167,1,10,4,5,0.0,0.0133,0.0704,0.6,2.18,0.1154,0.1399,0.0333,4,0,0,0,0,0
1778698323.626654,2026-05-13 21:52:03,0,0,0,0.0,0.0,0.0,0.0,0.0,0.0,0.0,0.0,0,1,1,1,0.0,0.0,0.0894,1.0,0.8,0.0,0.0,0.0167,1,9,4,4,0.0,0.0133,0.0782,0.5556,2.18,0.1148,0.1652,0.03,4,0,0,0,0,0
1778698353.626654,2026-05-13 21:52:33,0,0,0,0.0,0.0,0.0,0.0,0.0,0.0,0.0,0.0,0,0,0,0,0.0,0.0,0.0,0.0,0.0,0.0,0.0,0.0,0,9,4,4,0.0,0.0133,0.0782,0.5556,2.18,0.1148,0.1652,0.03,4,0,0,0,0,0
1778698383.626654,2026-05-13 21:53:03,1,1,1,0.0,0.0333,0.0823,0.0,7.53,0.0,0.0,0.0333,1,1,1,1,0.0,0.0167,0.0823,0.0,3.77,0.0,0.0,0.0167,1,9,4,4,0.0,0.0133,0.0785,0.5556,2.18,0.1148,0.1652,0.03,4,0,0,0,0,0
1778698413.626654,2026-05-13 21:53:33,0,0,0,0.0,0.0,0.0,0.0,0.0,0.0,0.0,0.0,0,1,1,1,0.0,0.0167,0.0823,0.0,3.77,0.0,0.0,0.0167,1,9,4,4,0.0,0.0133,0.0785,0.5556,2.18,0.1148,0.1652,0.03,4,0,0,0,0,0
1778698443.626654,2026-05-13 21:54:03,0,0,0,0.0,0.0,0.0,0.0,0.0,0.0,0.0,0.0,0,0,0,0,0.0,0.0,0.0,0.0,0.0,0.0,0.0,0.0,0,9,4,4,0.0,0.0133,0.0785,0.5556,2.18,0.1148,0.1652,0.03,4,0,0,0,0,0
1778698473.626654,2026-05-13 21:54:33,2,1,1,0.0,0.0,0.1474,1.0,2.63,0.0,0.0,0.0667,1,2,1,1,0.0,0.0,0.1474,1.0,1.32,0.0,0.0,0.0333,1,4,3,3,0.0,0.0033,0.1166,0.75,1.18,0.0938,0.0707,0.0133,3,0,0,0,0,0
1778698503.626654,2026-05-13 21:55:03,9,2,2,0.0,0.1,7.2833,0.6667,561.2,0.0574,0.2311,0.3,2,11,3,3,0.0,0.05,5.9858,0.7273,281.92,0.0897,0.2109,0.1833,3,13,4,4,0.0,0.0133,5.0781,0.6923,57.3,0.1086,0.1837,0.0433,4,0,0,0,0,0
1778698533.626654,2026-05-13 21:55:33,0,0,0,0.0,0.0,0.0,0.0,0.0,0.0,0.0,0.0,0,9,2,2,0.0,0.05,7.2833,0.6667,280.6,0.0574,0.2311,0.15,2,13,4,4,0.0,0.0133,5.0781,0.6923,57.3,0.1086,0.1837,0.0433,4,0,0,0,0,0
1778698563.626654,2026-05-13 21:56:03,0,0,0,0.0,0.0,0.0,0.0,0.0,0.0,0.0,0.0,0,0,0,0,0.0,0.0,0.0,0.0,0.0,0.0,0.0,0.0,0,13,4,4,0.0,0.0133,5.0781,0.6923,57.3,0.1086,0.1837,0.0433,4,0,0,0,0,0
1778698593.626654,2026-05-13 21:56:33,0,0,0,0.0,0.0,0.0,0.0,0.0,0.0,0.0,0.0,0,0,0,0,0.0,0.0,0.0,0.0,0.0,0.0,0.0,0.0,0,12,3,3,0.0,0.0133,5.4939,0.6667,57.14,0.0912,0.229,0.04,3,0,0,0,0,0
1778698623.626654,2026-05-13 21:57:03,0,0,0,0.0,0.0,0.0,0.0,0.0,0.0,0.0,0.0,0,0,0,0,0.0,0.0,0.0,0.0,0.0,0.0,0.0,0.0,0,12,3,3,0.0,0.0133,5.4939,0.6667,57.14,0.0912,0.229,0.04,3,0,0,0,0,0
1778698653.626654,2026-05-13 21:57:33,0,0,0,0.0,0.0,0.0,0.0,0.0,0.0,0.0,0.0,0,0,0,0,0.0,0.0,0.0,0.0,0.0,0.0,0.0,0.0,0,12,3,3,0.0,0.0133,5.4939,0.6667,57.14,0.0912,0.229,0.04,3,0,0,0,0,0
1778698683.626654,2026-05-13 21:58:03,1,1,1,0.0,0.0333,0.092,0.0,7.53,0.0,0.0,0.0333,1,1,1,1,0.0,0.0167,0.092,0.0,3.77,0.0,0.0,0.0167,1,12,3,3,0.0,0.0133,5.4947,0.6667,57.14,0.0912,0.2615,0.04,3,0,0,0,0,0
1778698713.626654,2026-05-13 21:58:33,0,0,0,0.0,0.0,0.0,0.0,0.0,0.0,0.0,0.0,0,1,1,1,0.0,0.0167,0.092,0.0,3.77,0.0,0.0,0.0167,1,12,3,3,0.0,0.0133,5.4947,0.6667,57.14,0.0912,0.2615,0.04,3,0,0,0,0,0
1778698743.626654,2026-05-13 21:59:03,0,0,0,0.0,0.0,0.0,0.0,0.0,0.0,0.0,0.0,0,0,0,0,0.0,0.0,0.0,0.0,0.0,0.0,0.0,0.0,0,12,3,3,0.0,0.0133,5.4947,0.6667,57.14,0.0912,0.2615,0.04,3,0,0,0,0,0
1778698773.626654,2026-05-13 21:59:33,2,1,1,0.0,0.0,0.1514,1.0,2.63,0.0,0.0,0.0667,1,2,1,1,0.0,0.0,0.1514,1.0,1.32,0.0,0.0,0.0333,1,12,3,3,0.0,0.0133,5.4954,0.6667,57.14,0.0912,0.2142,0.04,3,0,0,0,0,0
1778698803.626654,2026-05-13 22:00:03,11,1,1,0.0,0.3667,0.0814,0.0,65.93,0.0,0.0991,0.3667,1,13,2,2,0.0,0.1833,0.0921,0.1538,34.28,0.0387,0.3229,0.2167,2,14,2,2,0.0,0.04,0.0921,0.1429,7.61,0.037,0.2515,0.0467,2,0,0,0,0,0
1778698833.626654,2026-05-13 22:00:33,7,2,3,0.0,0.1667,0.0559,0.2857,13.87,0.0539,0.2191,0.2333,2,18,2,3,0.0,0.2667,0.0714,0.1111,39.9,0.0315,0.261,0.3,2,21,3,4,0.0,0.0567,0.08,0.1905,9.0,0.0558,0.2727,0.07,3,0,0,0,0,0
1778698863.626654,2026-05-13 22:01:03,0,0,0,0.0,0.0,0.0,0.0,0.0,0.0,0.0,0.0,0,7,2,3,0.0,0.0833,0.0559,0.2857,6.93,0.0539,0.2191,0.1167,2,21,3,4,0.0,0.0567,0.08,0.1905,9.0,0.0558,0.2727,0.07,3,0,0,0,0,0
1778698893.626654,2026-05-13 22:01:33,0,0,0,0.0,0.0,0.0,0.0,0.0,0.0,0.0,0.0,0,0,0,0,0.0,0.0,0.0,0.0,0.0,0.0,0.0,0.0,0,21,3,4,0.0,0.0567,0.08,0.1905,9.0,0.0558,0.2727,0.07,3,0,0,0,0,0
1778698923.626654,2026-05-13 22:02:03,0,0,0,0.0,0.0,0.0,0.0,0.0,0.0,0.0,0.0,0,0,0,0,0.0,0.0,0.0,0.0,0.0,0.0,0.0,0.0,0,21,3,4,0.0,0.0567,0.08,0.1905,9.0,0.0558,0.2727,0.07,3,0,0,0,0,0
1778698953.626654,2026-05-13 22:02:33,0,0,0,0.0,0.0,0.0,0.0,0.0,0.0,0.0,0.0,0,0,0,0,0.0,0.0,0.0,0.0,0.0,0.0,0.0,0.0,0,21,3,4,0.0,0.0567,0.08,0.1905,9.0,0.0558,0.2727,0.07,3,0,0,0,0,0
1778698983.626654,2026-05-13 22:03:03,1,1,1,0.0,0.0333,0.0797,0.0,7.53,0.0,0.0,0.0333,1,1,1,1,0.0,0.0167,0.0797,0.0,3.77,0.0,0.0,0.0167,1,21,3,4,0.0,0.0567,0.0795,0.1905,9.0,0.0558,0.307,0.07,3,0,0,0,0,0
1778699013.626654,2026-05-13 22:03:33,0,0,0,0.0,0.0,0.0,0.0,0.0,0.0,0.0,0.0,0,1,1,1,0.0,0.0167,0.0797,0.0,3.77,0.0,0.0,0.0167,1,21,3,4,0.0,0.0567,0.0795,0.1905,9.0,0.0558,0.307,0.07,3,0,0,0,0,0
1778699043.626654,2026-05-13 22:04:03,0,0,0,0.0,0.0,0.0,0.0,0.0,0.0,0.0,0.0,0,0,0,0,0.0,0.0,0.0,0.0,0.0,0.0,0.0,0.0,0,21,3,4,0.0,0.0567,0.0795,0.1905,9.0,0.0558,0.307,0.07,3,0,0,0,0,0
1778699073.626654,2026-05-13 22:04:33,2,1,1,0.0,0.0,0.0764,1.0,6.17,0.0,0.0,0.0667,1,2,1,1,0.0,0.0,0.0764,1.0,3.08,0.0,0.0,0.0333,1,21,3,4,0.0,0.0567,0.0723,0.1905,9.35,0.0558,0.2785,0.07,3,0,0,0,0,0
1778699103.626654,2026-05-13 22:05:03,0,0,0,0.0,0.0,0.0,0.0,0.0,0.0,0.0,0.0,0,2,1,1,0.0,0.0,0.0764,1.0,3.08,0.0,0.0,0.0333,1,10,3,4,0.0,0.02,0.0624,0.4,2.76,0.0857,0.1829,0.0333,3,0,0,0,0,0
1778699133.626654,2026-05-13 22:05:33,0,0,0,0.0,0.0,0.0,0.0,0.0,0.0,0.0,0.0,0,0,0,0,0.0,0.0,0.0,0.0,0.0,0.0,0.0,0.0,0,3,2,2,0.0,0.0033,0.0775,0.6667,1.37,0.0574,0.0998,0.01,2,0,0,0,0,0
1778699163.626654,2026-05-13 22:06:03,8,2,2,0.0,0.2,0.0618,0.25,20.0,0.0507,0.2399,0.2667,2,8,2,2,0.0,0.1,0.0618,0.25,10.0,0.0507,0.2399,0.1333,2,11,3,3,0.0,0.0233,0.0661,0.3636,3.37,0.0818,0.1865,0.0367,3,0,0,0,0,0
1778699193.626654,2026-05-13 22:06:33,0,0,0,0.0,0.0,0.0,0.0,0.0,0.0,0.0,0.0,0,8,2,2,0.0,0.1,0.0618,0.25,10.0,0.0507,0.2399,0.1333,2,11,3,3,0.0,0.0233,0.0661,0.3636,3.37,0.0818,0.1865,0.0367,3,0,0,0,0,0
1778699223.626654,2026-05-13 22:07:03,0,0,0,0.0,0.0,0.0,0.0,0.0,0.0,0.0,0.0,0,0,0,0,0.0,0.0,0.0,0.0,0.0,0.0,0.0,0.0,0,11,3,3,0.0,0.0233,0.0661,0.3636,3.37,0.0818,0.1865,0.0367,3,0,0,0,0,0
1778699253.626654,2026-05-13 22:07:33,0,0,0,0.0,0.0,0.0,0.0,0.0,0.0,0.0,0.0,0,0,0,0,0.0,0.0,0.0,0.0,0.0,0.0,0.0,0.0,0,11,3,3,0.0,0.0233,0.0661,0.3636,3.37,0.0818,0.1865,0.0367,3,0,0,0,0,0
1778699283.626654,2026-05-13 22:08:03,1,1,1,0.0,0.0333,0.0728,0.0,7.53,0.0,0.0,0.0333,1,1,1,1,0.0,0.0167,0.0728,0.0,3.77,0.0,0.0,0.0167,1,11,3,3,0.0,0.0233,0.0655,0.3636,3.37,0.0818,0.1905,0.0367,3,0,0,0,0,0
1778699313.626654,2026-05-13 22:08:33,0,0,0,0.0,0.0,0.0,0.0,0.0,0.0,0.0,0.0,0,1,1,1,0.0,0.0167,0.0728,0.0,3.77,0.0,0.0,0.0167,1,11,3,3,0.0,0.0233,0.0655,0.3636,3.37,0.0818,0.1905,0.0367,3,0,0,0,0,0
1778699343.626654,2026-05-13 22:09:03,0,0,0,0.0,0.0,0.0,0.0,0.0,0.0,0.0,0.0,0,0,0,0,0.0,0.0,0.0,0.0,0.0,0.0,0.0,0.0,0,11,3,3,0.0,0.0233,0.0655,0.3636,3.37,0.0818,0.1905,0.0367,3,0,0,0,0,0
1778699373.626654,2026-05-13 22:09:33,2,1,1,0.0,0.0,0.0759,1.0,6.17,0.0,0.0,0.0667,1,2,1,1,0.0,0.0,0.0759,1.0,3.08,0.0,0.0,0.0333,1,11,3,3,0.0,0.0233,0.0654,0.3636,3.37,0.0818,0.1896,0.0367,3,0,0,0,0,0
1778699403.626654,2026-05-13 22:10:03,0,0,0,0.0,0.0,0.0,0.0,0.0,0.0,0.0,0.0,0,2,1,1,0.0,0.0,0.0759,1.0,3.08,0.0,0.0,0.0333,1,11,3,3,0.0,0.0233,0.0654,0.3636,3.37,0.0818,0.1896,0.0367,3,0,0,0,0,0
1778699433.626654,2026-05-13 22:10:33,4,2,2,0.0,0.1,0.0734,0.25,18.5,0.0507,0.0721,0.1333,2,4,2,2,0.0,0.05,0.0734,0.25,9.25,0.0507,0.0721,0.0667,2,15,3,4,0.0,0.0333,0.0675,0.3333,5.22,0.0776,0.1874,0.05,3,0,0,0,0,0
1778699463.626654,2026-05-13 22:11:03,2,2,2,0.0,0.0333,0.0539,0.5,4.7,0.0625,0.0,0.0667,2,6,2,2,0.0,0.0667,0.0669,0.3333,11.6,0.0574,0.1893,0.1,2,9,3,3,0.0,0.0167,0.0695,0.4444,3.69,0.0897,0.1653,0.03,3,0,0,0,0,0
1778699493.626654,2026-05-13 22:11:33,11,2,3,0.0,0.2333,0.0542,0.3636,24.7,0.0591,0.2346,0.3667,2,13,2,4,0.0,0.1333,0.0541,0.3846,14.7,0.0601,0.2495,0.2167,2,20,3,5,0.0,0.04,0.0611,0.4,6.16,0.081,0.22,0.0667,3,0,0,0,0,0
1778699523.626654,2026-05-13 22:12:03,0,0,0,0.0,0.0,0.0,0.0,0.0,0.0,0.0,0.0,0,11,2,3,0.0,0.1167,0.0542,0.3636,12.35,0.0591,0.2346,0.1833,2,20,3,5,0.0,0.04,0.0611,0.4,6.16,0.081,0.22,0.0667,3,0,0,0,0,0
1778699553.626654,2026-05-13 22:12:33,4,2,2,0.0,0.1,0.0608,0.25,18.3,0.0507,0.0705,0.1333,2,4,2,2,0.0,0.05,0.0608,0.25,9.15,0.0507,0.0705,0.0667,2,24,3,6,0.0,0.05,0.061,0.375,7.99,0.0776,0.2128,0.08,3,0,0,0,0,0
1778699583.626654,2026-05-13 22:13:03,11,2,3,0.0,0.2667,0.0605,0.2727,43.53,0.0528,0.1637,0.3667,2,15,2,4,0.0,0.1833,0.0606,0.2667,30.92,0.0523,0.2572,0.25,2,34,3,8,0.0,0.0733,0.0605,0.3529,11.59,0.0729,0.2338,0.1133,3,0,0,0,0,0
1778699613.626654,2026-05-13 22:13:33,0,0,0,0.0,0.0,0.0,0.0,0.0,0.0,0.0,0.0,0,11,2,3,0.0,0.1333,0.0605,0.2727,21.77,0.0528,0.1637,0.1833,2,34,3,8,0.0,0.0733,0.0605,0.3529,11.59,0.0729,0.2338,0.1133,3,0,0,0,0,0
1778699643.626654,2026-05-13 22:14:03,9,2,2,0.0,0.1667,0.0465,0.4444,20.5,0.0619,0.1294,0.3,2,9,2,2,0.0,0.0833,0.0465,0.4444,10.25,0.0619,0.1294,0.15,2,43,3,8,0.0,0.09,0.0576,0.3721,13.64,0.0722,0.2238,0.1433,3,0,0,0,0,0
1778699673.626654,2026-05-13 22:14:33,2,1,1,0.0,0.0,0.0802,1.0,6.17,0.0,0.0,0.0667,1,11,3,3,0.0,0.0833,0.0526,0.5455,13.33,0.0934,0.1582,0.1833,3,43,3,8,0.0,0.09,0.0578,0.3721,13.64,0.0722,0.2077,0.1433,3,0,0,0,0,0
1778699703.626654,2026-05-13 22:15:03,0,0,0,0.0,0.0,0.0,0.0,0.0,0.0,0.0,0.0,0,2,1,1,0.0,0.0,0.0802,1.0,3.08,0.0,0.0,0.0333,1,43,3,8,0.0,0.09,0.0578,0.3721,13.64,0.0722,0.2077,0.1433,3,0,0,0,0,0
1778699733.626654,2026-05-13 22:15:33,6,2,2,0.0,0.1667,0.0652,0.1667,30.43,0.0406,0.0499,0.2,2,6,2,2,0.0,0.0833,0.0652,0.1667,15.22,0.0406,0.0499,0.1,2,45,3,9,0.0,0.0967,0.0574,0.3556,14.83,0.0708,0.2075,0.15,3,0,0,0,0,0
1778699763.626654,2026-05-13 22:16:03,0,0,0,0.0,0.0,0.0,0.0,0.0,0.0,0.0,0.0,0,6,2,2,0.0,0.0833,0.0652,0.1667,15.22,0.0406,0.0499,0.1,2,43,3,8,0.0,0.0933,0.0576,0.3488,14.36,0.0707,0.2175,0.1433,3,0,0,0,0,0
1778699793.626654,2026-05-13 22:16:33,3,2,2,0.0,0.0333,0.025,0.6667,3.6,0.0574,0.0984,0.1,2,3,2,2,0.0,0.0167,0.025,0.6667,1.8,0.0574,0.0984,0.05,2,35,3,7,0.0,0.0733,0.0558,0.3714,12.25,0.0739,0.2152,0.1167,3,0,0,0,0,0
1778699823.626654,2026-05-13 22:17:03,10,2,4,0.0,0.2,0.0469,0.4,17.47,0.0607,0.214,0.3333,2,13,2,4,0.0,0.1167,0.0418,0.4615,10.53,0.0622,0.1559,0.2167,2,45,3,9,0.0,0.0933,0.0538,0.3778,14.0,0.0721,0.229,0.15,3,0,0,0,0,0
1778699853.626654,2026-05-13 22:17:33,0,0,0,0.0,0.0,0.0,0.0,0.0,0.0,0.0,0.0,0,10,2,4,0.0,0.1,0.0469,0.4,8.73,0.0607,0.214,0.1667,2,41,3,8,0.0,0.0833,0.0532,0.3902,12.17,0.0736,0.237,0.1367,3,0,0,0,0,0
1778699883.626654,2026-05-13 22:18:03,2,2,2,0.0,0.0333,0.0375,0.0,11.27,0.0625,0.0,0.0333,1,2,2,2,0.0,0.0167,0.0375,0.0,5.63,0.0625,0.0,0.0167,1,32,4,8,0.0,0.06,0.0497,0.4062,8.94,0.0877,0.2148,0.1033,3,0,0,0,0,0
1778699913.626654,2026-05-13 22:18:33,0,0,0,0.0,0.0,0.0,0.0,0.0,0.0,0.0,0.0,0,2,2,2,0.0,0.0167,0.0375,0.0,5.63,0.0625,0.0,0.0167,1,32,4,8,0.0,0.06,0.0497,0.4062,8.94,0.0877,0.2148,0.1033,3,0,0,0,0,0
1778699943.626654,2026-05-13 22:19:03,0,0,0,0.0,0.0,0.0,0.0,0.0,0.0,0.0,0.0,0,0,0,0,0.0,0.0,0.0,0.0,0.0,0.0,0.0,0.0,0,23,4,7,0.0,0.0433,0.0509,0.3913,6.89,0.0932,0.2124,0.0733,3,0,0,0,0,0
1778699973.626654,2026-05-13 22:19:33,2,1,1,0.0,0.0,0.0943,1.0,6.17,0.0,0.0,0.0667,1,2,1,1,0.0,0.0,0.0943,1.0,3.08,0.0,0.0,0.0333,1,23,4,7,0.0,0.0433,0.0521,0.3913,6.89,0.0932,0.2183,0.0733,3,0,0,0,0,0
1778700003.626654,2026-05-13 22:20:03,0,0,0,0.0,0.0,0.0,0.0,0.0,0.0,0.0,0.0,0,2,1,1,0.0,0.0,0.0943,1.0,3.08,0.0,0.0,0.0333,1,23,4,7,0.0,0.0433,0.0521,0.3913,6.89,0.0932,0.2183,0.0733,3,0,0,0,0,0
1778700033.626654,2026-05-13 22:20:33,1,1,1,0.0,0.0,0.0,0.0,3.73,0.0,0.0,0.0333,1,1,1,1,0.0,0.0,0.0,0.0,1.87,0.0,0.0,0.0167,1,18,4,6,0.0,0.0267,0.0449,0.4444,4.22,0.1095,0.1849,0.0533,3,0,0,0,0,0
1778700063.626654,2026-05-13 22:21:03,4,2,2,0.0,0.1,0.0619,0.25,18.4,0.0507,0.0691,0.1333,2,5,3,3,0.0,0.05,0.0496,0.2,11.07,0.0857,0.1723,0.0667,2,22,4,7,0.0,0.0367,0.048,0.4091,6.06,0.1034,0.1849,0.0667,3,0,0,0,0,0
1778700093.626654,2026-05-13 22:21:33,0,0,0,0.0,0.0,0.0,0.0,0.0,0.0,0.0,0.0,0,4,2,2,0.0,0.05,0.0619,0.25,9.2,0.0507,0.0691,0.0667,2,19,4,7,0.0,0.0333,0.0516,0.3684,5.7,0.1049,0.1839,0.0567,3,0,0,0,0,0
1778700123.626654,2026-05-13 22:22:03,0,0,0,0.0,0.0,0.0,0.0,0.0,0.0,0.0,0.0,0,0,0,0,0.0,0.0,0.0,0.0,0.0,0.0,0.0,0.0,0,9,4,4,0.0,0.0133,0.0568,0.3333,3.96,0.1148,0.1363,0.0233,3,0,0,0,0,0
1778700153.626654,2026-05-13 22:22:33,5,2,3,0.0,0.1,0.0527,0.4,10.0,0.0607,0.1709,0.1667,2,5,2,3,0.0,0.05,0.0527,0.4,5.0,0.0607,0.1709,0.0833,2,14,4,6,0.0,0.0233,0.0553,0.3571,4.96,0.1111,0.1476,0.04,3,0,0,0,0,0
1778700183.626654,2026-05-13 22:23:03,1,1,1,0.0,0.0333,0.0835,0.0,7.53,0.0,0.0,0.0333,1,6,2,3,0.0,0.0667,0.0578,0.3333,8.77,0.0574,0.1353,0.1,2,13,4,6,0.0,0.0233,0.0602,0.3846,4.58,0.1043,0.1451,0.04,3,0,0,0,0,0
1778700213.626654,2026-05-13 22:23:33,1,1,1,0.0,0.0,0.0,0.0,3.73,0.0,0.0,0.0333,1,2,2,2,0.0,0.0167,0.0418,0.0,5.63,0.0625,0.0,0.0167,1,14,4,6,0.0,0.0233,0.0559,0.3571,4.96,0.1111,0.1323,0.04,3,0,0,0,0,0
1778700243.626654,2026-05-13 22:24:03,0,0,0,0.0,0.0,0.0,0.0,0.0,0.0,0.0,0.0,0,1,1,1,0.0,0.0,0.0,0.0,1.87,0.0,0.0,0.0167,1,14,4,6,0.0,0.0233,0.0559,0.3571,4.96,0.1111,0.1323,0.04,3,0,0,0,0,0
1778700273.626654,2026-05-13 22:24:33,2,1,1,0.0,0.0,0.1507,1.0,2.63,0.0,0.0,0.0667,1,2,1,1,0.0,0.0,0.1507,1.0,1.32,0.0,0.0,0.0333,1,14,4,6,0.0,0.0233,0.064,0.3571,4.6,0.1111,0.1317,0.04,3,0,0,0,0,0
1778700303.626654,2026-05-13 22:25:03,4,2,2,0.0,0.1,0.0621,0.25,18.9,0.0507,0.0702,0.1333,2,6,3,3,0.0,0.05,0.0917,0.5,10.77,0.0912,0.1968,0.1,3,18,4,7,0.0,0.0333,0.0636,0.3333,6.49,0.1036,0.1442,0.0533,3,0,0,0,0,0
1778700333.626654,2026-05-13 22:25:33,2,2,2,0.0,0.0,0.0376,0.5,5.33,0.0625,0.0,0.0333,1,6,4,4,0.0,0.05,0.054,0.3333,12.12,0.112,0.1523,0.0833,3,19,5,8,0.0,0.0333,0.0642,0.3684,6.65,0.1167,0.1437,0.0567,4,0,0,0,0,0
1778700363.626654,2026-05-13 22:26:03,0,0,0,0.0,0.0,0.0,0.0,0.0,0.0,0.0,0.0,0,2,2,2,0.0,0.0,0.0376,0.5,2.67,0.0625,0.0,0.0167,1,15,5,7,0.0,0.0233,0.0648,0.4,4.81,0.1258,0.126,0.0433,4,0,0,0,0,0
1778700393.626654,2026-05-13 22:26:33,1,1,1,0.0,0.0,0.0,0.0,3.73,0.0,0.0,0.0333,1,1,1,1,0.0,0.0,0.0,0.0,1.87,0.0,0.0,0.0167,1,16,5,7,0.0,0.0233,0.0608,0.375,5.19,0.1283,0.1174,0.0433,4,0,0,0,0,0
1778700423.626654,2026-05-13 22:27:03,0,0,0,0.0,0.0,0.0,0.0,0.0,0.0,0.0,0.0,0,1,1,1,0.0,0.0,0.0,0.0,1.87,0.0,0.0,0.0167,1,16,5,7,0.0,0.0233,0.0608,0.375,5.19,0.1283,0.1174,0.0433,4,0,0,0,0,0
1778700453.626654,2026-05-13 22:27:33,0,0,0,0.0,0.0,0.0,0.0,0.0,0.0,0.0,0.0,0,0,0,0,0.0,0.0,0.0,0.0,0.0,0.0,0.0,0.0,0,11,5,5,0.0,0.0133,0.0644,0.3636,4.19,0.1324,0.0994,0.0267,4,0,0,0,0,0
1778700483.626654,2026-05-13 22:28:03,5,2,3,0.0,0.1,0.0552,0.4,10.0,0.0607,0.1706,0.1667,2,5,2,3,0.0,0.05,0.0552,0.4,5.0,0.0607,0.1706,0.0833,2,15,5,7,0.0,0.02,0.0601,0.4,4.43,0.1316,0.1334,0.04,4,0,0,0,0,0
1778700513.626654,2026-05-13 22:28:33,0,0,0,0.0,0.0,0.0,0.0,0.0,0.0,0.0,0.0,0,5,2,3,0.0,0.05,0.0552,0.4,5.0,0.0607,0.1706,0.0833,2,14,5,7,0.0,0.02,0.0644,0.4286,4.06,0.1296,0.1489,0.04,4,0,0,0,0,0
1778700543.626654,2026-05-13 22:29:03,0,0,0,0.0,0.0,0.0,0.0,0.0,0.0,0.0,0.0,0,0,0,0,0.0,0.0,0.0,0.0,0.0,0.0,0.0,0.0,0,14,5,7,0.0,0.02,0.0644,0.4286,4.06,0.1296,0.1489,0.04,4,0,0,0,0,0
1778700573.626654,2026-05-13 22:29:33,3,2,2,0.0,0.0,0.1032,1.0,2.63,0.0574,0.0911,0.1,2,3,2,2,0.0,0.0,0.1032,1.0,1.32,0.0574,0.0911,0.05,2,15,5,8,0.0,0.02,0.0606,0.4667,4.06,0.1296,0.1501,0.0433,4,0,0,0,0,0
1778700603.626654,2026-05-13 22:30:03,0,0,0,0.0,0.0,0.0,0.0,0.0,0.0,0.0,0.0,0,3,2,2,0.0,0.0,0.1032,1.0,1.32,0.0574,0.0911,0.05,2,11,5,7,0.0,0.01,0.0601,0.5455,2.17,0.1395,0.1365,0.03,4,0,0,0,0,0
1778700633.626654,2026-05-13 22:30:33,0,0,0,0.0,0.0,0.0,0.0,0.0,0.0,0.0,0.0,0,0,0,0,0.0,0.0,0.0,0.0,0.0,0.0,0.0,0.0,0,9,4,6,0.0,0.01,0.0651,0.5556,1.64,0.1182,0.1559,0.0267,3,0,0,0,0,0
1778700663.626654,2026-05-13 22:31:03,0,0,0,0.0,0.0,0.0,0.0,0.0,0.0,0.0,0.0,0,0,0,0,0.0,0.0,0.0,0.0,0.0,0.0,0.0,0.0,0,9,4,6,0.0,0.01,0.0651,0.5556,1.64,0.1182,0.1559,0.0267,3,0,0,0,0,0
1778700693.626654,2026-05-13 22:31:33,0,0,0,0.0,0.0,0.0,0.0,0.0,0.0,0.0,0.0,0,0,0,0,0.0,0.0,0.0,0.0,0.0,0.0,0.0,0.0,0,8,3,5,0.0,0.01,0.0732,0.625,1.26,0.0976,0.2055,0.0267,3,0,0,0,0,0
1778700723.626654,2026-05-13 22:32:03,0,0,0,0.0,0.0,0.0,0.0,0.0,0.0,0.0,0.0,0,0,0,0,0.0,0.0,0.0,0.0,0.0,0.0,0.0,0.0,0,8,3,5,0.0,0.01,0.0732,0.625,1.26,0.0976,0.2055,0.0267,3,0,0,0,0,0
1778700753.626654,2026-05-13 22:32:33,0,0,0,0.0,0.0,0.0,0.0,0.0,0.0,0.0,0.0,0,0,0,0,0.0,0.0,0.0,0.0,0.0,0.0,0.0,0.0,0,8,3,5,0.0,0.01,0.0732,0.625,1.26,0.0976,0.2055,0.0267,3,0,0,0,0,0
1778700783.626654,2026-05-13 22:33:03,1,1,1,0.0,0.0333,0.0863,0.0,7.53,0.0,0.0,0.0333,1,1,1,1,0.0,0.0167,0.0863,0.0,3.77,0.0,0.0,0.0167,1,4,3,3,0.0,0.0033,0.099,0.75,1.02,0.0938,0.138,0.0133,3,0,0,0,0,0
1778700813.626654,2026-05-13 22:33:33,5,2,3,0.0,0.1,0.0496,0.4,10.0,0.0607,0.1692,0.1667,2,6,2,3,0.0,0.0667,0.0557,0.3333,8.77,0.0574,0.1425,0.1,2,9,3,5,0.0,0.0133,0.0716,0.5556,2.02,0.0957,0.2165,0.03,3,0,0,0,0,0
1778700843.626654,2026-05-13 22:34:03,0,0,0,0.0,0.0,0.0,0.0,0.0,0.0,0.0,0.0,0,5,2,3,0.0,0.05,0.0496,0.4,5.0,0.0607,0.1692,0.0833,2,9,3,5,0.0,0.0133,0.0716,0.5556,2.02,0.0957,0.2165,0.03,3,0,0,0,0,0
1778700873.626654,2026-05-13 22:34:33,2,1,1,0.0,0.0,0.0918,1.0,6.17,0.0,0.0,0.0667,1,2,1,1,0.0,0.0,0.0918,1.0,3.08,0.0,0.0,0.0333,1,8,3,4,0.0,0.0133,0.0647,0.5,2.37,0.0938,0.1465,0.0267,3,0,0,0,0,0
1778700903.626654,2026-05-13 22:35:03,0,0,0,0.0,0.0,0.0,0.0,0.0,0.0,0.0,0.0,0,2,1,1,0.0,0.0,0.0918,1.0,3.08,0.0,0.0,0.0333,1,8,3,4,0.0,0.0133,0.0647,0.5,2.37,0.0938,0.1465,0.0267,3,0,0,0,0,0
1778700933.626654,2026-05-13 22:35:33,0,0,0,0.0,0.0,0.0,0.0,0.0,0.0,0.0,0.0,0,0,0,0,0.0,0.0,0.0,0.0,0.0,0.0,0.0,0.0,0,8,3,4,0.0,0.0133,0.0647,0.5,2.37,0.0938,0.1465,0.0267,3,0,0,0,0,0
1778700963.626654,2026-05-13 22:36:03,0,0,0,0.0,0.0,0.0,0.0,0.0,0.0,0.0,0.0,0,0,0,0,0.0,0.0,0.0,0.0,0.0,0.0,0.0,0.0,0,8,3,4,0.0,0.0133,0.0647,0.5,2.37,0.0938,0.1465,0.0267,3,0,0,0,0,0
1778700993.626654,2026-05-13 22:36:33,0,0,0,0.0,0.0,0.0,0.0,0.0,0.0,0.0,0.0,0,0,0,0,0.0,0.0,0.0,0.0,0.0,0.0,0.0,0.0,0,8,3,4,0.0,0.0133,0.0647,0.5,2.37,0.0938,0.1465,0.0267,3,0,0,0,0,0
1778701023.626654,2026-05-13 22:37:03,0,0,0,0.0,0.0,0.0,0.0,0.0,0.0,0.0,0.0,0,0,0,0,0.0,0.0,0.0,0.0,0.0,0.0,0.0,0.0,0,8,3,4,0.0,0.0133,0.0647,0.5,2.37,0.0938,0.1465,0.0267,3,0,0,0,0,0
1778701053.626654,2026-05-13 22:37:33,0,0,0,0.0,0.0,0.0,0.0,0.0,0.0,0.0,0.0,0,0,0,0,0.0,0.0,0.0,0.0,0.0,0.0,0.0,0.0,0,8,3,4,0.0,0.0133,0.0647,0.5,2.37,0.0938,0.1465,0.0267,3,0,0,0,0,0
1778701083.626654,2026-05-13 22:38:03,1,1,1,0.0,0.0333,0.0933,0.0,7.53,0.0,0.0,0.0333,1,1,1,1,0.0,0.0167,0.0933,0.0,3.77,0.0,0.0,0.0167,1,8,3,4,0.0,0.0133,0.0656,0.5,2.37,0.0938,0.184,0.0267,3,0,0,0,0,0
1778701113.626654,2026-05-13 22:38:33,0,0,0,0.0,0.0,0.0,0.0,0.0,0.0,0.0,0.0,0,1,1,1,0.0,0.0167,0.0933,0.0,3.77,0.0,0.0,0.0167,1,3,2,2,0.0,0.0033,0.0923,0.6667,1.37,0.0574,0.0999,0.01,2,0,0,0,0,0
1778701143.626654,2026-05-13 22:39:03,7,2,3,0.0,0.1,0.0319,0.5714,10.0,0.0616,0.1967,0.2333,2,7,2,3,0.0,0.05,0.0319,0.5714,5.0,0.0616,0.1967,0.1167,2,10,3,4,0.0,0.0133,0.05,0.6,2.37,0.0951,0.2115,0.0333,3,0,0,0,0,0
1778701173.626654,2026-05-13 22:39:33,2,1,1,0.0,0.0,0.1615,1.0,2.63,0.0,0.0,0.0667,1,9,3,4,0.0,0.05,0.0607,0.6667,6.32,0.0957,0.1786,0.15,3,10,3,4,0.0,0.0133,0.064,0.6,2.02,0.0951,0.1812,0.0333,3,0,0,0,0,0
1778701203.626654,2026-05-13 22:40:03,0,0,0,0.0,0.0,0.0,0.0,0.0,0.0,0.0,0.0,0,2,1,1,0.0,0.0,0.1615,1.0,1.32,0.0,0.0,0.0333,1,10,3,4,0.0,0.0133,0.064,0.6,2.02,0.0951,0.1812,0.0333,3,0,0,0,0,0
1778701233.626654,2026-05-13 22:40:33,0,0,0,0.0,0.0,0.0,0.0,0.0,0.0,0.0,0.0,0,0,0,0,0.0,0.0,0.0,0.0,0.0,0.0,0.0,0.0,0,10,3,4,0.0,0.0133,0.064,0.6,2.02,0.0951,0.1812,0.0333,3,0,0,0,0,0
1778701263.626654,2026-05-13 22:41:03,0,0,0,0.0,0.0,0.0,0.0,0.0,0.0,0.0,0.0,0,0,0,0,0.0,0.0,0.0,0.0,0.0,0.0,0.0,0.0,0,10,3,4,0.0,0.0133,0.064,0.6,2.02,0.0951,0.1812,0.0333,3,0,0,0,0,0
1778701293.626654,2026-05-13 22:41:33,0,0,0,0.0,0.0,0.0,0.0,0.0,0.0,0.0,0.0,0,0,0,0,0.0,0.0,0.0,0.0,0.0,0.0,0.0,0.0,0,10,3,4,0.0,0.0133,0.064,0.6,2.02,0.0951,0.1812,0.0333,3,0,0,0,0,0
1778701323.626654,2026-05-13 22:42:03,0,0,0,0.0,0.0,0.0,0.0,0.0,0.0,0.0,0.0,0,0,0,0,0.0,0.0,0.0,0.0,0.0,0.0,0.0,0.0,0,10,3,4,0.0,0.0133,0.064,0.6,2.02,0.0951,0.1812,0.0333,3,0,0,0,0,0
1778701353.626654,2026-05-13 22:42:33,0,0,0,0.0,0.0,0.0,0.0,0.0,0.0,0.0,0.0,0,0,0,0,0.0,0.0,0.0,0.0,0.0,0.0,0.0,0.0,0,10,3,4,0.0,0.0133,0.064,0.6,2.02,0.0951,0.1812,0.0333,3,0,0,0,0,0
1778701383.626654,2026-05-13 22:43:03,1,1,1,0.0,0.0333,0.0951,0.0,7.53,0.0,0.0,0.0333,1,1,1,1,0.0,0.0167,0.0951,0.0,3.77,0.0,0.0,0.0167,1,10,3,4,0.0,0.0133,0.0641,0.6,2.02,0.0951,0.2408,0.0333,3,0,0,0,0,0
1778701413.626654,2026-05-13 22:43:33,0,0,0,0.0,0.0,0.0,0.0,0.0,0.0,0.0,0.0,0,1,1,1,0.0,0.0167,0.0951,0.0,3.77,0.0,0.0,0.0167,1,10,3,4,0.0,0.0133,0.0641,0.6,2.02,0.0951,0.2408,0.0333,3,0,0,0,0,0
1778701443.626654,2026-05-13 22:44:03,0,0,0,0.0,0.0,0.0,0.0,0.0,0.0,0.0,0.0,0,0,0,0,0.0,0.0,0.0,0.0,0.0,0.0,0.0,0.0,0,3,2,2,0.0,0.0033,0.1393,0.6667,1.02,0.0574,0.0999,0.01,2,0,0,0,0,0
1778701473.626654,2026-05-13 22:44:33,10,3,3,0.0,0.1,0.0583,0.7,12.63,0.0982,0.1887,0.3333,3,10,3,3,0.0,0.05,0.0583,0.7,6.32,0.0982,0.1887,0.1667,3,11,3,3,0.0,0.0133,0.0617,0.6364,2.02,0.0983,0.2671,0.0367,3,0,0,0,0,0
1778701503.626654,2026-05-13 22:45:03,0,0,0,0.0,0.0,0.0,0.0,0.0,0.0,0.0,0.0,0,10,3,3,0.0,0.05,0.0583,0.7,6.32,0.0982,0.1887,0.1667,3,11,3,3,0.0,0.0133,0.0617,0.6364,2.02,0.0983,0.2671,0.0367,3,0,0,0,0,0
1778701533.626654,2026-05-13 22:45:33,1,1,1,0.0,0.0,0.0,0.0,3.73,0.0,0.0,0.0333,1,1,1,1,0.0,0.0,0.0,0.0,1.87,0.0,0.0,0.0167,1,12,4,4,0.0,0.0133,0.0565,0.5833,2.39,0.116,0.201,0.0367,3,0,0,0,0,0
1778701563.626654,2026-05-13 22:46:03,0,0,0,0.0,0.0,0.0,0.0,0.0,0.0,0.0,0.0,0,1,1,1,0.0,0.0,0.0,0.0,1.87,0.0,0.0,0.0167,1,12,4,4,0.0,0.0133,0.0565,0.5833,2.39,0.116,0.201,0.0367,3,0,0,0,0,0
1778701593.626654,2026-05-13 22:46:33,3,1,1,0.0,0.1,0.0558,0.0,9.3,0.0,0.0948,0.1,1,3,1,1,0.0,0.05,0.0558,0.0,4.65,0.0,0.0948,0.05,1,15,4,4,0.0,0.0233,0.0564,0.4667,3.32,0.1092,0.1847,0.0467,3,0,0,0,0,0
1778701623.626654,2026-05-13 22:47:03,3,2,2,0.0,0.0667,0.0558,0.3333,5.73,0.0574,0.0061,0.1,2,6,2,2,0.0,0.0833,0.0558,0.1667,7.52,0.0406,0.1876,0.1,2,18,4,5,0.0,0.03,0.0563,0.4444,3.89,0.1047,0.2032,0.0567,3,0,0,0,0,0
1778701653.626654,2026-05-13 22:47:33,0,0,0,0.0,0.0,0.0,0.0,0.0,0.0,0.0,0.0,0,3,2,2,0.0,0.0333,0.0558,0.3333,2.87,0.0574,0.0061,0.05,2,18,4,5,0.0,0.03,0.0563,0.4444,3.89,0.1047,0.2032,0.0567,3,0,0,0,0,0
1778701683.626654,2026-05-13 22:48:03,1,1,1,0.0,0.0333,0.0759,0.0,7.53,0.0,0.0,0.0333,1,1,1,1,0.0,0.0167,0.0759,0.0,3.77,0.0,0.0,0.0167,1,18,4,5,0.0,0.03,0.0552,0.4444,3.89,0.1047,0.1986,0.0567,3,0,0,0,0,0
1778701713.626654,2026-05-13 22:48:33,0,0,0,0.0,0.0,0.0,0.0,0.0,0.0,0.0,0.0,0,1,1,1,0.0,0.0167,0.0759,0.0,3.77,0.0,0.0,0.0167,1,18,4,5,0.0,0.03,0.0552,0.4444,3.89,0.1047,0.1986,0.0567,3,0,0,0,0,0
1778701743.626654,2026-05-13 22:49:03,0,0,0,0.0,0.0,0.0,0.0,0.0,0.0,0.0,0.0,0,0,0,0,0.0,0.0,0.0,0.0,0.0,0.0,0.0,0.0,0,18,4,5,0.0,0.03,0.0552,0.4444,3.89,0.1047,0.1986,0.0567,3,0,0,0,0,0
1778701773.626654,2026-05-13 22:49:33,4,2,2,0.0,0.0333,0.0658,0.75,11.3,0.0507,0.1088,0.1333,2,4,2,2,0.0,0.0167,0.0658,0.75,5.65,0.0507,0.1088,0.0667,2,12,4,4,0.0,0.0233,0.0561,0.3333,3.76,0.0969,0.1596,0.0367,3,0,0,0,0,0
1778701803.626654,2026-05-13 22:50:03,5,2,2,0.0,0.1,0.0527,0.4,10.0,0.0607,0.1706,0.1667,2,9,3,3,0.0,0.0667,0.0585,0.5556,10.65,0.0957,0.189,0.15,3,17,4,5,0.0,0.0333,0.0551,0.3529,4.76,0.0984,0.1733,0.0533,3,0,0,0,0,0
1778701833.626654,2026-05-13 22:50:33,1,1,1,0.0,0.0333,5.3236,0.0,1.67,0.0,0.0,0.0333,1,6,2,2,0.0,0.0667,0.9312,0.3333,5.83,0.0574,0.1319,0.1,2,17,3,4,0.0,0.0367,0.3683,0.3529,4.55,0.0806,0.2023,0.0567,3,0,0,0,0,0
