ts,datetime,connections_30s,unique_dst_ports_30s,unique_dst_ips_30s,failed_conn_rate_30s,dns_rate_30s,avg_conn_duration_30s,outbound_ratio_30s,bytes_per_sec_30s,port_entropy_30s,burst_score_30s,conn_rate_per_ip_30s,unique_ports_per_ip_30s,connections_1m,unique_dst_ports_1m,unique_dst_ips_1m,failed_conn_rate_1m,dns_rate_1m,avg_conn_duration_1m,outbound_ratio_1m,bytes_per_sec_1m,port_entropy_1m,burst_score_1m,conn_rate_per_ip_1m,unique_ports_per_ip_1m,connections_5m,unique_dst_ports_5m,unique_dst_ips_5m,failed_conn_rate_5m,dns_rate_5m,avg_conn_duration_5m,outbound_ratio_5m,bytes_per_sec_5m,port_entropy_5m,burst_score_5m,conn_rate_per_ip_5m,unique_ports_per_ip_5m,flag_port_scan,flag_brute_force,flag_burst,flag_dns_flood,flag_any
1778533452.614906,2026-05-12 00:04:12,1,1,1,0.0,0.0,0.0,0.0,3.73,0.0,0.0,0.0333,1,1,1,1,0.0,0.0,0.0,0.0,1.87,0.0,0.0,0.0167,1,19,2,2,0.0,0.0467,0.0498,0.0,8.71,0.052,0.1621,0.0467,1,0,0,0,0,0
1778533482.614906,2026-05-12 00:04:42,0,0,0,0.0,0.0,0.0,0.0,0.0,0.0,0.0,0.0,0,1,1,1,0.0,0.0,0.0,0.0,1.87,0.0,0.0,0.0167,1,18,2,2,0.0,0.0467,0.0526,0.0,8.34,0.0478,0.181,0.0467,1,0,0,0,0,0
1778533512.614906,2026-05-12 00:05:12,1,1,1,0.0,0.0,0.0,0.0,3.73,0.0,0.0,0.0333,1,1,1,1,0.0,0.0,0.0,0.0,1.87,0.0,0.0,0.0167,1,5,1,1,0.0,0.0,0.0,0.0,1.87,0.0,0.0,0.0167,1,0,0,0,0,0
1778533542.614906,2026-05-12 00:05:42,0,0,0,0.0,0.0,0.0,0.0,0.0,0.0,0.0,0.0,0,1,1,1,0.0,0.0,0.0,0.0,1.87,0.0,0.0,0.0167,1,5,1,1,0.0,0.0,0.0,0.0,1.87,0.0,0.0,0.0167,1,0,0,0,0,0
1778533572.614906,2026-05-12 00:06:12,1,1,1,0.0,0.0,0.0,0.0,3.73,0.0,0.0,0.0333,1,1,1,1,0.0,0.0,0.0,0.0,1.87,0.0,0.0,0.0167,1,5,1,1,0.0,0.0,0.0,0.0,1.87,0.0,0.0,0.0167,1,0,0,0,0,0
1778533602.614906,2026-05-12 00:06:42,0,0,0,0.0,0.0,0.0,0.0,0.0,0.0,0.0,0.0,0,1,1,1,0.0,0.0,0.0,0.0,1.87,0.0,0.0,0.0167,1,5,1,1,0.0,0.0,0.0,0.0,1.87,0.0,0.0,0.0167,1,0,0,0,0,0
1778533632.614906,2026-05-12 00:07:12,1,1,1,0.0,0.0,0.0,0.0,3.73,0.0,0.0,0.0333,1,1,1,1,0.0,0.0,0.0,0.0,1.87,0.0,0.0,0.0167,1,5,1,1,0.0,0.0,0.0,0.0,1.87,0.0,0.0,0.0167,1,0,0,0,0,0
1778533662.614906,2026-05-12 00:07:42,0,0,0,0.0,0.0,0.0,0.0,0.0,0.0,0.0,0.0,0,1,1,1,0.0,0.0,0.0,0.0,1.87,0.0,0.0,0.0167,1,5,1,1,0.0,0.0,0.0,0.0,1.87,0.0,0.0,0.0167,1,0,0,0,0,0
1778533692.614906,2026-05-12 00:08:12,1,1,1,0.0,0.0,0.0,0.0,3.73,0.0,0.0,0.0333,1,1,1,1,0.0,0.0,0.0,0.0,1.87,0.0,0.0,0.0167,1,5,1,1,0.0,0.0,0.0,0.0,1.87,0.0,0.0,0.0167,1,0,0,0,0,0
1778533722.614906,2026-05-12 00:08:42,0,0,0,0.0,0.0,0.0,0.0,0.0,0.0,0.0,0.0,0,1,1,1,0.0,0.0,0.0,0.0,1.87,0.0,0.0,0.0167,1,5,1,1,0.0,0.0,0.0,0.0,1.87,0.0,0.0,0.0167,1,0,0,0,0,0
1778533752.614906,2026-05-12 00:09:12,1,1,1,0.0,0.0,0.0,0.0,3.73,0.0,0.0,0.0333,1,1,1,1,0.0,0.0,0.0,0.0,1.87,0.0,0.0,0.0167,1,5,1,1,0.0,0.0,0.0,0.0,1.87,0.0,0.0,0.0167,1,0,0,0,0,0
1778533782.614906,2026-05-12 00:09:42,0,0,0,0.0,0.0,0.0,0.0,0.0,0.0,0.0,0.0,0,1,1,1,0.0,0.0,0.0,0.0,1.87,0.0,0.0,0.0167,1,5,1,1,0.0,0.0,0.0,0.0,1.87,0.0,0.0,0.0167,1,0,0,0,0,0
1778533812.614906,2026-05-12 00:10:12,1,1,1,0.0,0.0,0.0001,0.0,3.73,0.0,0.0,0.0333,1,1,1,1,0.0,0.0,0.0001,0.0,1.87,0.0,0.0,0.0167,1,5,1,1,0.0,0.0,0.0,0.0,1.87,0.0,0.0,0.0167,1,0,0,0,0,0
1778533842.614906,2026-05-12 00:10:42,0,0,0,0.0,0.0,0.0,0.0,0.0,0.0,0.0,0.0,0,1,1,1,0.0,0.0,0.0001,0.0,1.87,0.0,0.0,0.0167,1,5,1,1,0.0,0.0,0.0,0.0,1.87,0.0,0.0,0.0167,1,0,0,0,0,0
1778533872.614906,2026-05-12 00:11:12,1,1,1,0.0,0.0,0.0,0.0,3.73,0.0,0.0,0.0333,1,1,1,1,0.0,0.0,0.0,0.0,1.87,0.0,0.0,0.0167,1,5,1,1,0.0,0.0,0.0,0.0,1.87,0.0,0.0,0.0167,1,0,0,0,0,0
1778533902.614906,2026-05-12 00:11:42,0,0,0,0.0,0.0,0.0,0.0,0.0,0.0,0.0,0.0,0,1,1,1,0.0,0.0,0.0,0.0,1.87,0.0,0.0,0.0167,1,5,1,1,0.0,0.0,0.0,0.0,1.87,0.0,0.0,0.0167,1,0,0,0,0,0
1778533932.614906,2026-05-12 00:12:12,1,1,1,0.0,0.0,0.0,0.0,3.73,0.0,0.0,0.0333,1,1,1,1,0.0,0.0,0.0,0.0,1.87,0.0,0.0,0.0167,1,5,1,1,0.0,0.0,0.0,0.0,1.87,0.0,0.0,0.0167,1,0,0,0,0,0
1778533962.614906,2026-05-12 00:12:42,0,0,0,0.0,0.0,0.0,0.0,0.0,0.0,0.0,0.0,0,1,1,1,0.0,0.0,0.0,0.0,1.87,0.0,0.0,0.0167,1,5,1,1,0.0,0.0,0.0,0.0,1.87,0.0,0.0,0.0167,1,0,0,0,0,0
1778533992.614906,2026-05-12 00:13:12,1,1,1,0.0,0.0,0.0,0.0,3.73,0.0,0.0,0.0333,1,1,1,1,0.0,0.0,0.0,0.0,1.87,0.0,0.0,0.0167,1,5,1,1,0.0,0.0,0.0,0.0,1.87,0.0,0.0,0.0167,1,0,0,0,0,0
1778534022.614906,2026-05-12 00:13:42,0,0,0,0.0,0.0,0.0,0.0,0.0,0.0,0.0,0.0,0,1,1,1,0.0,0.0,0.0,0.0,1.87,0.0,0.0,0.0167,1,5,1,1,0.0,0.0,0.0,0.0,1.87,0.0,0.0,0.0167,1,0,0,0,0,0
1778534052.614906,2026-05-12 00:14:12,1,1,1,0.0,0.0,0.0,0.0,3.73,0.0,0.0,0.0333,1,1,1,1,0.0,0.0,0.0,0.0,1.87,0.0,0.0,0.0167,1,5,1,1,0.0,0.0,0.0,0.0,1.87,0.0,0.0,0.0167,1,0,0,0,0,0
1778534082.614906,2026-05-12 00:14:42,0,0,0,0.0,0.0,0.0,0.0,0.0,0.0,0.0,0.0,0,1,1,1,0.0,0.0,0.0,0.0,1.87,0.0,0.0,0.0167,1,5,1,1,0.0,0.0,0.0,0.0,1.87,0.0,0.0,0.0167,1,0,0,0,0,0
1778534112.614906,2026-05-12 00:15:12,1,1,1,0.0,0.0,0.0,0.0,3.73,0.0,0.0,0.0333,1,1,1,1,0.0,0.0,0.0,0.0,1.87,0.0,0.0,0.0167,1,5,1,1,0.0,0.0,0.0,0.0,1.87,0.0,0.0,0.0167,1,0,0,0,0,0
1778534142.614906,2026-05-12 00:15:42,0,0,0,0.0,0.0,0.0,0.0,0.0,0.0,0.0,0.0,0,1,1,1,0.0,0.0,0.0,0.0,1.87,0.0,0.0,0.0167,1,5,1,1,0.0,0.0,0.0,0.0,1.87,0.0,0.0,0.0167,1,0,0,0,0,0
1778534172.614906,2026-05-12 00:16:12,1,1,1,0.0,0.0,0.0,0.0,3.73,0.0,0.0,0.0333,1,1,1,1,0.0,0.0,0.0,0.0,1.87,0.0,0.0,0.0167,1,5,1,1,0.0,0.0,0.0,0.0,1.87,0.0,0.0,0.0167,1,0,0,0,0,0
1778534202.614906,2026-05-12 00:16:42,0,0,0,0.0,0.0,0.0,0.0,0.0,0.0,0.0,0.0,0,1,1,1,0.0,0.0,0.0,0.0,1.87,0.0,0.0,0.0167,1,5,1,1,0.0,0.0,0.0,0.0,1.87,0.0,0.0,0.0167,1,0,0,0,0,0
1778534232.614906,2026-05-12 00:17:12,1,1,1,0.0,0.0,0.0,0.0,3.73,0.0,0.0,0.0333,1,1,1,1,0.0,0.0,0.0,0.0,1.87,0.0,0.0,0.0167,1,5,1,1,0.0,0.0,0.0,0.0,1.87,0.0,0.0,0.0167,1,0,0,0,0,0
1778534262.614906,2026-05-12 00:17:42,0,0,0,0.0,0.0,0.0,0.0,0.0,0.0,0.0,0.0,0,1,1,1,0.0,0.0,0.0,0.0,1.87,0.0,0.0,0.0167,1,5,1,1,0.0,0.0,0.0,0.0,1.87,0.0,0.0,0.0167,1,0,0,0,0,0
1778534292.614906,2026-05-12 00:18:12,1,1,1,0.0,0.0,0.0,0.0,3.73,0.0,0.0,0.0333,1,1,1,1,0.0,0.0,0.0,0.0,1.87,0.0,0.0,0.0167,1,5,1,1,0.0,0.0,0.0,0.0,1.87,0.0,0.0,0.0167,1,0,0,0,0,0
1778534322.614906,2026-05-12 00:18:42,0,0,0,0.0,0.0,0.0,0.0,0.0,0.0,0.0,0.0,0,1,1,1,0.0,0.0,0.0,0.0,1.87,0.0,0.0,0.0167,1,5,1,1,0.0,0.0,0.0,0.0,1.87,0.0,0.0,0.0167,1,0,0,0,0,0
1778534352.614906,2026-05-12 00:19:12,1,1,1,0.0,0.0,0.0,0.0,3.73,0.0,0.0,0.0333,1,1,1,1,0.0,0.0,0.0,0.0,1.87,0.0,0.0,0.0167,1,5,1,1,0.0,0.0,0.0,0.0,1.87,0.0,0.0,0.0167,1,0,0,0,0,0
1778534382.614906,2026-05-12 00:19:42,0,0,0,0.0,0.0,0.0,0.0,0.0,0.0,0.0,0.0,0,1,1,1,0.0,0.0,0.0,0.0,1.87,0.0,0.0,0.0167,1,5,1,1,0.0,0.0,0.0,0.0,1.87,0.0,0.0,0.0167,1,0,0,0,0,0
1778534412.614906,2026-05-12 00:20:12,1,1,1,0.0,0.0,0.0,0.0,3.73,0.0,0.0,0.0333,1,1,1,1,0.0,0.0,0.0,0.0,1.87,0.0,0.0,0.0167,1,5,1,1,0.0,0.0,0.0,0.0,1.87,0.0,0.0001,0.0167,1,0,0,0,0,0
1778534442.614906,2026-05-12 00:20:42,0,0,0,0.0,0.0,0.0,0.0,0.0,0.0,0.0,0.0,0,1,1,1,0.0,0.0,0.0,0.0,1.87,0.0,0.0,0.0167,1,5,1,1,0.0,0.0,0.0,0.0,1.87,0.0,0.0001,0.0167,1,0,0,0,0,0
1778534472.614906,2026-05-12 00:21:12,0,0,0,0.0,0.0,0.0,0.0,0.0,0.0,0.0,0.0,0,0,0,0,0.0,0.0,0.0,0.0,0.0,0.0,0.0,0.0,0,4,1,1,0.0,0.0,0.0,0.0,1.49,0.0,0.0001,0.0133,1,0,0,0,0,0
1778534502.614906,2026-05-12 00:21:42,0,0,0,0.0,0.0,0.0,0.0,0.0,0.0,0.0,0.0,0,0,0,0,0.0,0.0,0.0,0.0,0.0,0.0,0.0,0.0,0,4,1,1,0.0,0.0,0.0,0.0,1.49,0.0,0.0001,0.0133,1,0,0,0,0,0
1778534532.614906,2026-05-12 00:22:12,0,0,0,0.0,0.0,0.0,0.0,0.0,0.0,0.0,0.0,0,0,0,0,0.0,0.0,0.0,0.0,0.0,0.0,0.0,0.0,0,3,1,1,0.0,0.0,0.0,0.0,1.12,0.0,0.0001,0.01,1,0,0,0,0,0
1778534562.614906,2026-05-12 00:22:42,0,0,0,0.0,0.0,0.0,0.0,0.0,0.0,0.0,0.0,0,0,0,0,0.0,0.0,0.0,0.0,0.0,0.0,0.0,0.0,0,3,1,1,0.0,0.0,0.0,0.0,1.12,0.0,0.0001,0.01,1,0,0,0,0,0
1778534592.614906,2026-05-12 00:23:12,1,1,1,0.0,0.0,0.0688,1.0,1.6,0.0,0.0,0.0333,1,1,1,1,0.0,0.0,0.0688,1.0,0.8,0.0,0.0,0.0167,1,3,2,2,0.0,0.0,0.023,0.3333,0.91,0.0574,0.0534,0.0067,1,0,0,0,0,0
1778534622.614906,2026-05-12 00:23:42,0,0,0,0.0,0.0,0.0,0.0,0.0,0.0,0.0,0.0,0,1,1,1,0.0,0.0,0.0688,1.0,0.8,0.0,0.0,0.0167,1,3,2,2,0.0,0.0,0.023,0.3333,0.91,0.0574,0.0534,0.0067,1,0,0,0,0,0
1778534652.614906,2026-05-12 00:24:12,0,0,0,0.0,0.0,0.0,0.0,0.0,0.0,0.0,0.0,0,0,0,0,0.0,0.0,0.0,0.0,0.0,0.0,0.0,0.0,0,2,2,2,0.0,0.0,0.0344,0.5,0.53,0.0625,0.0,0.0033,1,0,0,0,0,0
1778534682.614906,2026-05-12 00:24:42,0,0,0,0.0,0.0,0.0,0.0,0.0,0.0,0.0,0.0,0,0,0,0,0.0,0.0,0.0,0.0,0.0,0.0,0.0,0.0,0,2,2,2,0.0,0.0,0.0344,0.5,0.53,0.0625,0.0,0.0033,1,0,0,0,0,0
1778534712.614906,2026-05-12 00:25:12,0,0,0,0.0,0.0,0.0,0.0,0.0,0.0,0.0,0.0,0,0,0,0,0.0,0.0,0.0,0.0,0.0,0.0,0.0,0.0,0,1,1,1,0.0,0.0,0.0688,1.0,0.16,0.0,0.0,0.0033,1,0,0,0,0,0
1778534742.614906,2026-05-12 00:25:42,0,0,0,0.0,0.0,0.0,0.0,0.0,0.0,0.0,0.0,0,0,0,0,0.0,0.0,0.0,0.0,0.0,0.0,0.0,0.0,0,1,1,1,0.0,0.0,0.0688,1.0,0.16,0.0,0.0,0.0033,1,0,0,0,0,0
1778534772.614906,2026-05-12 00:26:12,0,0,0,0.0,0.0,0.0,0.0,0.0,0.0,0.0,0.0,0,0,0,0,0.0,0.0,0.0,0.0,0.0,0.0,0.0,0.0,0,1,1,1,0.0,0.0,0.0688,1.0,0.16,0.0,0.0,0.0033,1,0,0,0,0,0
1778534802.614906,2026-05-12 00:26:42,0,0,0,0.0,0.0,0.0,0.0,0.0,0.0,0.0,0.0,0,0,0,0,0.0,0.0,0.0,0.0,0.0,0.0,0.0,0.0,0,1,1,1,0.0,0.0,0.0688,1.0,0.16,0.0,0.0,0.0033,1,0,0,0,0,0
1778534832.614906,2026-05-12 00:27:12,0,0,0,0.0,0.0,0.0,0.0,0.0,0.0,0.0,0.0,0,0,0,0,0.0,0.0,0.0,0.0,0.0,0.0,0.0,0.0,0,1,1,1,0.0,0.0,0.0688,1.0,0.16,0.0,0.0,0.0033,1,0,0,0,0,0
1778534862.614906,2026-05-12 00:27:42,0,0,0,0.0,0.0,0.0,0.0,0.0,0.0,0.0,0.0,0,0,0,0,0.0,0.0,0.0,0.0,0.0,0.0,0.0,0.0,0,1,1,1,0.0,0.0,0.0688,1.0,0.16,0.0,0.0,0.0033,1,0,0,0,0,0
1778534892.614906,2026-05-12 00:28:12,0,0,0,0.0,0.0,0.0,0.0,0.0,0.0,0.0,0.0,0,0,0,0,0.0,0.0,0.0,0.0,0.0,0.0,0.0,0.0,0,0,0,0,0.0,0.0,0.0,0.0,0.0,0.0,0.0,0.0,0,0,0,0,0,0
1778534922.614906,2026-05-12 00:28:42,0,0,0,0.0,0.0,0.0,0.0,0.0,0.0,0.0,0.0,0,0,0,0,0.0,0.0,0.0,0.0,0.0,0.0,0.0,0.0,0,0,0,0,0.0,0.0,0.0,0.0,0.0,0.0,0.0,0.0,0,0,0,0,0,0
1778534952.614906,2026-05-12 00:29:12,0,0,0,0.0,0.0,0.0,0.0,0.0,0.0,0.0,0.0,0,0,0,0,0.0,0.0,0.0,0.0,0.0,0.0,0.0,0.0,0,0,0,0,0.0,0.0,0.0,0.0,0.0,0.0,0.0,0.0,0,0,0,0,0,0
1778534982.614906,2026-05-12 00:29:42,0,0,0,0.0,0.0,0.0,0.0,0.0,0.0,0.0,0.0,0,0,0,0,0.0,0.0,0.0,0.0,0.0,0.0,0.0,0.0,0,0,0,0,0.0,0.0,0.0,0.0,0.0,0.0,0.0,0.0,0,0,0,0,0,0
1778535012.614906,2026-05-12 00:30:12,0,0,0,0.0,0.0,0.0,0.0,0.0,0.0,0.0,0.0,0,0,0,0,0.0,0.0,0.0,0.0,0.0,0.0,0.0,0.0,0,0,0,0,0.0,0.0,0.0,0.0,0.0,0.0,0.0,0.0,0,0,0,0,0,0
1778535042.614906,2026-05-12 00:30:42,0,0,0,0.0,0.0,0.0,0.0,0.0,0.0,0.0,0.0,0,0,0,0,0.0,0.0,0.0,0.0,0.0,0.0,0.0,0.0,0,0,0,0,0.0,0.0,0.0,0.0,0.0,0.0,0.0,0.0,0,0,0,0,0,0
1778535072.614906,2026-05-12 00:31:12,0,0,0,0.0,0.0,0.0,0.0,0.0,0.0,0.0,0.0,0,0,0,0,0.0,0.0,0.0,0.0,0.0,0.0,0.0,0.0,0,0,0,0,0.0,0.0,0.0,0.0,0.0,0.0,0.0,0.0,0,0,0,0,0,0
1778535102.614906,2026-05-12 00:31:42,1,1,1,0.0,0.0,0.0,0.0,3.73,0.0,0.0,0.0333,1,1,1,1,0.0,0.0,0.0,0.0,1.87,0.0,0.0,0.0167,1,1,1,1,0.0,0.0,0.0,0.0,0.37,0.0,0.0,0.0033,1,0,0,0,0,0
1778535132.614906,2026-05-12 00:32:12,0,0,0,0.0,0.0,0.0,0.0,0.0,0.0,0.0,0.0,0,1,1,1,0.0,0.0,0.0,0.0,1.87,0.0,0.0,0.0167,1,1,1,1,0.0,0.0,0.0,0.0,0.37,0.0,0.0,0.0033,1,0,0,0,0,0
1778535162.614906,2026-05-12 00:32:42,1,1,1,0.0,0.0,0.0002,0.0,3.73,0.0,0.0,0.0333,1,1,1,1,0.0,0.0,0.0002,0.0,1.87,0.0,0.0,0.0167,1,2,1,1,0.0,0.0,0.0001,0.0,0.75,0.0,0.0,0.0067,1,0,0,0,0,0
1778535192.614906,2026-05-12 00:33:12,0,0,0,0.0,0.0,0.0,0.0,0.0,0.0,0.0,0.0,0,1,1,1,0.0,0.0,0.0002,0.0,1.87,0.0,0.0,0.0167,1,2,1,1,0.0,0.0,0.0001,0.0,0.75,0.0,0.0,0.0067,1,0,0,0,0,0
1778535222.614906,2026-05-12 00:33:42,1,1,1,0.0,0.0,0.0,1.0,0.0,0.0,0.0,0.0333,1,1,1,1,0.0,0.0,0.0,1.0,0.0,0.0,0.0,0.0167,1,3,2,2,0.0,0.0,0.0001,0.3333,0.75,0.0574,0.0125,0.0067,1,0,0,0,0,0
1778535252.614906,2026-05-12 00:34:12,0,0,0,0.0,0.0,0.0,0.0,0.0,0.0,0.0,0.0,0,1,1,1,0.0,0.0,0.0,1.0,0.0,0.0,0.0,0.0167,1,3,2,2,0.0,0.0,0.0001,0.3333,0.75,0.0574,0.0125,0.0067,1,0,0,0,0,0
1778535282.614906,2026-05-12 00:34:42,2,1,1,0.0,0.0,0.2702,1.0,2898.07,0.0,0.0,0.0667,1,2,1,1,0.0,0.0,0.2702,1.0,1449.03,0.0,0.0,0.0333,1,5,3,3,0.0,0.0,0.1081,0.6,290.55,0.0951,0.06,0.01,2,0,0,0,0,0
1778535312.614906,2026-05-12 00:35:12,0,0,0,0.0,0.0,0.0,0.0,0.0,0.0,0.0,0.0,0,2,1,1,0.0,0.0,0.2702,1.0,1449.03,0.0,0.0,0.0333,1,5,3,3,0.0,0.0,0.1081,0.6,290.55,0.0951,0.06,0.01,2,0,0,0,0,0
1778535342.614906,2026-05-12 00:35:42,2,1,1,0.0,0.0667,0.0919,0.0,8.47,0.0,0.0,0.0667,1,2,1,1,0.0,0.0333,0.0919,0.0,4.23,0.0,0.0,0.0333,1,7,4,4,0.0,0.0067,0.1035,0.4286,291.4,0.1219,0.0729,0.0167,3,0,0,0,0,0
1778535372.614906,2026-05-12 00:36:12,1,1,1,0.0,0.0,0.0471,1.0,3.73,0.0,0.0,0.0333,1,3,2,2,0.0,0.0333,0.077,0.3333,6.1,0.0574,0.0996,0.05,2,8,4,5,0.0,0.0067,0.0964,0.5,291.77,0.1191,0.0669,0.02,4,0,0,0,0,0
1778535402.614906,2026-05-12 00:36:42,0,0,0,0.0,0.0,0.0,0.0,0.0,0.0,0.0,0.0,0,1,1,1,0.0,0.0,0.0471,1.0,1.87,0.0,0.0,0.0167,1,7,4,5,0.0,0.0067,0.1102,0.5714,291.4,0.1219,0.0751,0.02,4,0,0,0,0,0
1778535432.614906,2026-05-12 00:37:12,0,0,0,0.0,0.0,0.0,0.0,0.0,0.0,0.0,0.0,0,0,0,0,0.0,0.0,0.0,0.0,0.0,0.0,0.0,0.0,0,7,4,5,0.0,0.0067,0.1102,0.5714,291.4,0.1219,0.0751,0.02,4,0,0,0,0,0
1778535462.614906,2026-05-12 00:37:42,1,1,1,0.0,0.0,0.0001,0.0,3.73,0.0,0.0,0.0333,1,1,1,1,0.0,0.0,0.0001,0.0,1.87,0.0,0.0,0.0167,1,7,4,5,0.0,0.0067,0.1102,0.5714,291.4,0.1219,0.0734,0.02,4,0,0,0,0,0
1778535492.614906,2026-05-12 00:38:12,0,0,0,0.0,0.0,0.0,0.0,0.0,0.0,0.0,0.0,0,1,1,1,0.0,0.0,0.0001,0.0,1.87,0.0,0.0,0.0167,1,7,4,5,0.0,0.0067,0.1102,0.5714,291.4,0.1219,0.0734,0.02,4,0,0,0,0,0
1778535522.614906,2026-05-12 00:38:42,1,1,1,0.0,0.0,0.0,0.0,3.73,0.0,0.0,0.0333,1,1,1,1,0.0,0.0,0.0,0.0,1.87,0.0,0.0,0.0167,1,7,3,4,0.0,0.0067,0.1102,0.4286,291.77,0.0973,0.0734,0.0167,3,0,0,0,0,0
1778535552.614906,2026-05-12 00:39:12,0,0,0,0.0,0.0,0.0,0.0,0.0,0.0,0.0,0.0,0,1,1,1,0.0,0.0,0.0,0.0,1.87,0.0,0.0,0.0167,1,7,3,4,0.0,0.0067,0.1102,0.4286,291.77,0.0973,0.0734,0.0167,3,0,0,0,0,0
1778535582.614906,2026-05-12 00:39:42,1,1,1,0.0,0.0,0.0001,0.0,3.73,0.0,0.0,0.0333,1,1,1,1,0.0,0.0,0.0001,0.0,1.87,0.0,0.0,0.0167,1,6,2,3,0.0,0.0067,0.0385,0.1667,2.34,0.0574,0.0529,0.01,2,0,0,0,0,0
1778535612.614906,2026-05-12 00:40:12,0,0,0,0.0,0.0,0.0,0.0,0.0,0.0,0.0,0.0,0,1,1,1,0.0,0.0,0.0001,0.0,1.87,0.0,0.0,0.0167,1,6,2,3,0.0,0.0067,0.0385,0.1667,2.34,0.0574,0.0529,0.01,2,0,0,0,0,0
1778535642.614906,2026-05-12 00:40:42,1,1,1,0.0,0.0,0.0001,0.0,3.73,0.0,0.0,0.0333,1,1,1,1,0.0,0.0,0.0001,0.0,1.87,0.0,0.0,0.0167,1,5,1,2,0.0,0.0,0.0095,0.2,1.87,0.0,0.0066,0.0133,1,0,0,0,0,0
1778535672.614906,2026-05-12 00:41:12,0,0,0,0.0,0.0,0.0,0.0,0.0,0.0,0.0,0.0,0,1,1,1,0.0,0.0,0.0001,0.0,1.87,0.0,0.0,0.0167,1,4,1,1,0.0,0.0,0.0001,0.0,1.49,0.0,0.0001,0.0133,1,0,0,0,0,0
1778535702.614906,2026-05-12 00:41:42,6,2,3,0.0,0.1,0.0778,0.5,457.87,0.0625,0.1938,0.2,2,6,2,3,0.0,0.05,0.0778,0.5,228.93,0.0625,0.1938,0.1,2,10,3,4,0.0,0.01,0.0467,0.3,47.28,0.0982,0.1058,0.02,2,0,0,0,0,0
1778535732.614906,2026-05-12 00:42:12,4,2,2,0.0,0.0667,1.1442,0.5,32913.27,0.0625,0.0699,0.1333,2,10,2,4,0.0,0.0833,0.5044,0.5,16685.57,0.0625,0.1824,0.1667,2,14,3,5,0.0,0.0167,0.3603,0.3571,3338.61,0.0986,0.1363,0.0333,2,0,0,0,0,0
1778535762.614906,2026-05-12 00:42:42,0,0,0,0.0,0.0,0.0,0.0,0.0,0.0,0.0,0.0,0,4,2,2,0.0,0.0333,1.1442,0.5,16456.63,0.0625,0.0699,0.0667,2,13,3,5,0.0,0.0167,0.388,0.3846,3338.23,0.0968,0.1543,0.0333,2,0,0,0,0,0
1778535792.614906,2026-05-12 00:43:12,4,2,2,0.0,0.0667,0.7009,0.5,19550.43,0.0625,0.0714,0.1333,2,4,2,2,0.0,0.0333,0.7009,0.5,9775.22,0.0625,0.0714,0.0667,2,17,3,6,0.0,0.0233,0.4616,0.4118,5293.28,0.0935,0.1586,0.0467,2,0,0,0,0,0
1778535822.614906,2026-05-12 00:43:42,1,1,1,0.0,0.0,0.0,0.0,3.73,0.0,0.0,0.0333,1,5,3,3,0.0,0.0333,0.5607,0.4,9777.08,0.0951,0.1721,0.0667,2,17,3,6,0.0,0.0233,0.4616,0.4118,5293.28,0.0935,0.1622,0.0467,2,0,0,0,0,0
1778535852.614906,2026-05-12 00:44:12,0,0,0,0.0,0.0,0.0,0.0,0.0,0.0,0.0,0.0,0,1,1,1,0.0,0.0,0.0,0.0,1.87,0.0,0.0,0.0167,1,17,3,6,0.0,0.0233,0.4616,0.4118,5293.28,0.0935,0.1622,0.0467,2,0,0,0,0,0
1778535882.614906,2026-05-12 00:44:42,1,1,1,0.0,0.0,0.0,0.0,3.73,0.0,0.0,0.0333,1,1,1,1,0.0,0.0,0.0,0.0,1.87,0.0,0.0,0.0167,1,17,3,6,0.0,0.0233,0.4616,0.4118,5293.28,0.0935,0.1622,0.0467,2,0,0,0,0,0
1778535912.614906,2026-05-12 00:45:12,0,0,0,0.0,0.0,0.0,0.0,0.0,0.0,0.0,0.0,0,1,1,1,0.0,0.0,0.0,0.0,1.87,0.0,0.0,0.0167,1,17,3,6,0.0,0.0233,0.4616,0.4118,5293.28,0.0935,0.1622,0.0467,2,0,0,0,0,0
1778535942.614906,2026-05-12 00:45:42,1,1,1,0.0,0.0,0.0001,0.0,3.73,0.0,0.0,0.0333,1,1,1,1,0.0,0.0,0.0001,0.0,1.87,0.0,0.0,0.0167,1,17,3,6,0.0,0.0233,0.4616,0.4118,5293.28,0.0935,0.1598,0.0467,2,0,0,0,0,0
1778535972.614906,2026-05-12 00:46:12,0,0,0,0.0,0.0,0.0,0.0,0.0,0.0,0.0,0.0,0,1,1,1,0.0,0.0,0.0001,0.0,1.87,0.0,0.0,0.0167,1,17,3,6,0.0,0.0233,0.4616,0.4118,5293.28,0.0935,0.1598,0.0467,2,0,0,0,0,0
1778536002.614906,2026-05-12 00:46:42,2,1,1,0.0,0.0667,0.0798,0.0,5.93,0.0,0.0,0.0667,1,2,1,1,0.0,0.0333,0.0798,0.0,2.97,0.0,0.0,0.0333,1,13,3,4,0.0,0.02,0.58,0.3077,5248.08,0.0954,0.1213,0.0333,2,0,0,0,0,0
1778536032.614906,2026-05-12 00:47:12,0,0,0,0.0,0.0,0.0,0.0,0.0,0.0,0.0,0.0,0,2,1,1,0.0,0.0333,0.0798,0.0,2.97,0.0,0.0,0.0333,1,9,3,3,0.0,0.0133,0.3293,0.2222,1956.76,0.0957,0.1039,0.02,2,0,0,0,0,0
1778536062.614906,2026-05-12 00:47:42,1,1,1,0.0,0.0,0.0001,0.0,3.73,0.0,0.0,0.0333,1,1,1,1,0.0,0.0,0.0001,0.0,1.87,0.0,0.0,0.0167,1,10,3,3,0.0,0.0133,0.2963,0.2,1957.13,0.0951,0.0926,0.02,2,0,0,0,0,0
1778536092.614906,2026-05-12 00:48:12,0,0,0,0.0,0.0,0.0,0.0,0.0,0.0,0.0,0.0,0,1,1,1,0.0,0.0,0.0001,0.0,1.87,0.0,0.0,0.0167,1,6,2,2,0.0,0.0067,0.0266,0.0,2.09,0.0574,0.0499,0.0133,1,0,0,0,0,0
1778536122.614906,2026-05-12 00:48:42,1,1,1,0.0,0.0,0.0,0.0,3.73,0.0,0.0,0.0333,1,1,1,1,0.0,0.0,0.0,0.0,1.87,0.0,0.0,0.0167,1,6,2,2,0.0,0.0067,0.0266,0.0,2.09,0.0574,0.0499,0.0133,1,0,0,0,0,0
1778536152.614906,2026-05-12 00:49:12,0,0,0,0.0,0.0,0.0,0.0,0.0,0.0,0.0,0.0,0,1,1,1,0.0,0.0,0.0,0.0,1.87,0.0,0.0,0.0167,1,6,2,2,0.0,0.0067,0.0266,0.0,2.09,0.0574,0.0499,0.0133,1,0,0,0,0,0
1778536182.614906,2026-05-12 00:49:42,1,1,1,0.0,0.0,0.0002,0.0,3.73,0.0,0.0,0.0333,1,1,1,1,0.0,0.0,0.0002,0.0,1.87,0.0,0.0,0.0167,1,6,2,2,0.0,0.0067,0.0266,0.0,2.09,0.0574,0.0499,0.0133,1,0,0,0,0,0
1778536212.614906,2026-05-12 00:50:12,0,0,0,0.0,0.0,0.0,0.0,0.0,0.0,0.0,0.0,0,1,1,1,0.0,0.0,0.0002,0.0,1.87,0.0,0.0,0.0167,1,6,2,2,0.0,0.0067,0.0266,0.0,2.09,0.0574,0.0499,0.0133,1,0,0,0,0,0
1778536242.614906,2026-05-12 00:50:42,1,1,1,0.0,0.0,0.0,0.0,3.73,0.0,0.0,0.0333,1,1,1,1,0.0,0.0,0.0,0.0,1.87,0.0,0.0,0.0167,1,6,2,2,0.0,0.0067,0.0266,0.0,2.09,0.0574,0.0499,0.0133,1,0,0,0,0,0
1778536272.614906,2026-05-12 00:51:12,0,0,0,0.0,0.0,0.0,0.0,0.0,0.0,0.0,0.0,0,1,1,1,0.0,0.0,0.0,0.0,1.87,0.0,0.0,0.0167,1,6,2,2,0.0,0.0067,0.0266,0.0,2.09,0.0574,0.0499,0.0133,1,0,0,0,0,0
1778536302.614906,2026-05-12 00:51:42,1,1,1,0.0,0.0,0.0,0.0,3.73,0.0,0.0,0.0333,1,1,1,1,0.0,0.0,0.0,0.0,1.87,0.0,0.0,0.0167,1,5,1,1,0.0,0.0,0.0001,0.0,1.87,0.0,0.0,0.0167,1,0,0,0,0,0
1778536332.614906,2026-05-12 00:52:12,0,0,0,0.0,0.0,0.0,0.0,0.0,0.0,0.0,0.0,0,1,1,1,0.0,0.0,0.0,0.0,1.87,0.0,0.0,0.0167,1,5,1,1,0.0,0.0,0.0001,0.0,1.87,0.0,0.0,0.0167,1,0,0,0,0,0
1778536362.614906,2026-05-12 00:52:42,1,1,1,0.0,0.0,0.0,0.0,3.73,0.0,0.0,0.0333,1,1,1,1,0.0,0.0,0.0,0.0,1.87,0.0,0.0,0.0167,1,5,1,1,0.0,0.0,0.0001,0.0,1.87,0.0,0.0,0.0167,1,0,0,0,0,0
1778536392.614906,2026-05-12 00:53:12,0,0,0,0.0,0.0,0.0,0.0,0.0,0.0,0.0,0.0,0,1,1,1,0.0,0.0,0.0,0.0,1.87,0.0,0.0,0.0167,1,5,1,1,0.0,0.0,0.0001,0.0,1.87,0.0,0.0,0.0167,1,0,0,0,0,0
1778536422.614906,2026-05-12 00:53:42,0,0,0,0.0,0.0,0.0,0.0,0.0,0.0,0.0,0.0,0,0,0,0,0.0,0.0,0.0,0.0,0.0,0.0,0.0,0.0,0,4,1,1,0.0,0.0,0.0001,0.0,1.49,0.0,0.0,0.0133,1,0,0,0,0,0
1778536452.614906,2026-05-12 00:54:12,2,1,1,0.0,0.0,0.3517,1.0,4192.67,0.0,0.0,0.0667,1,2,1,1,0.0,0.0,0.3517,1.0,2096.33,0.0,0.0,0.0333,1,6,2,2,0.0,0.0,0.1173,0.3333,420.76,0.0574,0.0579,0.0133,1,0,0,0,0,0
1778536482.614906,2026-05-12 00:54:42,0,0,0,0.0,0.0,0.0,0.0,0.0,0.0,0.0,0.0,0,2,1,1,0.0,0.0,0.3517,1.0,2096.33,0.0,0.0,0.0333,1,5,2,2,0.0,0.0,0.1407,0.4,420.39,0.0607,0.0657,0.01,1,0,0,0,0,0
1778536512.614906,2026-05-12 00:55:12,1,1,1,0.0,0.0,0.0001,0.0,3.73,0.0,0.0,0.0333,1,1,1,1,0.0,0.0,0.0001,0.0,1.87,0.0,0.0,0.0167,1,6,2,2,0.0,0.0,0.1173,0.3333,420.76,0.0574,0.061,0.0133,1,0,0,0,0,0
1778536542.614906,2026-05-12 00:55:42,0,0,0,0.0,0.0,0.0,0.0,0.0,0.0,0.0,0.0,0,1,1,1,0.0,0.0,0.0001,0.0,1.87,0.0,0.0,0.0167,1,5,2,2,0.0,0.0,0.1407,0.4,420.39,0.0607,0.0699,0.01,1,0,0,0,0,0
1778536572.614906,2026-05-12 00:56:12,0,0,0,0.0,0.0,0.0,0.0,0.0,0.0,0.0,0.0,0,0,0,0,0.0,0.0,0.0,0.0,0.0,0.0,0.0,0.0,0,5,2,2,0.0,0.0,0.1407,0.4,420.39,0.0607,0.0699,0.01,1,0,0,0,0,0
1778536602.614906,2026-05-12 00:56:42,0,0,0,0.0,0.0,0.0,0.0,0.0,0.0,0.0,0.0,0,0,0,0,0.0,0.0,0.0,0.0,0.0,0.0,0.0,0.0,0,4,2,2,0.0,0.0,0.1759,0.5,420.01,0.0625,0.0841,0.0067,1,0,0,0,0,0
1778536632.614906,2026-05-12 00:57:12,0,0,0,0.0,0.0,0.0,0.0,0.0,0.0,0.0,0.0,0,0,0,0,0.0,0.0,0.0,0.0,0.0,0.0,0.0,0.0,0,4,2,2,0.0,0.0,0.1759,0.5,420.01,0.0625,0.0841,0.0067,1,0,0,0,0,0
1778536662.614906,2026-05-12 00:57:42,1,1,1,0.0,0.0,0.0703,1.0,1.6,0.0,0.0,0.0333,1,1,1,1,0.0,0.0,0.0703,1.0,0.8,0.0,0.0,0.0167,1,4,3,3,0.0,0.0,0.1935,0.75,419.8,0.0938,0.0926,0.01,2,0,0,0,0,0
1778536692.614906,2026-05-12 00:58:12,0,0,0,0.0,0.0,0.0,0.0,0.0,0.0,0.0,0.0,0,1,1,1,0.0,0.0,0.0703,1.0,0.8,0.0,0.0,0.0167,1,4,3,3,0.0,0.0,0.1935,0.75,419.8,0.0938,0.0926,0.01,2,0,0,0,0,0
1778536722.614906,2026-05-12 00:58:42,0,0,0,0.0,0.0,0.0,0.0,0.0,0.0,0.0,0.0,0,0,0,0,0.0,0.0,0.0,0.0,0.0,0.0,0.0,0.0,0,4,3,3,0.0,0.0,0.1935,0.75,419.8,0.0938,0.0926,0.01,2,0,0,0,0,0
1778536752.614906,2026-05-12 00:59:12,0,0,0,0.0,0.0,0.0,0.0,0.0,0.0,0.0,0.0,0,0,0,0,0.0,0.0,0.0,0.0,0.0,0.0,0.0,0.0,0,2,2,2,0.0,0.0,0.0352,0.5,0.53,0.0625,0.0,0.0033,1,0,0,0,0,0
1778536782.614906,2026-05-12 00:59:42,0,0,0,0.0,0.0,0.0,0.0,0.0,0.0,0.0,0.0,0,0,0,0,0.0,0.0,0.0,0.0,0.0,0.0,0.0,0.0,0,2,2,2,0.0,0.0,0.0352,0.5,0.53,0.0625,0.0,0.0033,1,0,0,0,0,0
1778536812.614906,2026-05-12 01:00:12,10,1,1,0.0,0.3333,0.1341,0.0,51.37,0.0,0.088,0.3333,1,10,1,1,0.0,0.1667,0.1341,0.0,25.68,0.0,0.088,0.1667,1,11,2,2,0.0,0.0333,0.1283,0.0909,5.3,0.0275,0.2979,0.0367,2,0,0,0,0,0
1778536842.614906,2026-05-12 01:00:42,0,0,0,0.0,0.0,0.0,0.0,0.0,0.0,0.0,0.0,0,10,1,1,0.0,0.1667,0.1341,0.0,25.68,0.0,0.088,0.1667,1,11,2,2,0.0,0.0333,0.1283,0.0909,5.3,0.0275,0.2979,0.0367,2,0,0,0,0,0
1778536872.614906,2026-05-12 01:01:12,0,0,0,0.0,0.0,0.0,0.0,0.0,0.0,0.0,0.0,0,0,0,0,0.0,0.0,0.0,0.0,0.0,0.0,0.0,0.0,0,11,2,2,0.0,0.0333,0.1283,0.0909,5.3,0.0275,0.2979,0.0367,2,0,0,0,0,0
1778536902.614906,2026-05-12 01:01:42,0,0,0,0.0,0.0,0.0,0.0,0.0,0.0,0.0,0.0,0,0,0,0,0.0,0.0,0.0,0.0,0.0,0.0,0.0,0.0,0,11,2,2,0.0,0.0333,0.1283,0.0909,5.3,0.0275,0.2979,0.0367,2,0,0,0,0,0
1778536932.614906,2026-05-12 01:02:12,0,0,0,0.0,0.0,0.0,0.0,0.0,0.0,0.0,0.0,0,0,0,0,0.0,0.0,0.0,0.0,0.0,0.0,0.0,0.0,0,11,2,2,0.0,0.0333,0.1283,0.0909,5.3,0.0275,0.2979,0.0367,2,0,0,0,0,0
1778536962.614906,2026-05-12 01:02:42,0,0,0,0.0,0.0,0.0,0.0,0.0,0.0,0.0,0.0,0,0,0,0,0.0,0.0,0.0,0.0,0.0,0.0,0.0,0.0,0,10,1,1,0.0,0.0333,0.1341,0.0,5.14,0.0,0.088,0.0333,1,0,0,0,0,0
1778536992.614906,2026-05-12 01:03:12,0,0,0,0.0,0.0,0.0,0.0,0.0,0.0,0.0,0.0,0,0,0,0,0.0,0.0,0.0,0.0,0.0,0.0,0.0,0.0,0,10,1,1,0.0,0.0333,0.1341,0.0,5.14,0.0,0.088,0.0333,1,0,0,0,0,0
1778537022.614906,2026-05-12 01:03:42,0,0,0,0.0,0.0,0.0,0.0,0.0,0.0,0.0,0.0,0,0,0,0,0.0,0.0,0.0,0.0,0.0,0.0,0.0,0.0,0,10,1,1,0.0,0.0333,0.1341,0.0,5.14,0.0,0.088,0.0333,1,0,0,0,0,0
1778537052.614906,2026-05-12 01:04:12,2,1,1,0.0,0.0667,0.0907,0.0,4.27,0.0,0.0,0.0667,1,2,1,1,0.0,0.0333,0.0907,0.0,2.13,0.0,0.0,0.0333,1,12,1,1,0.0,0.04,0.1269,0.0,5.56,0.0,0.3145,0.04,1,0,0,0,0,0
1778537082.614906,2026-05-12 01:04:42,2,1,1,0.0,0.0,0.2847,1.0,2898.97,0.0,0.0,0.0667,1,4,2,2,0.0,0.0333,0.1877,0.5,1451.62,0.0625,0.1408,0.0667,2,14,2,2,0.0,0.04,0.1494,0.1429,295.46,0.037,0.2892,0.0467,2,0,0,0,0,0
1778537112.614906,2026-05-12 01:05:12,0,0,0,0.0,0.0,0.0,0.0,0.0,0.0,0.0,0.0,0,2,1,1,0.0,0.0,0.2847,1.0,1449.48,0.0,0.0,0.0333,1,4,2,2,0.0,0.0067,0.1877,0.5,290.32,0.0625,0.1408,0.0133,2,0,0,0,0,0
1778537142.614906,2026-05-12 01:05:42,0,0,0,0.0,0.0,0.0,0.0,0.0,0.0,0.0,0.0,0,0,0,0,0.0,0.0,0.0,0.0,0.0,0.0,0.0,0.0,0,4,2,2,0.0,0.0067,0.1877,0.5,290.32,0.0625,0.1408,0.0133,2,0,0,0,0,0
1778537172.614906,2026-05-12 01:06:12,4,2,2,0.0,0.0667,0.2753,0.5,157.9,0.0625,0.0732,0.1333,2,4,2,2,0.0,0.0333,0.2753,0.5,78.95,0.0625,0.0732,0.0667,2,8,2,3,0.0,0.0133,0.2315,0.5,306.11,0.0625,0.1621,0.0267,2,0,0,0,0,0
1778537202.614906,2026-05-12 01:06:42,0,0,0,0.0,0.0,0.0,0.0,0.0,0.0,0.0,0.0,0,4,2,2,0.0,0.0333,0.2753,0.5,78.95,0.0625,0.0732,0.0667,2,8,2,3,0.0,0.0133,0.2315,0.5,306.11,0.0625,0.1621,0.0267,2,0,0,0,0,0
1778537232.614906,2026-05-12 01:07:12,1,1,1,0.0,0.0,0.0,0.0,3.73,0.0,0.0,0.0333,1,1,1,1,0.0,0.0,0.0,0.0,1.87,0.0,0.0,0.0167,1,9,3,4,0.0,0.0133,0.2058,0.4444,306.49,0.087,0.132,0.0267,2,0,0,0,0,0
1778537262.614906,2026-05-12 01:07:42,0,0,0,0.0,0.0,0.0,0.0,0.0,0.0,0.0,0.0,0,1,1,1,0.0,0.0,0.0,0.0,1.87,0.0,0.0,0.0167,1,9,3,4,0.0,0.0133,0.2058,0.4444,306.49,0.087,0.132,0.0267,2,0,0,0,0,0
1778537292.614906,2026-05-12 01:08:12,1,1,1,0.0,0.0,0.0,0.0,3.73,0.0,0.0,0.0333,1,1,1,1,0.0,0.0,0.0,0.0,1.87,0.0,0.0,0.0167,1,10,3,4,0.0,0.0133,0.1852,0.4,306.86,0.0951,0.1139,0.0267,2,0,0,0,0,0
1778537322.614906,2026-05-12 01:08:42,0,0,0,0.0,0.0,0.0,0.0,0.0,0.0,0.0,0.0,0,1,1,1,0.0,0.0,0.0,0.0,1.87,0.0,0.0,0.0167,1,10,3,4,0.0,0.0133,0.1852,0.4,306.86,0.0951,0.1139,0.0267,2,0,0,0,0,0
1778537352.614906,2026-05-12 01:09:12,1,1,1,0.0,0.0,0.0,0.0,3.73,0.0,0.0,0.0333,1,1,1,1,0.0,0.0,0.0,0.0,1.87,0.0,0.0,0.0167,1,9,3,4,0.0,0.0067,0.1856,0.4444,306.81,0.0957,0.1003,0.02,2,0,0,0,0,0
1778537382.614906,2026-05-12 01:09:42,0,0,0,0.0,0.0,0.0,0.0,0.0,0.0,0.0,0.0,0,1,1,1,0.0,0.0,0.0,0.0,1.87,0.0,0.0,0.0167,1,7,3,3,0.0,0.0067,0.1573,0.2857,16.91,0.0973,0.1002,0.0133,2,0,0,0,0,0
1778537412.614906,2026-05-12 01:10:12,1,1,1,0.0,0.0,0.0,0.0,3.73,0.0,0.0,0.0333,1,1,1,1,0.0,0.0,0.0,0.0,1.87,0.0,0.0,0.0167,1,8,3,3,0.0,0.0067,0.1377,0.25,17.28,0.0938,0.0868,0.0133,2,0,0,0,0,0
1778537442.614906,2026-05-12 01:10:42,0,0,0,0.0,0.0,0.0,0.0,0.0,0.0,0.0,0.0,0,1,1,1,0.0,0.0,0.0,0.0,1.87,0.0,0.0,0.0167,1,8,3,3,0.0,0.0067,0.1377,0.25,17.28,0.0938,0.0868,0.0133,2,0,0,0,0,0
1778537472.614906,2026-05-12 01:11:12,1,1,1,0.0,0.0,0.0,0.0,3.73,0.0,0.0,0.0333,1,1,1,1,0.0,0.0,0.0,0.0,1.87,0.0,0.0,0.0167,1,5,1,1,0.0,0.0,0.0,0.0,1.87,0.0,0.0001,0.0167,1,0,0,0,0,0
1778537502.614906,2026-05-12 01:11:42,0,0,0,0.0,0.0,0.0,0.0,0.0,0.0,0.0,0.0,0,1,1,1,0.0,0.0,0.0,0.0,1.87,0.0,0.0,0.0167,1,5,1,1,0.0,0.0,0.0,0.0,1.87,0.0,0.0001,0.0167,1,0,0,0,0,0
1778537532.614906,2026-05-12 01:12:12,0,0,0,0.0,0.0,0.0,0.0,0.0,0.0,0.0,0.0,0,0,0,0,0.0,0.0,0.0,0.0,0.0,0.0,0.0,0.0,0,4,1,1,0.0,0.0,0.0,0.0,1.49,0.0,0.0001,0.0133,1,0,0,0,0,0
1778537562.614906,2026-05-12 01:12:42,6,2,2,0.0,0.0667,0.1018,0.6667,290.0,0.0574,0.1969,0.2,2,6,2,2,0.0,0.0333,0.1018,0.6667,145.0,0.0574,0.1969,0.1,2,10,3,3,0.0,0.0067,0.0611,0.4,30.49,0.0951,0.1029,0.02,2,0,0,0,0,0
1778537592.614906,2026-05-12 01:13:12,0,0,0,0.0,0.0,0.0,0.0,0.0,0.0,0.0,0.0,0,6,2,2,0.0,0.0333,0.1018,0.6667,145.0,0.0574,0.1969,0.1,2,9,3,3,0.0,0.0067,0.0679,0.4444,30.12,0.0957,0.1171,0.02,2,0,0,0,0,0
1778537622.614906,2026-05-12 01:13:42,2,1,1,0.0,0.0667,0.0773,0.0,5.8,0.0,0.0,0.0667,1,2,1,1,0.0,0.0333,0.0773,0.0,2.9,0.0,0.0,0.0333,1,11,3,3,0.0,0.0133,0.0696,0.3636,30.7,0.0983,0.1141,0.0267,2,0,0,0,0,0
1778537652.614906,2026-05-12 01:14:12,1,1,1,0.0,0.0,0.0001,0.0,3.73,0.0,0.0,0.0333,1,3,2,2,0.0,0.0333,0.0516,0.0,4.77,0.0574,0.0996,0.0333,1,11,3,3,0.0,0.0133,0.0696,0.3636,30.7,0.0983,0.1162,0.0267,2,0,0,0,0,0
1778537682.614906,2026-05-12 01:14:42,0,0,0,0.0,0.0,0.0,0.0,0.0,0.0,0.0,0.0,0,1,1,1,0.0,0.0,0.0001,0.0,1.87,0.0,0.0,0.0167,1,11,3,3,0.0,0.0133,0.0696,0.3636,30.7,0.0983,0.1162,0.0267,2,0,0,0,0,0
1778537712.614906,2026-05-12 01:15:12,1,1,1,0.0,0.0,0.0007,0.0,3.73,0.0,0.0,0.0333,1,1,1,1,0.0,0.0,0.0007,0.0,1.87,0.0,0.0,0.0167,1,11,3,3,0.0,0.0133,0.0697,0.3636,30.7,0.0983,0.1162,0.0267,2,0,0,0,0,0
1778537742.614906,2026-05-12 01:15:42,0,0,0,0.0,0.0,0.0,0.0,0.0,0.0,0.0,0.0,0,1,1,1,0.0,0.0,0.0007,0.0,1.87,0.0,0.0,0.0167,1,11,3,3,0.0,0.0133,0.0697,0.3636,30.7,0.0983,0.1162,0.0267,2,0,0,0,0,0
1778537772.614906,2026-05-12 01:16:12,1,1,1,0.0,0.0,0.0,0.0,3.73,0.0,0.0,0.0333,1,1,1,1,0.0,0.0,0.0,0.0,1.87,0.0,0.0,0.0167,1,11,3,3,0.0,0.0133,0.0697,0.3636,30.7,0.0983,0.113,0.0267,2,0,0,0,0,0
1778537802.614906,2026-05-12 01:16:42,1,1,1,0.0,0.0,0.0352,1.0,3.73,0.0,0.0,0.0333,1,2,1,2,0.0,0.0,0.0176,0.5,3.73,0.0,0.0,0.0167,1,12,3,4,0.0,0.0133,0.0668,0.4167,31.07,0.0991,0.112,0.03,3,0,0,0,0,0
1778537832.614906,2026-05-12 01:17:12,1,1,1,0.0,0.0,0.0001,0.0,3.73,0.0,0.0,0.0333,1,2,1,2,0.0,0.0,0.0176,0.5,3.73,0.0,0.0,0.0167,1,13,3,4,0.0,0.0133,0.0617,0.3846,31.45,0.0985,0.1021,0.03,3,0,0,0,0,0
1778537862.614906,2026-05-12 01:17:42,1,1,1,0.0,0.0,0.0304,1.0,3.73,0.0,0.0,0.0333,1,2,1,2,0.0,0.0,0.0152,0.5,3.73,0.0,0.0,0.0167,1,8,2,3,0.0,0.0067,0.0276,0.25,2.82,0.0507,0.0593,0.0133,2,0,0,0,0,0
1778537892.614906,2026-05-12 01:18:12,1,1,1,0.0,0.0,0.0001,0.0,3.73,0.0,0.0,0.0333,1,2,1,2,0.0,0.0,0.0153,0.5,3.73,0.0,0.0,0.0167,1,9,2,3,0.0,0.0067,0.0246,0.2222,3.19,0.0478,0.0562,0.0167,2,0,0,0,0,0
1778537922.614906,2026-05-12 01:18:42,2,1,1,0.0,0.0667,0.0793,0.0,5.93,0.0,0.0,0.0667,1,3,2,2,0.0,0.0333,0.0529,0.0,4.83,0.0574,0.0995,0.0333,1,9,2,3,0.0,0.0067,0.025,0.2222,3.21,0.0478,0.0572,0.0167,2,0,0,0,0,0
1778537952.614906,2026-05-12 01:19:12,1,1,1,0.0,0.0,0.0001,0.0,3.73,0.0,0.0,0.0333,1,3,2,2,0.0,0.0333,0.0529,0.0,4.83,0.0574,0.0994,0.0333,1,9,2,3,0.0,0.0067,0.025,0.2222,3.21,0.0478,0.057,0.0167,2,0,0,0,0,0
1778537982.614906,2026-05-12 01:19:42,2,1,1,0.0,0.0667,0.0909,0.0,8.33,0.0,0.0,0.0667,1,3,2,2,0.0,0.0333,0.0606,0.0,6.03,0.0574,0.0996,0.0333,1,11,2,3,0.0,0.0133,0.037,0.1818,4.04,0.0591,0.0648,0.02,2,0,0,0,0,0
1778538012.614906,2026-05-12 01:20:12,0,0,0,0.0,0.0,0.0,0.0,0.0,0.0,0.0,0.0,0,2,1,1,0.0,0.0333,0.0909,0.0,4.17,0.0,0.0,0.0333,1,10,2,3,0.0,0.0133,0.0406,0.2,3.67,0.0607,0.0633,0.02,2,0,0,0,0,0
1778538042.614906,2026-05-12 01:20:42,2,1,1,0.0,0.0,2.2505,1.0,32907.17,0.0,0.0,0.0667,1,2,1,1,0.0,0.0,2.2505,1.0,16453.58,0.0,0.0,0.0333,1,12,3,4,0.0,0.0133,0.4089,0.3333,3294.38,0.0912,0.0731,0.0267,3,0,0,0,0,0
1778538072.614906,2026-05-12 01:21:12,0,0,0,0.0,0.0,0.0,0.0,0.0,0.0,0.0,0.0,0,2,1,1,0.0,0.0,2.2505,1.0,16453.58,0.0,0.0,0.0333,1,11,3,4,0.0,0.0133,0.4461,0.3636,3294.01,0.0934,0.0721,0.0267,3,0,0,0,0,0
1778538102.614906,2026-05-12 01:21:42,1,1,1,0.0,0.0,0.0,0.0,3.73,0.0,0.0,0.0333,1,1,1,1,0.0,0.0,0.0,0.0,1.87,0.0,0.0,0.0167,1,11,3,4,0.0,0.0133,0.4429,0.2727,3294.01,0.0934,0.0742,0.0233,3,0,0,0,0,0
1778538132.614906,2026-05-12 01:22:12,0,0,0,0.0,0.0,0.0,0.0,0.0,0.0,0.0,0.0,0,1,1,1,0.0,0.0,0.0,0.0,1.87,0.0,0.0,0.0167,1,10,3,4,0.0,0.0133,0.4872,0.3,3293.64,0.0951,0.0784,0.0233,3,0,0,0,0,0
1778538162.614906,2026-05-12 01:22:42,1,1,1,0.0,0.0,0.0,0.0,3.73,0.0,0.0,0.0333,1,1,1,1,0.0,0.0,0.0,0.0,1.87,0.0,0.0,0.0167,1,10,3,3,0.0,0.0133,0.4842,0.2,3293.64,0.0951,0.0785,0.02,2,0,0,0,0,0
1778538192.614906,2026-05-12 01:23:12,0,0,0,0.0,0.0,0.0,0.0,0.0,0.0,0.0,0.0,0,1,1,1,0.0,0.0,0.0,0.0,1.87,0.0,0.0,0.0167,1,9,3,3,0.0,0.0133,0.5379,0.2222,3293.26,0.0957,0.0846,0.02,2,0,0,0,0,0
1778538222.614906,2026-05-12 01:23:42,1,1,1,0.0,0.0,0.0,0.0,3.73,0.0,0.0,0.0333,1,1,1,1,0.0,0.0,0.0,0.0,1.87,0.0,0.0,0.0167,1,8,3,3,0.0,0.0067,0.5854,0.25,3293.04,0.0938,0.0653,0.0133,2,0,0,0,0,0
1778538252.614906,2026-05-12 01:24:12,0,0,0,0.0,0.0,0.0,0.0,0.0,0.0,0.0,0.0,0,1,1,1,0.0,0.0,0.0,0.0,1.87,0.0,0.0,0.0167,1,7,3,3,0.0,0.0067,0.669,0.2857,3292.67,0.0973,0.0707,0.0133,2,0,0,0,0,0
1778538282.614906,2026-05-12 01:24:42,1,1,1,0.0,0.0,0.0,0.0,3.73,0.0,0.0,0.0333,1,1,1,1,0.0,0.0,0.0,0.0,1.87,0.0,0.0,0.0167,1,6,2,2,0.0,0.0,0.7502,0.3333,3292.21,0.0574,0.05,0.0133,1,0,0,0,0,0
1778538312.614906,2026-05-12 01:25:12,0,0,0,0.0,0.0,0.0,0.0,0.0,0.0,0.0,0.0,0,1,1,1,0.0,0.0,0.0,0.0,1.87,0.0,0.0,0.0167,1,6,2,2,0.0,0.0,0.7502,0.3333,3292.21,0.0574,0.05,0.0133,1,0,0,0,0,0
1778538342.614906,2026-05-12 01:25:42,1,1,1,0.0,0.0,0.0,0.0,3.73,0.0,0.0,0.0333,1,1,1,1,0.0,0.0,0.0,0.0,1.87,0.0,0.0,0.0167,1,5,1,1,0.0,0.0,0.0,0.0,1.87,0.0,0.0001,0.0167,1,0,0,0,0,0
1778538372.614906,2026-05-12 01:26:12,0,0,0,0.0,0.0,0.0,0.0,0.0,0.0,0.0,0.0,0,1,1,1,0.0,0.0,0.0,0.0,1.87,0.0,0.0,0.0167,1,5,1,1,0.0,0.0,0.0,0.0,1.87,0.0,0.0001,0.0167,1,0,0,0,0,0
1778538402.614906,2026-05-12 01:26:42,1,1,1,0.0,0.0,0.0001,0.0,3.73,0.0,0.0,0.0333,1,1,1,1,0.0,0.0,0.0001,0.0,1.87,0.0,0.0,0.0167,1,5,1,1,0.0,0.0,0.0,0.0,1.87,0.0,0.0001,0.0167,1,0,0,0,0,0
1778538432.614906,2026-05-12 01:27:12,0,0,0,0.0,0.0,0.0,0.0,0.0,0.0,0.0,0.0,0,1,1,1,0.0,0.0,0.0001,0.0,1.87,0.0,0.0,0.0167,1,5,1,1,0.0,0.0,0.0,0.0,1.87,0.0,0.0001,0.0167,1,0,0,0,0,0
1778538462.614906,2026-05-12 01:27:42,0,0,0,0.0,0.0,0.0,0.0,0.0,0.0,0.0,0.0,0,0,0,0,0.0,0.0,0.0,0.0,0.0,0.0,0.0,0.0,0,4,1,1,0.0,0.0,0.0,0.0,1.49,0.0,0.0,0.0133,1,0,0,0,0,0
1778538492.614906,2026-05-12 01:28:12,4,2,2,0.0,0.0667,1.2141,0.5,32913.13,0.0625,0.0701,0.1333,2,4,2,2,0.0,0.0333,1.2141,0.5,16456.57,0.0625,0.0701,0.0667,2,8,3,3,0.0,0.0067,0.6071,0.25,3292.81,0.0938,0.0884,0.0133,2,0,0,0,0,0
1778538522.614906,2026-05-12 01:28:42,0,0,0,0.0,0.0,0.0,0.0,0.0,0.0,0.0,0.0,0,4,2,2,0.0,0.0333,1.2141,0.5,16456.57,0.0625,0.0701,0.0667,2,7,3,3,0.0,0.0067,0.6938,0.2857,3292.43,0.0973,0.1019,0.0133,2,0,0,0,0,0
1778538552.614906,2026-05-12 01:29:12,0,0,0,0.0,0.0,0.0,0.0,0.0,0.0,0.0,0.0,0,0,0,0,0.0,0.0,0.0,0.0,0.0,0.0,0.0,0.0,0,7,3,3,0.0,0.0067,0.6938,0.2857,3292.43,0.0973,0.1019,0.0133,2,0,0,0,0,0
1778538582.614906,2026-05-12 01:29:42,0,0,0,0.0,0.0,0.0,0.0,0.0,0.0,0.0,0.0,0,0,0,0,0.0,0.0,0.0,0.0,0.0,0.0,0.0,0.0,0,6,3,3,0.0,0.0067,0.8094,0.3333,3292.06,0.0991,0.1244,0.0133,2,0,0,0,0,0
1778538612.614906,2026-05-12 01:30:12,0,0,0,0.0,0.0,0.0,0.0,0.0,0.0,0.0,0.0,0,0,0,0,0.0,0.0,0.0,0.0,0.0,0.0,0.0,0.0,0,6,3,3,0.0,0.0067,0.8094,0.3333,3292.06,0.0991,0.1244,0.0133,2,0,0,0,0,0
1778538642.614906,2026-05-12 01:30:42,0,0,0,0.0,0.0,0.0,0.0,0.0,0.0,0.0,0.0,0,0,0,0,0.0,0.0,0.0,0.0,0.0,0.0,0.0,0.0,0,5,3,3,0.0,0.0067,0.9713,0.4,3291.69,0.0951,0.1727,0.0133,2,0,0,0,0,0
1778538672.614906,2026-05-12 01:31:12,0,0,0,0.0,0.0,0.0,0.0,0.0,0.0,0.0,0.0,0,0,0,0,0.0,0.0,0.0,0.0,0.0,0.0,0.0,0.0,0,5,3,3,0.0,0.0067,0.9713,0.4,3291.69,0.0951,0.1727,0.0133,2,0,0,0,0,0
1778538702.614906,2026-05-12 01:31:42,0,0,0,0.0,0.0,0.0,0.0,0.0,0.0,0.0,0.0,0,0,0,0,0.0,0.0,0.0,0.0,0.0,0.0,0.0,0.0,0,4,2,2,0.0,0.0067,1.2141,0.5,3291.31,0.0625,0.0701,0.0133,2,0,0,0,0,0
1778538732.614906,2026-05-12 01:32:12,0,0,0,0.0,0.0,0.0,0.0,0.0,0.0,0.0,0.0,0,0,0,0,0.0,0.0,0.0,0.0,0.0,0.0,0.0,0.0,0,4,2,2,0.0,0.0067,1.2141,0.5,3291.31,0.0625,0.0701,0.0133,2,0,0,0,0,0
1778538762.614906,2026-05-12 01:32:42,0,0,0,0.0,0.0,0.0,0.0,0.0,0.0,0.0,0.0,0,0,0,0,0.0,0.0,0.0,0.0,0.0,0.0,0.0,0.0,0,4,2,2,0.0,0.0067,1.2141,0.5,3291.31,0.0625,0.0701,0.0133,2,0,0,0,0,0
1778538792.614906,2026-05-12 01:33:12,1,1,1,0.0,0.0,0.0,0.0,3.73,0.0,0.0,0.0333,1,1,1,1,0.0,0.0,0.0,0.0,1.87,0.0,0.0,0.0167,1,1,1,1,0.0,0.0,0.0,0.0,0.37,0.0,0.0,0.0033,1,0,0,0,0,0
1778538822.614906,2026-05-12 01:33:42,0,0,0,0.0,0.0,0.0,0.0,0.0,0.0,0.0,0.0,0,1,1,1,0.0,0.0,0.0,0.0,1.87,0.0,0.0,0.0167,1,1,1,1,0.0,0.0,0.0,0.0,0.37,0.0,0.0,0.0033,1,0,0,0,0,0
1778538852.614906,2026-05-12 01:34:12,1,1,1,0.0,0.0,0.0,0.0,3.73,0.0,0.0,0.0333,1,1,1,1,0.0,0.0,0.0,0.0,1.87,0.0,0.0,0.0167,1,2,1,1,0.0,0.0,0.0,0.0,0.75,0.0,0.0,0.0067,1,0,0,0,0,0
1778538882.614906,2026-05-12 01:34:42,0,0,0,0.0,0.0,0.0,0.0,0.0,0.0,0.0,0.0,0,1,1,1,0.0,0.0,0.0,0.0,1.87,0.0,0.0,0.0167,1,2,1,1,0.0,0.0,0.0,0.0,0.75,0.0,0.0,0.0067,1,0,0,0,0,0
1778538912.614906,2026-05-12 01:35:12,1,1,1,0.0,0.0,0.0,0.0,3.73,0.0,0.0,0.0333,1,1,1,1,0.0,0.0,0.0,0.0,1.87,0.0,0.0,0.0167,1,3,1,1,0.0,0.0,0.0,0.0,1.12,0.0,0.0001,0.01,1,0,0,0,0,0
1778538942.614906,2026-05-12 01:35:42,0,0,0,0.0,0.0,0.0,0.0,0.0,0.0,0.0,0.0,0,1,1,1,0.0,0.0,0.0,0.0,1.87,0.0,0.0,0.0167,1,3,1,1,0.0,0.0,0.0,0.0,1.12,0.0,0.0001,0.01,1,0,0,0,0,0
1778538972.614906,2026-05-12 01:36:12,1,1,1,0.0,0.0,0.028,1.0,3.73,0.0,0.0,0.0333,1,1,1,1,0.0,0.0,0.028,1.0,1.87,0.0,0.0,0.0167,1,4,1,2,0.0,0.0,0.007,0.25,1.49,0.0,0.0213,0.01,1,0,0,0,0,0
1778539002.614906,2026-05-12 01:36:42,0,0,0,0.0,0.0,0.0,0.0,0.0,0.0,0.0,0.0,0,1,1,1,0.0,0.0,0.028,1.0,1.87,0.0,0.0,0.0167,1,4,1,2,0.0,0.0,0.007,0.25,1.49,0.0,0.0213,0.01,1,0,0,0,0,0
1778539032.614906,2026-05-12 01:37:12,0,0,0,0.0,0.0,0.0,0.0,0.0,0.0,0.0,0.0,0,0,0,0,0.0,0.0,0.0,0.0,0.0,0.0,0.0,0.0,0,4,1,2,0.0,0.0,0.007,0.25,1.49,0.0,0.0213,0.01,1,0,0,0,0,0
1778539062.614906,2026-05-12 01:37:42,0,0,0,0.0,0.0,0.0,0.0,0.0,0.0,0.0,0.0,0,0,0,0,0.0,0.0,0.0,0.0,0.0,0.0,0.0,0.0,0,4,1,2,0.0,0.0,0.007,0.25,1.49,0.0,0.0213,0.01,1,0,0,0,0,0
1778539092.614906,2026-05-12 01:38:12,0,0,0,0.0,0.0,0.0,0.0,0.0,0.0,0.0,0.0,0,0,0,0,0.0,0.0,0.0,0.0,0.0,0.0,0.0,0.0,0,3,1,2,0.0,0.0,0.0093,0.3333,1.12,0.0,0.0245,0.0067,1,0,0,0,0,0
1778539122.614906,2026-05-12 01:38:42,0,0,0,0.0,0.0,0.0,0.0,0.0,0.0,0.0,0.0,0,0,0,0,0.0,0.0,0.0,0.0,0.0,0.0,0.0,0.0,0,3,1,2,0.0,0.0,0.0093,0.3333,1.12,0.0,0.0245,0.0067,1,0,0,0,0,0
1778539152.614906,2026-05-12 01:39:12,0,0,0,0.0,0.0,0.0,0.0,0.0,0.0,0.0,0.0,0,0,0,0,0.0,0.0,0.0,0.0,0.0,0.0,0.0,0.0,0,2,1,2,0.0,0.0,0.014,0.5,0.75,0.0,0.0,0.0033,1,0,0,0,0,0
1778539182.614906,2026-05-12 01:39:42,0,0,0,0.0,0.0,0.0,0.0,0.0,0.0,0.0,0.0,0,0,0,0,0.0,0.0,0.0,0.0,0.0,0.0,0.0,0.0,0,2,1,2,0.0,0.0,0.014,0.5,0.75,0.0,0.0,0.0033,1,0,0,0,0,0
1778539212.614906,2026-05-12 01:40:12,1,1,1,0.0,0.0,0.0001,0.0,3.73,0.0,0.0,0.0333,1,1,1,1,0.0,0.0,0.0001,0.0,1.87,0.0,0.0,0.0167,1,2,1,2,0.0,0.0,0.014,0.5,0.75,0.0,0.0,0.0033,1,0,0,0,0,0
1778539242.614906,2026-05-12 01:40:42,0,0,0,0.0,0.0,0.0,0.0,0.0,0.0,0.0,0.0,0,1,1,1,0.0,0.0,0.0001,0.0,1.87,0.0,0.0,0.0167,1,2,1,2,0.0,0.0,0.014,0.5,0.75,0.0,0.0,0.0033,1,0,0,0,0,0
1778539272.614906,2026-05-12 01:41:12,0,0,0,0.0,0.0,0.0,0.0,0.0,0.0,0.0,0.0,0,0,0,0,0.0,0.0,0.0,0.0,0.0,0.0,0.0,0.0,0,1,1,1,0.0,0.0,0.0001,0.0,0.37,0.0,0.0,0.0033,1,0,0,0,0,0
1778539302.614906,2026-05-12 01:41:42,0,0,0,0.0,0.0,0.0,0.0,0.0,0.0,0.0,0.0,0,0,0,0,0.0,0.0,0.0,0.0,0.0,0.0,0.0,0.0,0,1,1,1,0.0,0.0,0.0001,0.0,0.37,0.0,0.0,0.0033,1,0,0,0,0,0
1778539332.614906,2026-05-12 01:42:12,4,2,2,0.0,0.0667,0.1183,0.5,152.53,0.0625,0.0753,0.1333,2,4,2,2,0.0,0.0333,0.1183,0.5,76.27,0.0625,0.0753,0.0667,2,5,3,3,0.0,0.0067,0.0947,0.4,15.63,0.0951,0.1728,0.0133,2,0,0,0,0,0
1778539362.614906,2026-05-12 01:42:42,0,0,0,0.0,0.0,0.0,0.0,0.0,0.0,0.0,0.0,0,4,2,2,0.0,0.0333,0.1183,0.5,76.27,0.0625,0.0753,0.0667,2,5,3,3,0.0,0.0067,0.0947,0.4,15.63,0.0951,0.1728,0.0133,2,0,0,0,0,0
1778539392.614906,2026-05-12 01:43:12,0,0,0,0.0,0.0,0.0,0.0,0.0,0.0,0.0,0.0,0,0,0,0,0.0,0.0,0.0,0.0,0.0,0.0,0.0,0.0,0,5,3,3,0.0,0.0067,0.0947,0.4,15.63,0.0951,0.1728,0.0133,2,0,0,0,0,0
1778539422.614906,2026-05-12 01:43:42,0,0,0,0.0,0.0,0.0,0.0,0.0,0.0,0.0,0.0,0,0,0,0,0.0,0.0,0.0,0.0,0.0,0.0,0.0,0.0,0,5,3,3,0.0,0.0067,0.0947,0.4,15.63,0.0951,0.1728,0.0133,2,0,0,0,0,0
1778539452.614906,2026-05-12 01:44:12,0,0,0,0.0,0.0,0.0,0.0,0.0,0.0,0.0,0.0,0,0,0,0,0.0,0.0,0.0,0.0,0.0,0.0,0.0,0.0,0,5,3,3,0.0,0.0067,0.0947,0.4,15.63,0.0951,0.1728,0.0133,2,0,0,0,0,0
1778539482.614906,2026-05-12 01:44:42,0,0,0,0.0,0.0,0.0,0.0,0.0,0.0,0.0,0.0,0,0,0,0,0.0,0.0,0.0,0.0,0.0,0.0,0.0,0.0,0,5,3,3,0.0,0.0067,0.0947,0.4,15.63,0.0951,0.1728,0.0133,2,0,0,0,0,0
1778539512.614906,2026-05-12 01:45:12,0,0,0,0.0,0.0,0.0,0.0,0.0,0.0,0.0,0.0,0,0,0,0,0.0,0.0,0.0,0.0,0.0,0.0,0.0,0.0,0,4,2,2,0.0,0.0067,0.1183,0.5,15.25,0.0625,0.0753,0.0133,2,0,0,0,0,0
1778539542.614906,2026-05-12 01:45:42,0,0,0,0.0,0.0,0.0,0.0,0.0,0.0,0.0,0.0,0,0,0,0,0.0,0.0,0.0,0.0,0.0,0.0,0.0,0.0,0,4,2,2,0.0,0.0067,0.1183,0.5,15.25,0.0625,0.0753,0.0133,2,0,0,0,0,0
1778539572.614906,2026-05-12 01:46:12,0,0,0,0.0,0.0,0.0,0.0,0.0,0.0,0.0,0.0,0,0,0,0,0.0,0.0,0.0,0.0,0.0,0.0,0.0,0.0,0,4,2,2,0.0,0.0067,0.1183,0.5,15.25,0.0625,0.0753,0.0133,2,0,0,0,0,0
1778539602.614906,2026-05-12 01:46:42,0,0,0,0.0,0.0,0.0,0.0,0.0,0.0,0.0,0.0,0,0,0,0,0.0,0.0,0.0,0.0,0.0,0.0,0.0,0.0,0,4,2,2,0.0,0.0067,0.1183,0.5,15.25,0.0625,0.0753,0.0133,2,0,0,0,0,0
1778539632.614906,2026-05-12 01:47:12,0,0,0,0.0,0.0,0.0,0.0,0.0,0.0,0.0,0.0,0,0,0,0,0.0,0.0,0.0,0.0,0.0,0.0,0.0,0.0,0,0,0,0,0.0,0.0,0.0,0.0,0.0,0.0,0.0,0.0,0,0,0,0,0,0
1778539662.614906,2026-05-12 01:47:42,0,0,0,0.0,0.0,0.0,0.0,0.0,0.0,0.0,0.0,0,0,0,0,0.0,0.0,0.0,0.0,0.0,0.0,0.0,0.0,0,0,0,0,0.0,0.0,0.0,0.0,0.0,0.0,0.0,0.0,0,0,0,0,0,0
1778539692.614906,2026-05-12 01:48:12,2,1,1,0.0,0.0667,0.0945,0.0,8.47,0.0,0.0,0.0667,1,2,1,1,0.0,0.0333,0.0945,0.0,4.23,0.0,0.0,0.0333,1,2,1,1,0.0,0.0067,0.0945,0.0,0.85,0.0,0.0,0.0067,1,0,0,0,0,0
1778539722.614906,2026-05-12 01:48:42,0,0,0,0.0,0.0,0.0,0.0,0.0,0.0,0.0,0.0,0,2,1,1,0.0,0.0333,0.0945,0.0,4.23,0.0,0.0,0.0333,1,2,1,1,0.0,0.0067,0.0945,0.0,0.85,0.0,0.0,0.0067,1,0,0,0,0,0
1778539752.614906,2026-05-12 01:49:12,0,0,0,0.0,0.0,0.0,0.0,0.0,0.0,0.0,0.0,0,0,0,0,0.0,0.0,0.0,0.0,0.0,0.0,0.0,0.0,0,2,1,1,0.0,0.0067,0.0945,0.0,0.85,0.0,0.0,0.0067,1,0,0,0,0,0
1778539782.614906,2026-05-12 01:49:42,0,0,0,0.0,0.0,0.0,0.0,0.0,0.0,0.0,0.0,0,0,0,0,0.0,0.0,0.0,0.0,0.0,0.0,0.0,0.0,0,2,1,1,0.0,0.0067,0.0945,0.0,0.85,0.0,0.0,0.0067,1,0,0,0,0,0
1778539812.614906,2026-05-12 01:50:12,0,0,0,0.0,0.0,0.0,0.0,0.0,0.0,0.0,0.0,0,0,0,0,0.0,0.0,0.0,0.0,0.0,0.0,0.0,0.0,0,2,1,1,0.0,0.0067,0.0945,0.0,0.85,0.0,0.0,0.0067,1,0,0,0,0,0
1778539842.614906,2026-05-12 01:50:42,0,0,0,0.0,0.0,0.0,0.0,0.0,0.0,0.0,0.0,0,0,0,0,0.0,0.0,0.0,0.0,0.0,0.0,0.0,0.0,0,2,1,1,0.0,0.0067,0.0945,0.0,0.85,0.0,0.0,0.0067,1,0,0,0,0,0
1778539872.614906,2026-05-12 01:51:12,1,1,1,0.0,0.0,0.0001,0.0,3.73,0.0,0.0,0.0333,1,1,1,1,0.0,0.0,0.0001,0.0,1.87,0.0,0.0,0.0167,1,3,2,2,0.0,0.0067,0.063,0.0,1.22,0.0574,0.0999,0.0067,1,0,0,0,0,0
1778539902.614906,2026-05-12 01:51:42,0,0,0,0.0,0.0,0.0,0.0,0.0,0.0,0.0,0.0,0,1,1,1,0.0,0.0,0.0001,0.0,1.87,0.0,0.0,0.0167,1,3,2,2,0.0,0.0067,0.063,0.0,1.22,0.0574,0.0999,0.0067,1,0,0,0,0,0
1778539932.614906,2026-05-12 01:52:12,1,1,1,0.0,0.0,0.0001,0.0,3.73,0.0,0.0,0.0333,1,1,1,1,0.0,0.0,0.0001,0.0,1.87,0.0,0.0,0.0167,1,4,2,2,0.0,0.0067,0.0473,0.0,1.59,0.0625,0.0932,0.0067,1,0,0,0,0,0
1778539962.614906,2026-05-12 01:52:42,0,0,0,0.0,0.0,0.0,0.0,0.0,0.0,0.0,0.0,0,1,1,1,0.0,0.0,0.0001,0.0,1.87,0.0,0.0,0.0167,1,4,2,2,0.0,0.0067,0.0473,0.0,1.59,0.0625,0.0932,0.0067,1,0,0,0,0,0
1778539992.614906,2026-05-12 01:53:12,1,1,1,0.0,0.0,0.0001,0.0,3.73,0.0,0.0,0.0333,1,1,1,1,0.0,0.0,0.0001,0.0,1.87,0.0,0.0,0.0167,1,3,1,1,0.0,0.0,0.0001,0.0,1.12,0.0,0.0,0.01,1,0,0,0,0,0
1778540022.614906,2026-05-12 01:53:42,0,0,0,0.0,0.0,0.0,0.0,0.0,0.0,0.0,0.0,0,1,1,1,0.0,0.0,0.0001,0.0,1.87,0.0,0.0,0.0167,1,3,1,1,0.0,0.0,0.0001,0.0,1.12,0.0,0.0,0.01,1,0,0,0,0,0
1778540052.614906,2026-05-12 01:54:12,1,1,1,0.0,0.0,0.0,0.0,3.73,0.0,0.0,0.0333,1,1,1,1,0.0,0.0,0.0,0.0,1.87,0.0,0.0,0.0167,1,4,1,1,0.0,0.0,0.0001,0.0,1.49,0.0,0.0,0.0133,1,0,0,0,0,0
1778540082.614906,2026-05-12 01:54:42,0,0,0,0.0,0.0,0.0,0.0,0.0,0.0,0.0,0.0,0,1,1,1,0.0,0.0,0.0,0.0,1.87,0.0,0.0,0.0167,1,4,1,1,0.0,0.0,0.0001,0.0,1.49,0.0,0.0,0.0133,1,0,0,0,0,0
1778540112.614906,2026-05-12 01:55:12,1,1,1,0.0,0.0,0.0,0.0,3.73,0.0,0.0,0.0333,1,1,1,1,0.0,0.0,0.0,0.0,1.87,0.0,0.0,0.0167,1,5,1,1,0.0,0.0,0.0001,0.0,1.87,0.0,0.0,0.0167,1,0,0,0,0,0
1778540142.614906,2026-05-12 01:55:42,0,0,0,0.0,0.0,0.0,0.0,0.0,0.0,0.0,0.0,0,1,1,1,0.0,0.0,0.0,0.0,1.87,0.0,0.0,0.0167,1,5,1,1,0.0,0.0,0.0001,0.0,1.87,0.0,0.0,0.0167,1,0,0,0,0,0
1778540172.614906,2026-05-12 01:56:12,1,1,1,0.0,0.0,0.0001,0.0,3.73,0.0,0.0,0.0333,1,1,1,1,0.0,0.0,0.0001,0.0,1.87,0.0,0.0,0.0167,1,5,1,1,0.0,0.0,0.0001,0.0,1.87,0.0,0.0,0.0167,1,0,0,0,0,0
1778540202.614906,2026-05-12 01:56:42,0,0,0,0.0,0.0,0.0,0.0,0.0,0.0,0.0,0.0,0,1,1,1,0.0,0.0,0.0001,0.0,1.87,0.0,0.0,0.0167,1,5,1,1,0.0,0.0,0.0001,0.0,1.87,0.0,0.0,0.0167,1,0,0,0,0,0
1778540232.614906,2026-05-12 01:57:12,1,1,1,0.0,0.0,0.0,0.0,3.73,0.0,0.0,0.0333,1,1,1,1,0.0,0.0,0.0,0.0,1.87,0.0,0.0,0.0167,1,5,1,1,0.0,0.0,0.0001,0.0,1.87,0.0,0.0001,0.0167,1,0,0,0,0,0
1778540262.614906,2026-05-12 01:57:42,0,0,0,0.0,0.0,0.0,0.0,0.0,0.0,0.0,0.0,0,1,1,1,0.0,0.0,0.0,0.0,1.87,0.0,0.0,0.0167,1,5,1,1,0.0,0.0,0.0001,0.0,1.87,0.0,0.0001,0.0167,1,0,0,0,0,0
1778540292.614906,2026-05-12 01:58:12,1,1,1,0.0,0.0,0.0001,0.0,3.73,0.0,0.0,0.0333,1,1,1,1,0.0,0.0,0.0001,0.0,1.87,0.0,0.0,0.0167,1,5,1,1,0.0,0.0,0.0001,0.0,1.87,0.0,0.0001,0.0167,1,0,0,0,0,0
1778540322.614906,2026-05-12 01:58:42,0,0,0,0.0,0.0,0.0,0.0,0.0,0.0,0.0,0.0,0,1,1,1,0.0,0.0,0.0001,0.0,1.87,0.0,0.0,0.0167,1,5,1,1,0.0,0.0,0.0001,0.0,1.87,0.0,0.0001,0.0167,1,0,0,0,0,0
1778540352.614906,2026-05-12 01:59:12,0,0,0,0.0,0.0,0.0,0.0,0.0,0.0,0.0,0.0,0,0,0,0,0.0,0.0,0.0,0.0,0.0,0.0,0.0,0.0,0,4,1,1,0.0,0.0,0.0001,0.0,1.49,0.0,0.0001,0.0133,1,0,0,0,0,0
1778540382.614906,2026-05-12 01:59:42,1,1,1,0.0,0.0,0.0001,0.0,3.73,0.0,0.0,0.0333,1,1,1,1,0.0,0.0,0.0001,0.0,1.87,0.0,0.0,0.0167,1,5,1,1,0.0,0.0,0.0001,0.0,1.87,0.0,0.0001,0.0167,1,0,0,0,0,0
1778540412.614906,2026-05-12 02:00:12,12,1,1,0.0,0.4,0.0725,0.0,61.6,0.0,0.0936,0.4,1,13,2,2,0.0,0.2,0.0669,0.0,32.67,0.0245,0.3246,0.2,1,16,2,2,0.0,0.04,0.0544,0.0,7.65,0.0507,0.1659,0.04,1,0,0,0,0,0
1778540442.614906,2026-05-12 02:00:42,0,0,0,0.0,0.0,0.0,0.0,0.0,0.0,0.0,0.0,0,12,1,1,0.0,0.2,0.0725,0.0,30.8,0.0,0.0936,0.2,1,16,2,2,0.0,0.04,0.0544,0.0,7.65,0.0507,0.1659,0.04,1,0,0,0,0,0
1778540472.614906,2026-05-12 02:01:12,0,0,0,0.0,0.0,0.0,0.0,0.0,0.0,0.0,0.0,0,0,0,0,0.0,0.0,0.0,0.0,0.0,0.0,0.0,0.0,0,15,2,2,0.0,0.04,0.058,0.0,7.28,0.0451,0.1914,0.04,1,0,0,0,0,0
1778540502.614906,2026-05-12 02:01:42,0,0,0,0.0,0.0,0.0,0.0,0.0,0.0,0.0,0.0,0,0,0,0,0.0,0.0,0.0,0.0,0.0,0.0,0.0,0.0,0,15,2,2,0.0,0.04,0.058,0.0,7.28,0.0451,0.1914,0.04,1,0,0,0,0,0
1778540532.614906,2026-05-12 02:02:12,0,0,0,0.0,0.0,0.0,0.0,0.0,0.0,0.0,0.0,0,0,0,0,0.0,0.0,0.0,0.0,0.0,0.0,0.0,0.0,0,14,2,2,0.0,0.04,0.0621,0.0,6.91,0.037,0.2338,0.04,1,0,0,0,0,0
1778540562.614906,2026-05-12 02:02:42,1,1,1,0.0,0.0,0.0001,0.0,3.73,0.0,0.0,0.0333,1,1,1,1,0.0,0.0,0.0001,0.0,1.87,0.0,0.0,0.0167,1,15,2,2,0.0,0.04,0.058,0.0,7.28,0.0451,0.2149,0.04,1,0,0,0,0,0
1778540592.614906,2026-05-12 02:03:12,0,0,0,0.0,0.0,0.0,0.0,0.0,0.0,0.0,0.0,0,1,1,1,0.0,0.0,0.0001,0.0,1.87,0.0,0.0,0.0167,1,14,2,2,0.0,0.04,0.0621,0.0,6.91,0.037,0.2613,0.04,1,0,0,0,0,0
1778540622.614906,2026-05-12 02:03:42,1,1,1,0.0,0.0,0.0,0.0,3.73,0.0,0.0,0.0333,1,1,1,1,0.0,0.0,0.0,0.0,1.87,0.0,0.0,0.0167,1,15,2,2,0.0,0.04,0.058,0.0,7.28,0.0451,0.2149,0.04,1,0,0,0,0,0
1778540652.614906,2026-05-12 02:04:12,0,0,0,0.0,0.0,0.0,0.0,0.0,0.0,0.0,0.0,0,1,1,1,0.0,0.0,0.0,0.0,1.87,0.0,0.0,0.0167,1,15,2,2,0.0,0.04,0.058,0.0,7.28,0.0451,0.2149,0.04,1,0,0,0,0,0
1778540682.614906,2026-05-12 02:04:42,1,1,1,0.0,0.0,0.0,0.0,3.73,0.0,0.0,0.0333,1,1,1,1,0.0,0.0,0.0,0.0,1.87,0.0,0.0,0.0167,1,15,2,2,0.0,0.04,0.058,0.0,7.28,0.0451,0.2092,0.04,1,0,0,0,0,0
1778540712.614906,2026-05-12 02:05:12,0,0,0,0.0,0.0,0.0,0.0,0.0,0.0,0.0,0.0,0,1,1,1,0.0,0.0,0.0,0.0,1.87,0.0,0.0,0.0167,1,3,1,1,0.0,0.0,0.0,0.0,1.12,0.0,0.0,0.01,1,0,0,0,0,0
1778540742.614906,2026-05-12 02:05:42,2,2,2,0.0,0.0,0.0442,0.5,5.33,0.0625,0.0,0.0333,1,2,2,2,0.0,0.0,0.0442,0.5,2.67,0.0625,0.0,0.0167,1,5,2,2,0.0,0.0,0.0177,0.2,1.65,0.0451,0.0388,0.0133,1,0,0,0,0,0
1778540772.614906,2026-05-12 02:06:12,0,0,0,0.0,0.0,0.0,0.0,0.0,0.0,0.0,0.0,0,2,2,2,0.0,0.0,0.0442,0.5,2.67,0.0625,0.0,0.0167,1,5,2,2,0.0,0.0,0.0177,0.2,1.65,0.0451,0.0388,0.0133,1,0,0,0,0,0
1778540802.614906,2026-05-12 02:06:42,0,0,0,0.0,0.0,0.0,0.0,0.0,0.0,0.0,0.0,0,0,0,0,0.0,0.0,0.0,0.0,0.0,0.0,0.0,0.0,0,5,2,2,0.0,0.0,0.0177,0.2,1.65,0.0451,0.0388,0.0133,1,0,0,0,0,0
1778540832.614906,2026-05-12 02:07:12,0,0,0,0.0,0.0,0.0,0.0,0.0,0.0,0.0,0.0,0,0,0,0,0.0,0.0,0.0,0.0,0.0,0.0,0.0,0.0,0,5,2,2,0.0,0.0,0.0177,0.2,1.65,0.0451,0.0388,0.0133,1,0,0,0,0,0
1778540862.614906,2026-05-12 02:07:42,0,0,0,0.0,0.0,0.0,0.0,0.0,0.0,0.0,0.0,0,0,0,0,0.0,0.0,0.0,0.0,0.0,0.0,0.0,0.0,0,4,2,2,0.0,0.0,0.0221,0.25,1.28,0.0507,0.0456,0.01,1,0,0,0,0,0
1778540892.614906,2026-05-12 02:08:12,0,0,0,0.0,0.0,0.0,0.0,0.0,0.0,0.0,0.0,0,0,0,0,0.0,0.0,0.0,0.0,0.0,0.0,0.0,0.0,0,4,2,2,0.0,0.0,0.0221,0.25,1.28,0.0507,0.0456,0.01,1,0,0,0,0,0
1778540922.614906,2026-05-12 02:08:42,0,0,0,0.0,0.0,0.0,0.0,0.0,0.0,0.0,0.0,0,0,0,0,0.0,0.0,0.0,0.0,0.0,0.0,0.0,0.0,0,3,2,2,0.0,0.0,0.0295,0.3333,0.91,0.0574,0.0577,0.0067,1,0,0,0,0,0
1778540952.614906,2026-05-12 02:09:12,0,0,0,0.0,0.0,0.0,0.0,0.0,0.0,0.0,0.0,0,0,0,0,0.0,0.0,0.0,0.0,0.0,0.0,0.0,0.0,0,3,2,2,0.0,0.0,0.0295,0.3333,0.91,0.0574,0.0577,0.0067,1,0,0,0,0,0
1778540982.614906,2026-05-12 02:09:42,0,0,0,0.0,0.0,0.0,0.0,0.0,0.0,0.0,0.0,0,0,0,0,0.0,0.0,0.0,0.0,0.0,0.0,0.0,0.0,0,2,2,2,0.0,0.0,0.0442,0.5,0.53,0.0625,0.0,0.0033,1,0,0,0,0,0
1778541012.614906,2026-05-12 02:10:12,0,0,0,0.0,0.0,0.0,0.0,0.0,0.0,0.0,0.0,0,0,0,0,0.0,0.0,0.0,0.0,0.0,0.0,0.0,0.0,0,2,2,2,0.0,0.0,0.0442,0.5,0.53,0.0625,0.0,0.0033,1,0,0,0,0,0
1778541042.614906,2026-05-12 02:10:42,0,0,0,0.0,0.0,0.0,0.0,0.0,0.0,0.0,0.0,0,0,0,0,0.0,0.0,0.0,0.0,0.0,0.0,0.0,0.0,0,0,0,0,0.0,0.0,0.0,0.0,0.0,0.0,0.0,0.0,0,0,0,0,0,0
1778541072.614906,2026-05-12 02:11:12,0,0,0,0.0,0.0,0.0,0.0,0.0,0.0,0.0,0.0,0,0,0,0,0.0,0.0,0.0,0.0,0.0,0.0,0.0,0.0,0,0,0,0,0.0,0.0,0.0,0.0,0.0,0.0,0.0,0.0,0,0,0,0,0,0
1778541102.614906,2026-05-12 02:11:42,1,1,1,0.0,0.0,0.0001,0.0,3.73,0.0,0.0,0.0333,1,1,1,1,0.0,0.0,0.0001,0.0,1.87,0.0,0.0,0.0167,1,1,1,1,0.0,0.0,0.0001,0.0,0.37,0.0,0.0,0.0033,1,0,0,0,0,0
1778541132.614906,2026-05-12 02:12:12,0,0,0,0.0,0.0,0.0,0.0,0.0,0.0,0.0,0.0,0,1,1,1,0.0,0.0,0.0001,0.0,1.87,0.0,0.0,0.0167,1,1,1,1,0.0,0.0,0.0001,0.0,0.37,0.0,0.0,0.0033,1,0,0,0,0,0
1778541162.614906,2026-05-12 02:12:42,1,1,1,0.0,0.0,0.0,0.0,3.73,0.0,0.0,0.0333,1,1,1,1,0.0,0.0,0.0,0.0,1.87,0.0,0.0,0.0167,1,2,1,1,0.0,0.0,0.0,0.0,0.75,0.0,0.0,0.0067,1,0,0,0,0,0
1778541192.614906,2026-05-12 02:13:12,0,0,0,0.0,0.0,0.0,0.0,0.0,0.0,0.0,0.0,0,1,1,1,0.0,0.0,0.0,0.0,1.87,0.0,0.0,0.0167,1,2,1,1,0.0,0.0,0.0,0.0,0.75,0.0,0.0,0.0067,1,0,0,0,0,0
1778541222.614906,2026-05-12 02:13:42,1,1,1,0.0,0.0,0.0001,0.0,3.73,0.0,0.0,0.0333,1,1,1,1,0.0,0.0,0.0001,0.0,1.87,0.0,0.0,0.0167,1,3,1,1,0.0,0.0,0.0001,0.0,1.12,0.0,0.0001,0.01,1,0,0,0,0,0
1778541252.614906,2026-05-12 02:14:12,0,0,0,0.0,0.0,0.0,0.0,0.0,0.0,0.0,0.0,0,1,1,1,0.0,0.0,0.0001,0.0,1.87,0.0,0.0,0.0167,1,3,1,1,0.0,0.0,0.0001,0.0,1.12,0.0,0.0001,0.01,1,0,0,0,0,0
1778541282.614906,2026-05-12 02:14:42,1,1,1,0.0,0.0,0.0001,0.0,3.73,0.0,0.0,0.0333,1,1,1,1,0.0,0.0,0.0001,0.0,1.87,0.0,0.0,0.0167,1,4,1,1,0.0,0.0,0.0001,0.0,1.49,0.0,0.0001,0.0133,1,0,0,0,0,0
1778541312.614906,2026-05-12 02:15:12,0,0,0,0.0,0.0,0.0,0.0,0.0,0.0,0.0,0.0,0,1,1,1,0.0,0.0,0.0001,0.0,1.87,0.0,0.0,0.0167,1,4,1,1,0.0,0.0,0.0001,0.0,1.49,0.0,0.0001,0.0133,1,0,0,0,0,0
1778541342.614906,2026-05-12 02:15:42,1,1,1,0.0,0.0,0.0,0.0,3.73,0.0,0.0,0.0333,1,1,1,1,0.0,0.0,0.0,0.0,1.87,0.0,0.0,0.0167,1,5,1,1,0.0,0.0,0.0,0.0,1.87,0.0,0.0001,0.0167,1,0,0,0,0,0
1778541372.614906,2026-05-12 02:16:12,0,0,0,0.0,0.0,0.0,0.0,0.0,0.0,0.0,0.0,0,1,1,1,0.0,0.0,0.0,0.0,1.87,0.0,0.0,0.0167,1,5,1,1,0.0,0.0,0.0,0.0,1.87,0.0,0.0001,0.0167,1,0,0,0,0,0
1778541402.614906,2026-05-12 02:16:42,0,0,0,0.0,0.0,0.0,0.0,0.0,0.0,0.0,0.0,0,0,0,0,0.0,0.0,0.0,0.0,0.0,0.0,0.0,0.0,0,4,1,1,0.0,0.0,0.0,0.0,1.49,0.0,0.0001,0.0133,1,0,0,0,0,0
1778541432.614906,2026-05-12 02:17:12,0,0,0,0.0,0.0,0.0,0.0,0.0,0.0,0.0,0.0,0,0,0,0,0.0,0.0,0.0,0.0,0.0,0.0,0.0,0.0,0,4,1,1,0.0,0.0,0.0,0.0,1.49,0.0,0.0001,0.0133,1,0,0,0,0,0
1778541462.614906,2026-05-12 02:17:42,0,0,0,0.0,0.0,0.0,0.0,0.0,0.0,0.0,0.0,0,0,0,0,0.0,0.0,0.0,0.0,0.0,0.0,0.0,0.0,0,3,1,1,0.0,0.0,0.0001,0.0,1.12,0.0,0.0001,0.01,1,0,0,0,0,0
1778541492.614906,2026-05-12 02:18:12,0,0,0,0.0,0.0,0.0,0.0,0.0,0.0,0.0,0.0,0,0,0,0,0.0,0.0,0.0,0.0,0.0,0.0,0.0,0.0,0,3,1,1,0.0,0.0,0.0001,0.0,1.12,0.0,0.0001,0.01,1,0,0,0,0,0
1778541522.614906,2026-05-12 02:18:42,0,0,0,0.0,0.0,0.0,0.0,0.0,0.0,0.0,0.0,0,0,0,0,0.0,0.0,0.0,0.0,0.0,0.0,0.0,0.0,0,2,1,1,0.0,0.0,0.0,0.0,0.75,0.0,0.0,0.0067,1,0,0,0,0,0
1778541552.614906,2026-05-12 02:19:12,0,0,0,0.0,0.0,0.0,0.0,0.0,0.0,0.0,0.0,0,0,0,0,0.0,0.0,0.0,0.0,0.0,0.0,0.0,0.0,0,2,1,1,0.0,0.0,0.0,0.0,0.75,0.0,0.0,0.0067,1,0,0,0,0,0
1778541582.614906,2026-05-12 02:19:42,0,0,0,0.0,0.0,0.0,0.0,0.0,0.0,0.0,0.0,0,0,0,0,0.0,0.0,0.0,0.0,0.0,0.0,0.0,0.0,0,1,1,1,0.0,0.0,0.0,0.0,0.37,0.0,0.0,0.0033,1,0,0,0,0,0
1778541612.614906,2026-05-12 02:20:12,0,0,0,0.0,0.0,0.0,0.0,0.0,0.0,0.0,0.0,0,0,0,0,0.0,0.0,0.0,0.0,0.0,0.0,0.0,0.0,0,1,1,1,0.0,0.0,0.0,0.0,0.37,0.0,0.0,0.0033,1,0,0,0,0,0
1778541642.614906,2026-05-12 02:20:42,0,0,0,0.0,0.0,0.0,0.0,0.0,0.0,0.0,0.0,0,0,0,0,0.0,0.0,0.0,0.0,0.0,0.0,0.0,0.0,0,0,0,0,0.0,0.0,0.0,0.0,0.0,0.0,0.0,0.0,0,0,0,0,0,0
1778541672.614906,2026-05-12 02:21:12,0,0,0,0.0,0.0,0.0,0.0,0.0,0.0,0.0,0.0,0,0,0,0,0.0,0.0,0.0,0.0,0.0,0.0,0.0,0.0,0,0,0,0,0.0,0.0,0.0,0.0,0.0,0.0,0.0,0.0,0,0,0,0,0,0
1778541702.614906,2026-05-12 02:21:42,1,1,1,0.0,0.0,0.0001,0.0,3.73,0.0,0.0,0.0333,1,1,1,1,0.0,0.0,0.0001,0.0,1.87,0.0,0.0,0.0167,1,1,1,1,0.0,0.0,0.0001,0.0,0.37,0.0,0.0,0.0033,1,0,0,0,0,0
1778541732.614906,2026-05-12 02:22:12,0,0,0,0.0,0.0,0.0,0.0,0.0,0.0,0.0,0.0,0,1,1,1,0.0,0.0,0.0001,0.0,1.87,0.0,0.0,0.0167,1,1,1,1,0.0,0.0,0.0001,0.0,0.37,0.0,0.0,0.0033,1,0,0,0,0,0
1778541762.614906,2026-05-12 02:22:42,1,1,1,0.0,0.0,0.0,0.0,3.73,0.0,0.0,0.0333,1,1,1,1,0.0,0.0,0.0,0.0,1.87,0.0,0.0,0.0167,1,2,1,1,0.0,0.0,0.0001,0.0,0.75,0.0,0.0,0.0067,1,0,0,0,0,0
1778541792.614906,2026-05-12 02:23:12,0,0,0,0.0,0.0,0.0,0.0,0.0,0.0,0.0,0.0,0,1,1,1,0.0,0.0,0.0,0.0,1.87,0.0,0.0,0.0167,1,2,1,1,0.0,0.0,0.0001,0.0,0.75,0.0,0.0,0.0067,1,0,0,0,0,0
1778541822.614906,2026-05-12 02:23:42,1,1,1,0.0,0.0,0.0,0.0,3.73,0.0,0.0,0.0333,1,1,1,1,0.0,0.0,0.0,0.0,1.87,0.0,0.0,0.0167,1,3,1,1,0.0,0.0,0.0,0.0,1.12,0.0,0.0,0.01,1,0,0,0,0,0
1778541852.614906,2026-05-12 02:24:12,0,0,0,0.0,0.0,0.0,0.0,0.0,0.0,0.0,0.0,0,1,1,1,0.0,0.0,0.0,0.0,1.87,0.0,0.0,0.0167,1,3,1,1,0.0,0.0,0.0,0.0,1.12,0.0,0.0,0.01,1,0,0,0,0,0
1778541882.614906,2026-05-12 02:24:42,1,1,1,0.0,0.0,0.0,0.0,3.73,0.0,0.0,0.0333,1,1,1,1,0.0,0.0,0.0,0.0,1.87,0.0,0.0,0.0167,1,4,1,1,0.0,0.0,0.0,0.0,1.49,0.0,0.0,0.0133,1,0,0,0,0,0
1778541912.614906,2026-05-12 02:25:12,0,0,0,0.0,0.0,0.0,0.0,0.0,0.0,0.0,0.0,0,1,1,1,0.0,0.0,0.0,0.0,1.87,0.0,0.0,0.0167,1,4,1,1,0.0,0.0,0.0,0.0,1.49,0.0,0.0,0.0133,1,0,0,0,0,0
1778541942.614906,2026-05-12 02:25:42,1,1,1,0.0,0.0,0.0001,0.0,3.73,0.0,0.0,0.0333,1,1,1,1,0.0,0.0,0.0001,0.0,1.87,0.0,0.0,0.0167,1,5,1,1,0.0,0.0,0.0,0.0,1.87,0.0,0.0,0.0167,1,0,0,0,0,0
1778541972.614906,2026-05-12 02:26:12,0,0,0,0.0,0.0,0.0,0.0,0.0,0.0,0.0,0.0,0,1,1,1,0.0,0.0,0.0001,0.0,1.87,0.0,0.0,0.0167,1,5,1,1,0.0,0.0,0.0,0.0,1.87,0.0,0.0,0.0167,1,0,0,0,0,0
1778542002.614906,2026-05-12 02:26:42,1,1,1,0.0,0.0,0.0,0.0,3.73,0.0,0.0,0.0333,1,1,1,1,0.0,0.0,0.0,0.0,1.87,0.0,0.0,0.0167,1,5,1,1,0.0,0.0,0.0,0.0,1.87,0.0,0.0,0.0167,1,0,0,0,0,0
1778542032.614906,2026-05-12 02:27:12,0,0,0,0.0,0.0,0.0,0.0,0.0,0.0,0.0,0.0,0,1,1,1,0.0,0.0,0.0,0.0,1.87,0.0,0.0,0.0167,1,5,1,1,0.0,0.0,0.0,0.0,1.87,0.0,0.0,0.0167,1,0,0,0,0,0
1778542062.614906,2026-05-12 02:27:42,1,1,1,0.0,0.0,0.0001,0.0,3.73,0.0,0.0,0.0333,1,1,1,1,0.0,0.0,0.0001,0.0,1.87,0.0,0.0,0.0167,1,5,1,1,0.0,0.0,0.0001,0.0,1.87,0.0,0.0,0.0167,1,0,0,0,0,0
1778542092.614906,2026-05-12 02:28:12,0,0,0,0.0,0.0,0.0,0.0,0.0,0.0,0.0,0.0,0,1,1,1,0.0,0.0,0.0001,0.0,1.87,0.0,0.0,0.0167,1,5,1,1,0.0,0.0,0.0001,0.0,1.87,0.0,0.0,0.0167,1,0,0,0,0,0
1778542122.614906,2026-05-12 02:28:42,1,1,1,0.0,0.0,0.0,0.0,3.73,0.0,0.0,0.0333,1,1,1,1,0.0,0.0,0.0,0.0,1.87,0.0,0.0,0.0167,1,5,1,1,0.0,0.0,0.0001,0.0,1.87,0.0,0.0,0.0167,1,0,0,0,0,0
1778542152.614906,2026-05-12 02:29:12,0,0,0,0.0,0.0,0.0,0.0,0.0,0.0,0.0,0.0,0,1,1,1,0.0,0.0,0.0,0.0,1.87,0.0,0.0,0.0167,1,5,1,1,0.0,0.0,0.0001,0.0,1.87,0.0,0.0,0.0167,1,0,0,0,0,0
1778542182.614906,2026-05-12 02:29:42,1,1,1,0.0,0.0,0.0001,0.0,3.73,0.0,0.0,0.0333,1,1,1,1,0.0,0.0,0.0001,0.0,1.87,0.0,0.0,0.0167,1,5,1,1,0.0,0.0,0.0001,0.0,1.87,0.0,0.0001,0.0167,1,0,0,0,0,0
1778542212.614906,2026-05-12 02:30:12,0,0,0,0.0,0.0,0.0,0.0,0.0,0.0,0.0,0.0,0,1,1,1,0.0,0.0,0.0001,0.0,1.87,0.0,0.0,0.0167,1,5,1,1,0.0,0.0,0.0001,0.0,1.87,0.0,0.0001,0.0167,1,0,0,0,0,0
1778542242.614906,2026-05-12 02:30:42,0,0,0,0.0,0.0,0.0,0.0,0.0,0.0,0.0,0.0,0,0,0,0,0.0,0.0,0.0,0.0,0.0,0.0,0.0,0.0,0,4,1,1,0.0,0.0,0.0001,0.0,1.49,0.0,0.0001,0.0133,1,0,0,0,0,0
1778542272.614906,2026-05-12 02:31:12,4,2,2,0.0,0.0667,1.4742,0.5,2119.83,0.0625,0.0687,0.1333,2,4,2,2,0.0,0.0333,1.4742,0.5,1059.92,0.0625,0.0687,0.0667,2,8,3,3,0.0,0.0067,0.7372,0.25,213.48,0.0938,0.0917,0.0133,2,0,0,0,0,0
1778542302.614906,2026-05-12 02:31:42,0,0,0,0.0,0.0,0.0,0.0,0.0,0.0,0.0,0.0,0,4,2,2,0.0,0.0333,1.4742,0.5,1059.92,0.0625,0.0687,0.0667,2,7,3,3,0.0,0.0067,0.8425,0.2857,213.1,0.0973,0.1055,0.0133,2,0,0,0,0,0
1778542332.614906,2026-05-12 02:32:12,1,1,1,0.0,0.0,0.0,0.0,3.73,0.0,0.0,0.0333,1,1,1,1,0.0,0.0,0.0,0.0,1.87,0.0,0.0,0.0167,1,8,3,3,0.0,0.0067,0.7371,0.25,213.48,0.0938,0.0929,0.0133,2,0,0,0,0,0
1778542362.614906,2026-05-12 02:32:42,0,0,0,0.0,0.0,0.0,0.0,0.0,0.0,0.0,0.0,0,1,1,1,0.0,0.0,0.0,0.0,1.87,0.0,0.0,0.0167,1,7,3,3,0.0,0.0067,0.8424,0.2857,213.1,0.0973,0.1072,0.0133,2,0,0,0,0,0
1778542392.614906,2026-05-12 02:33:12,1,1,1,0.0,0.0,0.0001,0.0,3.73,0.0,0.0,0.0333,1,1,1,1,0.0,0.0,0.0001,0.0,1.87,0.0,0.0,0.0167,1,8,3,3,0.0,0.0067,0.7371,0.25,213.48,0.0938,0.0929,0.0133,2,0,0,0,0,0
1778542422.614906,2026-05-12 02:33:42,0,0,0,0.0,0.0,0.0,0.0,0.0,0.0,0.0,0.0,0,1,1,1,0.0,0.0,0.0001,0.0,1.87,0.0,0.0,0.0167,1,7,3,3,0.0,0.0067,0.8424,0.2857,213.1,0.0973,0.1072,0.0133,2,0,0,0,0,0
1778542452.614906,2026-05-12 02:34:12,2,2,2,0.0,0.0,0.002,0.0,14.03,0.0625,0.0,0.0333,1,2,2,2,0.0,0.0,0.002,0.0,7.02,0.0625,0.0,0.0167,1,9,4,3,0.0,0.0067,0.6557,0.2222,214.51,0.1148,0.1055,0.0167,3,0,0,0,0,0
1778542482.614906,2026-05-12 02:34:42,0,0,0,0.0,0.0,0.0,0.0,0.0,0.0,0.0,0.0,0,2,2,2,0.0,0.0,0.002,0.0,7.02,0.0625,0.0,0.0167,1,8,4,3,0.0,0.0067,0.7376,0.25,214.13,0.1191,0.1143,0.0167,3,0,0,0,0,0
1778542512.614906,2026-05-12 02:35:12,1,1,1,0.0,0.0,0.0,0.0,3.73,0.0,0.0,0.0333,1,1,1,1,0.0,0.0,0.0,0.0,1.87,0.0,0.0,0.0167,1,9,4,3,0.0,0.0067,0.6557,0.2222,214.51,0.1148,0.0992,0.0167,3,0,0,0,0,0
1778542542.614906,2026-05-12 02:35:42,0,0,0,0.0,0.0,0.0,0.0,0.0,0.0,0.0,0.0,0,1,1,1,0.0,0.0,0.0,0.0,1.87,0.0,0.0,0.0167,1,9,4,3,0.0,0.0067,0.6557,0.2222,214.51,0.1148,0.0992,0.0167,3,0,0,0,0,0
1778542572.614906,2026-05-12 02:36:12,0,0,0,0.0,0.0,0.0,0.0,0.0,0.0,0.0,0.0,0,0,0,0,0.0,0.0,0.0,0.0,0.0,0.0,0.0,0.0,0,5,2,2,0.0,0.0,0.0008,0.0,2.52,0.0451,0.0563,0.0133,1,0,0,0,0,0
1778542602.614906,2026-05-12 02:36:42,0,0,0,0.0,0.0,0.0,0.0,0.0,0.0,0.0,0.0,0,0,0,0,0.0,0.0,0.0,0.0,0.0,0.0,0.0,0.0,0,5,2,2,0.0,0.0,0.0008,0.0,2.52,0.0451,0.0563,0.0133,1,0,0,0,0,0
1778542632.614906,2026-05-12 02:37:12,0,0,0,0.0,0.0,0.0,0.0,0.0,0.0,0.0,0.0,0,0,0,0,0.0,0.0,0.0,0.0,0.0,0.0,0.0,0.0,0,4,2,2,0.0,0.0,0.001,0.0,2.15,0.0507,0.0688,0.01,1,0,0,0,0,0
1778542662.614906,2026-05-12 02:37:42,0,0,0,0.0,0.0,0.0,0.0,0.0,0.0,0.0,0.0,0,0,0,0,0.0,0.0,0.0,0.0,0.0,0.0,0.0,0.0,0,4,2,2,0.0,0.0,0.001,0.0,2.15,0.0507,0.0688,0.01,1,0,0,0,0,0
1778542692.614906,2026-05-12 02:38:12,0,0,0,0.0,0.0,0.0,0.0,0.0,0.0,0.0,0.0,0,0,0,0,0.0,0.0,0.0,0.0,0.0,0.0,0.0,0.0,0,3,2,2,0.0,0.0,0.0014,0.0,1.78,0.0574,0.0963,0.0067,1,0,0,0,0,0
1778542722.614906,2026-05-12 02:38:42,0,0,0,0.0,0.0,0.0,0.0,0.0,0.0,0.0,0.0,0,0,0,0,0.0,0.0,0.0,0.0,0.0,0.0,0.0,0.0,0,3,2,2,0.0,0.0,0.0014,0.0,1.78,0.0574,0.0963,0.0067,1,0,0,0,0,0
1778542752.614906,2026-05-12 02:39:12,0,0,0,0.0,0.0,0.0,0.0,0.0,0.0,0.0,0.0,0,0,0,0,0.0,0.0,0.0,0.0,0.0,0.0,0.0,0.0,0,1,1,1,0.0,0.0,0.0,0.0,0.37,0.0,0.0,0.0033,1,0,0,0,0,0
1778542782.614906,2026-05-12 02:39:42,1,1,1,0.0,0.0,0.0678,1.0,1.6,0.0,0.0,0.0333,1,1,1,1,0.0,0.0,0.0678,1.0,0.8,0.0,0.0,0.0167,1,2,2,2,0.0,0.0,0.0339,0.5,0.53,0.0625,0.0,0.0033,1,0,0,0,0,0
1778542812.614906,2026-05-12 02:40:12,0,0,0,0.0,0.0,0.0,0.0,0.0,0.0,0.0,0.0,0,1,1,1,0.0,0.0,0.0678,1.0,0.8,0.0,0.0,0.0167,1,1,1,1,0.0,0.0,0.0678,1.0,0.16,0.0,0.0,0.0033,1,0,0,0,0,0
1778542842.614906,2026-05-12 02:40:42,0,0,0,0.0,0.0,0.0,0.0,0.0,0.0,0.0,0.0,0,0,0,0,0.0,0.0,0.0,0.0,0.0,0.0,0.0,0.0,0,1,1,1,0.0,0.0,0.0678,1.0,0.16,0.0,0.0,0.0033,1,0,0,0,0,0
1778542872.614906,2026-05-12 02:41:12,0,0,0,0.0,0.0,0.0,0.0,0.0,0.0,0.0,0.0,0,0,0,0,0.0,0.0,0.0,0.0,0.0,0.0,0.0,0.0,0,1,1,1,0.0,0.0,0.0678,1.0,0.16,0.0,0.0,0.0033,1,0,0,0,0,0
1778542902.614906,2026-05-12 02:41:42,1,1,1,0.0,0.0,0.0001,0.0,3.73,0.0,0.0,0.0333,1,1,1,1,0.0,0.0,0.0001,0.0,1.87,0.0,0.0,0.0167,1,2,2,2,0.0,0.0,0.0339,0.5,0.53,0.0625,0.0,0.0033,1,0,0,0,0,0
1778542932.614906,2026-05-12 02:42:12,0,0,0,0.0,0.0,0.0,0.0,0.0,0.0,0.0,0.0,0,1,1,1,0.0,0.0,0.0001,0.0,1.87,0.0,0.0,0.0167,1,2,2,2,0.0,0.0,0.0339,0.5,0.53,0.0625,0.0,0.0033,1,0,0,0,0,0
1778542962.614906,2026-05-12 02:42:42,1,1,1,0.0,0.0,0.0001,0.0,3.73,0.0,0.0,0.0333,1,1,1,1,0.0,0.0,0.0001,0.0,1.87,0.0,0.0,0.0167,1,3,2,2,0.0,0.0,0.0227,0.3333,0.91,0.0574,0.0269,0.0067,1,0,0,0,0,0
1778542992.614906,2026-05-12 02:43:12,0,0,0,0.0,0.0,0.0,0.0,0.0,0.0,0.0,0.0,0,1,1,1,0.0,0.0,0.0001,0.0,1.87,0.0,0.0,0.0167,1,3,2,2,0.0,0.0,0.0227,0.3333,0.91,0.0574,0.0269,0.0067,1,0,0,0,0,0
1778543022.614906,2026-05-12 02:43:42,1,1,1,0.0,0.0,0.0,0.0,3.73,0.0,0.0,0.0333,1,1,1,1,0.0,0.0,0.0,0.0,1.87,0.0,0.0,0.0167,1,4,2,2,0.0,0.0,0.017,0.25,1.28,0.0507,0.0279,0.01,1,0,0,0,0,0
1778543052.614906,2026-05-12 02:44:12,0,0,0,0.0,0.0,0.0,0.0,0.0,0.0,0.0,0.0,0,1,1,1,0.0,0.0,0.0,0.0,1.87,0.0,0.0,0.0167,1,4,2,2,0.0,0.0,0.017,0.25,1.28,0.0507,0.0279,0.01,1,0,0,0,0,0
1778543082.614906,2026-05-12 02:44:42,1,1,1,0.0,0.0,0.0001,0.0,3.73,0.0,0.0,0.0333,1,1,1,1,0.0,0.0,0.0001,0.0,1.87,0.0,0.0,0.0167,1,4,1,1,0.0,0.0,0.0001,0.0,1.49,0.0,0.0,0.0133,1,0,0,0,0,0
1778543112.614906,2026-05-12 02:45:12,0,0,0,0.0,0.0,0.0,0.0,0.0,0.0,0.0,0.0,0,1,1,1,0.0,0.0,0.0001,0.0,1.87,0.0,0.0,0.0167,1,4,1,1,0.0,0.0,0.0001,0.0,1.49,0.0,0.0,0.0133,1,0,0,0,0,0
1778543142.614906,2026-05-12 02:45:42,1,1,1,0.0,0.0,0.0004,0.0,3.73,0.0,0.0,0.0333,1,1,1,1,0.0,0.0,0.0004,0.0,1.87,0.0,0.0,0.0167,1,5,1,1,0.0,0.0,0.0001,0.0,1.87,0.0,0.0,0.0167,1,0,0,0,0,0
1778543172.614906,2026-05-12 02:46:12,0,0,0,0.0,0.0,0.0,0.0,0.0,0.0,0.0,0.0,0,1,1,1,0.0,0.0,0.0004,0.0,1.87,0.0,0.0,0.0167,1,5,1,1,0.0,0.0,0.0001,0.0,1.87,0.0,0.0,0.0167,1,0,0,0,0,0
1778543202.614906,2026-05-12 02:46:42,0,0,0,0.0,0.0,0.0,0.0,0.0,0.0,0.0,0.0,0,0,0,0,0.0,0.0,0.0,0.0,0.0,0.0,0.0,0.0,0,4,1,1,0.0,0.0,0.0001,0.0,1.49,0.0,0.0,0.0133,1,0,0,0,0,0
1778543232.614906,2026-05-12 02:47:12,0,0,0,0.0,0.0,0.0,0.0,0.0,0.0,0.0,0.0,0,0,0,0,0.0,0.0,0.0,0.0,0.0,0.0,0.0,0.0,0,4,1,1,0.0,0.0,0.0001,0.0,1.49,0.0,0.0,0.0133,1,0,0,0,0,0
1778543262.614906,2026-05-12 02:47:42,0,0,0,0.0,0.0,0.0,0.0,0.0,0.0,0.0,0.0,0,0,0,0,0.0,0.0,0.0,0.0,0.0,0.0,0.0,0.0,0,3,1,1,0.0,0.0,0.0002,0.0,1.12,0.0,0.0,0.01,1,0,0,0,0,0
1778543292.614906,2026-05-12 02:48:12,0,0,0,0.0,0.0,0.0,0.0,0.0,0.0,0.0,0.0,0,0,0,0,0.0,0.0,0.0,0.0,0.0,0.0,0.0,0.0,0,3,1,1,0.0,0.0,0.0002,0.0,1.12,0.0,0.0,0.01,1,0,0,0,0,0
1778543322.614906,2026-05-12 02:48:42,0,0,0,0.0,0.0,0.0,0.0,0.0,0.0,0.0,0.0,0,0,0,0,0.0,0.0,0.0,0.0,0.0,0.0,0.0,0.0,0,2,1,1,0.0,0.0,0.0002,0.0,0.75,0.0,0.0,0.0067,1,0,0,0,0,0
1778543352.614906,2026-05-12 02:49:12,0,0,0,0.0,0.0,0.0,0.0,0.0,0.0,0.0,0.0,0,0,0,0,0.0,0.0,0.0,0.0,0.0,0.0,0.0,0.0,0,2,1,1,0.0,0.0,0.0002,0.0,0.75,0.0,0.0,0.0067,1,0,0,0,0,0
1778543382.614906,2026-05-12 02:49:42,0,0,0,0.0,0.0,0.0,0.0,0.0,0.0,0.0,0.0,0,0,0,0,0.0,0.0,0.0,0.0,0.0,0.0,0.0,0.0,0,1,1,1,0.0,0.0,0.0004,0.0,0.37,0.0,0.0,0.0033,1,0,0,0,0,0
1778543412.614906,2026-05-12 02:50:12,0,0,0,0.0,0.0,0.0,0.0,0.0,0.0,0.0,0.0,0,0,0,0,0.0,0.0,0.0,0.0,0.0,0.0,0.0,0.0,0,1,1,1,0.0,0.0,0.0004,0.0,0.37,0.0,0.0,0.0033,1,0,0,0,0,0
1778543442.614906,2026-05-12 02:50:42,0,0,0,0.0,0.0,0.0,0.0,0.0,0.0,0.0,0.0,0,0,0,0,0.0,0.0,0.0,0.0,0.0,0.0,0.0,0.0,0,0,0,0,0.0,0.0,0.0,0.0,0.0,0.0,0.0,0.0,0,0,0,0,0,0
1778543472.614906,2026-05-12 02:51:12,0,0,0,0.0,0.0,0.0,0.0,0.0,0.0,0.0,0.0,0,0,0,0,0.0,0.0,0.0,0.0,0.0,0.0,0.0,0.0,0,0,0,0,0.0,0.0,0.0,0.0,0.0,0.0,0.0,0.0,0,0,0,0,0,0
1778543502.614906,2026-05-12 02:51:42,0,0,0,0.0,0.0,0.0,0.0,0.0,0.0,0.0,0.0,0,0,0,0,0.0,0.0,0.0,0.0,0.0,0.0,0.0,0.0,0,0,0,0,0.0,0.0,0.0,0.0,0.0,0.0,0.0,0.0,0,0,0,0,0,0
1778543532.614906,2026-05-12 02:52:12,0,0,0,0.0,0.0,0.0,0.0,0.0,0.0,0.0,0.0,0,0,0,0,0.0,0.0,0.0,0.0,0.0,0.0,0.0,0.0,0,0,0,0,0.0,0.0,0.0,0.0,0.0,0.0,0.0,0.0,0,0,0,0,0,0
1778543562.614906,2026-05-12 02:52:42,0,0,0,0.0,0.0,0.0,0.0,0.0,0.0,0.0,0.0,0,0,0,0,0.0,0.0,0.0,0.0,0.0,0.0,0.0,0.0,0,0,0,0,0.0,0.0,0.0,0.0,0.0,0.0,0.0,0.0,0,0,0,0,0,0
1778543592.614906,2026-05-12 02:53:12,0,0,0,0.0,0.0,0.0,0.0,0.0,0.0,0.0,0.0,0,0,0,0,0.0,0.0,0.0,0.0,0.0,0.0,0.0,0.0,0,0,0,0,0.0,0.0,0.0,0.0,0.0,0.0,0.0,0.0,0,0,0,0,0,0
1778543622.614906,2026-05-12 02:53:42,0,0,0,0.0,0.0,0.0,0.0,0.0,0.0,0.0,0.0,0,0,0,0,0.0,0.0,0.0,0.0,0.0,0.0,0.0,0.0,0,0,0,0,0.0,0.0,0.0,0.0,0.0,0.0,0.0,0.0,0,0,0,0,0,0
1778543652.614906,2026-05-12 02:54:12,0,0,0,0.0,0.0,0.0,0.0,0.0,0.0,0.0,0.0,0,0,0,0,0.0,0.0,0.0,0.0,0.0,0.0,0.0,0.0,0,0,0,0,0.0,0.0,0.0,0.0,0.0,0.0,0.0,0.0,0,0,0,0,0,0
1778543682.614906,2026-05-12 02:54:42,0,0,0,0.0,0.0,0.0,0.0,0.0,0.0,0.0,0.0,0,0,0,0,0.0,0.0,0.0,0.0,0.0,0.0,0.0,0.0,0,0,0,0,0.0,0.0,0.0,0.0,0.0,0.0,0.0,0.0,0,0,0,0,0,0
1778543712.614906,2026-05-12 02:55:12,0,0,0,0.0,0.0,0.0,0.0,0.0,0.0,0.0,0.0,0,0,0,0,0.0,0.0,0.0,0.0,0.0,0.0,0.0,0.0,0,0,0,0,0.0,0.0,0.0,0.0,0.0,0.0,0.0,0.0,0,0,0,0,0,0
1778543742.614906,2026-05-12 02:55:42,0,0,0,0.0,0.0,0.0,0.0,0.0,0.0,0.0,0.0,0,0,0,0,0.0,0.0,0.0,0.0,0.0,0.0,0.0,0.0,0,0,0,0,0.0,0.0,0.0,0.0,0.0,0.0,0.0,0.0,0,0,0,0,0,0
1778543772.614906,2026-05-12 02:56:12,0,0,0,0.0,0.0,0.0,0.0,0.0,0.0,0.0,0.0,0,0,0,0,0.0,0.0,0.0,0.0,0.0,0.0,0.0,0.0,0,0,0,0,0.0,0.0,0.0,0.0,0.0,0.0,0.0,0.0,0,0,0,0,0,0
1778543802.614906,2026-05-12 02:56:42,4,1,2,0.0,0.0,0.3494,1.0,8981.73,0.0,0.0735,0.1333,1,4,1,2,0.0,0.0,0.3494,1.0,4490.87,0.0,0.0735,0.0667,1,4,1,2,0.0,0.0,0.3494,1.0,898.17,0.0,0.0735,0.0133,1,0,0,0,0,0
1778543832.614906,2026-05-12 02:57:12,0,0,0,0.0,0.0,0.0,0.0,0.0,0.0,0.0,0.0,0,4,1,2,0.0,0.0,0.3494,1.0,4490.87,0.0,0.0735,0.0667,1,4,1,2,0.0,0.0,0.3494,1.0,898.17,0.0,0.0735,0.0133,1,0,0,0,0,0
1778543862.614906,2026-05-12 02:57:42,0,0,0,0.0,0.0,0.0,0.0,0.0,0.0,0.0,0.0,0,0,0,0,0.0,0.0,0.0,0.0,0.0,0.0,0.0,0.0,0,4,1,2,0.0,0.0,0.3494,1.0,898.17,0.0,0.0735,0.0133,1,0,0,0,0,0
1778543892.614906,2026-05-12 02:58:12,0,0,0,0.0,0.0,0.0,0.0,0.0,0.0,0.0,0.0,0,0,0,0,0.0,0.0,0.0,0.0,0.0,0.0,0.0,0.0,0,4,1,2,0.0,0.0,0.3494,1.0,898.17,0.0,0.0735,0.0133,1,0,0,0,0,0
1778543922.614906,2026-05-12 02:58:42,0,0,0,0.0,0.0,0.0,0.0,0.0,0.0,0.0,0.0,0,0,0,0,0.0,0.0,0.0,0.0,0.0,0.0,0.0,0.0,0,4,1,2,0.0,0.0,0.3494,1.0,898.17,0.0,0.0735,0.0133,1,0,0,0,0,0
1778543952.614906,2026-05-12 02:59:12,0,0,0,0.0,0.0,0.0,0.0,0.0,0.0,0.0,0.0,0,0,0,0,0.0,0.0,0.0,0.0,0.0,0.0,0.0,0.0,0,4,1,2,0.0,0.0,0.3494,1.0,898.17,0.0,0.0735,0.0133,1,0,0,0,0,0
1778543982.614906,2026-05-12 02:59:42,0,0,0,0.0,0.0,0.0,0.0,0.0,0.0,0.0,0.0,0,0,0,0,0.0,0.0,0.0,0.0,0.0,0.0,0.0,0.0,0,4,1,2,0.0,0.0,0.3494,1.0,898.17,0.0,0.0735,0.0133,1,0,0,0,0,0
1778544012.614906,2026-05-12 03:00:12,10,1,1,0.0,0.3333,0.0711,0.0,48.97,0.0,0.0954,0.3333,1,10,1,1,0.0,0.1667,0.0711,0.0,24.48,0.0,0.0954,0.1667,1,14,2,3,0.0,0.0333,0.1506,0.2857,903.07,0.0539,0.3447,0.0467,2,0,0,0,0,0
1778544042.614906,2026-05-12 03:00:42,0,0,0,0.0,0.0,0.0,0.0,0.0,0.0,0.0,0.0,0,10,1,1,0.0,0.1667,0.0711,0.0,24.48,0.0,0.0954,0.1667,1,14,2,3,0.0,0.0333,0.1506,0.2857,903.07,0.0539,0.3447,0.0467,2,0,0,0,0,0
1778544072.614906,2026-05-12 03:01:12,0,0,0,0.0,0.0,0.0,0.0,0.0,0.0,0.0,0.0,0,0,0,0,0.0,0.0,0.0,0.0,0.0,0.0,0.0,0.0,0,14,2,3,0.0,0.0333,0.1506,0.2857,903.07,0.0539,0.3447,0.0467,2,0,0,0,0,0
1778544102.614906,2026-05-12 03:01:42,1,1,1,0.0,0.0,0.0001,0.0,3.73,0.0,0.0,0.0333,1,1,1,1,0.0,0.0,0.0001,0.0,1.87,0.0,0.0,0.0167,1,11,2,2,0.0,0.0333,0.0647,0.0,5.27,0.0275,0.2974,0.0333,1,0,0,0,0,0
1778544132.614906,2026-05-12 03:02:12,0,0,0,0.0,0.0,0.0,0.0,0.0,0.0,0.0,0.0,0,1,1,1,0.0,0.0,0.0001,0.0,1.87,0.0,0.0,0.0167,1,11,2,2,0.0,0.0333,0.0647,0.0,5.27,0.0275,0.2974,0.0333,1,0,0,0,0,0
1778544162.614906,2026-05-12 03:02:42,1,1,1,0.0,0.0,0.0001,0.0,3.73,0.0,0.0,0.0333,1,1,1,1,0.0,0.0,0.0001,0.0,1.87,0.0,0.0,0.0167,1,12,2,2,0.0,0.0333,0.0593,0.0,5.64,0.0406,0.215,0.0333,1,0,0,0,0,0
1778544192.614906,2026-05-12 03:03:12,0,0,0,0.0,0.0,0.0,0.0,0.0,0.0,0.0,0.0,0,1,1,1,0.0,0.0,0.0001,0.0,1.87,0.0,0.0,0.0167,1,12,2,2,0.0,0.0333,0.0593,0.0,5.64,0.0406,0.215,0.0333,1,0,0,0,0,0
1778544222.614906,2026-05-12 03:03:42,1,1,1,0.0,0.0,0.0,0.0,3.73,0.0,0.0,0.0333,1,1,1,1,0.0,0.0,0.0,0.0,1.87,0.0,0.0,0.0167,1,13,2,2,0.0,0.0333,0.0547,0.0,6.02,0.0487,0.1761,0.0333,1,0,0,0,0,0
1778544252.614906,2026-05-12 03:04:12,0,0,0,0.0,0.0,0.0,0.0,0.0,0.0,0.0,0.0,0,1,1,1,0.0,0.0,0.0,0.0,1.87,0.0,0.0,0.0167,1,13,2,2,0.0,0.0333,0.0547,0.0,6.02,0.0487,0.1761,0.0333,1,0,0,0,0,0
1778544282.614906,2026-05-12 03:04:42,1,1,1,0.0,0.0,0.0001,0.0,3.73,0.0,0.0,0.0333,1,1,1,1,0.0,0.0,0.0001,0.0,1.87,0.0,0.0,0.0167,1,14,2,2,0.0,0.0333,0.0508,0.0,6.39,0.0539,0.1525,0.0333,1,0,0,0,0,0
1778544312.614906,2026-05-12 03:05:12,0,0,0,0.0,0.0,0.0,0.0,0.0,0.0,0.0,0.0,0,1,1,1,0.0,0.0,0.0001,0.0,1.87,0.0,0.0,0.0167,1,4,1,1,0.0,0.0,0.0001,0.0,1.49,0.0,0.0,0.0133,1,0,0,0,0,0
1778544342.614906,2026-05-12 03:05:42,1,1,1,0.0,0.0,0.0001,0.0,3.73,0.0,0.0,0.0333,1,1,1,1,0.0,0.0,0.0001,0.0,1.87,0.0,0.0,0.0167,1,5,1,1,0.0,0.0,0.0001,0.0,1.87,0.0,0.0001,0.0167,1,0,0,0,0,0
1778544372.614906,2026-05-12 03:06:12,0,0,0,0.0,0.0,0.0,0.0,0.0,0.0,0.0,0.0,0,1,1,1,0.0,0.0,0.0001,0.0,1.87,0.0,0.0,0.0167,1,5,1,1,0.0,0.0,0.0001,0.0,1.87,0.0,0.0001,0.0167,1,0,0,0,0,0
1778544402.614906,2026-05-12 03:06:42,1,1,1,0.0,0.0,0.0,0.0,3.73,0.0,0.0,0.0333,1,1,1,1,0.0,0.0,0.0,0.0,1.87,0.0,0.0,0.0167,1,5,1,1,0.0,0.0,0.0,0.0,1.87,0.0,0.0001,0.0167,1,0,0,0,0,0
1778544432.614906,2026-05-12 03:07:12,0,0,0,0.0,0.0,0.0,0.0,0.0,0.0,0.0,0.0,0,1,1,1,0.0,0.0,0.0,0.0,1.87,0.0,0.0,0.0167,1,5,1,1,0.0,0.0,0.0,0.0,1.87,0.0,0.0001,0.0167,1,0,0,0,0,0
1778544462.614906,2026-05-12 03:07:42,1,1,1,0.0,0.0,0.0,0.0,3.73,0.0,0.0,0.0333,1,1,1,1,0.0,0.0,0.0,0.0,1.87,0.0,0.0,0.0167,1,5,1,1,0.0,0.0,0.0,0.0,1.87,0.0,0.0001,0.0167,1,0,0,0,0,0
1778544492.614906,2026-05-12 03:08:12,0,0,0,0.0,0.0,0.0,0.0,0.0,0.0,0.0,0.0,0,1,1,1,0.0,0.0,0.0,0.0,1.87,0.0,0.0,0.0167,1,5,1,1,0.0,0.0,0.0,0.0,1.87,0.0,0.0001,0.0167,1,0,0,0,0,0
1778544522.614906,2026-05-12 03:08:42,1,1,1,0.0,0.0,0.0,0.0,3.73,0.0,0.0,0.0333,1,1,1,1,0.0,0.0,0.0,0.0,1.87,0.0,0.0,0.0167,1,5,1,1,0.0,0.0,0.0,0.0,1.87,0.0,0.0001,0.0167,1,0,0,0,0,0
1778544552.614906,2026-05-12 03:09:12,0,0,0,0.0,0.0,0.0,0.0,0.0,0.0,0.0,0.0,0,1,1,1,0.0,0.0,0.0,0.0,1.87,0.0,0.0,0.0167,1,5,1,1,0.0,0.0,0.0,0.0,1.87,0.0,0.0001,0.0167,1,0,0,0,0,0
1778544582.614906,2026-05-12 03:09:42,1,1,1,0.0,0.0,0.0001,0.0,3.73,0.0,0.0,0.0333,1,1,1,1,0.0,0.0,0.0001,0.0,1.87,0.0,0.0,0.0167,1,5,1,1,0.0,0.0,0.0,0.0,1.87,0.0,0.0001,0.0167,1,0,0,0,0,0
1778544612.614906,2026-05-12 03:10:12,0,0,0,0.0,0.0,0.0,0.0,0.0,0.0,0.0,0.0,0,1,1,1,0.0,0.0,0.0001,0.0,1.87,0.0,0.0,0.0167,1,5,1,1,0.0,0.0,0.0,0.0,1.87,0.0,0.0001,0.0167,1,0,0,0,0,0
1778544642.614906,2026-05-12 03:10:42,1,1,1,0.0,0.0,0.0,0.0,3.73,0.0,0.0,0.0333,1,1,1,1,0.0,0.0,0.0,0.0,1.87,0.0,0.0,0.0167,1,5,1,1,0.0,0.0,0.0,0.0,1.87,0.0,0.0001,0.0167,1,0,0,0,0,0
1778544672.614906,2026-05-12 03:11:12,0,0,0,0.0,0.0,0.0,0.0,0.0,0.0,0.0,0.0,0,1,1,1,0.0,0.0,0.0,0.0,1.87,0.0,0.0,0.0167,1,5,1,1,0.0,0.0,0.0,0.0,1.87,0.0,0.0001,0.0167,1,0,0,0,0,0
1778544702.614906,2026-05-12 03:11:42,1,1,1,0.0,0.0,0.0,0.0,3.73,0.0,0.0,0.0333,1,1,1,1,0.0,0.0,0.0,0.0,1.87,0.0,0.0,0.0167,1,5,1,1,0.0,0.0,0.0,0.0,1.87,0.0,0.0001,0.0167,1,0,0,0,0,0
1778544732.614906,2026-05-12 03:12:12,0,0,0,0.0,0.0,0.0,0.0,0.0,0.0,0.0,0.0,0,1,1,1,0.0,0.0,0.0,0.0,1.87,0.0,0.0,0.0167,1,5,1,1,0.0,0.0,0.0,0.0,1.87,0.0,0.0001,0.0167,1,0,0,0,0,0
1778544762.614906,2026-05-12 03:12:42,1,1,1,0.0,0.0,0.0,0.0,3.73,0.0,0.0,0.0333,1,1,1,1,0.0,0.0,0.0,0.0,1.87,0.0,0.0,0.0167,1,5,1,1,0.0,0.0,0.0,0.0,1.87,0.0,0.0001,0.0167,1,0,0,0,0,0
1778544792.614906,2026-05-12 03:13:12,0,0,0,0.0,0.0,0.0,0.0,0.0,0.0,0.0,0.0,0,1,1,1,0.0,0.0,0.0,0.0,1.87,0.0,0.0,0.0167,1,5,1,1,0.0,0.0,0.0,0.0,1.87,0.0,0.0001,0.0167,1,0,0,0,0,0
1778544822.614906,2026-05-12 03:13:42,1,1,1,0.0,0.0,0.0,0.0,3.73,0.0,0.0,0.0333,1,1,1,1,0.0,0.0,0.0,0.0,1.87,0.0,0.0,0.0167,1,5,1,1,0.0,0.0,0.0,0.0,1.87,0.0,0.0001,0.0167,1,0,0,0,0,0
1778544852.614906,2026-05-12 03:14:12,1,1,1,0.0,0.0,0.0683,1.0,1.6,0.0,0.0,0.0333,1,2,2,2,0.0,0.0,0.0342,0.5,2.67,0.0625,0.0,0.0167,1,6,2,2,0.0,0.0,0.0114,0.1667,2.03,0.0406,0.0345,0.0167,1,0,0,0,0,0
1778544882.614906,2026-05-12 03:14:42,1,1,1,0.0,0.0,0.0,0.0,3.73,0.0,0.0,0.0333,1,2,2,2,0.0,0.0,0.0342,0.5,2.67,0.0625,0.0,0.0167,1,6,2,2,0.0,0.0,0.0114,0.1667,2.03,0.0406,0.0358,0.0167,1,0,0,0,0,0
1778544912.614906,2026-05-12 03:15:12,0,0,0,0.0,0.0,0.0,0.0,0.0,0.0,0.0,0.0,0,1,1,1,0.0,0.0,0.0,0.0,1.87,0.0,0.0,0.0167,1,6,2,2,0.0,0.0,0.0114,0.1667,2.03,0.0406,0.0358,0.0167,1,0,0,0,0,0
1778544942.614906,2026-05-12 03:15:42,1,1,1,0.0,0.0,0.0,0.0,3.73,0.0,0.0,0.0333,1,1,1,1,0.0,0.0,0.0,0.0,1.87,0.0,0.0,0.0167,1,6,2,2,0.0,0.0,0.0114,0.1667,2.03,0.0406,0.0358,0.0167,1,0,0,0,0,0
1778544972.614906,2026-05-12 03:16:12,0,0,0,0.0,0.0,0.0,0.0,0.0,0.0,0.0,0.0,0,1,1,1,0.0,0.0,0.0,0.0,1.87,0.0,0.0,0.0167,1,6,2,2,0.0,0.0,0.0114,0.1667,2.03,0.0406,0.0358,0.0167,1,0,0,0,0,0
1778545002.614906,2026-05-12 03:16:42,1,1,1,0.0,0.0,0.0,0.0,3.73,0.0,0.0,0.0333,1,1,1,1,0.0,0.0,0.0,0.0,1.87,0.0,0.0,0.0167,1,6,2,2,0.0,0.0,0.0114,0.1667,2.03,0.0406,0.0358,0.0167,1,0,0,0,0,0
1778545032.614906,2026-05-12 03:17:12,0,0,0,0.0,0.0,0.0,0.0,0.0,0.0,0.0,0.0,0,1,1,1,0.0,0.0,0.0,0.0,1.87,0.0,0.0,0.0167,1,6,2,2,0.0,0.0,0.0114,0.1667,2.03,0.0406,0.0358,0.0167,1,0,0,0,0,0
1778545062.614906,2026-05-12 03:17:42,1,1,1,0.0,0.0,0.0001,0.0,3.73,0.0,0.0,0.0333,1,1,1,1,0.0,0.0,0.0001,0.0,1.87,0.0,0.0,0.0167,1,6,2,2,0.0,0.0,0.0114,0.1667,2.03,0.0406,0.0358,0.0167,1,0,0,0,0,0
1778545092.614906,2026-05-12 03:18:12,1,1,1,0.0,0.0,0.0039,0.0,10.3,0.0,0.0,0.0333,1,2,2,2,0.0,0.0,0.002,0.0,7.02,0.0625,0.0,0.0167,1,7,3,3,0.0,0.0,0.0104,0.1429,3.06,0.0718,0.0395,0.0167,2,0,0,0,0,0
1778545122.614906,2026-05-12 03:18:42,1,1,1,0.0,0.0,0.0001,0.0,3.73,0.0,0.0,0.0333,1,2,2,2,0.0,0.0,0.002,0.0,7.02,0.0625,0.0,0.0167,1,7,3,3,0.0,0.0,0.0104,0.1429,3.06,0.0718,0.0287,0.0167,2,0,0,0,0,0
1778545152.614906,2026-05-12 03:19:12,0,0,0,0.0,0.0,0.0,0.0,0.0,0.0,0.0,0.0,0,1,1,1,0.0,0.0,0.0001,0.0,1.87,0.0,0.0,0.0167,1,6,2,2,0.0,0.0,0.0007,0.0,2.9,0.0406,0.0309,0.0167,1,0,0,0,0,0
1778545182.614906,2026-05-12 03:19:42,1,1,1,0.0,0.0,0.0,0.0,3.73,0.0,0.0,0.0333,1,1,1,1,0.0,0.0,0.0,0.0,1.87,0.0,0.0,0.0167,1,6,2,2,0.0,0.0,0.0007,0.0,2.9,0.0406,0.0309,0.0167,1,0,0,0,0,0
1778545212.614906,2026-05-12 03:20:12,0,0,0,0.0,0.0,0.0,0.0,0.0,0.0,0.0,0.0,0,1,1,1,0.0,0.0,0.0,0.0,1.87,0.0,0.0,0.0167,1,6,2,2,0.0,0.0,0.0007,0.0,2.9,0.0406,0.0309,0.0167,1,0,0,0,0,0
1778545242.614906,2026-05-12 03:20:42,1,1,1,0.0,0.0,0.0,0.0,3.73,0.0,0.0,0.0333,1,1,1,1,0.0,0.0,0.0,0.0,1.87,0.0,0.0,0.0167,1,6,2,2,0.0,0.0,0.0007,0.0,2.9,0.0406,0.0309,0.0167,1,0,0,0,0,0
1778545272.614906,2026-05-12 03:21:12,0,0,0,0.0,0.0,0.0,0.0,0.0,0.0,0.0,0.0,0,1,1,1,0.0,0.0,0.0,0.0,1.87,0.0,0.0,0.0167,1,6,2,2,0.0,0.0,0.0007,0.0,2.9,0.0406,0.0309,0.0167,1,0,0,0,0,0
1778545302.614906,2026-05-12 03:21:42,0,0,0,0.0,0.0,0.0,0.0,0.0,0.0,0.0,0.0,0,0,0,0,0.0,0.0,0.0,0.0,0.0,0.0,0.0,0.0,0,5,2,2,0.0,0.0,0.0008,0.0,2.52,0.0451,0.0336,0.0133,1,0,0,0,0,0
1778545332.614906,2026-05-12 03:22:12,0,0,0,0.0,0.0,0.0,0.0,0.0,0.0,0.0,0.0,0,0,0,0,0.0,0.0,0.0,0.0,0.0,0.0,0.0,0.0,0,5,2,2,0.0,0.0,0.0008,0.0,2.52,0.0451,0.0336,0.0133,1,0,0,0,0,0
1778545362.614906,2026-05-12 03:22:42,1,1,1,0.0,0.0,0.0,0.0,3.73,0.0,0.0,0.0333,1,1,1,1,0.0,0.0,0.0,0.0,1.87,0.0,0.0,0.0167,1,5,2,2,0.0,0.0,0.0008,0.0,2.52,0.0451,0.0466,0.0133,1,0,0,0,0,0
1778545392.614906,2026-05-12 03:23:12,0,0,0,0.0,0.0,0.0,0.0,0.0,0.0,0.0,0.0,0,1,1,1,0.0,0.0,0.0,0.0,1.87,0.0,0.0,0.0167,1,4,1,1,0.0,0.0,0.0,0.0,1.49,0.0,0.0353,0.0133,1,0,0,0,0,0
1778545422.614906,2026-05-12 03:23:42,1,1,1,0.0,0.0,0.0,0.0,3.73,0.0,0.0,0.0333,1,1,1,1,0.0,0.0,0.0,0.0,1.87,0.0,0.0,0.0167,1,4,1,1,0.0,0.0,0.0,0.0,1.49,0.0,0.0353,0.0133,1,0,0,0,0,0
1778545452.614906,2026-05-12 03:24:12,0,0,0,0.0,0.0,0.0,0.0,0.0,0.0,0.0,0.0,0,1,1,1,0.0,0.0,0.0,0.0,1.87,0.0,0.0,0.0167,1,4,1,1,0.0,0.0,0.0,0.0,1.49,0.0,0.0353,0.0133,1,0,0,0,0,0
1778545482.614906,2026-05-12 03:24:42,1,1,1,0.0,0.0,0.0001,0.0,3.73,0.0,0.0,0.0333,1,1,1,1,0.0,0.0,0.0001,0.0,1.87,0.0,0.0,0.0167,1,4,1,1,0.0,0.0,0.0,0.0,1.49,0.0,0.0353,0.0133,1,0,0,0,0,0
1778545512.614906,2026-05-12 03:25:12,0,0,0,0.0,0.0,0.0,0.0,0.0,0.0,0.0,0.0,0,1,1,1,0.0,0.0,0.0001,0.0,1.87,0.0,0.0,0.0167,1,4,1,1,0.0,0.0,0.0,0.0,1.49,0.0,0.0353,0.0133,1,0,0,0,0,0
1778545542.614906,2026-05-12 03:25:42,1,1,1,0.0,0.0,0.0001,0.0,3.73,0.0,0.0,0.0333,1,1,1,1,0.0,0.0,0.0001,0.0,1.87,0.0,0.0,0.0167,1,4,1,1,0.0,0.0,0.0001,0.0,1.49,0.0,0.0001,0.0133,1,0,0,0,0,0
1778545572.614906,2026-05-12 03:26:12,0,0,0,0.0,0.0,0.0,0.0,0.0,0.0,0.0,0.0,0,1,1,1,0.0,0.0,0.0001,0.0,1.87,0.0,0.0,0.0167,1,4,1,1,0.0,0.0,0.0001,0.0,1.49,0.0,0.0001,0.0133,1,0,0,0,0,0
1778545602.614906,2026-05-12 03:26:42,1,1,1,0.0,0.0,0.0001,0.0,3.73,0.0,0.0,0.0333,1,1,1,1,0.0,0.0,0.0001,0.0,1.87,0.0,0.0,0.0167,1,5,1,1,0.0,0.0,0.0001,0.0,1.87,0.0,0.0001,0.0167,1,0,0,0,0,0
1778545632.614906,2026-05-12 03:27:12,0,0,0,0.0,0.0,0.0,0.0,0.0,0.0,0.0,0.0,0,1,1,1,0.0,0.0,0.0001,0.0,1.87,0.0,0.0,0.0167,1,5,1,1,0.0,0.0,0.0001,0.0,1.87,0.0,0.0001,0.0167,1,0,0,0,0,0
1778545662.614906,2026-05-12 03:27:42,1,1,1,0.0,0.0,0.0,0.0,3.73,0.0,0.0,0.0333,1,1,1,1,0.0,0.0,0.0,0.0,1.87,0.0,0.0,0.0167,1,5,1,1,0.0,0.0,0.0001,0.0,1.87,0.0,0.0001,0.0167,1,0,0,0,0,0
1778545692.614906,2026-05-12 03:28:12,0,0,0,0.0,0.0,0.0,0.0,0.0,0.0,0.0,0.0,0,1,1,1,0.0,0.0,0.0,0.0,1.87,0.0,0.0,0.0167,1,5,1,1,0.0,0.0,0.0001,0.0,1.87,0.0,0.0001,0.0167,1,0,0,0,0,0
1778545722.614906,2026-05-12 03:28:42,1,1,1,0.0,0.0,0.0,0.0,3.73,0.0,0.0,0.0333,1,1,1,1,0.0,0.0,0.0,0.0,1.87,0.0,0.0,0.0167,1,5,1,1,0.0,0.0,0.0001,0.0,1.87,0.0,0.0001,0.0167,1,0,0,0,0,0
1778545752.614906,2026-05-12 03:29:12,0,0,0,0.0,0.0,0.0,0.0,0.0,0.0,0.0,0.0,0,1,1,1,0.0,0.0,0.0,0.0,1.87,0.0,0.0,0.0167,1,5,1,1,0.0,0.0,0.0001,0.0,1.87,0.0,0.0001,0.0167,1,0,0,0,0,0
1778545782.614906,2026-05-12 03:29:42,1,1,1,0.0,0.0,0.0,0.0,3.73,0.0,0.0,0.0333,1,1,1,1,0.0,0.0,0.0,0.0,1.87,0.0,0.0,0.0167,1,5,1,1,0.0,0.0,0.0,0.0,1.87,0.0,0.0001,0.0167,1,0,0,0,0,0
1778545812.614906,2026-05-12 03:30:12,0,0,0,0.0,0.0,0.0,0.0,0.0,0.0,0.0,0.0,0,1,1,1,0.0,0.0,0.0,0.0,1.87,0.0,0.0,0.0167,1,5,1,1,0.0,0.0,0.0,0.0,1.87,0.0,0.0001,0.0167,1,0,0,0,0,0
1778545842.614906,2026-05-12 03:30:42,1,1,1,0.0,0.0,0.0,0.0,3.73,0.0,0.0,0.0333,1,1,1,1,0.0,0.0,0.0,0.0,1.87,0.0,0.0,0.0167,1,5,1,1,0.0,0.0,0.0,0.0,1.87,0.0,0.0001,0.0167,1,0,0,0,0,0
1778545872.614906,2026-05-12 03:31:12,0,0,0,0.0,0.0,0.0,0.0,0.0,0.0,0.0,0.0,0,1,1,1,0.0,0.0,0.0,0.0,1.87,0.0,0.0,0.0167,1,5,1,1,0.0,0.0,0.0,0.0,1.87,0.0,0.0001,0.0167,1,0,0,0,0,0
1778545902.614906,2026-05-12 03:31:42,1,1,1,0.0,0.0,0.0,0.0,3.73,0.0,0.0,0.0333,1,1,1,1,0.0,0.0,0.0,0.0,1.87,0.0,0.0,0.0167,1,5,1,1,0.0,0.0,0.0,0.0,1.87,0.0,0.0001,0.0167,1,0,0,0,0,0
1778545932.614906,2026-05-12 03:32:12,0,0,0,0.0,0.0,0.0,0.0,0.0,0.0,0.0,0.0,0,1,1,1,0.0,0.0,0.0,0.0,1.87,0.0,0.0,0.0167,1,5,1,1,0.0,0.0,0.0,0.0,1.87,0.0,0.0001,0.0167,1,0,0,0,0,0
1778545962.614906,2026-05-12 03:32:42,1,1,1,0.0,0.0,0.0,0.0,3.73,0.0,0.0,0.0333,1,1,1,1,0.0,0.0,0.0,0.0,1.87,0.0,0.0,0.0167,1,5,1,1,0.0,0.0,0.0,0.0,1.87,0.0,0.0001,0.0167,1,0,0,0,0,0
1778545992.614906,2026-05-12 03:33:12,0,0,0,0.0,0.0,0.0,0.0,0.0,0.0,0.0,0.0,0,1,1,1,0.0,0.0,0.0,0.0,1.87,0.0,0.0,0.0167,1,5,1,1,0.0,0.0,0.0,0.0,1.87,0.0,0.0001,0.0167,1,0,0,0,0,0
1778546022.614906,2026-05-12 03:33:42,1,1,1,0.0,0.0,0.0001,0.0,3.73,0.0,0.0,0.0333,1,1,1,1,0.0,0.0,0.0001,0.0,1.87,0.0,0.0,0.0167,1,5,1,1,0.0,0.0,0.0,0.0,1.87,0.0,0.0001,0.0167,1,0,0,0,0,0
1778546052.614906,2026-05-12 03:34:12,0,0,0,0.0,0.0,0.0,0.0,0.0,0.0,0.0,0.0,0,1,1,1,0.0,0.0,0.0001,0.0,1.87,0.0,0.0,0.0167,1,5,1,1,0.0,0.0,0.0,0.0,1.87,0.0,0.0001,0.0167,1,0,0,0,0,0
1778546082.614906,2026-05-12 03:34:42,1,1,1,0.0,0.0,0.0,0.0,3.73,0.0,0.0,0.0333,1,1,1,1,0.0,0.0,0.0,0.0,1.87,0.0,0.0,0.0167,1,5,1,1,0.0,0.0,0.0,0.0,1.87,0.0,0.0001,0.0167,1,0,0,0,0,0
1778546112.614906,2026-05-12 03:35:12,0,0,0,0.0,0.0,0.0,0.0,0.0,0.0,0.0,0.0,0,1,1,1,0.0,0.0,0.0,0.0,1.87,0.0,0.0,0.0167,1,5,1,1,0.0,0.0,0.0,0.0,1.87,0.0,0.0001,0.0167,1,0,0,0,0,0
1778546142.614906,2026-05-12 03:35:42,1,1,1,0.0,0.0,0.0,0.0,3.73,0.0,0.0,0.0333,1,1,1,1,0.0,0.0,0.0,0.0,1.87,0.0,0.0,0.0167,1,5,1,1,0.0,0.0,0.0,0.0,1.87,0.0,0.0,0.0167,1,0,0,0,0,0
1778546172.614906,2026-05-12 03:36:12,0,0,0,0.0,0.0,0.0,0.0,0.0,0.0,0.0,0.0,0,1,1,1,0.0,0.0,0.0,0.0,1.87,0.0,0.0,0.0167,1,5,1,1,0.0,0.0,0.0,0.0,1.87,0.0,0.0,0.0167,1,0,0,0,0,0
1778546202.614906,2026-05-12 03:36:42,0,0,0,0.0,0.0,0.0,0.0,0.0,0.0,0.0,0.0,0,0,0,0,0.0,0.0,0.0,0.0,0.0,0.0,0.0,0.0,0,4,1,1,0.0,0.0,0.0,0.0,1.49,0.0,0.0,0.0133,1,0,0,0,0,0
1778546232.614906,2026-05-12 03:37:12,0,0,0,0.0,0.0,0.0,0.0,0.0,0.0,0.0,0.0,0,0,0,0,0.0,0.0,0.0,0.0,0.0,0.0,0.0,0.0,0,4,1,1,0.0,0.0,0.0,0.0,1.49,0.0,0.0,0.0133,1,0,0,0,0,0
1778546262.614906,2026-05-12 03:37:42,0,0,0,0.0,0.0,0.0,0.0,0.0,0.0,0.0,0.0,0,0,0,0,0.0,0.0,0.0,0.0,0.0,0.0,0.0,0.0,0,3,1,1,0.0,0.0,0.0001,0.0,1.12,0.0,0.0,0.01,1,0,0,0,0,0
1778546292.614906,2026-05-12 03:38:12,0,0,0,0.0,0.0,0.0,0.0,0.0,0.0,0.0,0.0,0,0,0,0,0.0,0.0,0.0,0.0,0.0,0.0,0.0,0.0,0,3,1,1,0.0,0.0,0.0001,0.0,1.12,0.0,0.0,0.01,1,0,0,0,0,0
1778546322.614906,2026-05-12 03:38:42,0,0,0,0.0,0.0,0.0,0.0,0.0,0.0,0.0,0.0,0,0,0,0,0.0,0.0,0.0,0.0,0.0,0.0,0.0,0.0,0,2,1,1,0.0,0.0,0.0,0.0,0.75,0.0,0.0,0.0067,1,0,0,0,0,0
1778546352.614906,2026-05-12 03:39:12,0,0,0,0.0,0.0,0.0,0.0,0.0,0.0,0.0,0.0,0,0,0,0,0.0,0.0,0.0,0.0,0.0,0.0,0.0,0.0,0,2,1,1,0.0,0.0,0.0,0.0,0.75,0.0,0.0,0.0067,1,0,0,0,0,0
1778546382.614906,2026-05-12 03:39:42,0,0,0,0.0,0.0,0.0,0.0,0.0,0.0,0.0,0.0,0,0,0,0,0.0,0.0,0.0,0.0,0.0,0.0,0.0,0.0,0,1,1,1,0.0,0.0,0.0,0.0,0.37,0.0,0.0,0.0033,1,0,0,0,0,0
1778546412.614906,2026-05-12 03:40:12,0,0,0,0.0,0.0,0.0,0.0,0.0,0.0,0.0,0.0,0,0,0,0,0.0,0.0,0.0,0.0,0.0,0.0,0.0,0.0,0,1,1,1,0.0,0.0,0.0,0.0,0.37,0.0,0.0,0.0033,1,0,0,0,0,0
1778546442.614906,2026-05-12 03:40:42,0,0,0,0.0,0.0,0.0,0.0,0.0,0.0,0.0,0.0,0,0,0,0,0.0,0.0,0.0,0.0,0.0,0.0,0.0,0.0,0,0,0,0,0.0,0.0,0.0,0.0,0.0,0.0,0.0,0.0,0,0,0,0,0,0
1778546472.614906,2026-05-12 03:41:12,1,1,1,0.0,0.0,0.0195,0.0,10.3,0.0,0.0,0.0333,1,1,1,1,0.0,0.0,0.0195,0.0,5.15,0.0,0.0,0.0167,1,1,1,1,0.0,0.0,0.0195,0.0,1.03,0.0,0.0,0.0033,1,0,0,0,0,0
1778546502.614906,2026-05-12 03:41:42,0,0,0,0.0,0.0,0.0,0.0,0.0,0.0,0.0,0.0,0,1,1,1,0.0,0.0,0.0195,0.0,5.15,0.0,0.0,0.0167,1,1,1,1,0.0,0.0,0.0195,0.0,1.03,0.0,0.0,0.0033,1,0,0,0,0,0
1778546532.614906,2026-05-12 03:42:12,0,0,0,0.0,0.0,0.0,0.0,0.0,0.0,0.0,0.0,0,0,0,0,0.0,0.0,0.0,0.0,0.0,0.0,0.0,0.0,0,1,1,1,0.0,0.0,0.0195,0.0,1.03,0.0,0.0,0.0033,1,0,0,0,0,0
1778546562.614906,2026-05-12 03:42:42,0,0,0,0.0,0.0,0.0,0.0,0.0,0.0,0.0,0.0,0,0,0,0,0.0,0.0,0.0,0.0,0.0,0.0,0.0,0.0,0,1,1,1,0.0,0.0,0.0195,0.0,1.03,0.0,0.0,0.0033,1,0,0,0,0,0
1778546592.614906,2026-05-12 03:43:12,0,0,0,0.0,0.0,0.0,0.0,0.0,0.0,0.0,0.0,0,0,0,0,0.0,0.0,0.0,0.0,0.0,0.0,0.0,0.0,0,1,1,1,0.0,0.0,0.0195,0.0,1.03,0.0,0.0,0.0033,1,0,0,0,0,0
1778546622.614906,2026-05-12 03:43:42,0,0,0,0.0,0.0,0.0,0.0,0.0,0.0,0.0,0.0,0,0,0,0,0.0,0.0,0.0,0.0,0.0,0.0,0.0,0.0,0,1,1,1,0.0,0.0,0.0195,0.0,1.03,0.0,0.0,0.0033,1,0,0,0,0,0
1778546652.614906,2026-05-12 03:44:12,0,0,0,0.0,0.0,0.0,0.0,0.0,0.0,0.0,0.0,0,0,0,0,0.0,0.0,0.0,0.0,0.0,0.0,0.0,0.0,0,1,1,1,0.0,0.0,0.0195,0.0,1.03,0.0,0.0,0.0033,1,0,0,0,0,0
1778546682.614906,2026-05-12 03:44:42,0,0,0,0.0,0.0,0.0,0.0,0.0,0.0,0.0,0.0,0,0,0,0,0.0,0.0,0.0,0.0,0.0,0.0,0.0,0.0,0,1,1,1,0.0,0.0,0.0195,0.0,1.03,0.0,0.0,0.0033,1,0,0,0,0,0
1778546712.614906,2026-05-12 03:45:12,0,0,0,0.0,0.0,0.0,0.0,0.0,0.0,0.0,0.0,0,0,0,0,0.0,0.0,0.0,0.0,0.0,0.0,0.0,0.0,0,1,1,1,0.0,0.0,0.0195,0.0,1.03,0.0,0.0,0.0033,1,0,0,0,0,0
1778546742.614906,2026-05-12 03:45:42,0,0,0,0.0,0.0,0.0,0.0,0.0,0.0,0.0,0.0,0,0,0,0,0.0,0.0,0.0,0.0,0.0,0.0,0.0,0.0,0,1,1,1,0.0,0.0,0.0195,0.0,1.03,0.0,0.0,0.0033,1,0,0,0,0,0
1778546772.614906,2026-05-12 03:46:12,0,0,0,0.0,0.0,0.0,0.0,0.0,0.0,0.0,0.0,0,0,0,0,0.0,0.0,0.0,0.0,0.0,0.0,0.0,0.0,0,0,0,0,0.0,0.0,0.0,0.0,0.0,0.0,0.0,0.0,0,0,0,0,0,0
1778546802.614906,2026-05-12 03:46:42,1,1,1,0.0,0.0,0.0001,0.0,3.73,0.0,0.0,0.0333,1,1,1,1,0.0,0.0,0.0001,0.0,1.87,0.0,0.0,0.0167,1,1,1,1,0.0,0.0,0.0001,0.0,0.37,0.0,0.0,0.0033,1,0,0,0,0,0
1778546832.614906,2026-05-12 03:47:12,0,0,0,0.0,0.0,0.0,0.0,0.0,0.0,0.0,0.0,0,1,1,1,0.0,0.0,0.0001,0.0,1.87,0.0,0.0,0.0167,1,1,1,1,0.0,0.0,0.0001,0.0,0.37,0.0,0.0,0.0033,1,0,0,0,0,0
1778546862.614906,2026-05-12 03:47:42,1,1,1,0.0,0.0,0.0001,0.0,3.73,0.0,0.0,0.0333,1,1,1,1,0.0,0.0,0.0001,0.0,1.87,0.0,0.0,0.0167,1,2,1,1,0.0,0.0,0.0001,0.0,0.75,0.0,0.0,0.0067,1,0,0,0,0,0
1778546892.614906,2026-05-12 03:48:12,1,1,1,0.0,0.0,0.0684,1.0,1.6,0.0,0.0,0.0333,1,2,2,2,0.0,0.0,0.0342,0.5,2.67,0.0625,0.0,0.0167,1,3,2,2,0.0,0.0,0.0228,0.3333,0.91,0.0574,0.0586,0.0067,1,0,0,0,0,0
1778546922.614906,2026-05-12 03:48:42,0,0,0,0.0,0.0,0.0,0.0,0.0,0.0,0.0,0.0,0,1,1,1,0.0,0.0,0.0684,1.0,0.8,0.0,0.0,0.0167,1,3,2,2,0.0,0.0,0.0228,0.3333,0.91,0.0574,0.0586,0.0067,1,0,0,0,0,0
1778546952.614906,2026-05-12 03:49:12,0,0,0,0.0,0.0,0.0,0.0,0.0,0.0,0.0,0.0,0,0,0,0,0.0,0.0,0.0,0.0,0.0,0.0,0.0,0.0,0,3,2,2,0.0,0.0,0.0228,0.3333,0.91,0.0574,0.0586,0.0067,1,0,0,0,0,0
1778546982.614906,2026-05-12 03:49:42,1,1,1,0.0,0.0,0.0001,0.0,3.73,0.0,0.0,0.0333,1,1,1,1,0.0,0.0,0.0001,0.0,1.87,0.0,0.0,0.0167,1,4,2,2,0.0,0.0,0.0171,0.25,1.28,0.0507,0.0603,0.01,1,0,0,0,0,0
1778547012.614906,2026-05-12 03:50:12,0,0,0,0.0,0.0,0.0,0.0,0.0,0.0,0.0,0.0,0,1,1,1,0.0,0.0,0.0001,0.0,1.87,0.0,0.0,0.0167,1,4,2,2,0.0,0.0,0.0171,0.25,1.28,0.0507,0.0603,0.01,1,0,0,0,0,0
1778547042.614906,2026-05-12 03:50:42,1,1,1,0.0,0.0,0.0,0.0,3.73,0.0,0.0,0.0333,1,1,1,1,0.0,0.0,0.0,0.0,1.87,0.0,0.0,0.0167,1,5,2,2,0.0,0.0,0.0137,0.2,1.65,0.0451,0.0522,0.0133,1,0,0,0,0,0
1778547072.614906,2026-05-12 03:51:12,0,0,0,0.0,0.0,0.0,0.0,0.0,0.0,0.0,0.0,0,1,1,1,0.0,0.0,0.0,0.0,1.87,0.0,0.0,0.0167,1,5,2,2,0.0,0.0,0.0137,0.2,1.65,0.0451,0.0522,0.0133,1,0,0,0,0,0
1778547102.614906,2026-05-12 03:51:42,0,0,0,0.0,0.0,0.0,0.0,0.0,0.0,0.0,0.0,0,0,0,0,0.0,0.0,0.0,0.0,0.0,0.0,0.0,0.0,0,4,2,2,0.0,0.0,0.0171,0.25,1.28,0.0507,0.0603,0.01,1,0,0,0,0,0
1778547132.614906,2026-05-12 03:52:12,0,0,0,0.0,0.0,0.0,0.0,0.0,0.0,0.0,0.0,0,0,0,0,0.0,0.0,0.0,0.0,0.0,0.0,0.0,0.0,0,4,2,2,0.0,0.0,0.0171,0.25,1.28,0.0507,0.0603,0.01,1,0,0,0,0,0
1778547162.614906,2026-05-12 03:52:42,0,0,0,0.0,0.0,0.0,0.0,0.0,0.0,0.0,0.0,0,0,0,0,0.0,0.0,0.0,0.0,0.0,0.0,0.0,0.0,0,3,2,2,0.0,0.0,0.0228,0.3333,0.91,0.0574,0.027,0.0067,1,0,0,0,0,0
1778547192.614906,2026-05-12 03:53:12,0,0,0,0.0,0.0,0.0,0.0,0.0,0.0,0.0,0.0,0,0,0,0,0.0,0.0,0.0,0.0,0.0,0.0,0.0,0.0,0,2,1,1,0.0,0.0,0.0001,0.0,0.75,0.0,0.0,0.0067,1,0,0,0,0,0
1778547222.614906,2026-05-12 03:53:42,0,0,0,0.0,0.0,0.0,0.0,0.0,0.0,0.0,0.0,0,0,0,0,0.0,0.0,0.0,0.0,0.0,0.0,0.0,0.0,0,2,1,1,0.0,0.0,0.0001,0.0,0.75,0.0,0.0,0.0067,1,0,0,0,0,0
1778547252.614906,2026-05-12 03:54:12,0,0,0,0.0,0.0,0.0,0.0,0.0,0.0,0.0,0.0,0,0,0,0,0.0,0.0,0.0,0.0,0.0,0.0,0.0,0.0,0,2,1,1,0.0,0.0,0.0001,0.0,0.75,0.0,0.0,0.0067,1,0,0,0,0,0
1778547282.614906,2026-05-12 03:54:42,0,0,0,0.0,0.0,0.0,0.0,0.0,0.0,0.0,0.0,0,0,0,0,0.0,0.0,0.0,0.0,0.0,0.0,0.0,0.0,0,1,1,1,0.0,0.0,0.0,0.0,0.37,0.0,0.0,0.0033,1,0,0,0,0,0
1778547312.614906,2026-05-12 03:55:12,0,0,0,0.0,0.0,0.0,0.0,0.0,0.0,0.0,0.0,0,0,0,0,0.0,0.0,0.0,0.0,0.0,0.0,0.0,0.0,0,1,1,1,0.0,0.0,0.0,0.0,0.37,0.0,0.0,0.0033,1,0,0,0,0,0
1778547342.614906,2026-05-12 03:55:42,0,0,0,0.0,0.0,0.0,0.0,0.0,0.0,0.0,0.0,0,0,0,0,0.0,0.0,0.0,0.0,0.0,0.0,0.0,0.0,0,0,0,0,0.0,0.0,0.0,0.0,0.0,0.0,0.0,0.0,0,0,0,0,0,0
1778547372.614906,2026-05-12 03:56:12,0,0,0,0.0,0.0,0.0,0.0,0.0,0.0,0.0,0.0,0,0,0,0,0.0,0.0,0.0,0.0,0.0,0.0,0.0,0.0,0,0,0,0,0.0,0.0,0.0,0.0,0.0,0.0,0.0,0.0,0,0,0,0,0,0
1778547402.614906,2026-05-12 03:56:42,1,1,1,0.0,0.0,0.0001,0.0,3.73,0.0,0.0,0.0333,1,1,1,1,0.0,0.0,0.0001,0.0,1.87,0.0,0.0,0.0167,1,1,1,1,0.0,0.0,0.0001,0.0,0.37,0.0,0.0,0.0033,1,0,0,0,0,0
1778547432.614906,2026-05-12 03:57:12,0,0,0,0.0,0.0,0.0,0.0,0.0,0.0,0.0,0.0,0,1,1,1,0.0,0.0,0.0001,0.0,1.87,0.0,0.0,0.0167,1,1,1,1,0.0,0.0,0.0001,0.0,0.37,0.0,0.0,0.0033,1,0,0,0,0,0
1778547462.614906,2026-05-12 03:57:42,1,1,1,0.0,0.0,0.0001,0.0,3.73,0.0,0.0,0.0333,1,1,1,1,0.0,0.0,0.0001,0.0,1.87,0.0,0.0,0.0167,1,2,1,1,0.0,0.0,0.0001,0.0,0.75,0.0,0.0,0.0067,1,0,0,0,0,0
1778547492.614906,2026-05-12 03:58:12,0,0,0,0.0,0.0,0.0,0.0,0.0,0.0,0.0,0.0,0,1,1,1,0.0,0.0,0.0001,0.0,1.87,0.0,0.0,0.0167,1,2,1,1,0.0,0.0,0.0001,0.0,0.75,0.0,0.0,0.0067,1,0,0,0,0,0
1778547522.614906,2026-05-12 03:58:42,0,0,0,0.0,0.0,0.0,0.0,0.0,0.0,0.0,0.0,0,0,0,0,0.0,0.0,0.0,0.0,0.0,0.0,0.0,0.0,0,2,1,1,0.0,0.0,0.0001,0.0,0.75,0.0,0.0,0.0067,1,0,0,0,0,0
1778547552.614906,2026-05-12 03:59:12,0,0,0,0.0,0.0,0.0,0.0,0.0,0.0,0.0,0.0,0,0,0,0,0.0,0.0,0.0,0.0,0.0,0.0,0.0,0.0,0,2,1,1,0.0,0.0,0.0001,0.0,0.75,0.0,0.0,0.0067,1,0,0,0,0,0
1778547582.614906,2026-05-12 03:59:42,0,0,0,0.0,0.0,0.0,0.0,0.0,0.0,0.0,0.0,0,0,0,0,0.0,0.0,0.0,0.0,0.0,0.0,0.0,0.0,0,2,1,1,0.0,0.0,0.0001,0.0,0.75,0.0,0.0,0.0067,1,0,0,0,0,0
1778547612.614906,2026-05-12 04:00:12,9,1,1,0.0,0.3,0.0596,0.0,44.13,0.0,0.0973,0.3,1,9,1,1,0.0,0.15,0.0596,0.0,22.07,0.0,0.0973,0.15,1,11,2,2,0.0,0.03,0.0487,0.0,5.16,0.0428,0.2179,0.03,1,0,0,0,0,0
1778547642.614906,2026-05-12 04:00:42,0,0,0,0.0,0.0,0.0,0.0,0.0,0.0,0.0,0.0,0,9,1,1,0.0,0.15,0.0596,0.0,22.07,0.0,0.0973,0.15,1,11,2,2,0.0,0.03,0.0487,0.0,5.16,0.0428,0.2179,0.03,1,0,0,0,0,0
1778547672.614906,2026-05-12 04:01:12,0,0,0,0.0,0.0,0.0,0.0,0.0,0.0,0.0,0.0,0,0,0,0,0.0,0.0,0.0,0.0,0.0,0.0,0.0,0.0,0,11,2,2,0.0,0.03,0.0487,0.0,5.16,0.0428,0.2179,0.03,1,0,0,0,0,0
1778547702.614906,2026-05-12 04:01:42,0,0,0,0.0,0.0,0.0,0.0,0.0,0.0,0.0,0.0,0,0,0,0,0.0,0.0,0.0,0.0,0.0,0.0,0.0,0.0,0,10,2,2,0.0,0.03,0.0536,0.0,4.79,0.0293,0.2816,0.03,1,0,0,0,0,0
1778547732.614906,2026-05-12 04:02:12,0,0,0,0.0,0.0,0.0,0.0,0.0,0.0,0.0,0.0,0,0,0,0,0.0,0.0,0.0,0.0,0.0,0.0,0.0,0.0,0,10,2,2,0.0,0.03,0.0536,0.0,4.79,0.0293,0.2816,0.03,1,0,0,0,0,0
1778547762.614906,2026-05-12 04:02:42,0,0,0,0.0,0.0,0.0,0.0,0.0,0.0,0.0,0.0,0,0,0,0,0.0,0.0,0.0,0.0,0.0,0.0,0.0,0.0,0,9,1,1,0.0,0.03,0.0596,0.0,4.41,0.0,0.0973,0.03,1,0,0,0,0,0
1778547792.614906,2026-05-12 04:03:12,0,0,0,0.0,0.0,0.0,0.0,0.0,0.0,0.0,0.0,0,0,0,0,0.0,0.0,0.0,0.0,0.0,0.0,0.0,0.0,0,9,1,1,0.0,0.03,0.0596,0.0,4.41,0.0,0.0973,0.03,1,0,0,0,0,0
1778547822.614906,2026-05-12 04:03:42,0,0,0,0.0,0.0,0.0,0.0,0.0,0.0,0.0,0.0,0,0,0,0,0.0,0.0,0.0,0.0,0.0,0.0,0.0,0.0,0,9,1,1,0.0,0.03,0.0596,0.0,4.41,0.0,0.0973,0.03,1,0,0,0,0,0
1778547852.614906,2026-05-12 04:04:12,0,0,0,0.0,0.0,0.0,0.0,0.0,0.0,0.0,0.0,0,0,0,0,0.0,0.0,0.0,0.0,0.0,0.0,0.0,0.0,0,9,1,1,0.0,0.03,0.0596,0.0,4.41,0.0,0.0973,0.03,1,0,0,0,0,0
1778547882.614906,2026-05-12 04:04:42,0,0,0,0.0,0.0,0.0,0.0,0.0,0.0,0.0,0.0,0,0,0,0,0.0,0.0,0.0,0.0,0.0,0.0,0.0,0.0,0,9,1,1,0.0,0.03,0.0596,0.0,4.41,0.0,0.0973,0.03,1,0,0,0,0,0
1778547912.614906,2026-05-12 04:05:12,0,0,0,0.0,0.0,0.0,0.0,0.0,0.0,0.0,0.0,0,0,0,0,0.0,0.0,0.0,0.0,0.0,0.0,0.0,0.0,0,0,0,0,0.0,0.0,0.0,0.0,0.0,0.0,0.0,0.0,0,0,0,0,0,0
1778547942.614906,2026-05-12 04:05:42,0,0,0,0.0,0.0,0.0,0.0,0.0,0.0,0.0,0.0,0,0,0,0,0.0,0.0,0.0,0.0,0.0,0.0,0.0,0.0,0,0,0,0,0.0,0.0,0.0,0.0,0.0,0.0,0.0,0.0,0,0,0,0,0,0
1778547972.614906,2026-05-12 04:06:12,0,0,0,0.0,0.0,0.0,0.0,0.0,0.0,0.0,0.0,0,0,0,0,0.0,0.0,0.0,0.0,0.0,0.0,0.0,0.0,0,0,0,0,0.0,0.0,0.0,0.0,0.0,0.0,0.0,0.0,0,0,0,0,0,0
1778548002.614906,2026-05-12 04:06:42,0,0,0,0.0,0.0,0.0,0.0,0.0,0.0,0.0,0.0,0,0,0,0,0.0,0.0,0.0,0.0,0.0,0.0,0.0,0.0,0,0,0,0,0.0,0.0,0.0,0.0,0.0,0.0,0.0,0.0,0,0,0,0,0,0
1778548032.614906,2026-05-12 04:07:12,1,1,1,0.0,0.0,0.0001,0.0,3.73,0.0,0.0,0.0333,1,1,1,1,0.0,0.0,0.0001,0.0,1.87,0.0,0.0,0.0167,1,1,1,1,0.0,0.0,0.0001,0.0,0.37,0.0,0.0,0.0033,1,0,0,0,0,0
1778548062.614906,2026-05-12 04:07:42,0,0,0,0.0,0.0,0.0,0.0,0.0,0.0,0.0,0.0,0,1,1,1,0.0,0.0,0.0001,0.0,1.87,0.0,0.0,0.0167,1,1,1,1,0.0,0.0,0.0001,0.0,0.37,0.0,0.0,0.0033,1,0,0,0,0,0
1778548092.614906,2026-05-12 04:08:12,1,1,1,0.0,0.0,0.0001,0.0,3.73,0.0,0.0,0.0333,1,1,1,1,0.0,0.0,0.0001,0.0,1.87,0.0,0.0,0.0167,1,2,1,1,0.0,0.0,0.0001,0.0,0.75,0.0,0.0,0.0067,1,0,0,0,0,0
1778548122.614906,2026-05-12 04:08:42,0,0,0,0.0,0.0,0.0,0.0,0.0,0.0,0.0,0.0,0,1,1,1,0.0,0.0,0.0001,0.0,1.87,0.0,0.0,0.0167,1,2,1,1,0.0,0.0,0.0001,0.0,0.75,0.0,0.0,0.0067,1,0,0,0,0,0
1778548152.614906,2026-05-12 04:09:12,1,1,1,0.0,0.0,0.0001,0.0,3.73,0.0,0.0,0.0333,1,1,1,1,0.0,0.0,0.0001,0.0,1.87,0.0,0.0,0.0167,1,3,1,1,0.0,0.0,0.0001,0.0,1.12,0.0,0.0001,0.01,1,0,0,0,0,0
1778548182.614906,2026-05-12 04:09:42,0,0,0,0.0,0.0,0.0,0.0,0.0,0.0,0.0,0.0,0,1,1,1,0.0,0.0,0.0001,0.0,1.87,0.0,0.0,0.0167,1,3,1,1,0.0,0.0,0.0001,0.0,1.12,0.0,0.0001,0.01,1,0,0,0,0,0
1778548212.614906,2026-05-12 04:10:12,1,1,1,0.0,0.0,0.0001,0.0,3.73,0.0,0.0,0.0333,1,1,1,1,0.0,0.0,0.0001,0.0,1.87,0.0,0.0,0.0167,1,4,1,1,0.0,0.0,0.0001,0.0,1.49,0.0,0.0001,0.0133,1,0,0,0,0,0
1778548242.614906,2026-05-12 04:10:42,0,0,0,0.0,0.0,0.0,0.0,0.0,0.0,0.0,0.0,0,1,1,1,0.0,0.0,0.0001,0.0,1.87,0.0,0.0,0.0167,1,4,1,1,0.0,0.0,0.0001,0.0,1.49,0.0,0.0001,0.0133,1,0,0,0,0,0
1778548272.614906,2026-05-12 04:11:12,0,0,0,0.0,0.0,0.0,0.0,0.0,0.0,0.0,0.0,0,0,0,0,0.0,0.0,0.0,0.0,0.0,0.0,0.0,0.0,0,4,1,1,0.0,0.0,0.0001,0.0,1.49,0.0,0.0001,0.0133,1,0,0,0,0,0
1778548302.614906,2026-05-12 04:11:42,0,0,0,0.0,0.0,0.0,0.0,0.0,0.0,0.0,0.0,0,0,0,0,0.0,0.0,0.0,0.0,0.0,0.0,0.0,0.0,0,4,1,1,0.0,0.0,0.0001,0.0,1.49,0.0,0.0001,0.0133,1,0,0,0,0,0
1778548332.614906,2026-05-12 04:12:12,1,1,1,0.0,0.0,0.0001,0.0,3.73,0.0,0.0,0.0333,1,1,1,1,0.0,0.0,0.0001,0.0,1.87,0.0,0.0,0.0167,1,4,1,1,0.0,0.0,0.0001,0.0,1.49,0.0,0.0354,0.0133,1,0,0,0,0,0
1778548362.614906,2026-05-12 04:12:42,0,0,0,0.0,0.0,0.0,0.0,0.0,0.0,0.0,0.0,0,1,1,1,0.0,0.0,0.0001,0.0,1.87,0.0,0.0,0.0167,1,4,1,1,0.0,0.0,0.0001,0.0,1.49,0.0,0.0354,0.0133,1,0,0,0,0,0
1778548392.614906,2026-05-12 04:13:12,1,1,1,0.0,0.0,0.0,0.0,3.73,0.0,0.0,0.0333,1,1,1,1,0.0,0.0,0.0,0.0,1.87,0.0,0.0,0.0167,1,4,1,1,0.0,0.0,0.0001,0.0,1.49,0.0,0.0355,0.0133,1,0,0,0,0,0
1778548422.614906,2026-05-12 04:13:42,0,0,0,0.0,0.0,0.0,0.0,0.0,0.0,0.0,0.0,0,1,1,1,0.0,0.0,0.0,0.0,1.87,0.0,0.0,0.0167,1,4,1,1,0.0,0.0,0.0001,0.0,1.49,0.0,0.0355,0.0133,1,0,0,0,0,0
1778548452.614906,2026-05-12 04:14:12,1,1,1,0.0,0.0,0.0001,0.0,3.73,0.0,0.0,0.0333,1,1,1,1,0.0,0.0,0.0001,0.0,1.87,0.0,0.0,0.0167,1,4,1,1,0.0,0.0,0.0001,0.0,1.49,0.0,0.0354,0.0133,1,0,0,0,0,0
1778548482.614906,2026-05-12 04:14:42,0,0,0,0.0,0.0,0.0,0.0,0.0,0.0,0.0,0.0,0,1,1,1,0.0,0.0,0.0001,0.0,1.87,0.0,0.0,0.0167,1,4,1,1,0.0,0.0,0.0001,0.0,1.49,0.0,0.0354,0.0133,1,0,0,0,0,0
1778548512.614906,2026-05-12 04:15:12,0,0,0,0.0,0.0,0.0,0.0,0.0,0.0,0.0,0.0,0,0,0,0,0.0,0.0,0.0,0.0,0.0,0.0,0.0,0.0,0,3,1,1,0.0,0.0,0.0001,0.0,1.12,0.0,0.0,0.01,1,0,0,0,0,0
1778548542.614906,2026-05-12 04:15:42,0,0,0,0.0,0.0,0.0,0.0,0.0,0.0,0.0,0.0,0,0,0,0,0.0,0.0,0.0,0.0,0.0,0.0,0.0,0.0,0,3,1,1,0.0,0.0,0.0001,0.0,1.12,0.0,0.0,0.01,1,0,0,0,0,0
1778548572.614906,2026-05-12 04:16:12,1,1,1,0.0,0.0,0.0,0.0,3.73,0.0,0.0,0.0333,1,1,1,1,0.0,0.0,0.0,0.0,1.87,0.0,0.0,0.0167,1,4,1,1,0.0,0.0,0.0,0.0,1.49,0.0,0.0354,0.0133,1,0,0,0,0,0
1778548602.614906,2026-05-12 04:16:42,0,0,0,0.0,0.0,0.0,0.0,0.0,0.0,0.0,0.0,0,1,1,1,0.0,0.0,0.0,0.0,1.87,0.0,0.0,0.0167,1,4,1,1,0.0,0.0,0.0,0.0,1.49,0.0,0.0354,0.0133,1,0,0,0,0,0
1778548632.614906,2026-05-12 04:17:12,1,1,1,0.0,0.0,0.0,0.0,3.73,0.0,0.0,0.0333,1,1,1,1,0.0,0.0,0.0,0.0,1.87,0.0,0.0,0.0167,1,4,1,1,0.0,0.0,0.0,0.0,1.49,0.0,0.0354,0.0133,1,0,0,0,0,0
1778548662.614906,2026-05-12 04:17:42,0,0,0,0.0,0.0,0.0,0.0,0.0,0.0,0.0,0.0,0,1,1,1,0.0,0.0,0.0,0.0,1.87,0.0,0.0,0.0167,1,4,1,1,0.0,0.0,0.0,0.0,1.49,0.0,0.0354,0.0133,1,0,0,0,0,0
1778548692.614906,2026-05-12 04:18:12,1,1,1,0.0,0.0,0.0001,0.0,3.73,0.0,0.0,0.0333,1,1,1,1,0.0,0.0,0.0001,0.0,1.87,0.0,0.0,0.0167,1,4,1,1,0.0,0.0,0.0001,0.0,1.49,0.0,0.0354,0.0133,1,0,0,0,0,0
1778548722.614906,2026-05-12 04:18:42,0,0,0,0.0,0.0,0.0,0.0,0.0,0.0,0.0,0.0,0,1,1,1,0.0,0.0,0.0001,0.0,1.87,0.0,0.0,0.0167,1,4,1,1,0.0,0.0,0.0001,0.0,1.49,0.0,0.0354,0.0133,1,0,0,0,0,0
1778548752.614906,2026-05-12 04:19:12,1,1,1,0.0,0.0,0.0,0.0,3.73,0.0,0.0,0.0333,1,1,1,1,0.0,0.0,0.0,0.0,1.87,0.0,0.0,0.0167,1,4,1,1,0.0,0.0,0.0001,0.0,1.49,0.0,0.0,0.0133,1,0,0,0,0,0
1778548782.614906,2026-05-12 04:19:42,0,0,0,0.0,0.0,0.0,0.0,0.0,0.0,0.0,0.0,0,1,1,1,0.0,0.0,0.0,0.0,1.87,0.0,0.0,0.0167,1,4,1,1,0.0,0.0,0.0001,0.0,1.49,0.0,0.0,0.0133,1,0,0,0,0,0
1778548812.614906,2026-05-12 04:20:12,1,1,1,0.0,0.0,0.0001,0.0,3.73,0.0,0.0,0.0333,1,1,1,1,0.0,0.0,0.0001,0.0,1.87,0.0,0.0,0.0167,1,5,1,1,0.0,0.0,0.0001,0.0,1.87,0.0,0.0,0.0167,1,0,0,0,0,0
1778548842.614906,2026-05-12 04:20:42,0,0,0,0.0,0.0,0.0,0.0,0.0,0.0,0.0,0.0,0,1,1,1,0.0,0.0,0.0001,0.0,1.87,0.0,0.0,0.0167,1,5,1,1,0.0,0.0,0.0001,0.0,1.87,0.0,0.0,0.0167,1,0,0,0,0,0
1778548872.614906,2026-05-12 04:21:12,1,1,1,0.0,0.0,0.0,0.0,3.73,0.0,0.0,0.0333,1,1,1,1,0.0,0.0,0.0,0.0,1.87,0.0,0.0,0.0167,1,5,1,1,0.0,0.0,0.0001,0.0,1.87,0.0,0.0,0.0167,1,0,0,0,0,0
1778548902.614906,2026-05-12 04:21:42,0,0,0,0.0,0.0,0.0,0.0,0.0,0.0,0.0,0.0,0,1,1,1,0.0,0.0,0.0,0.0,1.87,0.0,0.0,0.0167,1,5,1,1,0.0,0.0,0.0001,0.0,1.87,0.0,0.0,0.0167,1,0,0,0,0,0
1778548932.614906,2026-05-12 04:22:12,1,1,1,0.0,0.0,0.0777,1.0,1.6,0.0,0.0,0.0333,1,1,1,1,0.0,0.0,0.0777,1.0,0.8,0.0,0.0,0.0167,1,5,2,2,0.0,0.0,0.0156,0.2,1.65,0.0451,0.0105,0.0133,1,0,0,0,0,0
1778548962.614906,2026-05-12 04:22:42,0,0,0,0.0,0.0,0.0,0.0,0.0,0.0,0.0,0.0,0,1,1,1,0.0,0.0,0.0777,1.0,0.8,0.0,0.0,0.0167,1,5,2,2,0.0,0.0,0.0156,0.2,1.65,0.0451,0.0105,0.0133,1,0,0,0,0,0
1778548992.614906,2026-05-12 04:23:12,0,0,0,0.0,0.0,0.0,0.0,0.0,0.0,0.0,0.0,0,0,0,0,0.0,0.0,0.0,0.0,0.0,0.0,0.0,0.0,0,4,2,2,0.0,0.0,0.0195,0.25,1.28,0.0507,0.0112,0.01,1,0,0,0,0,0
1778549022.614906,2026-05-12 04:23:42,0,0,0,0.0,0.0,0.0,0.0,0.0,0.0,0.0,0.0,0,0,0,0,0.0,0.0,0.0,0.0,0.0,0.0,0.0,0.0,0,4,2,2,0.0,0.0,0.0195,0.25,1.28,0.0507,0.0112,0.01,1,0,0,0,0,0
1778549052.614906,2026-05-12 04:24:12,0,0,0,0.0,0.0,0.0,0.0,0.0,0.0,0.0,0.0,0,0,0,0,0.0,0.0,0.0,0.0,0.0,0.0,0.0,0.0,0,3,2,2,0.0,0.0,0.0259,0.3333,0.91,0.0574,0.0114,0.0067,1,0,0,0,0,0
1778549082.614906,2026-05-12 04:24:42,0,0,0,0.0,0.0,0.0,0.0,0.0,0.0,0.0,0.0,0,0,0,0,0.0,0.0,0.0,0.0,0.0,0.0,0.0,0.0,0,3,2,2,0.0,0.0,0.0259,0.3333,0.91,0.0574,0.0114,0.0067,1,0,0,0,0,0
1778549112.614906,2026-05-12 04:25:12,0,0,0,0.0,0.0,0.0,0.0,0.0,0.0,0.0,0.0,0,0,0,0,0.0,0.0,0.0,0.0,0.0,0.0,0.0,0.0,0,2,2,2,0.0,0.0,0.0388,0.5,0.53,0.0625,0.0,0.0033,1,0,0,0,0,0
1778549142.614906,2026-05-12 04:25:42,0,0,0,0.0,0.0,0.0,0.0,0.0,0.0,0.0,0.0,0,0,0,0,0.0,0.0,0.0,0.0,0.0,0.0,0.0,0.0,0,2,2,2,0.0,0.0,0.0388,0.5,0.53,0.0625,0.0,0.0033,1,0,0,0,0,0
1778549172.614906,2026-05-12 04:26:12,0,0,0,0.0,0.0,0.0,0.0,0.0,0.0,0.0,0.0,0,0,0,0,0.0,0.0,0.0,0.0,0.0,0.0,0.0,0.0,0,1,1,1,0.0,0.0,0.0777,1.0,0.16,0.0,0.0,0.0033,1,0,0,0,0,0
1778549202.614906,2026-05-12 04:26:42,1,1,1,0.0,0.0,0.0,1.0,0.0,0.0,0.0,0.0333,1,1,1,1,0.0,0.0,0.0,1.0,0.0,0.0,0.0,0.0167,1,2,2,2,0.0,0.0,0.0388,1.0,0.16,0.0625,0.0,0.0033,1,0,0,0,0,0
1778549232.614906,2026-05-12 04:27:12,1,1,1,0.0,0.0,0.0001,0.0,3.73,0.0,0.0,0.0333,1,2,1,2,0.0,0.0,0.0,0.5,1.87,0.0,0.0,0.0167,1,2,1,2,0.0,0.0,0.0,0.5,0.37,0.0,0.0,0.0033,1,0,0,0,0,0
1778549262.614906,2026-05-12 04:27:42,0,0,0,0.0,0.0,0.0,0.0,0.0,0.0,0.0,0.0,0,1,1,1,0.0,0.0,0.0001,0.0,1.87,0.0,0.0,0.0167,1,2,1,2,0.0,0.0,0.0,0.5,0.37,0.0,0.0,0.0033,1,0,0,0,0,0
1778549292.614906,2026-05-12 04:28:12,1,1,1,0.0,0.0,0.0001,0.0,3.73,0.0,0.0,0.0333,1,1,1,1,0.0,0.0,0.0001,0.0,1.87,0.0,0.0,0.0167,1,3,1,2,0.0,0.0,0.0,0.3333,0.75,0.0,0.045,0.0067,1,0,0,0,0,0
1778549322.614906,2026-05-12 04:28:42,0,0,0,0.0,0.0,0.0,0.0,0.0,0.0,0.0,0.0,0,1,1,1,0.0,0.0,0.0001,0.0,1.87,0.0,0.0,0.0167,1,3,1,2,0.0,0.0,0.0,0.3333,0.75,0.0,0.045,0.0067,1,0,0,0,0,0
1778549352.614906,2026-05-12 04:29:12,0,0,0,0.0,0.0,0.0,0.0,0.0,0.0,0.0,0.0,0,0,0,0,0.0,0.0,0.0,0.0,0.0,0.0,0.0,0.0,0,3,1,2,0.0,0.0,0.0,0.3333,0.75,0.0,0.045,0.0067,1,0,0,0,0,0
1778549382.614906,2026-05-12 04:29:42,0,0,0,0.0,0.0,0.0,0.0,0.0,0.0,0.0,0.0,0,0,0,0,0.0,0.0,0.0,0.0,0.0,0.0,0.0,0.0,0,3,1,2,0.0,0.0,0.0,0.3333,0.75,0.0,0.045,0.0067,1,0,0,0,0,0
1778549412.614906,2026-05-12 04:30:12,0,0,0,0.0,0.0,0.0,0.0,0.0,0.0,0.0,0.0,0,0,0,0,0.0,0.0,0.0,0.0,0.0,0.0,0.0,0.0,0,3,1,2,0.0,0.0,0.0,0.3333,0.75,0.0,0.045,0.0067,1,0,0,0,0,0
1778549442.614906,2026-05-12 04:30:42,0,0,0,0.0,0.0,0.0,0.0,0.0,0.0,0.0,0.0,0,0,0,0,0.0,0.0,0.0,0.0,0.0,0.0,0.0,0.0,0,3,1,2,0.0,0.0,0.0,0.3333,0.75,0.0,0.045,0.0067,1,0,0,0,0,0
1778549472.614906,2026-05-12 04:31:12,0,0,0,0.0,0.0,0.0,0.0,0.0,0.0,0.0,0.0,0,0,0,0,0.0,0.0,0.0,0.0,0.0,0.0,0.0,0.0,0,3,1,2,0.0,0.0,0.0,0.3333,0.75,0.0,0.045,0.0067,1,0,0,0,0,0
1778549502.614906,2026-05-12 04:31:42,0,0,0,0.0,0.0,0.0,0.0,0.0,0.0,0.0,0.0,0,0,0,0,0.0,0.0,0.0,0.0,0.0,0.0,0.0,0.0,0,2,1,1,0.0,0.0,0.0001,0.0,0.75,0.0,0.0,0.0067,1,0,0,0,0,0
1778549532.614906,2026-05-12 04:32:12,0,0,0,0.0,0.0,0.0,0.0,0.0,0.0,0.0,0.0,0,0,0,0,0.0,0.0,0.0,0.0,0.0,0.0,0.0,0.0,0,1,1,1,0.0,0.0,0.0001,0.0,0.37,0.0,0.0,0.0033,1,0,0,0,0,0
1778549562.614906,2026-05-12 04:32:42,0,0,0,0.0,0.0,0.0,0.0,0.0,0.0,0.0,0.0,0,0,0,0,0.0,0.0,0.0,0.0,0.0,0.0,0.0,0.0,0,1,1,1,0.0,0.0,0.0001,0.0,0.37,0.0,0.0,0.0033,1,0,0,0,0,0
1778549592.614906,2026-05-12 04:33:12,0,0,0,0.0,0.0,0.0,0.0,0.0,0.0,0.0,0.0,0,0,0,0,0.0,0.0,0.0,0.0,0.0,0.0,0.0,0.0,0,0,0,0,0.0,0.0,0.0,0.0,0.0,0.0,0.0,0.0,0,0,0,0,0,0
1778549622.614906,2026-05-12 04:33:42,0,0,0,0.0,0.0,0.0,0.0,0.0,0.0,0.0,0.0,0,0,0,0,0.0,0.0,0.0,0.0,0.0,0.0,0.0,0.0,0,0,0,0,0.0,0.0,0.0,0.0,0.0,0.0,0.0,0.0,0,0,0,0,0,0
1778549652.614906,2026-05-12 04:34:12,0,0,0,0.0,0.0,0.0,0.0,0.0,0.0,0.0,0.0,0,0,0,0,0.0,0.0,0.0,0.0,0.0,0.0,0.0,0.0,0,0,0,0,0.0,0.0,0.0,0.0,0.0,0.0,0.0,0.0,0,0,0,0,0,0
1778549682.614906,2026-05-12 04:34:42,0,0,0,0.0,0.0,0.0,0.0,0.0,0.0,0.0,0.0,0,0,0,0,0.0,0.0,0.0,0.0,0.0,0.0,0.0,0.0,0,0,0,0,0.0,0.0,0.0,0.0,0.0,0.0,0.0,0.0,0,0,0,0,0,0
1778549712.614906,2026-05-12 04:35:12,0,0,0,0.0,0.0,0.0,0.0,0.0,0.0,0.0,0.0,0,0,0,0,0.0,0.0,0.0,0.0,0.0,0.0,0.0,0.0,0,0,0,0,0.0,0.0,0.0,0.0,0.0,0.0,0.0,0.0,0,0,0,0,0,0
1778549742.614906,2026-05-12 04:35:42,0,0,0,0.0,0.0,0.0,0.0,0.0,0.0,0.0,0.0,0,0,0,0,0.0,0.0,0.0,0.0,0.0,0.0,0.0,0.0,0,0,0,0,0.0,0.0,0.0,0.0,0.0,0.0,0.0,0.0,0,0,0,0,0,0
1778549772.614906,2026-05-12 04:36:12,0,0,0,0.0,0.0,0.0,0.0,0.0,0.0,0.0,0.0,0,0,0,0,0.0,0.0,0.0,0.0,0.0,0.0,0.0,0.0,0,0,0,0,0.0,0.0,0.0,0.0,0.0,0.0,0.0,0.0,0,0,0,0,0,0
1778549802.614906,2026-05-12 04:36:42,0,0,0,0.0,0.0,0.0,0.0,0.0,0.0,0.0,0.0,0,0,0,0,0.0,0.0,0.0,0.0,0.0,0.0,0.0,0.0,0,0,0,0,0.0,0.0,0.0,0.0,0.0,0.0,0.0,0.0,0,0,0,0,0,0
1778549832.614906,2026-05-12 04:37:12,0,0,0,0.0,0.0,0.0,0.0,0.0,0.0,0.0,0.0,0,0,0,0,0.0,0.0,0.0,0.0,0.0,0.0,0.0,0.0,0,0,0,0,0.0,0.0,0.0,0.0,0.0,0.0,0.0,0.0,0,0,0,0,0,0
1778549862.614906,2026-05-12 04:37:42,0,0,0,0.0,0.0,0.0,0.0,0.0,0.0,0.0,0.0,0,0,0,0,0.0,0.0,0.0,0.0,0.0,0.0,0.0,0.0,0,0,0,0,0.0,0.0,0.0,0.0,0.0,0.0,0.0,0.0,0,0,0,0,0,0
1778549892.614906,2026-05-12 04:38:12,0,0,0,0.0,0.0,0.0,0.0,0.0,0.0,0.0,0.0,0,0,0,0,0.0,0.0,0.0,0.0,0.0,0.0,0.0,0.0,0,0,0,0,0.0,0.0,0.0,0.0,0.0,0.0,0.0,0.0,0,0,0,0,0,0
1778549922.614906,2026-05-12 04:38:42,0,0,0,0.0,0.0,0.0,0.0,0.0,0.0,0.0,0.0,0,0,0,0,0.0,0.0,0.0,0.0,0.0,0.0,0.0,0.0,0,0,0,0,0.0,0.0,0.0,0.0,0.0,0.0,0.0,0.0,0,0,0,0,0,0
1778549952.614906,2026-05-12 04:39:12,0,0,0,0.0,0.0,0.0,0.0,0.0,0.0,0.0,0.0,0,0,0,0,0.0,0.0,0.0,0.0,0.0,0.0,0.0,0.0,0,0,0,0,0.0,0.0,0.0,0.0,0.0,0.0,0.0,0.0,0,0,0,0,0,0
1778549982.614906,2026-05-12 04:39:42,1,1,1,0.0,0.0,0.0,1.0,0.0,0.0,0.0,0.0333,1,1,1,1,0.0,0.0,0.0,1.0,0.0,0.0,0.0,0.0167,1,1,1,1,0.0,0.0,0.0,1.0,0.0,0.0,0.0,0.0033,1,0,0,0,0,0
1778550012.614906,2026-05-12 04:40:12,1,1,1,0.0,0.0,0.0,0.0,3.73,0.0,0.0,0.0333,1,2,1,2,0.0,0.0,0.0,0.5,1.87,0.0,0.0,0.0167,1,2,1,2,0.0,0.0,0.0,0.5,0.37,0.0,0.0,0.0033,1,0,0,0,0,0
1778550042.614906,2026-05-12 04:40:42,0,0,0,0.0,0.0,0.0,0.0,0.0,0.0,0.0,0.0,0,1,1,1,0.0,0.0,0.0,0.0,1.87,0.0,0.0,0.0167,1,2,1,2,0.0,0.0,0.0,0.5,0.37,0.0,0.0,0.0033,1,0,0,0,0,0
1778550072.614906,2026-05-12 04:41:12,1,1,1,0.0,0.0,0.0,0.0,3.73,0.0,0.0,0.0333,1,1,1,1,0.0,0.0,0.0,0.0,1.87,0.0,0.0,0.0167,1,3,1,2,0.0,0.0,0.0,0.3333,0.75,0.0,0.0574,0.0067,1,0,0,0,0,0
1778550102.614906,2026-05-12 04:41:42,0,0,0,0.0,0.0,0.0,0.0,0.0,0.0,0.0,0.0,0,1,1,1,0.0,0.0,0.0,0.0,1.87,0.0,0.0,0.0167,1,3,1,2,0.0,0.0,0.0,0.3333,0.75,0.0,0.0574,0.0067,1,0,0,0,0,0
1778550132.614906,2026-05-12 04:42:12,1,1,1,0.0,0.0,0.0002,0.0,3.73,0.0,0.0,0.0333,1,1,1,1,0.0,0.0,0.0002,0.0,1.87,0.0,0.0,0.0167,1,4,1,2,0.0,0.0,0.0001,0.25,1.12,0.0,0.0454,0.01,1,0,0,0,0,0
1778550162.614906,2026-05-12 04:42:42,0,0,0,0.0,0.0,0.0,0.0,0.0,0.0,0.0,0.0,0,1,1,1,0.0,0.0,0.0002,0.0,1.87,0.0,0.0,0.0167,1,4,1,2,0.0,0.0,0.0001,0.25,1.12,0.0,0.0454,0.01,1,0,0,0,0,0
1778550192.614906,2026-05-12 04:43:12,1,1,1,0.0,0.0,0.0,0.0,3.73,0.0,0.0,0.0333,1,1,1,1,0.0,0.0,0.0,0.0,1.87,0.0,0.0,0.0167,1,5,1,2,0.0,0.0,0.0001,0.2,1.49,0.0,0.0386,0.0133,1,0,0,0,0,0
1778550222.614906,2026-05-12 04:43:42,0,0,0,0.0,0.0,0.0,0.0,0.0,0.0,0.0,0.0,0,1,1,1,0.0,0.0,0.0,0.0,1.87,0.0,0.0,0.0167,1,5,1,2,0.0,0.0,0.0001,0.2,1.49,0.0,0.0386,0.0133,1,0,0,0,0,0
1778550252.614906,2026-05-12 04:44:12,1,1,1,0.0,0.0,0.0,0.0,3.73,0.0,0.0,0.0333,1,1,1,1,0.0,0.0,0.0,0.0,1.87,0.0,0.0,0.0167,1,6,1,2,0.0,0.0,0.0001,0.1667,1.87,0.0,0.0342,0.0167,1,0,0,0,0,0
1778550282.614906,2026-05-12 04:44:42,0,0,0,0.0,0.0,0.0,0.0,0.0,0.0,0.0,0.0,0,1,1,1,0.0,0.0,0.0,0.0,1.87,0.0,0.0,0.0167,1,5,1,1,0.0,0.0,0.0001,0.0,1.87,0.0,0.0,0.0167,1,0,0,0,0,0
1778550312.614906,2026-05-12 04:45:12,1,1,1,0.0,0.0,0.0,0.0,3.73,0.0,0.0,0.0333,1,1,1,1,0.0,0.0,0.0,0.0,1.87,0.0,0.0,0.0167,1,5,1,1,0.0,0.0,0.0001,0.0,1.87,0.0,0.0,0.0167,1,0,0,0,0,0
1778550342.614906,2026-05-12 04:45:42,0,0,0,0.0,0.0,0.0,0.0,0.0,0.0,0.0,0.0,0,1,1,1,0.0,0.0,0.0,0.0,1.87,0.0,0.0,0.0167,1,5,1,1,0.0,0.0,0.0001,0.0,1.87,0.0,0.0,0.0167,1,0,0,0,0,0
1778550372.614906,2026-05-12 04:46:12,0,0,0,0.0,0.0,0.0,0.0,0.0,0.0,0.0,0.0,0,0,0,0,0.0,0.0,0.0,0.0,0.0,0.0,0.0,0.0,0,4,1,1,0.0,0.0,0.0001,0.0,1.49,0.0,0.0,0.0133,1,0,0,0,0,0
1778550402.614906,2026-05-12 04:46:42,0,0,0,0.0,0.0,0.0,0.0,0.0,0.0,0.0,0.0,0,0,0,0,0.0,0.0,0.0,0.0,0.0,0.0,0.0,0.0,0,4,1,1,0.0,0.0,0.0001,0.0,1.49,0.0,0.0,0.0133,1,0,0,0,0,0
1778550432.614906,2026-05-12 04:47:12,0,0,0,0.0,0.0,0.0,0.0,0.0,0.0,0.0,0.0,0,0,0,0,0.0,0.0,0.0,0.0,0.0,0.0,0.0,0.0,0,3,1,1,0.0,0.0,0.0,0.0,1.12,0.0,0.0,0.01,1,0,0,0,0,0
1778550462.614906,2026-05-12 04:47:42,0,0,0,0.0,0.0,0.0,0.0,0.0,0.0,0.0,0.0,0,0,0,0,0.0,0.0,0.0,0.0,0.0,0.0,0.0,0.0,0,3,1,1,0.0,0.0,0.0,0.0,1.12,0.0,0.0,0.01,1,0,0,0,0,0
1778550492.614906,2026-05-12 04:48:12,0,0,0,0.0,0.0,0.0,0.0,0.0,0.0,0.0,0.0,0,0,0,0,0.0,0.0,0.0,0.0,0.0,0.0,0.0,0.0,0,2,1,1,0.0,0.0,0.0,0.0,0.75,0.0,0.0,0.0067,1,0,0,0,0,0
1778550522.614906,2026-05-12 04:48:42,0,0,0,0.0,0.0,0.0,0.0,0.0,0.0,0.0,0.0,0,0,0,0,0.0,0.0,0.0,0.0,0.0,0.0,0.0,0.0,0,2,1,1,0.0,0.0,0.0,0.0,0.75,0.0,0.0,0.0067,1,0,0,0,0,0
1778550552.614906,2026-05-12 04:49:12,0,0,0,0.0,0.0,0.0,0.0,0.0,0.0,0.0,0.0,0,0,0,0,0.0,0.0,0.0,0.0,0.0,0.0,0.0,0.0,0,1,1,1,0.0,0.0,0.0,0.0,0.37,0.0,0.0,0.0033,1,0,0,0,0,0
1778550582.614906,2026-05-12 04:49:42,0,0,0,0.0,0.0,0.0,0.0,0.0,0.0,0.0,0.0,0,0,0,0,0.0,0.0,0.0,0.0,0.0,0.0,0.0,0.0,0,1,1,1,0.0,0.0,0.0,0.0,0.37,0.0,0.0,0.0033,1,0,0,0,0,0
1778550612.614906,2026-05-12 04:50:12,0,0,0,0.0,0.0,0.0,0.0,0.0,0.0,0.0,0.0,0,0,0,0,0.0,0.0,0.0,0.0,0.0,0.0,0.0,0.0,0,0,0,0,0.0,0.0,0.0,0.0,0.0,0.0,0.0,0.0,0,0,0,0,0,0
1778550642.614906,2026-05-12 04:50:42,0,0,0,0.0,0.0,0.0,0.0,0.0,0.0,0.0,0.0,0,0,0,0,0.0,0.0,0.0,0.0,0.0,0.0,0.0,0.0,0,0,0,0,0.0,0.0,0.0,0.0,0.0,0.0,0.0,0.0,0,0,0,0,0,0
1778550672.614906,2026-05-12 04:51:12,0,0,0,0.0,0.0,0.0,0.0,0.0,0.0,0.0,0.0,0,0,0,0,0.0,0.0,0.0,0.0,0.0,0.0,0.0,0.0,0,0,0,0,0.0,0.0,0.0,0.0,0.0,0.0,0.0,0.0,0,0,0,0,0,0
1778550702.614906,2026-05-12 04:51:42,0,0,0,0.0,0.0,0.0,0.0,0.0,0.0,0.0,0.0,0,0,0,0,0.0,0.0,0.0,0.0,0.0,0.0,0.0,0.0,0,0,0,0,0.0,0.0,0.0,0.0,0.0,0.0,0.0,0.0,0,0,0,0,0,0
1778550732.614906,2026-05-12 04:52:12,1,1,1,0.0,0.0,0.0,0.0,3.73,0.0,0.0,0.0333,1,1,1,1,0.0,0.0,0.0,0.0,1.87,0.0,0.0,0.0167,1,1,1,1,0.0,0.0,0.0,0.0,0.37,0.0,0.0,0.0033,1,0,0,0,0,0
1778550762.614906,2026-05-12 04:52:42,0,0,0,0.0,0.0,0.0,0.0,0.0,0.0,0.0,0.0,0,1,1,1,0.0,0.0,0.0,0.0,1.87,0.0,0.0,0.0167,1,1,1,1,0.0,0.0,0.0,0.0,0.37,0.0,0.0,0.0033,1,0,0,0,0,0
1778550792.614906,2026-05-12 04:53:12,1,1,1,0.0,0.0,0.0,0.0,3.73,0.0,0.0,0.0333,1,1,1,1,0.0,0.0,0.0,0.0,1.87,0.0,0.0,0.0167,1,2,1,1,0.0,0.0,0.0,0.0,0.75,0.0,0.0,0.0067,1,0,0,0,0,0
1778550822.614906,2026-05-12 04:53:42,0,0,0,0.0,0.0,0.0,0.0,0.0,0.0,0.0,0.0,0,1,1,1,0.0,0.0,0.0,0.0,1.87,0.0,0.0,0.0167,1,2,1,1,0.0,0.0,0.0,0.0,0.75,0.0,0.0,0.0067,1,0,0,0,0,0
1778550852.614906,2026-05-12 04:54:12,1,1,1,0.0,0.0,0.0,0.0,3.73,0.0,0.0,0.0333,1,1,1,1,0.0,0.0,0.0,0.0,1.87,0.0,0.0,0.0167,1,3,1,1,0.0,0.0,0.0,0.0,1.12,0.0,0.0,0.01,1,0,0,0,0,0
1778550882.614906,2026-05-12 04:54:42,0,0,0,0.0,0.0,0.0,0.0,0.0,0.0,0.0,0.0,0,1,1,1,0.0,0.0,0.0,0.0,1.87,0.0,0.0,0.0167,1,3,1,1,0.0,0.0,0.0,0.0,1.12,0.0,0.0,0.01,1,0,0,0,0,0
1778550912.614906,2026-05-12 04:55:12,1,1,1,0.0,0.0,0.0,0.0,3.73,0.0,0.0,0.0333,1,1,1,1,0.0,0.0,0.0,0.0,1.87,0.0,0.0,0.0167,1,4,1,1,0.0,0.0,0.0,0.0,1.49,0.0,0.0,0.0133,1,0,0,0,0,0
1778550942.614906,2026-05-12 04:55:42,0,0,0,0.0,0.0,0.0,0.0,0.0,0.0,0.0,0.0,0,1,1,1,0.0,0.0,0.0,0.0,1.87,0.0,0.0,0.0167,1,4,1,1,0.0,0.0,0.0,0.0,1.49,0.0,0.0,0.0133,1,0,0,0,0,0
1778550972.614906,2026-05-12 04:56:12,2,2,2,0.0,0.0,0.0401,0.5,5.33,0.0625,0.0,0.0333,1,2,2,2,0.0,0.0,0.0401,0.5,2.67,0.0625,0.0,0.0167,1,6,2,2,0.0,0.0,0.0134,0.1667,2.03,0.0406,0.0353,0.0167,1,0,0,0,0,0
1778551002.614906,2026-05-12 04:56:42,0,0,0,0.0,0.0,0.0,0.0,0.0,0.0,0.0,0.0,0,2,2,2,0.0,0.0,0.0401,0.5,2.67,0.0625,0.0,0.0167,1,6,2,2,0.0,0.0,0.0134,0.1667,2.03,0.0406,0.0353,0.0167,1,0,0,0,0,0
1778551032.614906,2026-05-12 04:57:12,1,1,1,0.0,0.0,0.0001,0.0,3.73,0.0,0.0,0.0333,1,1,1,1,0.0,0.0,0.0001,0.0,1.87,0.0,0.0,0.0167,1,6,2,2,0.0,0.0,0.0134,0.1667,2.03,0.0406,0.0365,0.0167,1,0,0,0,0,0
1778551062.614906,2026-05-12 04:57:42,0,0,0,0.0,0.0,0.0,0.0,0.0,0.0,0.0,0.0,0,1,1,1,0.0,0.0,0.0001,0.0,1.87,0.0,0.0,0.0167,1,6,2,2,0.0,0.0,0.0134,0.1667,2.03,0.0406,0.0365,0.0167,1,0,0,0,0,0
1778551092.614906,2026-05-12 04:58:12,1,1,1,0.0,0.0,0.0,0.0,3.73,0.0,0.0,0.0333,1,1,1,1,0.0,0.0,0.0,0.0,1.87,0.0,0.0,0.0167,1,6,2,2,0.0,0.0,0.0134,0.1667,2.03,0.0406,0.0365,0.0167,1,0,0,0,0,0
1778551122.614906,2026-05-12 04:58:42,0,0,0,0.0,0.0,0.0,0.0,0.0,0.0,0.0,0.0,0,1,1,1,0.0,0.0,0.0,0.0,1.87,0.0,0.0,0.0167,1,6,2,2,0.0,0.0,0.0134,0.1667,2.03,0.0406,0.0365,0.0167,1,0,0,0,0,0
1778551152.614906,2026-05-12 04:59:12,0,0,0,0.0,0.0,0.0,0.0,0.0,0.0,0.0,0.0,0,0,0,0,0.0,0.0,0.0,0.0,0.0,0.0,0.0,0.0,0,5,2,2,0.0,0.0,0.0161,0.2,1.65,0.0451,0.0409,0.0133,1,0,0,0,0,0
1778551182.614906,2026-05-12 04:59:42,0,0,0,0.0,0.0,0.0,0.0,0.0,0.0,0.0,0.0,0,0,0,0,0.0,0.0,0.0,0.0,0.0,0.0,0.0,0.0,0,5,2,2,0.0,0.0,0.0161,0.2,1.65,0.0451,0.0409,0.0133,1,0,0,0,0,0
1778551212.614906,2026-05-12 05:00:12,10,1,1,0.0,0.3333,0.0649,0.0,44.3,0.0,0.114,0.3333,1,10,1,1,0.0,0.1667,0.0649,0.0,22.15,0.0,0.114,0.1667,1,14,3,3,0.0,0.0333,0.0521,0.0714,5.71,0.0684,0.1897,0.0367,2,0,0,0,0,0
1778551242.614906,2026-05-12 05:00:42,0,0,0,0.0,0.0,0.0,0.0,0.0,0.0,0.0,0.0,0,10,1,1,0.0,0.1667,0.0649,0.0,22.15,0.0,0.114,0.1667,1,14,3,3,0.0,0.0333,0.0521,0.0714,5.71,0.0684,0.1897,0.0367,2,0,0,0,0,0
1778551272.614906,2026-05-12 05:01:12,0,0,0,0.0,0.0,0.0,0.0,0.0,0.0,0.0,0.0,0,0,0,0,0.0,0.0,0.0,0.0,0.0,0.0,0.0,0.0,0,12,2,2,0.0,0.0333,0.0541,0.0,5.18,0.0406,0.2261,0.0333,1,0,0,0,0,0
1778551302.614906,2026-05-12 05:01:42,0,0,0,0.0,0.0,0.0,0.0,0.0,0.0,0.0,0.0,0,0,0,0,0.0,0.0,0.0,0.0,0.0,0.0,0.0,0.0,0,12,2,2,0.0,0.0333,0.0541,0.0,5.18,0.0406,0.2261,0.0333,1,0,0,0,0,0
1778551332.614906,2026-05-12 05:02:12,1,1,1,0.0,0.0,0.0,0.0,3.73,0.0,0.0,0.0333,1,1,1,1,0.0,0.0,0.0,0.0,1.87,0.0,0.0,0.0167,1,12,2,2,0.0,0.0333,0.0541,0.0,5.18,0.0406,0.2116,0.0333,1,0,0,0,0,0
1778551362.614906,2026-05-12 05:02:42,0,0,0,0.0,0.0,0.0,0.0,0.0,0.0,0.0,0.0,0,1,1,1,0.0,0.0,0.0,0.0,1.87,0.0,0.0,0.0167,1,12,2,2,0.0,0.0333,0.0541,0.0,5.18,0.0406,0.2116,0.0333,1,0,0,0,0,0
1778551392.614906,2026-05-12 05:03:12,1,1,1,0.0,0.0,0.0,0.0,3.73,0.0,0.0,0.0333,1,1,1,1,0.0,0.0,0.0,0.0,1.87,0.0,0.0,0.0167,1,12,2,2,0.0,0.0333,0.0541,0.0,5.18,0.0406,0.2241,0.0333,1,0,0,0,0,0
1778551422.614906,2026-05-12 05:03:42,0,0,0,0.0,0.0,0.0,0.0,0.0,0.0,0.0,0.0,0,1,1,1,0.0,0.0,0.0,0.0,1.87,0.0,0.0,0.0167,1,12,2,2,0.0,0.0333,0.0541,0.0,5.18,0.0406,0.2241,0.0333,1,0,0,0,0,0
1778551452.614906,2026-05-12 05:04:12,1,1,1,0.0,0.0,0.0001,0.0,3.73,0.0,0.0,0.0333,1,1,1,1,0.0,0.0,0.0001,0.0,1.87,0.0,0.0,0.0167,1,13,2,2,0.0,0.0333,0.0499,0.0,5.55,0.0487,0.1853,0.0333,1,0,0,0,0,0
1778551482.614906,2026-05-12 05:04:42,0,0,0,0.0,0.0,0.0,0.0,0.0,0.0,0.0,0.0,0,1,1,1,0.0,0.0,0.0001,0.0,1.87,0.0,0.0,0.0167,1,13,2,2,0.0,0.0333,0.0499,0.0,5.55,0.0487,0.1853,0.0333,1,0,0,0,0,0
1778551512.614906,2026-05-12 05:05:12,1,1,1,0.0,0.0,0.0001,0.0,3.73,0.0,0.0,0.0333,1,1,1,1,0.0,0.0,0.0001,0.0,1.87,0.0,0.0,0.0167,1,4,1,1,0.0,0.0,0.0,0.0,1.49,0.0,0.0,0.0133,1,0,0,0,0,0
1778551542.614906,2026-05-12 05:05:42,0,0,0,0.0,0.0,0.0,0.0,0.0,0.0,0.0,0.0,0,1,1,1,0.0,0.0,0.0001,0.0,1.87,0.0,0.0,0.0167,1,4,1,1,0.0,0.0,0.0,0.0,1.49,0.0,0.0,0.0133,1,0,0,0,0,0
1778551572.614906,2026-05-12 05:06:12,1,1,1,0.0,0.0,0.0,0.0,3.73,0.0,0.0,0.0333,1,1,1,1,0.0,0.0,0.0,0.0,1.87,0.0,0.0,0.0167,1,5,1,1,0.0,0.0,0.0,0.0,1.87,0.0,0.0001,0.0167,1,0,0,0,0,0
1778551602.614906,2026-05-12 05:06:42,0,0,0,0.0,0.0,0.0,0.0,0.0,0.0,0.0,0.0,0,1,1,1,0.0,0.0,0.0,0.0,1.87,0.0,0.0,0.0167,1,5,1,1,0.0,0.0,0.0,0.0,1.87,0.0,0.0001,0.0167,1,0,0,0,0,0
1778551632.614906,2026-05-12 05:07:12,1,1,1,0.0,0.0,0.0,0.0,3.73,0.0,0.0,0.0333,1,1,1,1,0.0,0.0,0.0,0.0,1.87,0.0,0.0,0.0167,1,5,1,1,0.0,0.0,0.0,0.0,1.87,0.0,0.0001,0.0167,1,0,0,0,0,0
1778551662.614906,2026-05-12 05:07:42,0,0,0,0.0,0.0,0.0,0.0,0.0,0.0,0.0,0.0,0,1,1,1,0.0,0.0,0.0,0.0,1.87,0.0,0.0,0.0167,1,5,1,1,0.0,0.0,0.0,0.0,1.87,0.0,0.0001,0.0167,1,0,0,0,0,0
1778551692.614906,2026-05-12 05:08:12,1,1,1,0.0,0.0,0.0,0.0,3.73,0.0,0.0,0.0333,1,1,1,1,0.0,0.0,0.0,0.0,1.87,0.0,0.0,0.0167,1,5,1,1,0.0,0.0,0.0,0.0,1.87,0.0,0.0001,0.0167,1,0,0,0,0,0
1778551722.614906,2026-05-12 05:08:42,0,0,0,0.0,0.0,0.0,0.0,0.0,0.0,0.0,0.0,0,1,1,1,0.0,0.0,0.0,0.0,1.87,0.0,0.0,0.0167,1,5,1,1,0.0,0.0,0.0,0.0,1.87,0.0,0.0001,0.0167,1,0,0,0,0,0
1778551752.614906,2026-05-12 05:09:12,1,1,1,0.0,0.0,0.0,0.0,3.73,0.0,0.0,0.0333,1,1,1,1,0.0,0.0,0.0,0.0,1.87,0.0,0.0,0.0167,1,5,1,1,0.0,0.0,0.0,0.0,1.87,0.0,0.0002,0.0167,1,0,0,0,0,0
1778551782.614906,2026-05-12 05:09:42,0,0,0,0.0,0.0,0.0,0.0,0.0,0.0,0.0,0.0,0,1,1,1,0.0,0.0,0.0,0.0,1.87,0.0,0.0,0.0167,1,5,1,1,0.0,0.0,0.0,0.0,1.87,0.0,0.0002,0.0167,1,0,0,0,0,0
1778551812.614906,2026-05-12 05:10:12,1,1,1,0.0,0.0,0.0,0.0,3.73,0.0,0.0,0.0333,1,1,1,1,0.0,0.0,0.0,0.0,1.87,0.0,0.0,0.0167,1,5,1,1,0.0,0.0,0.0,0.0,1.87,0.0,0.0001,0.0167,1,0,0,0,0,0
1778551842.614906,2026-05-12 05:10:42,0,0,0,0.0,0.0,0.0,0.0,0.0,0.0,0.0,0.0,0,1,1,1,0.0,0.0,0.0,0.0,1.87,0.0,0.0,0.0167,1,5,1,1,0.0,0.0,0.0,0.0,1.87,0.0,0.0001,0.0167,1,0,0,0,0,0
1778551872.614906,2026-05-12 05:11:12,1,1,1,0.0,0.0,0.0,0.0,3.73,0.0,0.0,0.0333,1,1,1,1,0.0,0.0,0.0,0.0,1.87,0.0,0.0,0.0167,1,5,1,1,0.0,0.0,0.0,0.0,1.87,0.0,0.0001,0.0167,1,0,0,0,0,0
1778551902.614906,2026-05-12 05:11:42,0,0,0,0.0,0.0,0.0,0.0,0.0,0.0,0.0,0.0,0,1,1,1,0.0,0.0,0.0,0.0,1.87,0.0,0.0,0.0167,1,5,1,1,0.0,0.0,0.0,0.0,1.87,0.0,0.0001,0.0167,1,0,0,0,0,0
1778551932.614906,2026-05-12 05:12:12,1,1,1,0.0,0.0,0.0,0.0,3.73,0.0,0.0,0.0333,1,1,1,1,0.0,0.0,0.0,0.0,1.87,0.0,0.0,0.0167,1,5,1,1,0.0,0.0,0.0,0.0,1.87,0.0,0.0001,0.0167,1,0,0,0,0,0
1778551962.614906,2026-05-12 05:12:42,0,0,0,0.0,0.0,0.0,0.0,0.0,0.0,0.0,0.0,0,1,1,1,0.0,0.0,0.0,0.0,1.87,0.0,0.0,0.0167,1,5,1,1,0.0,0.0,0.0,0.0,1.87,0.0,0.0001,0.0167,1,0,0,0,0,0
1778551992.614906,2026-05-12 05:13:12,1,1,1,0.0,0.0,0.0,0.0,3.73,0.0,0.0,0.0333,1,1,1,1,0.0,0.0,0.0,0.0,1.87,0.0,0.0,0.0167,1,5,1,1,0.0,0.0,0.0,0.0,1.87,0.0,0.0001,0.0167,1,0,0,0,0,0
1778552022.614906,2026-05-12 05:13:42,0,0,0,0.0,0.0,0.0,0.0,0.0,0.0,0.0,0.0,0,1,1,1,0.0,0.0,0.0,0.0,1.87,0.0,0.0,0.0167,1,5,1,1,0.0,0.0,0.0,0.0,1.87,0.0,0.0001,0.0167,1,0,0,0,0,0
1778552052.614906,2026-05-12 05:14:12,1,1,1,0.0,0.0,0.0,0.0,3.73,0.0,0.0,0.0333,1,1,1,1,0.0,0.0,0.0,0.0,1.87,0.0,0.0,0.0167,1,5,1,1,0.0,0.0,0.0,0.0,1.87,0.0,0.0001,0.0167,1,0,0,0,0,0
1778552082.614906,2026-05-12 05:14:42,0,0,0,0.0,0.0,0.0,0.0,0.0,0.0,0.0,0.0,0,1,1,1,0.0,0.0,0.0,0.0,1.87,0.0,0.0,0.0167,1,5,1,1,0.0,0.0,0.0,0.0,1.87,0.0,0.0001,0.0167,1,0,0,0,0,0
1778552112.614906,2026-05-12 05:15:12,1,1,1,0.0,0.0,0.0001,0.0,3.73,0.0,0.0,0.0333,1,1,1,1,0.0,0.0,0.0001,0.0,1.87,0.0,0.0,0.0167,1,5,1,1,0.0,0.0,0.0,0.0,1.87,0.0,0.0001,0.0167,1,0,0,0,0,0
1778552142.614906,2026-05-12 05:15:42,0,0,0,0.0,0.0,0.0,0.0,0.0,0.0,0.0,0.0,0,1,1,1,0.0,0.0,0.0001,0.0,1.87,0.0,0.0,0.0167,1,5,1,1,0.0,0.0,0.0,0.0,1.87,0.0,0.0001,0.0167,1,0,0,0,0,0
1778552172.614906,2026-05-12 05:16:12,0,0,0,0.0,0.0,0.0,0.0,0.0,0.0,0.0,0.0,0,0,0,0,0.0,0.0,0.0,0.0,0.0,0.0,0.0,0.0,0,4,1,1,0.0,0.0,0.0,0.0,1.49,0.0,0.0001,0.0133,1,0,0,0,0,0
1778552202.614906,2026-05-12 05:16:42,0,0,0,0.0,0.0,0.0,0.0,0.0,0.0,0.0,0.0,0,0,0,0,0.0,0.0,0.0,0.0,0.0,0.0,0.0,0.0,0,4,1,1,0.0,0.0,0.0,0.0,1.49,0.0,0.0001,0.0133,1,0,0,0,0,0
1778552232.614906,2026-05-12 05:17:12,1,1,1,0.0,0.0,0.0,1.0,0.0,0.0,0.0,0.0333,1,1,1,1,0.0,0.0,0.0,1.0,0.0,0.0,0.0,0.0167,1,4,1,2,0.0,0.0,0.0,0.25,1.12,0.0,0.0304,0.01,1,0,0,0,0,0
1778552262.614906,2026-05-12 05:17:42,0,0,0,0.0,0.0,0.0,0.0,0.0,0.0,0.0,0.0,0,1,1,1,0.0,0.0,0.0,1.0,0.0,0.0,0.0,0.0167,1,4,1,2,0.0,0.0,0.0,0.25,1.12,0.0,0.0304,0.01,1,0,0,0,0,0
1778552292.614906,2026-05-12 05:18:12,0,0,0,0.0,0.0,0.0,0.0,0.0,0.0,0.0,0.0,0,0,0,0,0.0,0.0,0.0,0.0,0.0,0.0,0.0,0.0,0,3,1,2,0.0,0.0,0.0,0.3333,0.75,0.0,0.0291,0.0067,1,0,0,0,0,0
1778552322.614906,2026-05-12 05:18:42,0,0,0,0.0,0.0,0.0,0.0,0.0,0.0,0.0,0.0,0,0,0,0,0.0,0.0,0.0,0.0,0.0,0.0,0.0,0.0,0,3,1,2,0.0,0.0,0.0,0.3333,0.75,0.0,0.0291,0.0067,1,0,0,0,0,0
1778552352.614906,2026-05-12 05:19:12,0,0,0,0.0,0.0,0.0,0.0,0.0,0.0,0.0,0.0,0,0,0,0,0.0,0.0,0.0,0.0,0.0,0.0,0.0,0.0,0,2,1,2,0.0,0.0,0.0,0.5,0.37,0.0,0.0,0.0033,1,0,0,0,0,0
1778552382.614906,2026-05-12 05:19:42,0,0,0,0.0,0.0,0.0,0.0,0.0,0.0,0.0,0.0,0,0,0,0,0.0,0.0,0.0,0.0,0.0,0.0,0.0,0.0,0,2,1,2,0.0,0.0,0.0,0.5,0.37,0.0,0.0,0.0033,1,0,0,0,0,0
1778552412.614906,2026-05-12 05:20:12,0,0,0,0.0,0.0,0.0,0.0,0.0,0.0,0.0,0.0,0,0,0,0,0.0,0.0,0.0,0.0,0.0,0.0,0.0,0.0,0,1,1,1,0.0,0.0,0.0,1.0,0.0,0.0,0.0,0.0033,1,0,0,0,0,0
1778552442.614906,2026-05-12 05:20:42,0,0,0,0.0,0.0,0.0,0.0,0.0,0.0,0.0,0.0,0,0,0,0,0.0,0.0,0.0,0.0,0.0,0.0,0.0,0.0,0,1,1,1,0.0,0.0,0.0,1.0,0.0,0.0,0.0,0.0033,1,0,0,0,0,0
1778552472.614906,2026-05-12 05:21:12,0,0,0,0.0,0.0,0.0,0.0,0.0,0.0,0.0,0.0,0,0,0,0,0.0,0.0,0.0,0.0,0.0,0.0,0.0,0.0,0,1,1,1,0.0,0.0,0.0,1.0,0.0,0.0,0.0,0.0033,1,0,0,0,0,0
1778552502.614906,2026-05-12 05:21:42,0,0,0,0.0,0.0,0.0,0.0,0.0,0.0,0.0,0.0,0,0,0,0,0.0,0.0,0.0,0.0,0.0,0.0,0.0,0.0,0,1,1,1,0.0,0.0,0.0,1.0,0.0,0.0,0.0,0.0033,1,0,0,0,0,0
1778552532.614906,2026-05-12 05:22:12,1,1,1,0.0,0.0,0.0,0.0,3.73,0.0,0.0,0.0333,1,1,1,1,0.0,0.0,0.0,0.0,1.87,0.0,0.0,0.0167,1,1,1,1,0.0,0.0,0.0,0.0,0.37,0.0,0.0,0.0033,1,0,0,0,0,0
1778552562.614906,2026-05-12 05:22:42,0,0,0,0.0,0.0,0.0,0.0,0.0,0.0,0.0,0.0,0,1,1,1,0.0,0.0,0.0,0.0,1.87,0.0,0.0,0.0167,1,1,1,1,0.0,0.0,0.0,0.0,0.37,0.0,0.0,0.0033,1,0,0,0,0,0
1778552592.614906,2026-05-12 05:23:12,1,1,1,0.0,0.0,0.0,0.0,3.73,0.0,0.0,0.0333,1,1,1,1,0.0,0.0,0.0,0.0,1.87,0.0,0.0,0.0167,1,2,1,1,0.0,0.0,0.0,0.0,0.75,0.0,0.0,0.0067,1,0,0,0,0,0
1778552622.614906,2026-05-12 05:23:42,0,0,0,0.0,0.0,0.0,0.0,0.0,0.0,0.0,0.0,0,1,1,1,0.0,0.0,0.0,0.0,1.87,0.0,0.0,0.0167,1,2,1,1,0.0,0.0,0.0,0.0,0.75,0.0,0.0,0.0067,1,0,0,0,0,0
1778552652.614906,2026-05-12 05:24:12,1,1,1,0.0,0.0,0.0,0.0,3.73,0.0,0.0,0.0333,1,1,1,1,0.0,0.0,0.0,0.0,1.87,0.0,0.0,0.0167,1,3,1,1,0.0,0.0,0.0,0.0,1.12,0.0,0.0,0.01,1,0,0,0,0,0
1778552682.614906,2026-05-12 05:24:42,0,0,0,0.0,0.0,0.0,0.0,0.0,0.0,0.0,0.0,0,1,1,1,0.0,0.0,0.0,0.0,1.87,0.0,0.0,0.0167,1,3,1,1,0.0,0.0,0.0,0.0,1.12,0.0,0.0,0.01,1,0,0,0,0,0
1778552712.614906,2026-05-12 05:25:12,1,1,1,0.0,0.0,0.0,0.0,3.73,0.0,0.0,0.0333,1,1,1,1,0.0,0.0,0.0,0.0,1.87,0.0,0.0,0.0167,1,4,1,1,0.0,0.0,0.0,0.0,1.49,0.0,0.0,0.0133,1,0,0,0,0,0
1778552742.614906,2026-05-12 05:25:42,0,0,0,0.0,0.0,0.0,0.0,0.0,0.0,0.0,0.0,0,1,1,1,0.0,0.0,0.0,0.0,1.87,0.0,0.0,0.0167,1,4,1,1,0.0,0.0,0.0,0.0,1.49,0.0,0.0,0.0133,1,0,0,0,0,0
1778552772.614906,2026-05-12 05:26:12,1,1,1,0.0,0.0,0.0001,0.0,3.73,0.0,0.0,0.0333,1,1,1,1,0.0,0.0,0.0001,0.0,1.87,0.0,0.0,0.0167,1,5,1,1,0.0,0.0,0.0,0.0,1.87,0.0,0.0,0.0167,1,0,0,0,0,0
1778552802.614906,2026-05-12 05:26:42,0,0,0,0.0,0.0,0.0,0.0,0.0,0.0,0.0,0.0,0,1,1,1,0.0,0.0,0.0001,0.0,1.87,0.0,0.0,0.0167,1,5,1,1,0.0,0.0,0.0,0.0,1.87,0.0,0.0,0.0167,1,0,0,0,0,0
1778552832.614906,2026-05-12 05:27:12,1,1,1,0.0,0.0,0.0012,0.0,3.73,0.0,0.0,0.0333,1,1,1,1,0.0,0.0,0.0012,0.0,1.87,0.0,0.0,0.0167,1,5,1,1,0.0,0.0,0.0003,0.0,1.87,0.0,0.0,0.0167,1,0,0,0,0,0
1778552862.614906,2026-05-12 05:27:42,0,0,0,0.0,0.0,0.0,0.0,0.0,0.0,0.0,0.0,0,1,1,1,0.0,0.0,0.0012,0.0,1.87,0.0,0.0,0.0167,1,5,1,1,0.0,0.0,0.0003,0.0,1.87,0.0,0.0,0.0167,1,0,0,0,0,0
1778552892.614906,2026-05-12 05:28:12,1,1,1,0.0,0.0,0.0001,0.0,3.73,0.0,0.0,0.0333,1,1,1,1,0.0,0.0,0.0001,0.0,1.87,0.0,0.0,0.0167,1,5,1,1,0.0,0.0,0.0003,0.0,1.87,0.0,0.0001,0.0167,1,0,0,0,0,0
1778552922.614906,2026-05-12 05:28:42,0,0,0,0.0,0.0,0.0,0.0,0.0,0.0,0.0,0.0,0,1,1,1,0.0,0.0,0.0001,0.0,1.87,0.0,0.0,0.0167,1,5,1,1,0.0,0.0,0.0003,0.0,1.87,0.0,0.0001,0.0167,1,0,0,0,0,0
1778552952.614906,2026-05-12 05:29:12,0,0,0,0.0,0.0,0.0,0.0,0.0,0.0,0.0,0.0,0,0,0,0,0.0,0.0,0.0,0.0,0.0,0.0,0.0,0.0,0,4,1,1,0.0,0.0,0.0003,0.0,1.49,0.0,0.0001,0.0133,1,0,0,0,0,0
1778552982.614906,2026-05-12 05:29:42,0,0,0,0.0,0.0,0.0,0.0,0.0,0.0,0.0,0.0,0,0,0,0,0.0,0.0,0.0,0.0,0.0,0.0,0.0,0.0,0,4,1,1,0.0,0.0,0.0003,0.0,1.49,0.0,0.0001,0.0133,1,0,0,0,0,0
1778553012.614906,2026-05-12 05:30:12,1,1,1,0.0,0.0,0.0,0.0,3.73,0.0,0.0,0.0333,1,1,1,1,0.0,0.0,0.0,0.0,1.87,0.0,0.0,0.0167,1,4,1,1,0.0,0.0,0.0003,0.0,1.49,0.0,0.0353,0.0133,1,0,0,0,0,0
1778553042.614906,2026-05-12 05:30:42,1,1,1,0.0,0.0,0.0727,1.0,1.6,0.0,0.0,0.0333,1,2,2,2,0.0,0.0,0.0364,0.5,2.67,0.0625,0.0,0.0167,1,5,2,2,0.0,0.0,0.0148,0.2,1.65,0.0451,0.0587,0.0133,1,0,0,0,0,0
1778553072.614906,2026-05-12 05:31:12,0,0,0,0.0,0.0,0.0,0.0,0.0,0.0,0.0,0.0,0,1,1,1,0.0,0.0,0.0727,1.0,0.8,0.0,0.0,0.0167,1,4,2,2,0.0,0.0,0.0185,0.25,1.28,0.0507,0.0664,0.01,1,0,0,0,0,0
1778553102.614906,2026-05-12 05:31:42,0,0,0,0.0,0.0,0.0,0.0,0.0,0.0,0.0,0.0,0,0,0,0,0.0,0.0,0.0,0.0,0.0,0.0,0.0,0.0,0,4,2,2,0.0,0.0,0.0185,0.25,1.28,0.0507,0.0664,0.01,1,0,0,0,0,0
1778553132.614906,2026-05-12 05:32:12,0,0,0,0.0,0.0,0.0,0.0,0.0,0.0,0.0,0.0,0,0,0,0,0.0,0.0,0.0,0.0,0.0,0.0,0.0,0.0,0,3,2,2,0.0,0.0,0.0243,0.3333,0.91,0.0574,0.078,0.0067,1,0,0,0,0,0
1778553162.614906,2026-05-12 05:32:42,0,0,0,0.0,0.0,0.0,0.0,0.0,0.0,0.0,0.0,0,0,0,0,0.0,0.0,0.0,0.0,0.0,0.0,0.0,0.0,0,3,2,2,0.0,0.0,0.0243,0.3333,0.91,0.0574,0.078,0.0067,1,0,0,0,0,0
1778553192.614906,2026-05-12 05:33:12,0,0,0,0.0,0.0,0.0,0.0,0.0,0.0,0.0,0.0,0,0,0,0,0.0,0.0,0.0,0.0,0.0,0.0,0.0,0.0,0,2,2,2,0.0,0.0,0.0364,0.5,0.53,0.0625,0.0,0.0033,1,0,0,0,0,0
1778553222.614906,2026-05-12 05:33:42,0,0,0,0.0,0.0,0.0,0.0,0.0,0.0,0.0,0.0,0,0,0,0,0.0,0.0,0.0,0.0,0.0,0.0,0.0,0.0,0,2,2,2,0.0,0.0,0.0364,0.5,0.53,0.0625,0.0,0.0033,1,0,0,0,0,0
1778553252.614906,2026-05-12 05:34:12,0,0,0,0.0,0.0,0.0,0.0,0.0,0.0,0.0,0.0,0,0,0,0,0.0,0.0,0.0,0.0,0.0,0.0,0.0,0.0,0,2,2,2,0.0,0.0,0.0364,0.5,0.53,0.0625,0.0,0.0033,1,0,0,0,0,0
1778553282.614906,2026-05-12 05:34:42,0,0,0,0.0,0.0,0.0,0.0,0.0,0.0,0.0,0.0,0,0,0,0,0.0,0.0,0.0,0.0,0.0,0.0,0.0,0.0,0,2,2,2,0.0,0.0,0.0364,0.5,0.53,0.0625,0.0,0.0033,1,0,0,0,0,0
1778553312.614906,2026-05-12 05:35:12,0,0,0,0.0,0.0,0.0,0.0,0.0,0.0,0.0,0.0,0,0,0,0,0.0,0.0,0.0,0.0,0.0,0.0,0.0,0.0,0,1,1,1,0.0,0.0,0.0727,1.0,0.16,0.0,0.0,0.0033,1,0,0,0,0,0
1778553342.614906,2026-05-12 05:35:42,0,0,0,0.0,0.0,0.0,0.0,0.0,0.0,0.0,0.0,0,0,0,0,0.0,0.0,0.0,0.0,0.0,0.0,0.0,0.0,0,0,0,0,0.0,0.0,0.0,0.0,0.0,0.0,0.0,0.0,0,0,0,0,0,0
1778553372.614906,2026-05-12 05:36:12,0,0,0,0.0,0.0,0.0,0.0,0.0,0.0,0.0,0.0,0,0,0,0,0.0,0.0,0.0,0.0,0.0,0.0,0.0,0.0,0,0,0,0,0.0,0.0,0.0,0.0,0.0,0.0,0.0,0.0,0,0,0,0,0,0
1778553402.614906,2026-05-12 05:36:42,0,0,0,0.0,0.0,0.0,0.0,0.0,0.0,0.0,0.0,0,0,0,0,0.0,0.0,0.0,0.0,0.0,0.0,0.0,0.0,0,0,0,0,0.0,0.0,0.0,0.0,0.0,0.0,0.0,0.0,0,0,0,0,0,0
1778553432.614906,2026-05-12 05:37:12,0,0,0,0.0,0.0,0.0,0.0,0.0,0.0,0.0,0.0,0,0,0,0,0.0,0.0,0.0,0.0,0.0,0.0,0.0,0.0,0,0,0,0,0.0,0.0,0.0,0.0,0.0,0.0,0.0,0.0,0,0,0,0,0,0
1778553462.614906,2026-05-12 05:37:42,0,0,0,0.0,0.0,0.0,0.0,0.0,0.0,0.0,0.0,0,0,0,0,0.0,0.0,0.0,0.0,0.0,0.0,0.0,0.0,0,0,0,0,0.0,0.0,0.0,0.0,0.0,0.0,0.0,0.0,0,0,0,0,0,0
1778553492.614906,2026-05-12 05:38:12,1,1,1,0.0,0.0,0.0001,0.0,3.73,0.0,0.0,0.0333,1,1,1,1,0.0,0.0,0.0001,0.0,1.87,0.0,0.0,0.0167,1,1,1,1,0.0,0.0,0.0001,0.0,0.37,0.0,0.0,0.0033,1,0,0,0,0,0
1778553522.614906,2026-05-12 05:38:42,0,0,0,0.0,0.0,0.0,0.0,0.0,0.0,0.0,0.0,0,1,1,1,0.0,0.0,0.0001,0.0,1.87,0.0,0.0,0.0167,1,1,1,1,0.0,0.0,0.0001,0.0,0.37,0.0,0.0,0.0033,1,0,0,0,0,0
1778553552.614906,2026-05-12 05:39:12,1,1,1,0.0,0.0,0.0,0.0,3.73,0.0,0.0,0.0333,1,1,1,1,0.0,0.0,0.0,0.0,1.87,0.0,0.0,0.0167,1,2,1,1,0.0,0.0,0.0001,0.0,0.75,0.0,0.0,0.0067,1,0,0,0,0,0
1778553582.614906,2026-05-12 05:39:42,0,0,0,0.0,0.0,0.0,0.0,0.0,0.0,0.0,0.0,0,1,1,1,0.0,0.0,0.0,0.0,1.87,0.0,0.0,0.0167,1,2,1,1,0.0,0.0,0.0001,0.0,0.75,0.0,0.0,0.0067,1,0,0,0,0,0
1778553612.614906,2026-05-12 05:40:12,1,1,1,0.0,0.0,0.0001,0.0,3.73,0.0,0.0,0.0333,1,1,1,1,0.0,0.0,0.0001,0.0,1.87,0.0,0.0,0.0167,1,3,1,1,0.0,0.0,0.0001,0.0,1.12,0.0,0.0001,0.01,1,0,0,0,0,0
1778553642.614906,2026-05-12 05:40:42,0,0,0,0.0,0.0,0.0,0.0,0.0,0.0,0.0,0.0,0,1,1,1,0.0,0.0,0.0001,0.0,1.87,0.0,0.0,0.0167,1,3,1,1,0.0,0.0,0.0001,0.0,1.12,0.0,0.0001,0.01,1,0,0,0,0,0
1778553672.614906,2026-05-12 05:41:12,0,0,0,0.0,0.0,0.0,0.0,0.0,0.0,0.0,0.0,0,0,0,0,0.0,0.0,0.0,0.0,0.0,0.0,0.0,0.0,0,3,1,1,0.0,0.0,0.0001,0.0,1.12,0.0,0.0001,0.01,1,0,0,0,0,0
1778553702.614906,2026-05-12 05:41:42,0,0,0,0.0,0.0,0.0,0.0,0.0,0.0,0.0,0.0,0,0,0,0,0.0,0.0,0.0,0.0,0.0,0.0,0.0,0.0,0,3,1,1,0.0,0.0,0.0001,0.0,1.12,0.0,0.0001,0.01,1,0,0,0,0,0
1778553732.614906,2026-05-12 05:42:12,0,0,0,0.0,0.0,0.0,0.0,0.0,0.0,0.0,0.0,0,0,0,0,0.0,0.0,0.0,0.0,0.0,0.0,0.0,0.0,0,3,1,1,0.0,0.0,0.0001,0.0,1.12,0.0,0.0001,0.01,1,0,0,0,0,0
1778553762.614906,2026-05-12 05:42:42,0,0,0,0.0,0.0,0.0,0.0,0.0,0.0,0.0,0.0,0,0,0,0,0.0,0.0,0.0,0.0,0.0,0.0,0.0,0.0,0,3,1,1,0.0,0.0,0.0001,0.0,1.12,0.0,0.0001,0.01,1,0,0,0,0,0
1778553792.614906,2026-05-12 05:43:12,0,0,0,0.0,0.0,0.0,0.0,0.0,0.0,0.0,0.0,0,0,0,0,0.0,0.0,0.0,0.0,0.0,0.0,0.0,0.0,0,2,1,1,0.0,0.0,0.0,0.0,0.75,0.0,0.0,0.0067,1,0,0,0,0,0
1778553822.614906,2026-05-12 05:43:42,0,0,0,0.0,0.0,0.0,0.0,0.0,0.0,0.0,0.0,0,0,0,0,0.0,0.0,0.0,0.0,0.0,0.0,0.0,0.0,0,2,1,1,0.0,0.0,0.0,0.0,0.75,0.0,0.0,0.0067,1,0,0,0,0,0
1778553852.614906,2026-05-12 05:44:12,0,0,0,0.0,0.0,0.0,0.0,0.0,0.0,0.0,0.0,0,0,0,0,0.0,0.0,0.0,0.0,0.0,0.0,0.0,0.0,0,1,1,1,0.0,0.0,0.0001,0.0,0.37,0.0,0.0,0.0033,1,0,0,0,0,0
1778553882.614906,2026-05-12 05:44:42,0,0,0,0.0,0.0,0.0,0.0,0.0,0.0,0.0,0.0,0,0,0,0,0.0,0.0,0.0,0.0,0.0,0.0,0.0,0.0,0,1,1,1,0.0,0.0,0.0001,0.0,0.37,0.0,0.0,0.0033,1,0,0,0,0,0
1778553912.614906,2026-05-12 05:45:12,0,0,0,0.0,0.0,0.0,0.0,0.0,0.0,0.0,0.0,0,0,0,0,0.0,0.0,0.0,0.0,0.0,0.0,0.0,0.0,0,0,0,0,0.0,0.0,0.0,0.0,0.0,0.0,0.0,0.0,0,0,0,0,0,0
1778553942.614906,2026-05-12 05:45:42,0,0,0,0.0,0.0,0.0,0.0,0.0,0.0,0.0,0.0,0,0,0,0,0.0,0.0,0.0,0.0,0.0,0.0,0.0,0.0,0,0,0,0,0.0,0.0,0.0,0.0,0.0,0.0,0.0,0.0,0,0,0,0,0,0
1778553972.614906,2026-05-12 05:46:12,0,0,0,0.0,0.0,0.0,0.0,0.0,0.0,0.0,0.0,0,0,0,0,0.0,0.0,0.0,0.0,0.0,0.0,0.0,0.0,0,0,0,0,0.0,0.0,0.0,0.0,0.0,0.0,0.0,0.0,0,0,0,0,0,0
1778554002.614906,2026-05-12 05:46:42,0,0,0,0.0,0.0,0.0,0.0,0.0,0.0,0.0,0.0,0,0,0,0,0.0,0.0,0.0,0.0,0.0,0.0,0.0,0.0,0,0,0,0,0.0,0.0,0.0,0.0,0.0,0.0,0.0,0.0,0,0,0,0,0,0
1778554032.614906,2026-05-12 05:47:12,0,0,0,0.0,0.0,0.0,0.0,0.0,0.0,0.0,0.0,0,0,0,0,0.0,0.0,0.0,0.0,0.0,0.0,0.0,0.0,0,0,0,0,0.0,0.0,0.0,0.0,0.0,0.0,0.0,0.0,0,0,0,0,0,0
1778554062.614906,2026-05-12 05:47:42,0,0,0,0.0,0.0,0.0,0.0,0.0,0.0,0.0,0.0,0,0,0,0,0.0,0.0,0.0,0.0,0.0,0.0,0.0,0.0,0,0,0,0,0.0,0.0,0.0,0.0,0.0,0.0,0.0,0.0,0,0,0,0,0,0
1778554092.614906,2026-05-12 05:48:12,0,0,0,0.0,0.0,0.0,0.0,0.0,0.0,0.0,0.0,0,0,0,0,0.0,0.0,0.0,0.0,0.0,0.0,0.0,0.0,0,0,0,0,0.0,0.0,0.0,0.0,0.0,0.0,0.0,0.0,0,0,0,0,0,0
1778554122.614906,2026-05-12 05:48:42,0,0,0,0.0,0.0,0.0,0.0,0.0,0.0,0.0,0.0,0,0,0,0,0.0,0.0,0.0,0.0,0.0,0.0,0.0,0.0,0,0,0,0,0.0,0.0,0.0,0.0,0.0,0.0,0.0,0.0,0,0,0,0,0,0
1778554152.614906,2026-05-12 05:49:12,0,0,0,0.0,0.0,0.0,0.0,0.0,0.0,0.0,0.0,0,0,0,0,0.0,0.0,0.0,0.0,0.0,0.0,0.0,0.0,0,0,0,0,0.0,0.0,0.0,0.0,0.0,0.0,0.0,0.0,0,0,0,0,0,0
1778554182.614906,2026-05-12 05:49:42,0,0,0,0.0,0.0,0.0,0.0,0.0,0.0,0.0,0.0,0,0,0,0,0.0,0.0,0.0,0.0,0.0,0.0,0.0,0.0,0,0,0,0,0.0,0.0,0.0,0.0,0.0,0.0,0.0,0.0,0,0,0,0,0,0
1778554212.614906,2026-05-12 05:50:12,0,0,0,0.0,0.0,0.0,0.0,0.0,0.0,0.0,0.0,0,0,0,0,0.0,0.0,0.0,0.0,0.0,0.0,0.0,0.0,0,0,0,0,0.0,0.0,0.0,0.0,0.0,0.0,0.0,0.0,0,0,0,0,0,0
1778554242.614906,2026-05-12 05:50:42,0,0,0,0.0,0.0,0.0,0.0,0.0,0.0,0.0,0.0,0,0,0,0,0.0,0.0,0.0,0.0,0.0,0.0,0.0,0.0,0,0,0,0,0.0,0.0,0.0,0.0,0.0,0.0,0.0,0.0,0,0,0,0,0,0
1778554272.614906,2026-05-12 05:51:12,0,0,0,0.0,0.0,0.0,0.0,0.0,0.0,0.0,0.0,0,0,0,0,0.0,0.0,0.0,0.0,0.0,0.0,0.0,0.0,0,0,0,0,0.0,0.0,0.0,0.0,0.0,0.0,0.0,0.0,0,0,0,0,0,0
1778554302.614906,2026-05-12 05:51:42,0,0,0,0.0,0.0,0.0,0.0,0.0,0.0,0.0,0.0,0,0,0,0,0.0,0.0,0.0,0.0,0.0,0.0,0.0,0.0,0,0,0,0,0.0,0.0,0.0,0.0,0.0,0.0,0.0,0.0,0,0,0,0,0,0
1778554332.614906,2026-05-12 05:52:12,1,1,1,0.0,0.0,0.0,0.0,3.73,0.0,0.0,0.0333,1,1,1,1,0.0,0.0,0.0,0.0,1.87,0.0,0.0,0.0167,1,1,1,1,0.0,0.0,0.0,0.0,0.37,0.0,0.0,0.0033,1,0,0,0,0,0
1778554362.614906,2026-05-12 05:52:42,0,0,0,0.0,0.0,0.0,0.0,0.0,0.0,0.0,0.0,0,1,1,1,0.0,0.0,0.0,0.0,1.87,0.0,0.0,0.0167,1,1,1,1,0.0,0.0,0.0,0.0,0.37,0.0,0.0,0.0033,1,0,0,0,0,0
1778554392.614906,2026-05-12 05:53:12,1,1,1,0.0,0.0,0.0,0.0,3.73,0.0,0.0,0.0333,1,1,1,1,0.0,0.0,0.0,0.0,1.87,0.0,0.0,0.0167,1,2,1,1,0.0,0.0,0.0,0.0,0.75,0.0,0.0,0.0067,1,0,0,0,0,0
1778554422.614906,2026-05-12 05:53:42,0,0,0,0.0,0.0,0.0,0.0,0.0,0.0,0.0,0.0,0,1,1,1,0.0,0.0,0.0,0.0,1.87,0.0,0.0,0.0167,1,2,1,1,0.0,0.0,0.0,0.0,0.75,0.0,0.0,0.0067,1,0,0,0,0,0
1778554452.614906,2026-05-12 05:54:12,1,1,1,0.0,0.0,0.0,0.0,3.73,0.0,0.0,0.0333,1,1,1,1,0.0,0.0,0.0,0.0,1.87,0.0,0.0,0.0167,1,3,1,1,0.0,0.0,0.0,0.0,1.12,0.0,0.0,0.01,1,0,0,0,0,0
1778554482.614906,2026-05-12 05:54:42,0,0,0,0.0,0.0,0.0,0.0,0.0,0.0,0.0,0.0,0,1,1,1,0.0,0.0,0.0,0.0,1.87,0.0,0.0,0.0167,1,3,1,1,0.0,0.0,0.0,0.0,1.12,0.0,0.0,0.01,1,0,0,0,0,0
1778554512.614906,2026-05-12 05:55:12,4,2,2,0.0,0.0667,0.1201,0.5,150.27,0.0625,0.0768,0.1333,2,4,2,2,0.0,0.0333,0.1201,0.5,75.13,0.0625,0.0768,0.0667,2,7,3,3,0.0,0.0067,0.0686,0.2857,16.15,0.0973,0.1017,0.0133,2,0,0,0,0,0
1778554542.614906,2026-05-12 05:55:42,0,0,0,0.0,0.0,0.0,0.0,0.0,0.0,0.0,0.0,0,4,2,2,0.0,0.0333,0.1201,0.5,75.13,0.0625,0.0768,0.0667,2,7,3,3,0.0,0.0067,0.0686,0.2857,16.15,0.0973,0.1017,0.0133,2,0,0,0,0,0
1778554572.614906,2026-05-12 05:56:12,0,0,0,0.0,0.0,0.0,0.0,0.0,0.0,0.0,0.0,0,0,0,0,0.0,0.0,0.0,0.0,0.0,0.0,0.0,0.0,0,7,3,3,0.0,0.0067,0.0686,0.2857,16.15,0.0973,0.1017,0.0133,2,0,0,0,0,0
1778554602.614906,2026-05-12 05:56:42,0,0,0,0.0,0.0,0.0,0.0,0.0,0.0,0.0,0.0,0,0,0,0,0.0,0.0,0.0,0.0,0.0,0.0,0.0,0.0,0,7,3,3,0.0,0.0067,0.0686,0.2857,16.15,0.0973,0.1017,0.0133,2,0,0,0,0,0
1778554632.614906,2026-05-12 05:57:12,4,2,2,0.0,0.0667,0.1746,0.5,169.3,0.0625,0.0689,0.1333,2,4,2,2,0.0,0.0333,0.1746,0.5,84.65,0.0625,0.0689,0.0667,2,10,3,4,0.0,0.0133,0.1179,0.4,32.7,0.0951,0.163,0.0267,2,0,0,0,0,0
1778554662.614906,2026-05-12 05:57:42,0,0,0,0.0,0.0,0.0,0.0,0.0,0.0,0.0,0.0,0,4,2,2,0.0,0.0333,0.1746,0.5,84.65,0.0625,0.0689,0.0667,2,10,3,4,0.0,0.0133,0.1179,0.4,32.7,0.0951,0.163,0.0267,2,0,0,0,0,0
1778554692.614906,2026-05-12 05:58:12,0,0,0,0.0,0.0,0.0,0.0,0.0,0.0,0.0,0.0,0,0,0,0,0.0,0.0,0.0,0.0,0.0,0.0,0.0,0.0,0,9,3,4,0.0,0.0133,0.131,0.4444,32.33,0.087,0.1985,0.0267,2,0,0,0,0,0
1778554722.614906,2026-05-12 05:58:42,0,0,0,0.0,0.0,0.0,0.0,0.0,0.0,0.0,0.0,0,0,0,0,0.0,0.0,0.0,0.0,0.0,0.0,0.0,0.0,0,9,3,4,0.0,0.0133,0.131,0.4444,32.33,0.087,0.1985,0.0267,2,0,0,0,0,0
1778554752.614906,2026-05-12 05:59:12,0,0,0,0.0,0.0,0.0,0.0,0.0,0.0,0.0,0.0,0,0,0,0,0.0,0.0,0.0,0.0,0.0,0.0,0.0,0.0,0,8,2,3,0.0,0.0133,0.1474,0.5,31.96,0.0625,0.2444,0.0267,2,0,0,0,0,0
1778554782.614906,2026-05-12 05:59:42,0,0,0,0.0,0.0,0.0,0.0,0.0,0.0,0.0,0.0,0,0,0,0,0.0,0.0,0.0,0.0,0.0,0.0,0.0,0.0,0,8,2,3,0.0,0.0133,0.1474,0.5,31.96,0.0625,0.2444,0.0267,2,0,0,0,0,0
1778554812.614906,2026-05-12 06:00:12,11,1,1,0.0,0.3667,0.0945,0.0,54.87,0.0,0.1348,0.3667,1,11,1,1,0.0,0.1833,0.0945,0.0,27.43,0.0,0.1348,0.1833,1,15,2,2,0.0,0.0433,0.1159,0.1333,22.42,0.0354,0.358,0.05,2,0,0,0,0,0
1778554842.614906,2026-05-12 06:00:42,0,0,0,0.0,0.0,0.0,0.0,0.0,0.0,0.0,0.0,0,11,1,1,0.0,0.1833,0.0945,0.0,27.43,0.0,0.1348,0.1833,1,15,2,2,0.0,0.0433,0.1159,0.1333,22.42,0.0354,0.358,0.05,2,0,0,0,0,0
1778554872.614906,2026-05-12 06:01:12,2,1,1,0.0,0.0667,0.1005,0.0,5.93,0.0,0.0,0.0667,1,2,1,1,0.0,0.0333,0.1005,0.0,2.97,0.0,0.0,0.0333,1,17,2,2,0.0,0.05,0.1141,0.1176,23.01,0.0327,0.3139,0.0567,2,0,0,0,0,0
1778554902.614906,2026-05-12 06:01:42,0,0,0,0.0,0.0,0.0,0.0,0.0,0.0,0.0,0.0,0,2,1,1,0.0,0.0333,0.1005,0.0,2.97,0.0,0.0,0.0333,1,17,2,2,0.0,0.05,0.1141,0.1176,23.01,0.0327,0.3139,0.0567,2,0,0,0,0,0
1778554932.614906,2026-05-12 06:02:12,0,0,0,0.0,0.0,0.0,0.0,0.0,0.0,0.0,0.0,0,0,0,0,0.0,0.0,0.0,0.0,0.0,0.0,0.0,0.0,0,13,1,1,0.0,0.0433,0.0954,0.0,6.08,0.0,0.3225,0.0433,1,0,0,0,0,0
1778554962.614906,2026-05-12 06:02:42,1,1,1,0.0,0.0,0.0001,0.0,3.73,0.0,0.0,0.0333,1,1,1,1,0.0,0.0,0.0001,0.0,1.87,0.0,0.0,0.0167,1,14,2,2,0.0,0.0433,0.0886,0.0,6.45,0.0232,0.2483,0.0433,1,0,0,0,0,0
1778554992.614906,2026-05-12 06:03:12,0,0,0,0.0,0.0,0.0,0.0,0.0,0.0,0.0,0.0,0,1,1,1,0.0,0.0,0.0001,0.0,1.87,0.0,0.0,0.0167,1,14,2,2,0.0,0.0433,0.0886,0.0,6.45,0.0232,0.2483,0.0433,1,0,0,0,0,0
1778555022.614906,2026-05-12 06:03:42,1,1,1,0.0,0.0,0.0001,0.0,3.73,0.0,0.0,0.0333,1,1,1,1,0.0,0.0,0.0001,0.0,1.87,0.0,0.0,0.0167,1,15,2,2,0.0,0.0433,0.0827,0.0,6.83,0.0354,0.2004,0.0433,1,0,0,0,0,0
1778555052.614906,2026-05-12 06:04:12,0,0,0,0.0,0.0,0.0,0.0,0.0,0.0,0.0,0.0,0,1,1,1,0.0,0.0,0.0001,0.0,1.87,0.0,0.0,0.0167,1,15,2,2,0.0,0.0433,0.0827,0.0,6.83,0.0354,0.2004,0.0433,1,0,0,0,0,0
1778555082.614906,2026-05-12 06:04:42,2,2,2,0.0,0.0,0.0407,0.5,5.33,0.0625,0.0,0.0333,1,2,2,2,0.0,0.0,0.0407,0.5,2.67,0.0625,0.0,0.0167,1,17,3,3,0.0,0.0433,0.0778,0.0588,7.36,0.0611,0.1682,0.0467,2,0,0,0,0,0
1778555112.614906,2026-05-12 06:05:12,0,0,0,0.0,0.0,0.0,0.0,0.0,0.0,0.0,0.0,0,2,2,2,0.0,0.0,0.0407,0.5,2.67,0.0625,0.0,0.0167,1,6,3,3,0.0,0.0067,0.0471,0.1667,1.87,0.0912,0.0726,0.01,2,0,0,0,0,0
1778555142.614906,2026-05-12 06:05:42,1,1,1,0.0,0.0,0.0,0.0,3.73,0.0,0.0,0.0333,1,1,1,1,0.0,0.0,0.0,0.0,1.87,0.0,0.0,0.0167,1,7,3,3,0.0,0.0067,0.0404,0.1429,2.25,0.0862,0.0661,0.0133,2,0,0,0,0,0
1778555172.614906,2026-05-12 06:06:12,1,1,1,0.0,0.0,0.0277,1.0,3.73,0.0,0.0,0.0333,1,2,1,2,0.0,0.0,0.0139,0.5,3.73,0.0,0.0,0.0167,1,6,2,3,0.0,0.0,0.0182,0.3333,2.03,0.0406,0.0384,0.0133,2,0,0,0,0,0
1778555202.614906,2026-05-12 06:06:42,11,2,4,0.0,0.2,0.0874,0.4545,913.63,0.0621,0.1979,0.3667,2,12,3,5,0.0,0.1,0.0824,0.5,458.68,0.0828,0.232,0.2,3,17,4,7,0.0,0.02,0.063,0.4118,93.39,0.1131,0.1329,0.0433,4,0,0,0,0,0
1778555232.614906,2026-05-12 06:07:12,0,0,0,0.0,0.0,0.0,0.0,0.0,0.0,0.0,0.0,0,11,2,4,0.0,0.1,0.0874,0.4545,456.82,0.0621,0.1979,0.1833,2,17,4,7,0.0,0.02,0.063,0.4118,93.39,0.1131,0.1329,0.0433,4,0,0,0,0,0
1778555262.614906,2026-05-12 06:07:42,2,1,1,0.0,0.0667,0.1009,0.0,8.47,0.0,0.0,0.0667,1,2,1,1,0.0,0.0333,0.1009,0.0,4.23,0.0,0.0,0.0333,1,18,4,7,0.0,0.0267,0.0707,0.3889,93.86,0.1092,0.1371,0.05,4,0,0,0,0,0
1778555292.614906,2026-05-12 06:08:12,0,0,0,0.0,0.0,0.0,0.0,0.0,0.0,0.0,0.0,0,2,1,1,0.0,0.0333,0.1009,0.0,4.23,0.0,0.0,0.0333,1,18,4,7,0.0,0.0267,0.0707,0.3889,93.86,0.1092,0.1371,0.05,4,0,0,0,0,0
1778555322.614906,2026-05-12 06:08:42,0,0,0,0.0,0.0,0.0,0.0,0.0,0.0,0.0,0.0,0,0,0,0,0.0,0.0,0.0,0.0,0.0,0.0,0.0,0.0,0,17,4,7,0.0,0.0267,0.0749,0.4118,93.49,0.1071,0.1435,0.05,4,0,0,0,0,0
1778555352.614906,2026-05-12 06:09:12,1,1,1,0.0,0.0,2.0921,1.0,11.2,0.0,0.0,0.0333,1,1,1,1,0.0,0.0,2.0921,1.0,5.6,0.0,0.0,0.0167,1,18,4,8,0.0,0.0267,0.1869,0.4444,94.61,0.1092,0.1534,0.0533,4,0,0,0,0,0
1778555382.614906,2026-05-12 06:09:42,0,0,0,0.0,0.0,0.0,0.0,0.0,0.0,0.0,0.0,0,1,1,1,0.0,0.0,2.0921,1.0,5.6,0.0,0.0,0.0167,1,16,3,7,0.0,0.0267,0.2052,0.4375,94.08,0.0923,0.1761,0.05,3,0,0,0,0,0
1778555412.614906,2026-05-12 06:10:12,0,0,0,0.0,0.0,0.0,0.0,0.0,0.0,0.0,0.0,0,0,0,0,0.0,0.0,0.0,0.0,0.0,0.0,0.0,0.0,0,16,3,7,0.0,0.0267,0.2052,0.4375,94.08,0.0923,0.1761,0.05,3,0,0,0,0,0
1778555442.614906,2026-05-12 06:10:42,0,0,0,0.0,0.0,0.0,0.0,0.0,0.0,0.0,0.0,0,0,0,0,0.0,0.0,0.0,0.0,0.0,0.0,0.0,0.0,0,15,3,6,0.0,0.0267,0.2189,0.4667,93.7,0.0875,0.2002,0.05,3,0,0,0,0,0
1778555472.614906,2026-05-12 06:11:12,0,0,0,0.0,0.0,0.0,0.0,0.0,0.0,0.0,0.0,0,0,0,0,0.0,0.0,0.0,0.0,0.0,0.0,0.0,0.0,0,14,3,5,0.0,0.0267,0.2325,0.4286,93.33,0.079,0.2339,0.0467,3,0,0,0,0,0
1778555502.614906,2026-05-12 06:11:42,2,1,1,0.0,0.0,0.2921,1.0,164.1,0.0,0.0,0.0667,1,2,1,1,0.0,0.0,0.2921,1.0,82.05,0.0,0.0,0.0333,1,5,3,3,0.0,0.0067,0.5756,0.6,18.38,0.0951,0.1051,0.0167,3,0,0,0,0,0
1778555532.614906,2026-05-12 06:12:12,0,0,0,0.0,0.0,0.0,0.0,0.0,0.0,0.0,0.0,0,2,1,1,0.0,0.0,0.2921,1.0,82.05,0.0,0.0,0.0333,1,5,3,3,0.0,0.0067,0.5756,0.6,18.38,0.0951,0.1051,0.0167,3,0,0,0,0,0
1778555562.614906,2026-05-12 06:12:42,0,0,0,0.0,0.0,0.0,0.0,0.0,0.0,0.0,0.0,0,0,0,0,0.0,0.0,0.0,0.0,0.0,0.0,0.0,0.0,0,3,2,2,0.0,0.0,0.8921,1.0,17.53,0.0574,0.0999,0.01,2,0,0,0,0,0
1778555592.614906,2026-05-12 06:13:12,0,0,0,0.0,0.0,0.0,0.0,0.0,0.0,0.0,0.0,0,0,0,0,0.0,0.0,0.0,0.0,0.0,0.0,0.0,0.0,0,3,2,2,0.0,0.0,0.8921,1.0,17.53,0.0574,0.0999,0.01,2,0,0,0,0,0
1778555622.614906,2026-05-12 06:13:42,0,0,0,0.0,0.0,0.0,0.0,0.0,0.0,0.0,0.0,0,0,0,0,0.0,0.0,0.0,0.0,0.0,0.0,0.0,0.0,0,3,2,2,0.0,0.0,0.8921,1.0,17.53,0.0574,0.0999,0.01,2,0,0,0,0,0
1778555652.614906,2026-05-12 06:14:12,4,2,2,0.0,0.0667,0.1871,0.5,157.83,0.0625,0.0768,0.1333,2,4,2,2,0.0,0.0333,0.1871,0.5,78.92,0.0625,0.0768,0.0667,2,6,2,2,0.0,0.0067,0.2221,0.6667,32.19,0.0574,0.1996,0.02,2,0,0,0,0,0
1778555682.614906,2026-05-12 06:14:42,0,0,0,0.0,0.0,0.0,0.0,0.0,0.0,0.0,0.0,0,4,2,2,0.0,0.0333,0.1871,0.5,78.92,0.0625,0.0768,0.0667,2,6,2,2,0.0,0.0067,0.2221,0.6667,32.19,0.0574,0.1996,0.02,2,0,0,0,0,0
1778555712.614906,2026-05-12 06:15:12,0,0,0,0.0,0.0,0.0,0.0,0.0,0.0,0.0,0.0,0,0,0,0,0.0,0.0,0.0,0.0,0.0,0.0,0.0,0.0,0,6,2,2,0.0,0.0067,0.2221,0.6667,32.19,0.0574,0.1996,0.02,2,0,0,0,0,0
1778555742.614906,2026-05-12 06:15:42,0,0,0,0.0,0.0,0.0,0.0,0.0,0.0,0.0,0.0,0,0,0,0,0.0,0.0,0.0,0.0,0.0,0.0,0.0,0.0,0,6,2,2,0.0,0.0067,0.2221,0.6667,32.19,0.0574,0.1996,0.02,2,0,0,0,0,0
1778555772.614906,2026-05-12 06:16:12,0,0,0,0.0,0.0,0.0,0.0,0.0,0.0,0.0,0.0,0,0,0,0,0.0,0.0,0.0,0.0,0.0,0.0,0.0,0.0,0,6,2,2,0.0,0.0067,0.2221,0.6667,32.19,0.0574,0.1996,0.02,2,0,0,0,0,0
1778555802.614906,2026-05-12 06:16:42,0,0,0,0.0,0.0,0.0,0.0,0.0,0.0,0.0,0.0,0,0,0,0,0.0,0.0,0.0,0.0,0.0,0.0,0.0,0.0,0,4,2,2,0.0,0.0067,0.1871,0.5,15.78,0.0625,0.0768,0.0133,2,0,0,0,0,0
1778555832.614906,2026-05-12 06:17:12,0,0,0,0.0,0.0,0.0,0.0,0.0,0.0,0.0,0.0,0,0,0,0,0.0,0.0,0.0,0.0,0.0,0.0,0.0,0.0,0,4,2,2,0.0,0.0067,0.1871,0.5,15.78,0.0625,0.0768,0.0133,2,0,0,0,0,0
1778555862.614906,2026-05-12 06:17:42,2,1,1,0.0,0.0,3.8989,1.0,32906.87,0.0,0.0,0.0667,1,2,1,1,0.0,0.0,3.8989,1.0,16453.43,0.0,0.0,0.0333,1,6,2,3,0.0,0.0067,1.4244,0.6667,3306.47,0.0574,0.1997,0.02,2,0,0,0,0,0
1778555892.614906,2026-05-12 06:18:12,4,2,2,0.0,0.0667,0.2027,0.5,2918.2,0.0625,0.0755,0.1333,2,6,2,3,0.0,0.0333,1.4348,0.6667,17912.53,0.0574,0.1987,0.1,2,10,2,4,0.0,0.0133,0.9357,0.6,3598.29,0.0607,0.2315,0.0333,2,0,0,0,0,0
1778555922.614906,2026-05-12 06:18:42,6,2,3,0.0,0.0667,0.852,0.6667,22449.1,0.0574,0.1968,0.2,2,10,2,4,0.0,0.0667,0.5923,0.6,12683.65,0.0607,0.1846,0.1667,2,16,2,5,0.0,0.02,0.9043,0.625,5843.2,0.0597,0.2736,0.0533,2,0,0,0,0,0
1778555952.614906,2026-05-12 06:19:12,4,2,2,0.0,0.0667,0.1252,0.5,152.53,0.0625,0.0708,0.1333,2,10,2,4,0.0,0.0667,0.5613,0.6,11300.82,0.0607,0.184,0.1667,2,16,2,6,0.0,0.02,0.8888,0.625,5842.67,0.0597,0.1962,0.0533,2,0,0,0,0,0
1778555982.614906,2026-05-12 06:19:42,0,0,0,0.0,0.0,0.0,0.0,0.0,0.0,0.0,0.0,0,4,2,2,0.0,0.0333,0.1252,0.5,76.27,0.0625,0.0708,0.0667,2,16,2,6,0.0,0.02,0.8888,0.625,5842.67,0.0597,0.1962,0.0533,2,0,0,0,0,0
1778556012.614906,2026-05-12 06:20:12,0,0,0,0.0,0.0,0.0,0.0,0.0,0.0,0.0,0.0,0,0,0,0,0.0,0.0,0.0,0.0,0.0,0.0,0.0,0.0,0,16,2,6,0.0,0.02,0.8888,0.625,5842.67,0.0597,0.1962,0.0533,2,0,0,0,0,0
1778556042.614906,2026-05-12 06:20:42,0,0,0,0.0,0.0,0.0,0.0,0.0,0.0,0.0,0.0,0,0,0,0,0.0,0.0,0.0,0.0,0.0,0.0,0.0,0.0,0,16,2,6,0.0,0.02,0.8888,0.625,5842.67,0.0597,0.1962,0.0533,2,0,0,0,0,0
1778556072.614906,2026-05-12 06:21:12,4,2,2,0.0,0.0667,0.0964,0.5,150.9,0.0625,0.0805,0.1333,2,4,2,2,0.0,0.0333,0.0964,0.5,75.45,0.0625,0.0805,0.0667,2,20,2,7,0.0,0.0267,0.7304,0.6,5857.76,0.0607,0.2633,0.0667,2,0,0,0,0,0
1778556102.614906,2026-05-12 06:21:42,6,2,3,0.0,0.0667,0.7952,0.6667,33060.87,0.0574,0.1915,0.2,2,10,2,4,0.0,0.0667,0.5157,0.6,16605.88,0.0607,0.1944,0.1667,2,26,2,8,0.0,0.0333,0.7453,0.6154,9163.85,0.0601,0.2796,0.0867,2,0,0,0,0,0
1778556132.614906,2026-05-12 06:22:12,0,0,0,0.0,0.0,0.0,0.0,0.0,0.0,0.0,0.0,0,6,2,3,0.0,0.0333,0.7952,0.6667,16530.43,0.0574,0.1915,0.1,2,26,2,8,0.0,0.0333,0.7453,0.6154,9163.85,0.0601,0.2796,0.0867,2,0,0,0,0,0
1778556162.614906,2026-05-12 06:22:42,3,2,2,0.0,0.0667,0.0484,0.3333,5.63,0.0574,0.0987,0.1,2,3,2,2,0.0,0.0333,0.0484,0.3333,2.82,0.0574,0.0987,0.05,2,27,2,9,0.0,0.04,0.4343,0.5556,5873.72,0.0619,0.2798,0.09,2,0,0,0,0,0
1778556192.614906,2026-05-12 06:23:12,2,1,1,0.0,0.0667,0.0805,0.0,5.63,0.0,0.0,0.0667,1,5,2,2,0.0,0.0667,0.0612,0.2,5.63,0.0451,0.1724,0.0833,2,25,2,8,0.0,0.04,0.443,0.52,5582.47,0.0624,0.2474,0.0833,2,0,0,0,0,0
1778556222.614906,2026-05-12 06:23:42,0,0,0,0.0,0.0,0.0,0.0,0.0,0.0,0.0,0.0,0,2,1,1,0.0,0.0333,0.0805,0.0,2.82,0.0,0.0,0.0333,1,19,2,6,0.0,0.0333,0.3139,0.4737,3337.56,0.0624,0.2348,0.0633,2,0,0,0,0,0
1778556252.614906,2026-05-12 06:24:12,0,0,0,0.0,0.0,0.0,0.0,0.0,0.0,0.0,0.0,0,0,0,0,0.0,0.0,0.0,0.0,0.0,0.0,0.0,0.0,0,15,2,5,0.0,0.0267,0.3642,0.4667,3322.3,0.0623,0.1999,0.05,2,0,0,0,0,0
1778556282.614906,2026-05-12 06:24:42,4,2,2,0.0,0.0667,0.1033,0.5,151.6,0.0625,0.0783,0.1333,2,4,2,2,0.0,0.0333,0.1033,0.5,75.8,0.0625,0.0783,0.0667,2,19,2,5,0.0,0.0333,0.3093,0.4737,3337.46,0.0624,0.2047,0.0633,2,0,0,0,0,0
1778556312.614906,2026-05-12 06:25:12,1,1,1,0.0,0.0,0.0,0.0,3.73,0.0,0.0,0.0333,1,5,3,3,0.0,0.0333,0.0827,0.4,77.67,0.0951,0.172,0.0667,2,20,3,6,0.0,0.0333,0.2938,0.45,3337.84,0.0772,0.185,0.0633,2,0,0,0,0,0
1778556342.614906,2026-05-12 06:25:42,4,2,2,0.0,0.0667,0.398,0.5,1269.77,0.0625,0.0806,0.1333,2,5,3,3,0.0,0.0333,0.3184,0.4,636.75,0.0951,0.1717,0.0667,2,24,3,7,0.0,0.04,0.3112,0.4583,3464.81,0.0754,0.1827,0.0767,2,0,0,0,0,0
1778556372.614906,2026-05-12 06:26:12,0,0,0,0.0,0.0,0.0,0.0,0.0,0.0,0.0,0.0,0,4,2,2,0.0,0.0333,0.398,0.5,634.88,0.0625,0.0806,0.0667,2,20,3,7,0.0,0.0333,0.3541,0.45,3449.72,0.0772,0.1707,0.0633,2,0,0,0,0,0
1778556402.614906,2026-05-12 06:26:42,2,1,2,0.0,0.0,1.0444,0.5,14.93,0.0,0.0,0.0333,1,2,1,2,0.0,0.0,1.0444,0.5,7.47,0.0,0.0,0.0167,1,16,3,6,0.0,0.0267,0.275,0.375,145.13,0.0923,0.1379,0.0467,3,0,0,0,0,0
1778556432.614906,2026-05-12 06:27:12,0,0,0,0.0,0.0,0.0,0.0,0.0,0.0,0.0,0.0,0,2,1,2,0.0,0.0,1.0444,0.5,7.47,0.0,0.0,0.0167,1,16,3,6,0.0,0.0267,0.275,0.375,145.13,0.0923,0.1379,0.0467,3,0,0,0,0,0
1778556462.614906,2026-05-12 06:27:42,0,0,0,0.0,0.0,0.0,0.0,0.0,0.0,0.0,0.0,0,0,0,0,0.0,0.0,0.0,0.0,0.0,0.0,0.0,0.0,0,13,3,5,0.0,0.02,0.3273,0.3846,144.57,0.0954,0.1363,0.0367,3,0,0,0,0,0
1778556492.614906,2026-05-12 06:28:12,2,1,1,0.0,0.0,0.1055,1.0,139.1,0.0,0.0,0.0667,1,2,1,1,0.0,0.0,0.1055,1.0,69.55,0.0,0.0,0.0333,1,13,3,5,0.0,0.0133,0.3312,0.5385,157.91,0.0954,0.1361,0.0367,3,0,0,0,0,0
1778556522.614906,2026-05-12 06:28:42,0,0,0,0.0,0.0,0.0,0.0,0.0,0.0,0.0,0.0,0,2,1,1,0.0,0.0,0.1055,1.0,69.55,0.0,0.0,0.0333,1,13,3,5,0.0,0.0133,0.3312,0.5385,157.91,0.0954,0.1361,0.0367,3,0,0,0,0,0
1778556552.614906,2026-05-12 06:29:12,1,1,1,0.0,0.0,0.0,0.0,3.73,0.0,0.0,0.0333,1,1,1,1,0.0,0.0,0.0,0.0,1.87,0.0,0.0,0.0167,1,14,3,5,0.0,0.0133,0.3075,0.5,158.29,0.0973,0.1223,0.0367,3,0,0,0,0,0
1778556582.614906,2026-05-12 06:29:42,0,0,0,0.0,0.0,0.0,0.0,0.0,0.0,0.0,0.0,0,1,1,1,0.0,0.0,0.0,0.0,1.87,0.0,0.0,0.0167,1,10,3,5,0.0,0.0067,0.3892,0.5,143.13,0.0951,0.1031,0.0233,3,0,0,0,0,0
1778556612.614906,2026-05-12 06:30:12,1,1,1,0.0,0.0,0.0,0.0,3.73,0.0,0.0,0.0333,1,1,1,1,0.0,0.0,0.0,0.0,1.87,0.0,0.0,0.0167,1,10,3,5,0.0,0.0067,0.3892,0.5,143.13,0.0951,0.1028,0.0233,3,0,0,0,0,0
1778556642.614906,2026-05-12 06:30:42,0,0,0,0.0,0.0,0.0,0.0,0.0,0.0,0.0,0.0,0,1,1,1,0.0,0.0,0.0,0.0,1.87,0.0,0.0,0.0167,1,6,2,3,0.0,0.0,0.3833,0.5,16.15,0.0574,0.0668,0.01,2,0,0,0,0,0
1778556672.614906,2026-05-12 06:31:12,1,1,1,0.0,0.0,0.0001,0.0,3.73,0.0,0.0,0.0333,1,1,1,1,0.0,0.0,0.0001,0.0,1.87,0.0,0.0,0.0167,1,7,2,3,0.0,0.0,0.3286,0.4286,16.52,0.0539,0.0588,0.0133,2,0,0,0,0,0
1778556702.614906,2026-05-12 06:31:42,0,0,0,0.0,0.0,0.0,0.0,0.0,0.0,0.0,0.0,0,1,1,1,0.0,0.0,0.0001,0.0,1.87,0.0,0.0,0.0167,1,5,2,2,0.0,0.0,0.0422,0.4,15.03,0.0607,0.0582,0.01,1,0,0,0,0,0
1778556732.614906,2026-05-12 06:32:12,1,1,1,0.0,0.0,0.0,0.0,3.73,0.0,0.0,0.0333,1,1,1,1,0.0,0.0,0.0,0.0,1.87,0.0,0.0,0.0167,1,6,2,2,0.0,0.0,0.0352,0.3333,15.4,0.0574,0.0504,0.0133,1,0,0,0,0,0
1778556762.614906,2026-05-12 06:32:42,0,0,0,0.0,0.0,0.0,0.0,0.0,0.0,0.0,0.0,0,1,1,1,0.0,0.0,0.0,0.0,1.87,0.0,0.0,0.0167,1,6,2,2,0.0,0.0,0.0352,0.3333,15.4,0.0574,0.0504,0.0133,1,0,0,0,0,0
1778556792.614906,2026-05-12 06:33:12,1,1,1,0.0,0.0,0.0001,0.0,3.73,0.0,0.0,0.0333,1,1,1,1,0.0,0.0,0.0001,0.0,1.87,0.0,0.0,0.0167,1,5,1,1,0.0,0.0,0.0001,0.0,1.87,0.0,0.0001,0.0167,1,0,0,0,0,0
1778556822.614906,2026-05-12 06:33:42,5,2,2,0.0,0.1,0.1072,0.4,458.6,0.0607,0.0664,0.1667,2,6,3,3,0.0,0.05,0.0893,0.3333,231.17,0.0912,0.1987,0.0833,2,10,3,3,0.0,0.01,0.0536,0.2,47.73,0.0928,0.0901,0.0167,2,0,0,0,0,0
1778556852.614906,2026-05-12 06:34:12,0,0,0,0.0,0.0,0.0,0.0,0.0,0.0,0.0,0.0,0,5,2,2,0.0,0.05,0.1072,0.4,229.3,0.0607,0.0664,0.0833,2,9,3,3,0.0,0.01,0.0596,0.2222,47.35,0.0957,0.1008,0.0167,2,0,0,0,0,0
1778556882.614906,2026-05-12 06:34:42,5,2,3,0.0,0.0667,0.2842,0.6,1268.43,0.0607,0.1624,0.1667,2,5,2,3,0.0,0.0333,0.2842,0.6,634.22,0.0607,0.1624,0.0833,2,14,3,5,0.0,0.0167,0.1398,0.3571,174.2,0.0986,0.1233,0.0333,2,0,0,0,0,0
1778556912.614906,2026-05-12 06:35:12,0,0,0,0.0,0.0,0.0,0.0,0.0,0.0,0.0,0.0,0,5,2,3,0.0,0.0333,0.2842,0.6,634.22,0.0607,0.1624,0.0833,2,13,3,5,0.0,0.0167,0.1505,0.3846,173.82,0.0968,0.1369,0.0333,2,0,0,0,0,0
1778556942.614906,2026-05-12 06:35:42,0,0,0,0.0,0.0,0.0,0.0,0.0,0.0,0.0,0.0,0,0,0,0,0.0,0.0,0.0,0.0,0.0,0.0,0.0,0.0,0,13,3,5,0.0,0.0167,0.1505,0.3846,173.82,0.0968,0.1369,0.0333,2,0,0,0,0,0
1778556972.614906,2026-05-12 06:36:12,2,1,1,0.0,0.0,0.277,1.0,152.0,0.0,0.0,0.0667,1,2,1,1,0.0,0.0,0.277,1.0,76.0,0.0,0.0,0.0333,1,14,3,6,0.0,0.0167,0.1793,0.5,188.65,0.0895,0.1512,0.04,2,0,0,0,0,0
1778557002.614906,2026-05-12 06:36:42,0,0,0,0.0,0.0,0.0,0.0,0.0,0.0,0.0,0.0,0,2,1,1,0.0,0.0,0.277,1.0,76.0,0.0,0.0,0.0333,1,14,3,6,0.0,0.0167,0.1793,0.5,188.65,0.0895,0.1512,0.04,2,0,0,0,0,0
1778557032.614906,2026-05-12 06:37:12,0,0,0,0.0,0.0,0.0,0.0,0.0,0.0,0.0,0.0,0,0,0,0,0.0,0.0,0.0,0.0,0.0,0.0,0.0,0.0,0,13,3,6,0.0,0.0167,0.1931,0.5385,188.28,0.081,0.1749,0.04,2,0,0,0,0,0
1778557062.614906,2026-05-12 06:37:42,0,0,0,0.0,0.0,0.0,0.0,0.0,0.0,0.0,0.0,0,0,0,0,0.0,0.0,0.0,0.0,0.0,0.0,0.0,0.0,0,13,3,6,0.0,0.0167,0.1931,0.5385,188.28,0.081,0.1749,0.04,2,0,0,0,0,0
1778557092.614906,2026-05-12 06:38:12,0,0,0,0.0,0.0,0.0,0.0,0.0,0.0,0.0,0.0,0,0,0,0,0.0,0.0,0.0,0.0,0.0,0.0,0.0,0.0,0,12,2,5,0.0,0.0167,0.2092,0.5833,187.9,0.0612,0.2105,0.04,2,0,0,0,0,0
1778557122.614906,2026-05-12 06:38:42,1,1,1,0.0,0.0,0.072,1.0,1.6,0.0,0.0,0.0333,1,1,1,1,0.0,0.0,0.072,1.0,0.8,0.0,0.0,0.0167,1,8,3,5,0.0,0.0067,0.2559,0.75,142.2,0.0812,0.1631,0.0267,3,0,0,0,0,0
1778557152.614906,2026-05-12 06:39:12,0,0,0,0.0,0.0,0.0,0.0,0.0,0.0,0.0,0.0,0,1,1,1,0.0,0.0,0.072,1.0,0.8,0.0,0.0,0.0167,1,8,3,5,0.0,0.0067,0.2559,0.75,142.2,0.0812,0.1631,0.0267,3,0,0,0,0,0
1778557182.614906,2026-05-12 06:39:42,0,0,0,0.0,0.0,0.0,0.0,0.0,0.0,0.0,0.0,0,0,0,0,0.0,0.0,0.0,0.0,0.0,0.0,0.0,0.0,0,3,2,2,0.0,0.0,0.2087,1.0,15.36,0.0574,0.0999,0.01,2,0,0,0,0,0
1778557212.614906,2026-05-12 06:40:12,0,0,0,0.0,0.0,0.0,0.0,0.0,0.0,0.0,0.0,0,0,0,0,0.0,0.0,0.0,0.0,0.0,0.0,0.0,0.0,0,3,2,2,0.0,0.0,0.2087,1.0,15.36,0.0574,0.0999,0.01,2,0,0,0,0,0
1778557242.614906,2026-05-12 06:40:42,0,0,0,0.0,0.0,0.0,0.0,0.0,0.0,0.0,0.0,0,0,0,0,0.0,0.0,0.0,0.0,0.0,0.0,0.0,0.0,0,3,2,2,0.0,0.0,0.2087,1.0,15.36,0.0574,0.0999,0.01,2,0,0,0,0,0
1778557272.614906,2026-05-12 06:41:12,0,0,0,0.0,0.0,0.0,0.0,0.0,0.0,0.0,0.0,0,0,0,0,0.0,0.0,0.0,0.0,0.0,0.0,0.0,0.0,0,1,1,1,0.0,0.0,0.072,1.0,0.16,0.0,0.0,0.0033,1,0,0,0,0,0
1778557302.614906,2026-05-12 06:41:42,2,1,1,0.0,0.0667,0.0818,0.0,5.63,0.0,0.0,0.0667,1,2,1,1,0.0,0.0333,0.0818,0.0,2.82,0.0,0.0,0.0333,1,3,2,2,0.0,0.0067,0.0786,0.3333,0.72,0.0574,0.0999,0.01,2,0,0,0,0,0
1778557332.614906,2026-05-12 06:42:12,1,1,1,0.0,0.0,0.0,0.0,3.73,0.0,0.0,0.0333,1,3,2,2,0.0,0.0333,0.0546,0.0,4.68,0.0574,0.0994,0.0333,1,4,3,3,0.0,0.0067,0.0589,0.25,1.1,0.0938,0.1111,0.01,2,0,0,0,0,0
1778557362.614906,2026-05-12 06:42:42,0,0,0,0.0,0.0,0.0,0.0,0.0,0.0,0.0,0.0,0,1,1,1,0.0,0.0,0.0,0.0,1.87,0.0,0.0,0.0167,1,4,3,3,0.0,0.0067,0.0589,0.25,1.1,0.0938,0.1111,0.01,2,0,0,0,0,0
1778557392.614906,2026-05-12 06:43:12,1,1,1,0.0,0.0,0.0,0.0,3.73,0.0,0.0,0.0333,1,1,1,1,0.0,0.0,0.0,0.0,1.87,0.0,0.0,0.0167,1,5,3,3,0.0,0.0067,0.0472,0.2,1.47,0.0951,0.0983,0.01,2,0,0,0,0,0
1778557422.614906,2026-05-12 06:43:42,0,0,0,0.0,0.0,0.0,0.0,0.0,0.0,0.0,0.0,0,1,1,1,0.0,0.0,0.0,0.0,1.87,0.0,0.0,0.0167,1,4,2,2,0.0,0.0067,0.0409,0.0,1.31,0.0625,0.0821,0.0067,1,0,0,0,0,0
1778557452.614906,2026-05-12 06:44:12,1,1,1,0.0,0.0,0.0,0.0,3.73,0.0,0.0,0.0333,1,1,1,1,0.0,0.0,0.0,0.0,1.87,0.0,0.0,0.0167,1,5,2,2,0.0,0.0067,0.0328,0.0,1.68,0.0607,0.0667,0.01,1,0,0,0,0,0
1778557482.614906,2026-05-12 06:44:42,0,0,0,0.0,0.0,0.0,0.0,0.0,0.0,0.0,0.0,0,1,1,1,0.0,0.0,0.0,0.0,1.87,0.0,0.0,0.0167,1,5,2,2,0.0,0.0067,0.0328,0.0,1.68,0.0607,0.0667,0.01,1,0,0,0,0,0
1778557512.614906,2026-05-12 06:45:12,1,1,1,0.0,0.0,0.0002,0.0,3.73,0.0,0.0,0.0333,1,1,1,1,0.0,0.0,0.0002,0.0,1.87,0.0,0.0,0.0167,1,6,2,2,0.0,0.0067,0.0273,0.0,2.06,0.0574,0.0574,0.0133,1,0,0,0,0,0
1778557542.614906,2026-05-12 06:45:42,0,0,0,0.0,0.0,0.0,0.0,0.0,0.0,0.0,0.0,0,1,1,1,0.0,0.0,0.0002,0.0,1.87,0.0,0.0,0.0167,1,6,2,2,0.0,0.0067,0.0273,0.0,2.06,0.0574,0.0574,0.0133,1,0,0,0,0,0
1778557572.614906,2026-05-12 06:46:12,1,1,1,0.0,0.0,0.0001,0.0,3.73,0.0,0.0,0.0333,1,1,1,1,0.0,0.0,0.0001,0.0,1.87,0.0,0.0,0.0167,1,7,2,2,0.0,0.0067,0.0234,0.0,2.43,0.0539,0.0512,0.0167,1,0,0,0,0,0
1778557602.614906,2026-05-12 06:46:42,0,0,0,0.0,0.0,0.0,0.0,0.0,0.0,0.0,0.0,0,1,1,1,0.0,0.0,0.0001,0.0,1.87,0.0,0.0,0.0167,1,5,1,1,0.0,0.0,0.0001,0.0,1.87,0.0,0.0,0.0167,1,0,0,0,0,0
1778557632.614906,2026-05-12 06:47:12,1,1,1,0.0,0.0,0.0,0.0,3.73,0.0,0.0,0.0333,1,1,1,1,0.0,0.0,0.0,0.0,1.87,0.0,0.0,0.0167,1,5,1,1,0.0,0.0,0.0001,0.0,1.87,0.0,0.0,0.0167,1,0,0,0,0,0
1778557662.614906,2026-05-12 06:47:42,0,0,0,0.0,0.0,0.0,0.0,0.0,0.0,0.0,0.0,0,1,1,1,0.0,0.0,0.0,0.0,1.87,0.0,0.0,0.0167,1,5,1,1,0.0,0.0,0.0001,0.0,1.87,0.0,0.0,0.0167,1,0,0,0,0,0
1778557692.614906,2026-05-12 06:48:12,1,1,1,0.0,0.0,0.0,0.0,3.73,0.0,0.0,0.0333,1,1,1,1,0.0,0.0,0.0,0.0,1.87,0.0,0.0,0.0167,1,5,1,1,0.0,0.0,0.0001,0.0,1.87,0.0,0.0,0.0167,1,0,0,0,0,0
1778557722.614906,2026-05-12 06:48:42,0,0,0,0.0,0.0,0.0,0.0,0.0,0.0,0.0,0.0,0,1,1,1,0.0,0.0,0.0,0.0,1.87,0.0,0.0,0.0167,1,5,1,1,0.0,0.0,0.0001,0.0,1.87,0.0,0.0,0.0167,1,0,0,0,0,0
1778557752.614906,2026-05-12 06:49:12,0,0,0,0.0,0.0,0.0,0.0,0.0,0.0,0.0,0.0,0,0,0,0,0.0,0.0,0.0,0.0,0.0,0.0,0.0,0.0,0,4,1,1,0.0,0.0,0.0001,0.0,1.49,0.0,0.0,0.0133,1,0,0,0,0,0
1778557782.614906,2026-05-12 06:49:42,0,0,0,0.0,0.0,0.0,0.0,0.0,0.0,0.0,0.0,0,0,0,0,0.0,0.0,0.0,0.0,0.0,0.0,0.0,0.0,0,4,1,1,0.0,0.0,0.0001,0.0,1.49,0.0,0.0,0.0133,1,0,0,0,0,0
1778557812.614906,2026-05-12 06:50:12,0,0,0,0.0,0.0,0.0,0.0,0.0,0.0,0.0,0.0,0,0,0,0,0.0,0.0,0.0,0.0,0.0,0.0,0.0,0.0,0,3,1,1,0.0,0.0,0.0001,0.0,1.12,0.0,0.0,0.01,1,0,0,0,0,0
1778557842.614906,2026-05-12 06:50:42,4,2,2,0.0,0.0667,0.2214,0.5,246.87,0.0625,0.07,0.1333,2,4,2,2,0.0,0.0333,0.2214,0.5,123.43,0.0625,0.07,0.0667,2,7,3,3,0.0,0.0067,0.1265,0.2857,25.81,0.0973,0.123,0.0133,2,0,0,0,0,0
1778557872.614906,2026-05-12 06:51:12,0,0,0,0.0,0.0,0.0,0.0,0.0,0.0,0.0,0.0,0,4,2,2,0.0,0.0333,0.2214,0.5,123.43,0.0625,0.07,0.0667,2,6,3,3,0.0,0.0067,0.1476,0.3333,25.43,0.0991,0.142,0.0133,2,0,0,0,0,0
1778557902.614906,2026-05-12 06:51:42,1,1,1,0.0,0.0,0.0,0.0,3.73,0.0,0.0,0.0333,1,1,1,1,0.0,0.0,0.0,0.0,1.87,0.0,0.0,0.0167,1,7,3,3,0.0,0.0067,0.1265,0.2857,25.81,0.0973,0.1275,0.0133,2,0,0,0,0,0
1778557932.614906,2026-05-12 06:52:12,0,0,0,0.0,0.0,0.0,0.0,0.0,0.0,0.0,0.0,0,1,1,1,0.0,0.0,0.0,0.0,1.87,0.0,0.0,0.0167,1,6,3,3,0.0,0.0067,0.1476,0.3333,25.43,0.0991,0.1486,0.0133,2,0,0,0,0,0
1778557962.614906,2026-05-12 06:52:42,1,1,1,0.0,0.0,0.0002,0.0,3.73,0.0,0.0,0.0333,1,1,1,1,0.0,0.0,0.0002,0.0,1.87,0.0,0.0,0.0167,1,7,3,3,0.0,0.0067,0.1265,0.2857,25.81,0.0973,0.1274,0.0133,2,0,0,0,0,0
1778557992.614906,2026-05-12 06:53:12,0,0,0,0.0,0.0,0.0,0.0,0.0,0.0,0.0,0.0,0,1,1,1,0.0,0.0,0.0002,0.0,1.87,0.0,0.0,0.0167,1,6,3,3,0.0,0.0067,0.1476,0.3333,25.43,0.0991,0.1233,0.0133,2,0,0,0,0,0
1778558022.614906,2026-05-12 06:53:42,1,1,1,0.0,0.0,0.0,0.0,3.73,0.0,0.0,0.0333,1,1,1,1,0.0,0.0,0.0,0.0,1.87,0.0,0.0,0.0167,1,7,3,3,0.0,0.0067,0.1265,0.2857,25.81,0.0973,0.1007,0.0133,2,0,0,0,0,0
1778558052.614906,2026-05-12 06:54:12,0,0,0,0.0,0.0,0.0,0.0,0.0,0.0,0.0,0.0,0,1,1,1,0.0,0.0,0.0,0.0,1.87,0.0,0.0,0.0167,1,7,3,3,0.0,0.0067,0.1265,0.2857,25.81,0.0973,0.1007,0.0133,2,0,0,0,0,0
1778558082.614906,2026-05-12 06:54:42,1,1,1,0.0,0.0,0.0001,0.0,3.73,0.0,0.0,0.0333,1,1,1,1,0.0,0.0,0.0001,0.0,1.87,0.0,0.0,0.0167,1,8,3,3,0.0,0.0067,0.1107,0.25,26.18,0.0938,0.0872,0.0133,2,0,0,0,0,0
1778558112.614906,2026-05-12 06:55:12,0,0,0,0.0,0.0,0.0,0.0,0.0,0.0,0.0,0.0,0,1,1,1,0.0,0.0,0.0001,0.0,1.87,0.0,0.0,0.0167,1,8,3,3,0.0,0.0067,0.1107,0.25,26.18,0.0938,0.0872,0.0133,2,0,0,0,0,0
1778558142.614906,2026-05-12 06:55:42,2,1,1,0.0,0.0667,0.0717,0.0,5.8,0.0,0.0,0.0667,1,2,1,1,0.0,0.0333,0.0717,0.0,2.9,0.0,0.0,0.0333,1,6,2,2,0.0,0.0067,0.0239,0.0,2.07,0.0574,0.0511,0.0133,1,0,0,0,0,0
1778558172.614906,2026-05-12 06:56:12,0,0,0,0.0,0.0,0.0,0.0,0.0,0.0,0.0,0.0,0,2,1,1,0.0,0.0333,0.0717,0.0,2.9,0.0,0.0,0.0333,1,6,2,2,0.0,0.0067,0.0239,0.0,2.07,0.0574,0.0511,0.0133,1,0,0,0,0,0
1778558202.614906,2026-05-12 06:56:42,0,0,0,0.0,0.0,0.0,0.0,0.0,0.0,0.0,0.0,0,0,0,0,0.0,0.0,0.0,0.0,0.0,0.0,0.0,0.0,0,5,2,2,0.0,0.0067,0.0287,0.0,1.7,0.0607,0.0589,0.01,1,0,0,0,0,0
1778558232.614906,2026-05-12 06:57:12,0,0,0,0.0,0.0,0.0,0.0,0.0,0.0,0.0,0.0,0,0,0,0,0.0,0.0,0.0,0.0,0.0,0.0,0.0,0.0,0,5,2,2,0.0,0.0067,0.0287,0.0,1.7,0.0607,0.0589,0.01,1,0,0,0,0,0
1778558262.614906,2026-05-12 06:57:42,0,0,0,0.0,0.0,0.0,0.0,0.0,0.0,0.0,0.0,0,0,0,0,0.0,0.0,0.0,0.0,0.0,0.0,0.0,0.0,0,4,2,2,0.0,0.0067,0.0359,0.0,1.33,0.0625,0.0718,0.0067,1,0,0,0,0,0
1778558292.614906,2026-05-12 06:58:12,0,0,0,0.0,0.0,0.0,0.0,0.0,0.0,0.0,0.0,0,0,0,0,0.0,0.0,0.0,0.0,0.0,0.0,0.0,0.0,0,4,2,2,0.0,0.0067,0.0359,0.0,1.33,0.0625,0.0718,0.0067,1,0,0,0,0,0
1778558322.614906,2026-05-12 06:58:42,0,0,0,0.0,0.0,0.0,0.0,0.0,0.0,0.0,0.0,0,0,0,0,0.0,0.0,0.0,0.0,0.0,0.0,0.0,0.0,0,3,2,2,0.0,0.0067,0.0478,0.0,0.95,0.0574,0.0998,0.0067,1,0,0,0,0,0
1778558352.614906,2026-05-12 06:59:12,0,0,0,0.0,0.0,0.0,0.0,0.0,0.0,0.0,0.0,0,0,0,0,0.0,0.0,0.0,0.0,0.0,0.0,0.0,0.0,0,3,2,2,0.0,0.0067,0.0478,0.0,0.95,0.0574,0.0998,0.0067,1,0,0,0,0,0
1778558382.614906,2026-05-12 06:59:42,0,0,0,0.0,0.0,0.0,0.0,0.0,0.0,0.0,0.0,0,0,0,0,0.0,0.0,0.0,0.0,0.0,0.0,0.0,0.0,0,2,1,1,0.0,0.0067,0.0717,0.0,0.58,0.0,0.0,0.0067,1,0,0,0,0,0
1778558412.614906,2026-05-12 07:00:12,12,1,1,0.0,0.4,0.155,0.0,68.53,0.0,0.1278,0.4,1,12,1,1,0.0,0.2,0.155,0.0,34.27,0.0,0.1278,0.2,1,14,1,1,0.0,0.0467,0.1431,0.0,7.43,0.0,0.3436,0.0467,1,0,0,0,0,0
1778558442.614906,2026-05-12 07:00:42,0,0,0,0.0,0.0,0.0,0.0,0.0,0.0,0.0,0.0,0,12,1,1,0.0,0.2,0.155,0.0,34.27,0.0,0.1278,0.2,1,12,1,1,0.0,0.04,0.155,0.0,6.85,0.0,0.1278,0.04,1,0,0,0,0,0
1778558472.614906,2026-05-12 07:01:12,0,0,0,0.0,0.0,0.0,0.0,0.0,0.0,0.0,0.0,0,0,0,0,0.0,0.0,0.0,0.0,0.0,0.0,0.0,0.0,0,12,1,1,0.0,0.04,0.155,0.0,6.85,0.0,0.1278,0.04,1,0,0,0,0,0
1778558502.614906,2026-05-12 07:01:42,0,0,0,0.0,0.0,0.0,0.0,0.0,0.0,0.0,0.0,0,0,0,0,0.0,0.0,0.0,0.0,0.0,0.0,0.0,0.0,0,12,1,1,0.0,0.04,0.155,0.0,6.85,0.0,0.1278,0.04,1,0,0,0,0,0
1778558532.614906,2026-05-12 07:02:12,1,1,1,0.0,0.0,0.0001,0.0,3.73,0.0,0.0,0.0333,1,1,1,1,0.0,0.0,0.0001,0.0,1.87,0.0,0.0,0.0167,1,13,2,2,0.0,0.04,0.1431,0.0,7.23,0.0245,0.3259,0.04,1,0,0,0,0,0
1778558562.614906,2026-05-12 07:02:42,0,0,0,0.0,0.0,0.0,0.0,0.0,0.0,0.0,0.0,0,1,1,1,0.0,0.0,0.0001,0.0,1.87,0.0,0.0,0.0167,1,13,2,2,0.0,0.04,0.1431,0.0,7.23,0.0245,0.3259,0.04,1,0,0,0,0,0
1778558592.614906,2026-05-12 07:03:12,1,1,1,0.0,0.0,0.0001,0.0,3.73,0.0,0.0,0.0333,1,1,1,1,0.0,0.0,0.0001,0.0,1.87,0.0,0.0,0.0167,1,14,2,2,0.0,0.04,0.1329,0.0,7.6,0.037,0.2448,0.04,1,0,0,0,0,0
1778558622.614906,2026-05-12 07:03:42,0,0,0,0.0,0.0,0.0,0.0,0.0,0.0,0.0,0.0,0,1,1,1,0.0,0.0,0.0001,0.0,1.87,0.0,0.0,0.0167,1,14,2,2,0.0,0.04,0.1329,0.0,7.6,0.037,0.2448,0.04,1,0,0,0,0,0
1778558652.614906,2026-05-12 07:04:12,1,1,1,0.0,0.0,0.0,0.0,3.73,0.0,0.0,0.0333,1,1,1,1,0.0,0.0,0.0,0.0,1.87,0.0,0.0,0.0167,1,15,2,2,0.0,0.04,0.124,0.0,7.97,0.0451,0.2024,0.04,1,0,0,0,0,0
1778558682.614906,2026-05-12 07:04:42,0,0,0,0.0,0.0,0.0,0.0,0.0,0.0,0.0,0.0,0,1,1,1,0.0,0.0,0.0,0.0,1.87,0.0,0.0,0.0167,1,15,2,2,0.0,0.04,0.124,0.0,7.97,0.0451,0.2024,0.04,1,0,0,0,0,0
1778558712.614906,2026-05-12 07:05:12,1,1,1,0.0,0.0,0.0002,0.0,3.73,0.0,0.0,0.0333,1,1,1,1,0.0,0.0,0.0002,0.0,1.87,0.0,0.0,0.0167,1,4,1,1,0.0,0.0,0.0001,0.0,1.49,0.0,0.0,0.0133,1,0,0,0,0,0
1778558742.614906,2026-05-12 07:05:42,0,0,0,0.0,0.0,0.0,0.0,0.0,0.0,0.0,0.0,0,1,1,1,0.0,0.0,0.0002,0.0,1.87,0.0,0.0,0.0167,1,4,1,1,0.0,0.0,0.0001,0.0,1.49,0.0,0.0,0.0133,1,0,0,0,0,0
1778558772.614906,2026-05-12 07:06:12,1,1,1,0.0,0.0,0.0,0.0,3.73,0.0,0.0,0.0333,1,1,1,1,0.0,0.0,0.0,0.0,1.87,0.0,0.0,0.0167,1,5,1,1,0.0,0.0,0.0001,0.0,1.87,0.0,0.0,0.0167,1,0,0,0,0,0
1778558802.614906,2026-05-12 07:06:42,0,0,0,0.0,0.0,0.0,0.0,0.0,0.0,0.0,0.0,0,1,1,1,0.0,0.0,0.0,0.0,1.87,0.0,0.0,0.0167,1,5,1,1,0.0,0.0,0.0001,0.0,1.87,0.0,0.0,0.0167,1,0,0,0,0,0
1778558832.614906,2026-05-12 07:07:12,0,0,0,0.0,0.0,0.0,0.0,0.0,0.0,0.0,0.0,0,0,0,0,0.0,0.0,0.0,0.0,0.0,0.0,0.0,0.0,0,4,1,1,0.0,0.0,0.0001,0.0,1.49,0.0,0.0,0.0133,1,0,0,0,0,0
1778558862.614906,2026-05-12 07:07:42,0,0,0,0.0,0.0,0.0,0.0,0.0,0.0,0.0,0.0,0,0,0,0,0.0,0.0,0.0,0.0,0.0,0.0,0.0,0.0,0,4,1,1,0.0,0.0,0.0001,0.0,1.49,0.0,0.0,0.0133,1,0,0,0,0,0
1778558892.614906,2026-05-12 07:08:12,10,2,4,0.0,0.1333,0.555,0.6,35966.9,0.0607,0.1836,0.3333,2,10,2,4,0.0,0.0667,0.555,0.6,17983.45,0.0607,0.1836,0.1667,2,13,3,5,0.0,0.0133,0.4269,0.4615,3597.81,0.0954,0.1717,0.0333,2,0,0,0,0,0
1778558922.614906,2026-05-12 07:08:42,0,0,0,0.0,0.0,0.0,0.0,0.0,0.0,0.0,0.0,0,10,2,4,0.0,0.0667,0.555,0.6,17983.45,0.0607,0.1836,0.1667,2,13,3,5,0.0,0.0133,0.4269,0.4615,3597.81,0.0954,0.1717,0.0333,2,0,0,0,0,0
1778558952.614906,2026-05-12 07:09:12,0,0,0,0.0,0.0,0.0,0.0,0.0,0.0,0.0,0.0,0,0,0,0,0.0,0.0,0.0,0.0,0.0,0.0,0.0,0.0,0,12,3,5,0.0,0.0133,0.4625,0.5,3597.44,0.0912,0.2047,0.0333,2,0,0,0,0,0
1778558982.614906,2026-05-12 07:09:42,0,0,0,0.0,0.0,0.0,0.0,0.0,0.0,0.0,0.0,0,0,0,0,0.0,0.0,0.0,0.0,0.0,0.0,0.0,0.0,0,12,3,5,0.0,0.0133,0.4625,0.5,3597.44,0.0912,0.2047,0.0333,2,0,0,0,0,0
1778559012.614906,2026-05-12 07:10:12,0,0,0,0.0,0.0,0.0,0.0,0.0,0.0,0.0,0.0,0,0,0,0,0.0,0.0,0.0,0.0,0.0,0.0,0.0,0.0,0,11,3,5,0.0,0.0133,0.5045,0.5455,3597.06,0.0826,0.2655,0.0333,2,0,0,0,0,0
1778559042.614906,2026-05-12 07:10:42,0,0,0,0.0,0.0,0.0,0.0,0.0,0.0,0.0,0.0,0,0,0,0,0.0,0.0,0.0,0.0,0.0,0.0,0.0,0.0,0,11,3,5,0.0,0.0133,0.5045,0.5455,3597.06,0.0826,0.2655,0.0333,2,0,0,0,0,0
1778559072.614906,2026-05-12 07:11:12,0,0,0,0.0,0.0,0.0,0.0,0.0,0.0,0.0,0.0,0,0,0,0,0.0,0.0,0.0,0.0,0.0,0.0,0.0,0.0,0,10,2,4,0.0,0.0133,0.555,0.6,3596.69,0.0607,0.1836,0.0333,2,0,0,0,0,0
1778559102.614906,2026-05-12 07:11:42,0,0,0,0.0,0.0,0.0,0.0,0.0,0.0,0.0,0.0,0,0,0,0,0.0,0.0,0.0,0.0,0.0,0.0,0.0,0.0,0,10,2,4,0.0,0.0133,0.555,0.6,3596.69,0.0607,0.1836,0.0333,2,0,0,0,0,0
1778559132.614906,2026-05-12 07:12:12,1,1,1,0.0,0.0,0.0,0.0,3.73,0.0,0.0,0.0333,1,1,1,1,0.0,0.0,0.0,0.0,1.87,0.0,0.0,0.0167,1,11,3,5,0.0,0.0133,0.5045,0.5455,3597.06,0.0826,0.2826,0.0333,2,0,0,0,0,0
1778559162.614906,2026-05-12 07:12:42,0,0,0,0.0,0.0,0.0,0.0,0.0,0.0,0.0,0.0,0,1,1,1,0.0,0.0,0.0,0.0,1.87,0.0,0.0,0.0167,1,11,3,5,0.0,0.0133,0.5045,0.5455,3597.06,0.0826,0.2826,0.0333,2,0,0,0,0,0
1778559192.614906,2026-05-12 07:13:12,2,2,2,0.0,0.0,0.0357,0.5,5.33,0.0625,0.0,0.0333,1,2,2,2,0.0,0.0,0.0357,0.5,2.67,0.0625,0.0,0.0167,1,3,2,2,0.0,0.0,0.0238,0.3333,0.91,0.0574,0.047,0.0067,1,0,0,0,0,0
1778559222.614906,2026-05-12 07:13:42,0,0,0,0.0,0.0,0.0,0.0,0.0,0.0,0.0,0.0,0,2,2,2,0.0,0.0,0.0357,0.5,2.67,0.0625,0.0,0.0167,1,3,2,2,0.0,0.0,0.0238,0.3333,0.91,0.0574,0.047,0.0067,1,0,0,0,0,0
1778559252.614906,2026-05-12 07:14:12,1,1,1,0.0,0.0,0.0,0.0,3.73,0.0,0.0,0.0333,1,1,1,1,0.0,0.0,0.0,0.0,1.87,0.0,0.0,0.0167,1,4,2,2,0.0,0.0,0.0178,0.25,1.28,0.0507,0.0456,0.01,1,0,0,0,0,0
1778559282.614906,2026-05-12 07:14:42,0,0,0,0.0,0.0,0.0,0.0,0.0,0.0,0.0,0.0,0,1,1,1,0.0,0.0,0.0,0.0,1.87,0.0,0.0,0.0167,1,4,2,2,0.0,0.0,0.0178,0.25,1.28,0.0507,0.0456,0.01,1,0,0,0,0,0
1778559312.614906,2026-05-12 07:15:12,0,0,0,0.0,0.0,0.0,0.0,0.0,0.0,0.0,0.0,0,0,0,0,0.0,0.0,0.0,0.0,0.0,0.0,0.0,0.0,0,4,2,2,0.0,0.0,0.0178,0.25,1.28,0.0507,0.0456,0.01,1,0,0,0,0,0
1778559342.614906,2026-05-12 07:15:42,1,1,1,0.0,0.0,0.0,1.0,0.0,0.0,0.0,0.0333,1,1,1,1,0.0,0.0,0.0,1.0,0.0,0.0,0.0,0.0167,1,5,3,3,0.0,0.0,0.0143,0.4,1.28,0.0857,0.0484,0.01,2,0,0,0,0,0
1778559372.614906,2026-05-12 07:16:12,0,0,0,0.0,0.0,0.0,0.0,0.0,0.0,0.0,0.0,0,1,1,1,0.0,0.0,0.0,1.0,0.0,0.0,0.0,0.0167,1,5,3,3,0.0,0.0,0.0143,0.4,1.28,0.0857,0.0484,0.01,2,0,0,0,0,0
1778559402.614906,2026-05-12 07:16:42,1,1,1,0.0,0.0,0.0,0.0,3.73,0.0,0.0,0.0333,1,1,1,1,0.0,0.0,0.0,0.0,1.87,0.0,0.0,0.0167,1,6,3,3,0.0,0.0,0.0119,0.3333,1.65,0.0782,0.0424,0.0133,2,0,0,0,0,0
1778559432.614906,2026-05-12 07:17:12,0,0,0,0.0,0.0,0.0,0.0,0.0,0.0,0.0,0.0,0,1,1,1,0.0,0.0,0.0,0.0,1.87,0.0,0.0,0.0167,1,5,3,3,0.0,0.0,0.0143,0.4,1.28,0.0857,0.0443,0.01,2,0,0,0,0,0
1778559462.614906,2026-05-12 07:17:42,1,1,1,0.0,0.0,0.0,0.0,3.73,0.0,0.0,0.0333,1,1,1,1,0.0,0.0,0.0,0.0,1.87,0.0,0.0,0.0167,1,6,3,3,0.0,0.0,0.0119,0.3333,1.65,0.0782,0.0392,0.0133,2,0,0,0,0,0
1778559492.614906,2026-05-12 07:18:12,0,0,0,0.0,0.0,0.0,0.0,0.0,0.0,0.0,0.0,0,1,1,1,0.0,0.0,0.0,0.0,1.87,0.0,0.0,0.0167,1,4,2,2,0.0,0.0,0.0,0.25,1.12,0.0507,0.0144,0.01,1,0,0,0,0,0
1778559522.614906,2026-05-12 07:18:42,0,0,0,0.0,0.0,0.0,0.0,0.0,0.0,0.0,0.0,0,0,0,0,0.0,0.0,0.0,0.0,0.0,0.0,0.0,0.0,0,4,2,2,0.0,0.0,0.0,0.25,1.12,0.0507,0.0144,0.01,1,0,0,0,0,0
1778559552.614906,2026-05-12 07:19:12,4,2,2,0.0,0.0667,0.2264,0.5,4198.13,0.0625,0.0696,0.1333,2,4,2,2,0.0,0.0333,0.2264,0.5,2099.07,0.0625,0.0696,0.0667,2,7,3,4,0.0,0.0067,0.1294,0.4286,420.56,0.0973,0.1008,0.0167,2,0,0,0,0,0
1778559582.614906,2026-05-12 07:19:42,3,2,2,0.0,0.0667,0.0527,0.0,8.0,0.0574,0.0979,0.0667,1,7,3,3,0.0,0.0667,0.152,0.2857,2103.07,0.0862,0.1758,0.1,2,10,3,4,0.0,0.0133,0.1064,0.3,421.36,0.0982,0.1115,0.0233,2,0,0,0,0,0
1778559612.614906,2026-05-12 07:20:12,0,0,0,0.0,0.0,0.0,0.0,0.0,0.0,0.0,0.0,0,3,2,2,0.0,0.0333,0.0527,0.0,4.0,0.0574,0.0979,0.0333,1,10,3,4,0.0,0.0133,0.1064,0.3,421.36,0.0982,0.1115,0.0233,2,0,0,0,0,0
1778559642.614906,2026-05-12 07:20:42,6,2,3,0.0,0.1,0.0882,0.5,154.5,0.0625,0.1953,0.2,2,6,2,3,0.0,0.05,0.0882,0.5,77.25,0.0625,0.1953,0.1,2,15,3,5,0.0,0.0233,0.1062,0.3333,436.81,0.0941,0.1471,0.04,2,0,0,0,0,0
1778559672.614906,2026-05-12 07:21:12,0,0,0,0.0,0.0,0.0,0.0,0.0,0.0,0.0,0.0,0,6,2,3,0.0,0.05,0.0882,0.5,77.25,0.0625,0.1953,0.1,2,15,3,5,0.0,0.0233,0.1062,0.3333,436.81,0.0941,0.1471,0.04,2,0,0,0,0,0
1778559702.614906,2026-05-12 07:21:42,2,1,1,0.0,0.0667,0.091,0.0,8.47,0.0,0.0,0.0667,1,2,1,1,0.0,0.0333,0.091,0.0,4.23,0.0,0.0,0.0333,1,16,3,5,0.0,0.03,0.1109,0.3125,437.28,0.0854,0.1553,0.0467,2,0,0,0,0,0
1778559732.614906,2026-05-12 07:22:12,0,0,0,0.0,0.0,0.0,0.0,0.0,0.0,0.0,0.0,0,2,1,1,0.0,0.0333,0.091,0.0,4.23,0.0,0.0,0.0333,1,16,3,5,0.0,0.03,0.1109,0.3125,437.28,0.0854,0.1553,0.0467,2,0,0,0,0,0
1778559762.614906,2026-05-12 07:22:42,2,1,2,0.0,0.0,0.5238,0.5,11.2,0.0,0.0,0.0333,1,2,1,2,0.0,0.0,0.5238,0.5,5.6,0.0,0.0,0.0167,1,17,3,6,0.0,0.03,0.166,0.3529,438.03,0.0904,0.1514,0.05,3,0,0,0,0,0
1778559792.614906,2026-05-12 07:23:12,0,0,0,0.0,0.0,0.0,0.0,0.0,0.0,0.0,0.0,0,2,1,2,0.0,0.0,0.5238,0.5,5.6,0.0,0.0,0.0167,1,17,3,6,0.0,0.03,0.166,0.3529,438.03,0.0904,0.1514,0.05,3,0,0,0,0,0
1778559822.614906,2026-05-12 07:23:42,4,2,2,0.0,0.0667,0.2171,0.5,4199.17,0.0625,0.0694,0.1333,2,4,2,2,0.0,0.0333,0.2171,0.5,2099.58,0.0625,0.0694,0.0667,2,21,3,6,0.0,0.0367,0.1758,0.381,857.95,0.0886,0.1565,0.0633,3,0,0,0,0,0
1778559852.614906,2026-05-12 07:24:12,0,0,0,0.0,0.0,0.0,0.0,0.0,0.0,0.0,0.0,0,4,2,2,0.0,0.0333,0.2171,0.5,2099.58,0.0625,0.0694,0.0667,2,17,3,6,0.0,0.03,0.1638,0.3529,438.13,0.0904,0.1507,0.05,3,0,0,0,0,0
1778559882.614906,2026-05-12 07:24:42,4,2,2,0.0,0.0667,0.1113,0.5,152.57,0.0625,0.0729,0.1333,2,4,2,2,0.0,0.0333,0.1113,0.5,76.28,0.0625,0.0729,0.0667,2,18,3,7,0.0,0.03,0.1707,0.4444,452.59,0.0864,0.1654,0.0567,3,0,0,0,0,0
1778559912.614906,2026-05-12 07:25:12,0,0,0,0.0,0.0,0.0,0.0,0.0,0.0,0.0,0.0,0,4,2,2,0.0,0.0333,0.1113,0.5,76.28,0.0625,0.0729,0.0667,2,18,3,7,0.0,0.03,0.1707,0.4444,452.59,0.0864,0.1654,0.0567,3,0,0,0,0,0
1778559942.614906,2026-05-12 07:25:42,0,0,0,0.0,0.0,0.0,0.0,0.0,0.0,0.0,0.0,0,0,0,0,0.0,0.0,0.0,0.0,0.0,0.0,0.0,0.0,0,12,3,5,0.0,0.02,0.2119,0.4167,437.14,0.0912,0.1574,0.0367,3,0,0,0,0,0
1778559972.614906,2026-05-12 07:26:12,0,0,0,0.0,0.0,0.0,0.0,0.0,0.0,0.0,0.0,0,0,0,0,0.0,0.0,0.0,0.0,0.0,0.0,0.0,0.0,0,12,3,5,0.0,0.02,0.2119,0.4167,437.14,0.0912,0.1574,0.0367,3,0,0,0,0,0
1778560002.614906,2026-05-12 07:26:42,1,1,1,0.0,0.0,0.0,0.0,3.73,0.0,0.0,0.0333,1,1,1,1,0.0,0.0,0.0,0.0,1.87,0.0,0.0,0.0167,1,11,3,5,0.0,0.0133,0.2146,0.4545,436.67,0.0983,0.1715,0.03,3,0,0,0,0,0
1778560032.614906,2026-05-12 07:27:12,0,0,0,0.0,0.0,0.0,0.0,0.0,0.0,0.0,0.0,0,1,1,1,0.0,0.0,0.0,0.0,1.87,0.0,0.0,0.0167,1,11,3,5,0.0,0.0133,0.2146,0.4545,436.67,0.0983,0.1715,0.03,3,0,0,0,0,0
1778560062.614906,2026-05-12 07:27:42,1,1,1,0.0,0.0,0.0,0.0,3.73,0.0,0.0,0.0333,1,1,1,1,0.0,0.0,0.0,0.0,1.87,0.0,0.0,0.0167,1,10,3,4,0.0,0.0133,0.1314,0.4,435.92,0.0951,0.1664,0.0267,2,0,0,0,0,0
1778560092.614906,2026-05-12 07:28:12,0,0,0,0.0,0.0,0.0,0.0,0.0,0.0,0.0,0.0,0,1,1,1,0.0,0.0,0.0,0.0,1.87,0.0,0.0,0.0167,1,10,3,4,0.0,0.0133,0.1314,0.4,435.92,0.0951,0.1664,0.0267,2,0,0,0,0,0
1778560122.614906,2026-05-12 07:28:42,1,1,1,0.0,0.0,0.0001,0.0,3.73,0.0,0.0,0.0333,1,1,1,1,0.0,0.0,0.0001,0.0,1.87,0.0,0.0,0.0167,1,7,3,3,0.0,0.0067,0.0636,0.2857,16.38,0.0973,0.1148,0.0133,2,0,0,0,0,0
1778560152.614906,2026-05-12 07:29:12,0,0,0,0.0,0.0,0.0,0.0,0.0,0.0,0.0,0.0,0,1,1,1,0.0,0.0,0.0001,0.0,1.87,0.0,0.0,0.0167,1,7,3,3,0.0,0.0067,0.0636,0.2857,16.38,0.0973,0.1148,0.0133,2,0,0,0,0,0
1778560182.614906,2026-05-12 07:29:42,0,0,0,0.0,0.0,0.0,0.0,0.0,0.0,0.0,0.0,0,0,0,0,0.0,0.0,0.0,0.0,0.0,0.0,0.0,0.0,0,3,1,1,0.0,0.0,0.0001,0.0,1.12,0.0,0.0001,0.01,1,0,0,0,0,0
1778560212.614906,2026-05-12 07:30:12,0,0,0,0.0,0.0,0.0,0.0,0.0,0.0,0.0,0.0,0,0,0,0,0.0,0.0,0.0,0.0,0.0,0.0,0.0,0.0,0,3,1,1,0.0,0.0,0.0001,0.0,1.12,0.0,0.0001,0.01,1,0,0,0,0,0
1778560242.614906,2026-05-12 07:30:42,1,1,1,0.0,0.0333,5.1555,0.0,3.43,0.0,0.0,0.0333,1,1,1,1,0.0,0.0167,5.1555,0.0,1.72,0.0,0.0,0.0167,1,4,2,2,0.0,0.0033,1.2889,0.0,1.46,0.0507,0.0366,0.01,1,0,0,0,0,0
1778560272.614906,2026-05-12 07:31:12,0,0,0,0.0,0.0,0.0,0.0,0.0,0.0,0.0,0.0,0,1,1,1,0.0,0.0167,5.1555,0.0,1.72,0.0,0.0,0.0167,1,4,2,2,0.0,0.0033,1.2889,0.0,1.46,0.0507,0.0366,0.01,1,0,0,0,0,0
1778560302.614906,2026-05-12 07:31:42,0,0,0,0.0,0.0,0.0,0.0,0.0,0.0,0.0,0.0,0,0,0,0,0.0,0.0,0.0,0.0,0.0,0.0,0.0,0.0,0,3,2,2,0.0,0.0033,1.7186,0.0,1.09,0.0574,0.0345,0.0067,1,0,0,0,0,0
1778560332.614906,2026-05-12 07:32:12,0,0,0,0.0,0.0,0.0,0.0,0.0,0.0,0.0,0.0,0,0,0,0,0.0,0.0,0.0,0.0,0.0,0.0,0.0,0.0,0,3,2,2,0.0,0.0033,1.7186,0.0,1.09,0.0574,0.0345,0.0067,1,0,0,0,0,0
1778560362.614906,2026-05-12 07:32:42,0,0,0,0.0,0.0,0.0,0.0,0.0,0.0,0.0,0.0,0,0,0,0,0.0,0.0,0.0,0.0,0.0,0.0,0.0,0.0,0,2,2,2,0.0,0.0033,2.5778,0.0,0.72,0.0625,0.0,0.0033,1,0,0,0,0,0
1778560392.614906,2026-05-12 07:33:12,0,0,0,0.0,0.0,0.0,0.0,0.0,0.0,0.0,0.0,0,0,0,0,0.0,0.0,0.0,0.0,0.0,0.0,0.0,0.0,0,2,2,2,0.0,0.0033,2.5778,0.0,0.72,0.0625,0.0,0.0033,1,0,0,0,0,0
1778560422.614906,2026-05-12 07:33:42,0,0,0,0.0,0.0,0.0,0.0,0.0,0.0,0.0,0.0,0,0,0,0,0.0,0.0,0.0,0.0,0.0,0.0,0.0,0.0,0,1,1,1,0.0,0.0033,5.1555,0.0,0.34,0.0,0.0,0.0033,1,0,0,0,0,0
1778560452.614906,2026-05-12 07:34:12,0,0,0,0.0,0.0,0.0,0.0,0.0,0.0,0.0,0.0,0,0,0,0,0.0,0.0,0.0,0.0,0.0,0.0,0.0,0.0,0,1,1,1,0.0,0.0033,5.1555,0.0,0.34,0.0,0.0,0.0033,1,0,0,0,0,0
1778560482.614906,2026-05-12 07:34:42,2,1,1,0.0,0.0667,0.0433,0.0,2.07,0.0,0.0,0.0667,1,2,1,1,0.0,0.0333,0.0433,0.0,1.03,0.0,0.0,0.0333,1,3,1,1,0.0,0.01,1.7474,0.0,0.55,0.0,0.1,0.01,1,0,0,0,0,0
1778560512.614906,2026-05-12 07:35:12,1,1,1,0.0,0.0333,0.0848,0.0,3.57,0.0,0.0,0.0333,1,3,1,1,0.0,0.05,0.0571,0.0,2.82,0.0,0.1,0.05,1,4,1,1,0.0,0.0133,1.3317,0.0,0.91,0.0,0.1331,0.0133,1,0,0,0,0,0
1778560542.614906,2026-05-12 07:35:42,0,0,0,0.0,0.0,0.0,0.0,0.0,0.0,0.0,0.0,0,1,1,1,0.0,0.0167,0.0848,0.0,1.78,0.0,0.0,0.0167,1,3,1,1,0.0,0.01,0.0571,0.0,0.56,0.0,0.1,0.01,1,0,0,0,0,0
1778560572.614906,2026-05-12 07:36:12,0,0,0,0.0,0.0,0.0,0.0,0.0,0.0,0.0,0.0,0,0,0,0,0.0,0.0,0.0,0.0,0.0,0.0,0.0,0.0,0,3,1,1,0.0,0.01,0.0571,0.0,0.56,0.0,0.1,0.01,1,0,0,0,0,0
1778560602.614906,2026-05-12 07:36:42,1,1,1,0.0,0.0,2.1287,1.0,9.33,0.0,0.0,0.0333,1,1,1,1,0.0,0.0,2.1287,1.0,4.67,0.0,0.0,0.0167,1,4,2,2,0.0,0.01,0.575,0.25,1.5,0.0507,0.1244,0.0133,2,0,0,0,0,0
1778560632.614906,2026-05-12 07:37:12,0,0,0,0.0,0.0,0.0,0.0,0.0,0.0,0.0,0.0,0,1,1,1,0.0,0.0,2.1287,1.0,4.67,0.0,0.0,0.0167,1,4,2,2,0.0,0.01,0.575,0.25,1.5,0.0507,0.1244,0.0133,2,0,0,0,0,0
1778560662.614906,2026-05-12 07:37:42,0,0,0,0.0,0.0,0.0,0.0,0.0,0.0,0.0,0.0,0,0,0,0,0.0,0.0,0.0,0.0,0.0,0.0,0.0,0.0,0,4,2,2,0.0,0.01,0.575,0.25,1.5,0.0507,0.1244,0.0133,2,0,0,0,0,0
1778560692.614906,2026-05-12 07:38:12,4,1,1,0.0,0.1333,0.0006,0.0,5.7,0.0,0.0707,0.1333,1,4,1,1,0.0,0.0667,0.0006,0.0,2.85,0.0,0.0707,0.0667,1,8,2,2,0.0,0.0233,0.2878,0.125,2.07,0.034,0.1335,0.0267,2,0,0,0,0,0
1778560722.614906,2026-05-12 07:38:42,4,1,1,0.0,0.1333,1.274,0.0,3.57,0.0,0.0619,0.1333,1,8,1,1,0.0,0.1333,0.6373,0.0,4.63,0.0,0.0597,0.1333,1,12,2,2,0.0,0.0367,0.6165,0.0833,2.42,0.0259,0.1533,0.04,2,0,0,0,0,0
1778560752.614906,2026-05-12 07:39:12,3,1,1,0.0,0.1,0.0,0.0,0.0,0.0,0.0001,0.1,1,7,1,1,0.0,0.1167,0.728,0.0,1.78,0.0,0.0403,0.1167,1,15,2,2,0.0,0.0467,0.4932,0.0667,2.42,0.0221,0.1544,0.05,2,0,0,0,0,0
1778560782.614906,2026-05-12 07:39:42,3,1,1,0.0,0.1,0.0,0.0,0.0,0.0,0.0,0.1,1,6,1,1,0.0,0.1,0.0,0.0,0.0,0.0,0.0001,0.1,1,16,2,2,0.0,0.05,0.457,0.0625,2.22,0.0211,0.1466,0.0533,2,0,0,0,0,0
1778560812.614906,2026-05-12 07:40:12,4,2,2,0.0,0.0667,0.0474,0.5,7.27,0.0625,0.1212,0.1333,2,7,2,2,0.0,0.0833,0.0271,0.2857,3.63,0.0539,0.0935,0.1167,2,19,3,3,0.0,0.0533,0.3904,0.1579,2.59,0.0484,0.1282,0.0633,3,0,0,0,0,0
1778560842.614906,2026-05-12 07:40:42,0,0,0,0.0,0.0,0.0,0.0,0.0,0.0,0.0,0.0,0,4,2,2,0.0,0.0333,0.0474,0.5,3.63,0.0625,0.1212,0.0667,2,19,3,3,0.0,0.0533,0.3904,0.1579,2.59,0.0484,0.1282,0.0633,3,0,0,0,0,0
1778560872.614906,2026-05-12 07:41:12,3,1,1,0.0,0.1,0.0269,0.0,3.03,0.0,0.0999,0.1,1,3,1,1,0.0,0.05,0.0269,0.0,1.52,0.0,0.0999,0.05,1,22,3,3,0.0,0.0633,0.3408,0.1364,2.89,0.0437,0.1437,0.0733,3,0,0,0,0,0
1778560902.614906,2026-05-12 07:41:42,7,1,1,0.0,0.2333,2.2485,0.0,20.87,0.0,0.1256,0.2333,1,10,1,1,0.0,0.1667,1.582,0.0,11.95,0.0,0.1094,0.1667,1,28,2,2,0.0,0.0867,0.7539,0.0714,4.04,0.0232,0.149,0.0933,2,0,0,0,0,0
1778560932.614906,2026-05-12 07:42:12,2,1,1,0.0,0.0667,2.6101,0.0,7.27,0.0,0.0,0.0667,1,9,1,1,0.0,0.15,2.3289,0.0,14.07,0.0,0.1192,0.15,1,30,2,2,0.0,0.0933,0.8776,0.0667,4.77,0.0221,0.1504,0.1,2,0,0,0,0,0
1778560962.614906,2026-05-12 07:42:42,0,0,0,0.0,0.0,0.0,0.0,0.0,0.0,0.0,0.0,0,2,1,1,0.0,0.0333,2.6101,0.0,3.63,0.0,0.0,0.0333,1,30,2,2,0.0,0.0933,0.8776,0.0667,4.77,0.0221,0.1504,0.1,2,0,0,0,0,0
1778560992.614906,2026-05-12 07:43:12,0,0,0,0.0,0.0,0.0,0.0,0.0,0.0,0.0,0.0,0,0,0,0,0.0,0.0,0.0,0.0,0.0,0.0,0.0,0.0,0,26,2,2,0.0,0.08,1.0125,0.0769,4.2,0.0245,0.1585,0.0867,2,0,0,0,0,0
1778561022.614906,2026-05-12 07:43:42,2,1,1,0.0,0.0667,0.0899,0.0,7.13,0.0,0.0,0.0667,1,2,1,1,0.0,0.0333,0.0899,0.0,3.57,0.0,0.0,0.0333,1,24,2,2,0.0,0.0733,0.8921,0.0833,4.56,0.0259,0.1779,0.08,2,0,0,0,0,0
1778561052.614906,2026-05-12 07:44:12,0,0,0,0.0,0.0,0.0,0.0,0.0,0.0,0.0,0.0,0,2,1,1,0.0,0.0333,0.0899,0.0,3.57,0.0,0.0,0.0333,1,21,2,2,0.0,0.0633,1.0195,0.0952,4.56,0.0284,0.1875,0.07,2,0,0,0,0,0
1778561082.614906,2026-05-12 07:44:42,0,0,0,0.0,0.0,0.0,0.0,0.0,0.0,0.0,0.0,0,0,0,0,0.0,0.0,0.0,0.0,0.0,0.0,0.0,0.0,0,18,2,2,0.0,0.0533,1.1894,0.1111,4.56,0.0315,0.1994,0.06,2,0,0,0,0,0
1778561112.614906,2026-05-12 07:45:12,7,2,2,0.0,0.2,0.0,0.1429,0.0,0.037,0.1433,0.2333,2,7,2,2,0.0,0.1,0.0,0.1429,0.0,0.037,0.1433,0.1167,2,21,2,2,0.0,0.0667,1.0105,0.0476,3.83,0.0173,0.201,0.07,2,0,0,0,0,0
1778561142.614906,2026-05-12 07:45:42,8,1,1,0.0,0.2667,2.65,0.0,27.87,0.0,0.1377,0.2667,1,15,2,2,0.0,0.2333,1.4133,0.0667,13.93,0.0221,0.1284,0.25,2,29,2,2,0.0,0.0933,1.4628,0.0345,6.62,0.0135,0.2154,0.0967,2,0,0,0,0,0
1778561172.614906,2026-05-12 07:46:12,0,0,0,0.0,0.0,0.0,0.0,0.0,0.0,0.0,0.0,0,8,1,1,0.0,0.1333,2.65,0.0,13.93,0.0,0.1377,0.1333,1,26,2,2,0.0,0.0833,1.6285,0.0385,6.31,0.0147,0.2143,0.0867,2,0,0,0,0,0
1778561202.614906,2026-05-12 07:46:42,2,1,1,0.0,0.0667,2.5755,0.0,6.07,0.0,0.0,0.0667,1,2,1,1,0.0,0.0333,2.5755,0.0,3.03,0.0,0.0,0.0333,1,21,2,2,0.0,0.0667,1.512,0.0476,4.83,0.0173,0.187,0.07,2,0,0,0,0,0
1778561232.614906,2026-05-12 07:47:12,0,0,0,0.0,0.0,0.0,0.0,0.0,0.0,0.0,0.0,0,2,1,1,0.0,0.0333,2.5755,0.0,3.03,0.0,0.0,0.0333,1,19,2,2,0.0,0.06,1.3964,0.0526,4.11,0.0186,0.1958,0.0633,2,0,0,0,0,0
1778561262.614906,2026-05-12 07:47:42,0,0,0,0.0,0.0,0.0,0.0,0.0,0.0,0.0,0.0,0,0,0,0,0.0,0.0,0.0,0.0,0.0,0.0,0.0,0.0,0,19,2,2,0.0,0.06,1.3964,0.0526,4.11,0.0186,0.1958,0.0633,2,0,0,0,0,0
1778561292.614906,2026-05-12 07:48:12,1,1,1,0.0,0.0,0.0,0.0,3.73,0.0,0.0,0.0333,1,1,1,1,0.0,0.0,0.0,0.0,1.87,0.0,0.0,0.0167,1,20,3,3,0.0,0.06,1.3266,0.05,4.48,0.0356,0.1883,0.0633,2,0,0,0,0,0
1778561322.614906,2026-05-12 07:48:42,0,0,0,0.0,0.0,0.0,0.0,0.0,0.0,0.0,0.0,0,1,1,1,0.0,0.0,0.0,0.0,1.87,0.0,0.0,0.0167,1,18,3,3,0.0,0.0533,1.464,0.0556,3.77,0.0384,0.2127,0.0567,2,0,0,0,0,0
1778561352.614906,2026-05-12 07:49:12,1,1,1,0.0,0.0,0.0001,0.0,3.73,0.0,0.0,0.0333,1,1,1,1,0.0,0.0,0.0001,0.0,1.87,0.0,0.0,0.0167,1,19,3,3,0.0,0.0533,1.3869,0.0526,4.14,0.0484,0.185,0.0567,2,0,0,0,0,0
1778561382.614906,2026-05-12 07:49:42,0,0,0,0.0,0.0,0.0,0.0,0.0,0.0,0.0,0.0,0,1,1,1,0.0,0.0,0.0001,0.0,1.87,0.0,0.0,0.0167,1,19,3,3,0.0,0.0533,1.3869,0.0526,4.14,0.0484,0.185,0.0567,2,0,0,0,0,0
1778561412.614906,2026-05-12 07:50:12,1,1,1,0.0,0.0,0.0,0.0,3.73,0.0,0.0,0.0333,1,1,1,1,0.0,0.0,0.0,0.0,1.87,0.0,0.0,0.0167,1,13,2,2,0.0,0.0333,2.027,0.0,4.51,0.0487,0.1361,0.0333,1,0,0,0,0,0
1778561442.614906,2026-05-12 07:50:42,0,0,0,0.0,0.0,0.0,0.0,0.0,0.0,0.0,0.0,0,1,1,1,0.0,0.0,0.0,0.0,1.87,0.0,0.0,0.0167,1,5,2,2,0.0,0.0067,1.0302,0.0,1.73,0.0607,0.0663,0.01,1,0,0,0,0,0
1778561472.614906,2026-05-12 07:51:12,1,1,1,0.0,0.0,0.0001,0.0,3.73,0.0,0.0,0.0333,1,1,1,1,0.0,0.0,0.0001,0.0,1.87,0.0,0.0,0.0167,1,6,2,2,0.0,0.0067,0.8585,0.0,2.1,0.0574,0.0586,0.0133,1,0,0,0,0,0
1778561502.614906,2026-05-12 07:51:42,0,0,0,0.0,0.0,0.0,0.0,0.0,0.0,0.0,0.0,0,1,1,1,0.0,0.0,0.0001,0.0,1.87,0.0,0.0,0.0167,1,4,1,1,0.0,0.0,0.0,0.0,1.49,0.0,0.0,0.0133,1,0,0,0,0,0
1778561532.614906,2026-05-12 07:52:12,1,1,1,0.0,0.0,0.0,0.0,3.73,0.0,0.0,0.0333,1,1,1,1,0.0,0.0,0.0,0.0,1.87,0.0,0.0,0.0167,1,5,1,1,0.0,0.0,0.0,0.0,1.87,0.0,0.0,0.0167,1,0,0,0,0,0
1778561562.614906,2026-05-12 07:52:42,0,0,0,0.0,0.0,0.0,0.0,0.0,0.0,0.0,0.0,0,1,1,1,0.0,0.0,0.0,0.0,1.87,0.0,0.0,0.0167,1,5,1,1,0.0,0.0,0.0,0.0,1.87,0.0,0.0,0.0167,1,0,0,0,0,0
1778561592.614906,2026-05-12 07:53:12,1,1,1,0.0,0.0,0.0,0.0,3.73,0.0,0.0,0.0333,1,1,1,1,0.0,0.0,0.0,0.0,1.87,0.0,0.0,0.0167,1,5,1,1,0.0,0.0,0.0,0.0,1.87,0.0,0.0,0.0167,1,0,0,0,0,0
1778561622.614906,2026-05-12 07:53:42,0,0,0,0.0,0.0,0.0,0.0,0.0,0.0,0.0,0.0,0,1,1,1,0.0,0.0,0.0,0.0,1.87,0.0,0.0,0.0167,1,5,1,1,0.0,0.0,0.0,0.0,1.87,0.0,0.0,0.0167,1,0,0,0,0,0
1778561652.614906,2026-05-12 07:54:12,1,1,1,0.0,0.0,0.0,0.0,3.73,0.0,0.0,0.0333,1,1,1,1,0.0,0.0,0.0,0.0,1.87,0.0,0.0,0.0167,1,5,1,1,0.0,0.0,0.0,0.0,1.87,0.0,0.0,0.0167,1,0,0,0,0,0
1778561682.614906,2026-05-12 07:54:42,0,0,0,0.0,0.0,0.0,0.0,0.0,0.0,0.0,0.0,0,1,1,1,0.0,0.0,0.0,0.0,1.87,0.0,0.0,0.0167,1,5,1,1,0.0,0.0,0.0,0.0,1.87,0.0,0.0,0.0167,1,0,0,0,0,0
1778561712.614906,2026-05-12 07:55:12,1,1,1,0.0,0.0,0.0,0.0,3.73,0.0,0.0,0.0333,1,1,1,1,0.0,0.0,0.0,0.0,1.87,0.0,0.0,0.0167,1,5,1,1,0.0,0.0,0.0,0.0,1.87,0.0,0.0,0.0167,1,0,0,0,0,0
1778561742.614906,2026-05-12 07:55:42,0,0,0,0.0,0.0,0.0,0.0,0.0,0.0,0.0,0.0,0,1,1,1,0.0,0.0,0.0,0.0,1.87,0.0,0.0,0.0167,1,5,1,1,0.0,0.0,0.0,0.0,1.87,0.0,0.0,0.0167,1,0,0,0,0,0
1778561772.614906,2026-05-12 07:56:12,1,1,1,0.0,0.0,0.0289,1.0,3.73,0.0,0.0,0.0333,1,1,1,1,0.0,0.0,0.0289,1.0,1.87,0.0,0.0,0.0167,1,5,1,2,0.0,0.0,0.0058,0.2,1.87,0.0,0.001,0.0133,1,0,0,0,0,0
1778561802.614906,2026-05-12 07:56:42,0,0,0,0.0,0.0,0.0,0.0,0.0,0.0,0.0,0.0,0,1,1,1,0.0,0.0,0.0289,1.0,1.87,0.0,0.0,0.0167,1,5,1,2,0.0,0.0,0.0058,0.2,1.87,0.0,0.001,0.0133,1,0,0,0,0,0
1778561832.614906,2026-05-12 07:57:12,0,0,0,0.0,0.0,0.0,0.0,0.0,0.0,0.0,0.0,0,0,0,0,0.0,0.0,0.0,0.0,0.0,0.0,0.0,0.0,0,4,1,2,0.0,0.0,0.0073,0.25,1.49,0.0,0.0011,0.01,1,0,0,0,0,0
1778561862.614906,2026-05-12 07:57:42,0,0,0,0.0,0.0,0.0,0.0,0.0,0.0,0.0,0.0,0,0,0,0,0.0,0.0,0.0,0.0,0.0,0.0,0.0,0.0,0,4,1,2,0.0,0.0,0.0073,0.25,1.49,0.0,0.0011,0.01,1,0,0,0,0,0
1778561892.614906,2026-05-12 07:58:12,2,1,2,0.0,0.0,0.7612,1.0,7.73,0.0,0.0,0.0333,1,2,1,2,0.0,0.0,0.7612,1.0,3.87,0.0,0.0,0.0167,1,5,1,4,0.0,0.0,0.3103,0.6,1.89,0.0,0.0502,0.0067,1,0,0,0,0,0
1778561922.614906,2026-05-12 07:58:42,0,0,0,0.0,0.0,0.0,0.0,0.0,0.0,0.0,0.0,0,2,1,2,0.0,0.0,0.7612,1.0,3.87,0.0,0.0,0.0167,1,5,1,4,0.0,0.0,0.3103,0.6,1.89,0.0,0.0502,0.0067,1,0,0,0,0,0
1778561952.614906,2026-05-12 07:59:12,0,0,0,0.0,0.0,0.0,0.0,0.0,0.0,0.0,0.0,0,0,0,0,0.0,0.0,0.0,0.0,0.0,0.0,0.0,0.0,0,4,1,4,0.0,0.0,0.3879,0.75,1.52,0.0,0.0585,0.0067,1,0,0,0,0,0
1778561982.614906,2026-05-12 07:59:42,0,0,0,0.0,0.0,0.0,0.0,0.0,0.0,0.0,0.0,0,0,0,0,0.0,0.0,0.0,0.0,0.0,0.0,0.0,0.0,0,4,1,4,0.0,0.0,0.3879,0.75,1.52,0.0,0.0585,0.0067,1,0,0,0,0,0
1778562012.614906,2026-05-12 08:00:12,11,1,1,0.0,0.3667,1.4352,0.0,52.1,0.0,0.1763,0.3667,1,11,1,1,0.0,0.1833,1.4352,0.0,26.05,0.0,0.1763,0.1833,1,14,2,4,0.0,0.0367,1.2384,0.2143,6.36,0.0468,0.2057,0.0433,2,0,0,0,0,0
1778562042.614906,2026-05-12 08:00:42,4,1,1,0.0,0.1333,1.3608,0.0,20.97,0.0,0.0661,0.1333,1,15,1,1,0.0,0.25,1.4153,0.0,36.53,0.0,0.13,0.25,1,18,2,4,0.0,0.05,1.2656,0.1667,8.45,0.0406,0.2209,0.0567,2,0,0,0,0,0
1778562072.614906,2026-05-12 08:01:12,2,1,2,0.0,0.0,0.0,1.0,0.0,0.0,0.0,0.0667,1,6,2,3,0.0,0.0667,0.9072,0.3333,10.48,0.0574,0.0839,0.1,2,19,3,5,0.0,0.05,1.1975,0.2105,8.08,0.0596,0.2379,0.06,3,0,0,0,0,0
1778562102.614906,2026-05-12 08:01:42,2,1,2,0.0,0.0,0.0,1.0,0.0,0.0,0.0,0.0667,1,4,1,3,0.0,0.0,0.0,1.0,0.0,0.0,0.0008,0.0667,1,21,3,6,0.0,0.05,1.0834,0.2857,8.08,0.0703,0.2277,0.0667,3,0,0,0,0,0
1778562132.614906,2026-05-12 08:02:12,0,0,0,0.0,0.0,0.0,0.0,0.0,0.0,0.0,0.0,0,2,1,2,0.0,0.0,0.0,1.0,0.0,0.0,0.0,0.0333,1,21,3,6,0.0,0.05,1.0834,0.2857,8.08,0.0703,0.2277,0.0667,3,0,0,0,0,0
1778562162.614906,2026-05-12 08:02:42,0,0,0,0.0,0.0,0.0,0.0,0.0,0.0,0.0,0.0,0,0,0,0,0.0,0.0,0.0,0.0,0.0,0.0,0.0,0.0,0,21,3,6,0.0,0.05,1.0834,0.2857,8.08,0.0703,0.2277,0.0667,3,0,0,0,0,0
1778562192.614906,2026-05-12 08:03:12,0,0,0,0.0,0.0,0.0,0.0,0.0,0.0,0.0,0.0,0,0,0,0,0.0,0.0,0.0,0.0,0.0,0.0,0.0,0.0,0,19,2,4,0.0,0.05,1.1174,0.2105,7.31,0.0464,0.134,0.0633,2,0,0,0,0,0
1778562222.614906,2026-05-12 08:03:42,0,0,0,0.0,0.0,0.0,0.0,0.0,0.0,0.0,0.0,0,0,0,0,0.0,0.0,0.0,0.0,0.0,0.0,0.0,0.0,0,19,2,4,0.0,0.05,1.1174,0.2105,7.31,0.0464,0.134,0.0633,2,0,0,0,0,0
1778562252.614906,2026-05-12 08:04:12,0,0,0,0.0,0.0,0.0,0.0,0.0,0.0,0.0,0.0,0,0,0,0,0.0,0.0,0.0,0.0,0.0,0.0,0.0,0.0,0,19,2,4,0.0,0.05,1.1174,0.2105,7.31,0.0464,0.134,0.0633,2,0,0,0,0,0
1778562282.614906,2026-05-12 08:04:42,0,0,0,0.0,0.0,0.0,0.0,0.0,0.0,0.0,0.0,0,0,0,0,0.0,0.0,0.0,0.0,0.0,0.0,0.0,0.0,0,19,2,4,0.0,0.05,1.1174,0.2105,7.31,0.0464,0.134,0.0633,2,0,0,0,0,0
1778562312.614906,2026-05-12 08:05:12,1,1,1,0.0,0.0,0.0001,0.0,3.73,0.0,0.0,0.0333,1,1,1,1,0.0,0.0,0.0001,0.0,1.87,0.0,0.0,0.0167,1,9,3,5,0.0,0.0133,0.6048,0.4444,2.47,0.087,0.1847,0.0267,2,0,0,0,0,0
1778562342.614906,2026-05-12 08:05:42,0,0,0,0.0,0.0,0.0,0.0,0.0,0.0,0.0,0.0,0,1,1,1,0.0,0.0,0.0001,0.0,1.87,0.0,0.0,0.0167,1,5,2,4,0.0,0.0,0.0,0.8,0.37,0.0451,0.1425,0.0133,1,0,0,0,0,0
1778562372.614906,2026-05-12 08:06:12,1,1,1,0.0,0.0,0.0001,0.0,3.73,0.0,0.0,0.0333,1,1,1,1,0.0,0.0,0.0001,0.0,1.87,0.0,0.0,0.0167,1,4,2,3,0.0,0.0,0.0,0.5,0.75,0.0625,0.0885,0.0067,1,0,0,0,0,0
1778562402.614906,2026-05-12 08:06:42,0,0,0,0.0,0.0,0.0,0.0,0.0,0.0,0.0,0.0,0,1,1,1,0.0,0.0,0.0001,0.0,1.87,0.0,0.0,0.0167,1,2,1,1,0.0,0.0,0.0001,0.0,0.75,0.0,0.0,0.0067,1,0,0,0,0,0
1778562432.614906,2026-05-12 08:07:12,0,0,0,0.0,0.0,0.0,0.0,0.0,0.0,0.0,0.0,0,0,0,0,0.0,0.0,0.0,0.0,0.0,0.0,0.0,0.0,0,2,1,1,0.0,0.0,0.0001,0.0,0.75,0.0,0.0,0.0067,1,0,0,0,0,0
1778562462.614906,2026-05-12 08:07:42,3,2,2,0.0,0.0667,0.0239,0.3333,1.83,0.0574,0.1,0.1,2,3,2,2,0.0,0.0333,0.0239,0.3333,0.92,0.0574,0.1,0.05,2,5,3,3,0.0,0.0067,0.0144,0.2,0.93,0.0951,0.0953,0.01,2,0,0,0,0,0
1778562492.614906,2026-05-12 08:08:12,0,0,0,0.0,0.0,0.0,0.0,0.0,0.0,0.0,0.0,0,3,2,2,0.0,0.0333,0.0239,0.3333,0.92,0.0574,0.1,0.05,2,5,3,3,0.0,0.0067,0.0144,0.2,0.93,0.0951,0.0953,0.01,2,0,0,0,0,0
1778562522.614906,2026-05-12 08:08:42,2,1,1,0.0,0.0667,0.0511,0.0,1.83,0.0,0.0,0.0667,1,2,1,1,0.0,0.0333,0.0511,0.0,0.92,0.0,0.0,0.0333,1,7,3,3,0.0,0.0133,0.0249,0.1429,1.11,0.0862,0.0994,0.0167,2,0,0,0,0,0
1778562552.614906,2026-05-12 08:09:12,1,1,1,0.0,0.0333,5.175,0.0,2.23,0.0,0.0,0.0333,1,3,1,1,0.0,0.05,1.7591,0.0,2.03,0.0,0.098,0.05,1,8,3,3,0.0,0.0167,0.6686,0.125,1.34,0.0812,0.1065,0.02,2,0,0,0,0,0
1778562582.614906,2026-05-12 08:09:42,0,0,0,0.0,0.0,0.0,0.0,0.0,0.0,0.0,0.0,0,1,1,1,0.0,0.0167,5.175,0.0,1.12,0.0,0.0,0.0167,1,8,3,3,0.0,0.0167,0.6686,0.125,1.34,0.0812,0.1065,0.02,2,0,0,0,0,0
1778562612.614906,2026-05-12 08:10:12,0,0,0,0.0,0.0,0.0,0.0,0.0,0.0,0.0,0.0,0,0,0,0,0.0,0.0,0.0,0.0,0.0,0.0,0.0,0.0,0,7,3,3,0.0,0.0167,0.7642,0.1429,0.96,0.0718,0.1259,0.02,2,0,0,0,0,0
1778562642.614906,2026-05-12 08:10:42,4,3,3,0.0,0.0667,1.36,0.5,11.2,0.0938,0.0034,0.1333,3,4,3,3,0.0,0.0333,1.36,0.5,5.6,0.0938,0.0034,0.0667,3,11,4,5,0.0,0.0233,0.9808,0.2727,2.08,0.0932,0.1329,0.0333,3,0,0,0,0,0
1778562672.614906,2026-05-12 08:11:12,6,3,4,0.0,0.0333,0.0169,0.8333,2.23,0.0782,0.1848,0.2,3,10,3,6,0.0,0.05,0.5541,0.7,6.72,0.0928,0.1257,0.1667,3,16,3,7,0.0,0.0267,0.6806,0.5,1.93,0.0923,0.1847,0.0533,3,0,0,0,0,0
1778562702.614906,2026-05-12 08:11:42,7,3,3,0.0,0.1,0.7705,0.5714,12.97,0.0906,0.1442,0.2333,3,13,3,4,0.0,0.0667,0.4227,0.6923,7.6,0.0887,0.1651,0.2167,3,23,3,7,0.0,0.0367,0.708,0.5217,3.23,0.0924,0.2026,0.0767,3,0,0,0,0,0
1778562732.614906,2026-05-12 08:12:12,5,2,4,0.0,0.0,0.0,1.0,0.0,0.0451,0.1448,0.1667,2,12,3,5,0.0,0.05,0.4494,0.75,6.48,0.0972,0.1564,0.2,3,28,3,9,0.0,0.0367,0.5816,0.6071,3.23,0.0983,0.2025,0.0933,3,0,0,0,0,0
1778562762.614906,2026-05-12 08:12:42,2,2,2,0.0,0.0,0.0,1.0,0.0,0.0625,0.0,0.0667,2,7,2,5,0.0,0.0,0.0,1.0,0.0,0.0539,0.1045,0.1167,2,27,3,9,0.0,0.03,0.6004,0.6667,3.05,0.0987,0.2058,0.09,3,0,0,0,0,0
1778562792.614906,2026-05-12 08:13:12,4,2,3,0.0,0.0,0.5011,1.0,0.0,0.0507,0.1205,0.1333,2,6,2,3,0.0,0.0,0.3341,1.0,0.0,0.0574,0.0875,0.1,2,31,3,9,0.0,0.03,0.5876,0.7097,3.05,0.0987,0.199,0.1033,3,0,0,0,0,0
1778562822.614906,2026-05-12 08:13:42,4,2,2,0.0,0.0,0.0,1.0,0.0,0.0507,0.0443,0.1333,2,8,2,3,0.0,0.0,0.2506,1.0,0.0,0.0625,0.1599,0.1333,2,33,3,9,0.0,0.0233,0.5489,0.7879,2.86,0.0956,0.1967,0.11,3,0,0,0,0,0
1778562852.614906,2026-05-12 08:14:12,3,2,3,0.0,0.0,0.0,1.0,0.0,0.0574,0.0899,0.1,2,7,2,4,0.0,0.0,0.0,1.0,0.0,0.0616,0.2019,0.1167,2,35,3,9,0.0,0.02,0.3697,0.8286,2.64,0.0931,0.1323,0.1167,3,0,0,0,0,0
1778562882.614906,2026-05-12 08:14:42,7,2,5,0.0,0.0,0.0,1.0,0.0,0.0539,0.1302,0.2333,2,10,2,5,0.0,0.0,0.0,1.0,0.0,0.0551,0.168,0.1667,2,42,3,9,0.0,0.02,0.3081,0.8571,2.64,0.0904,0.1395,0.14,3,0,0,0,0,0
1778562912.614906,2026-05-12 08:15:12,2,2,2,0.0,0.0,0.0,1.0,0.0,0.0625,0.0,0.0667,2,9,2,5,0.0,0.0,0.0,1.0,0.0,0.0574,0.1347,0.15,2,44,3,9,0.0,0.02,0.2941,0.8636,2.64,0.0898,0.1371,0.1467,3,0,0,0,0,0
1778562942.614906,2026-05-12 08:15:42,2,1,2,0.0,0.0,0.0,1.0,0.0,0.0,0.0,0.0667,1,4,2,3,0.0,0.0,0.0,1.0,0.0,0.0507,0.0907,0.0667,2,42,3,9,0.0,0.0133,0.1786,0.9048,1.52,0.0849,0.1367,0.14,3,0,0,0,0,0
1778562972.614906,2026-05-12 08:16:12,1,1,1,0.0,0.0,0.0001,0.0,3.73,0.0,0.0,0.0333,1,3,2,3,0.0,0.0,0.0,0.6667,1.87,0.0574,0.001,0.0333,1,37,4,10,0.0,0.01,0.1999,0.8919,1.67,0.0918,0.1328,0.12,3,0,0,0,0,0
1778563002.614906,2026-05-12 08:16:42,0,0,0,0.0,0.0,0.0,0.0,0.0,0.0,0.0,0.0,0,1,1,1,0.0,0.0,0.0001,0.0,1.87,0.0,0.0,0.0167,1,30,3,9,0.0,0.0,0.0668,0.9667,0.37,0.0723,0.1274,0.0967,2,0,0,0,0,0
1778563032.614906,2026-05-12 08:17:12,1,1,1,0.0,0.0,0.0,0.0,3.73,0.0,0.0,0.0333,1,1,1,1,0.0,0.0,0.0,0.0,1.87,0.0,0.0,0.0167,1,26,3,9,0.0,0.0,0.0771,0.9231,0.75,0.0819,0.1405,0.08,2,0,0,0,0,0
1778563062.614906,2026-05-12 08:17:42,0,0,0,0.0,0.0,0.0,0.0,0.0,0.0,0.0,0.0,0,1,1,1,0.0,0.0,0.0,0.0,1.87,0.0,0.0,0.0167,1,24,3,9,0.0,0.0,0.0835,0.9167,0.75,0.0828,0.1519,0.0733,2,0,0,0,0,0
1778563092.614906,2026-05-12 08:18:12,1,1,1,0.0,0.0,0.0001,0.0,3.73,0.0,0.0,0.0333,1,1,1,1,0.0,0.0,0.0001,0.0,1.87,0.0,0.0,0.0167,1,21,3,8,0.0,0.0,0.0,0.8571,1.12,0.0906,0.1516,0.06,2,0,0,0,0,0
1778563122.614906,2026-05-12 08:18:42,0,0,0,0.0,0.0,0.0,0.0,0.0,0.0,0.0,0.0,0,1,1,1,0.0,0.0,0.0001,0.0,1.87,0.0,0.0,0.0167,1,17,3,7,0.0,0.0,0.0,0.8235,1.12,0.0927,0.1478,0.0467,2,0,0,0,0,0
1778563152.614906,2026-05-12 08:19:12,1,1,1,0.0,0.0,0.0001,0.0,3.73,0.0,0.0,0.0333,1,1,1,1,0.0,0.0,0.0001,0.0,1.87,0.0,0.0,0.0167,1,15,3,7,0.0,0.0,0.0,0.7333,1.49,0.0978,0.1175,0.0367,2,0,0,0,0,0
1778563182.614906,2026-05-12 08:19:42,1,1,1,0.0,0.0,1.0297,1.0,7.47,0.0,0.0,0.0333,1,2,1,2,0.0,0.0,0.5149,0.5,5.6,0.0,0.0,0.0167,1,9,3,5,0.0,0.0,0.1144,0.5556,2.24,0.0845,0.0665,0.0167,3,0,0,0,0,0
1778563212.614906,2026-05-12 08:20:12,0,0,0,0.0,0.0,0.0,0.0,0.0,0.0,0.0,0.0,0,1,1,1,0.0,0.0,1.0297,1.0,3.73,0.0,0.0,0.0167,1,7,2,4,0.0,0.0,0.1471,0.4286,2.24,0.0539,0.0541,0.0133,2,0,0,0,0,0
1778563242.614906,2026-05-12 08:20:42,1,1,1,0.0,0.0,0.0,0.0,3.73,0.0,0.0,0.0333,1,1,1,1,0.0,0.0,0.0,0.0,1.87,0.0,0.0,0.0167,1,6,1,2,0.0,0.0,0.1717,0.1667,2.61,0.0,0.0192,0.0167,1,0,0,0,0,0
1778563272.614906,2026-05-12 08:21:12,2,1,1,0.0,0.0667,2.6064,0.0,5.8,0.0,0.0,0.0667,1,3,2,2,0.0,0.0333,1.7376,0.0,4.77,0.0574,0.0996,0.0333,1,7,2,3,0.0,0.0067,0.8918,0.1429,2.82,0.0539,0.0492,0.0133,2,0,0,0,0,0
1778563302.614906,2026-05-12 08:21:42,1,1,1,0.0,0.0,0.0755,1.0,1.6,0.0,0.0,0.0333,1,3,2,2,0.0,0.0333,1.7628,0.3333,3.7,0.0574,0.097,0.05,2,8,3,4,0.0,0.0067,0.7898,0.25,2.98,0.0812,0.0621,0.0133,3,0,0,0,0,0
1778563332.614906,2026-05-12 08:22:12,0,0,0,0.0,0.0,0.0,0.0,0.0,0.0,0.0,0.0,0,1,1,1,0.0,0.0,0.0755,1.0,0.8,0.0,0.0,0.0167,1,7,3,4,0.0,0.0067,0.9026,0.2857,2.61,0.0862,0.0688,0.0133,3,0,0,0,0,0
1778563362.614906,2026-05-12 08:22:42,6,2,2,0.0,0.1333,0.8844,0.3333,19.33,0.0574,0.184,0.2,2,6,2,2,0.0,0.0667,0.8844,0.3333,9.67,0.0574,0.184,0.1,2,13,4,5,0.0,0.02,0.8942,0.3077,4.54,0.1086,0.107,0.0333,4,0,0,0,0,0
1778563392.614906,2026-05-12 08:23:12,4,2,2,0.0,0.0667,1.2702,0.5,80.8,0.0625,0.0864,0.1333,2,10,2,2,0.0,0.1,1.0387,0.4,50.07,0.0607,0.1783,0.1667,2,16,4,5,0.0,0.0267,1.0441,0.375,12.25,0.1064,0.136,0.0467,4,0,0,0,0,0
1778563422.614906,2026-05-12 08:23:42,0,0,0,0.0,0.0,0.0,0.0,0.0,0.0,0.0,0.0,0,4,2,2,0.0,0.0333,1.2702,0.5,40.4,0.0625,0.0864,0.0667,2,16,4,5,0.0,0.0267,1.0441,0.375,12.25,0.1064,0.136,0.0467,4,0,0,0,0,0
1778563452.614906,2026-05-12 08:24:12,3,2,2,0.0,0.0667,0.0482,0.3333,5.93,0.0574,0.0977,0.1,2,3,2,2,0.0,0.0333,0.0482,0.3333,2.97,0.0574,0.0977,0.05,2,18,4,6,0.0,0.0333,0.9361,0.3889,12.47,0.098,0.1474,0.0567,4,0,0,0,0,0
1778563482.614906,2026-05-12 08:24:42,1,1,1,0.0,0.0,0.0,0.0,3.73,0.0,0.0,0.0333,1,4,3,3,0.0,0.0333,0.0362,0.25,4.83,0.0938,0.1409,0.05,2,18,4,5,0.0,0.0333,0.8789,0.3333,12.09,0.098,0.1486,0.0533,3,0,0,0,0,0
1778563512.614906,2026-05-12 08:25:12,0,0,0,0.0,0.0,0.0,0.0,0.0,0.0,0.0,0.0,0,1,1,1,0.0,0.0,0.0,0.0,1.87,0.0,0.0,0.0167,1,18,4,5,0.0,0.0333,0.8789,0.3333,12.09,0.098,0.1486,0.0533,3,0,0,0,0,0
1778563542.614906,2026-05-12 08:25:42,4,2,2,0.0,0.0667,1.2734,0.5,112.3,0.0625,0.0741,0.1333,2,4,2,2,0.0,0.0333,1.2734,0.5,56.15,0.0625,0.0741,0.0667,2,21,4,6,0.0,0.04,0.9959,0.381,22.95,0.088,0.1673,0.0667,3,0,0,0,0,0
1778563572.614906,2026-05-12 08:26:12,0,0,0,0.0,0.0,0.0,0.0,0.0,0.0,0.0,0.0,0,4,2,2,0.0,0.0333,1.2734,0.5,56.15,0.0625,0.0741,0.0667,2,19,4,6,0.0,0.0333,0.8264,0.4211,22.37,0.0916,0.161,0.06,3,0,0,0,0,0
1778563602.614906,2026-05-12 08:26:42,2,1,1,0.0,0.0667,0.0854,0.0,7.0,0.0,0.0,0.0667,1,2,1,1,0.0,0.0333,0.0854,0.0,3.5,0.0,0.0,0.0333,1,20,3,5,0.0,0.04,0.7898,0.35,22.91,0.0743,0.1743,0.0633,2,0,0,0,0,0
1778563632.614906,2026-05-12 08:27:12,0,0,0,0.0,0.0,0.0,0.0,0.0,0.0,0.0,0.0,0,2,1,1,0.0,0.0333,0.0854,0.0,3.5,0.0,0.0,0.0333,1,20,3,5,0.0,0.04,0.7898,0.35,22.91,0.0743,0.1743,0.0633,2,0,0,0,0,0
1778563662.614906,2026-05-12 08:27:42,2,1,1,0.0,0.0667,0.0802,0.0,5.63,0.0,0.0,0.0667,1,2,1,1,0.0,0.0333,0.0802,0.0,2.82,0.0,0.0,0.0333,1,16,3,5,0.0,0.0333,0.6656,0.3125,21.54,0.0749,0.151,0.05,2,0,0,0,0,0
1778563692.614906,2026-05-12 08:28:12,0,0,0,0.0,0.0,0.0,0.0,0.0,0.0,0.0,0.0,0,2,1,1,0.0,0.0333,0.0802,0.0,2.82,0.0,0.0,0.0333,1,12,3,4,0.0,0.0267,0.4641,0.25,13.46,0.0743,0.1439,0.0367,2,0,0,0,0,0
1778563722.614906,2026-05-12 08:28:42,2,1,2,0.0,0.0,0.0192,0.5,7.47,0.0,0.0,0.0333,1,2,1,2,0.0,0.0,0.0192,0.5,3.73,0.0,0.0,0.0167,1,14,3,5,0.0,0.0267,0.4006,0.2857,14.21,0.0884,0.1308,0.04,3,0,0,0,0,0
1778563752.614906,2026-05-12 08:29:12,0,0,0,0.0,0.0,0.0,0.0,0.0,0.0,0.0,0.0,0,2,1,2,0.0,0.0,0.0192,0.5,3.73,0.0,0.0,0.0167,1,11,3,4,0.0,0.02,0.4966,0.2727,13.61,0.0897,0.1224,0.03,3,0,0,0,0,0
1778563782.614906,2026-05-12 08:29:42,1,1,1,0.0,0.0,0.0,0.0,3.73,0.0,0.0,0.0333,1,1,1,1,0.0,0.0,0.0,0.0,1.87,0.0,0.0,0.0167,1,11,3,4,0.0,0.02,0.4966,0.2727,13.61,0.0897,0.1228,0.03,3,0,0,0,0,0
1778563812.614906,2026-05-12 08:30:12,0,0,0,0.0,0.0,0.0,0.0,0.0,0.0,0.0,0.0,0,1,1,1,0.0,0.0,0.0,0.0,1.87,0.0,0.0,0.0167,1,11,3,4,0.0,0.02,0.4966,0.2727,13.61,0.0897,0.1228,0.03,3,0,0,0,0,0
1778563842.614906,2026-05-12 08:30:42,1,1,1,0.0,0.0,0.0,0.0,3.73,0.0,0.0,0.0333,1,1,1,1,0.0,0.0,0.0,0.0,1.87,0.0,0.0,0.0167,1,8,2,3,0.0,0.0133,0.0462,0.125,2.76,0.0625,0.0823,0.0167,2,0,0,0,0,0
1778563872.614906,2026-05-12 08:31:12,0,0,0,0.0,0.0,0.0,0.0,0.0,0.0,0.0,0.0,0,1,1,1,0.0,0.0,0.0,0.0,1.87,0.0,0.0,0.0167,1,8,2,3,0.0,0.0133,0.0462,0.125,2.76,0.0625,0.0823,0.0167,2,0,0,0,0,0
1778563902.614906,2026-05-12 08:31:42,1,1,1,0.0,0.0,0.0,0.0,3.73,0.0,0.0,0.0333,1,1,1,1,0.0,0.0,0.0,0.0,1.87,0.0,0.0,0.0167,1,7,2,3,0.0,0.0067,0.0284,0.1429,2.43,0.0539,0.0651,0.0133,2,0,0,0,0,0
1778563932.614906,2026-05-12 08:32:12,1,1,1,0.0,0.0,2.0413,1.0,9.33,0.0,0.0,0.0333,1,2,1,2,0.0,0.0,1.0207,0.5,6.53,0.0,0.0,0.0167,1,8,2,4,0.0,0.0067,0.28,0.25,3.36,0.0507,0.0593,0.0133,2,0,0,0,0,0
1778563962.614906,2026-05-12 08:32:42,1,1,1,0.0,0.0,0.0,0.0,3.73,0.0,0.0,0.0333,1,2,1,2,0.0,0.0,1.0207,0.5,6.53,0.0,0.0,0.0167,1,7,1,3,0.0,0.0,0.2971,0.2857,3.17,0.0,0.0535,0.0167,1,0,0,0,0,0
1778563992.614906,2026-05-12 08:33:12,0,0,0,0.0,0.0,0.0,0.0,0.0,0.0,0.0,0.0,0,1,1,1,0.0,0.0,0.0,0.0,1.87,0.0,0.0,0.0167,1,7,1,3,0.0,0.0,0.2971,0.2857,3.17,0.0,0.0535,0.0167,1,0,0,0,0,0
1778564022.614906,2026-05-12 08:33:42,4,2,2,0.0,0.0667,0.1845,0.5,170.0,0.0625,0.0728,0.1333,2,4,2,2,0.0,0.0333,0.1845,0.5,85.0,0.0625,0.0728,0.0667,2,9,3,4,0.0,0.0067,0.3088,0.3333,19.43,0.0897,0.0899,0.0167,3,0,0,0,0,0
1778564052.614906,2026-05-12 08:34:12,0,0,0,0.0,0.0,0.0,0.0,0.0,0.0,0.0,0.0,0,4,2,2,0.0,0.0333,0.1845,0.5,85.0,0.0625,0.0728,0.0667,2,9,3,4,0.0,0.0067,0.3088,0.3333,19.43,0.0897,0.0899,0.0167,3,0,0,0,0,0
1778564082.614906,2026-05-12 08:34:42,1,1,1,0.0,0.0,0.0,0.0,3.73,0.0,0.0,0.0333,1,1,1,1,0.0,0.0,0.0,0.0,1.87,0.0,0.0,0.0167,1,9,3,4,0.0,0.0067,0.3088,0.3333,19.43,0.0897,0.0903,0.0167,3,0,0,0,0,0
1778564112.614906,2026-05-12 08:35:12,0,0,0,0.0,0.0,0.0,0.0,0.0,0.0,0.0,0.0,0,1,1,1,0.0,0.0,0.0,0.0,1.87,0.0,0.0,0.0167,1,9,3,4,0.0,0.0067,0.3088,0.3333,19.43,0.0897,0.0903,0.0167,3,0,0,0,0,0
1778564142.614906,2026-05-12 08:35:42,1,1,1,0.0,0.0,0.0,0.0,3.73,0.0,0.0,0.0333,1,1,1,1,0.0,0.0,0.0,0.0,1.87,0.0,0.0,0.0167,1,9,3,4,0.0,0.0067,0.3088,0.3333,19.43,0.0897,0.0903,0.0167,3,0,0,0,0,0
1778564172.614906,2026-05-12 08:36:12,0,0,0,0.0,0.0,0.0,0.0,0.0,0.0,0.0,0.0,0,1,1,1,0.0,0.0,0.0,0.0,1.87,0.0,0.0,0.0167,1,9,3,4,0.0,0.0067,0.3088,0.3333,19.43,0.0897,0.0903,0.0167,3,0,0,0,0,0
1778564202.614906,2026-05-12 08:36:42,2,1,2,0.0,0.0,1.0309,0.5,14.93,0.0,0.0,0.0333,1,2,1,2,0.0,0.0,1.0309,0.5,7.47,0.0,0.0,0.0167,1,10,3,5,0.0,0.0067,0.4841,0.4,20.55,0.0857,0.0883,0.02,3,0,0,0,0,0
1778564232.614906,2026-05-12 08:37:12,0,0,0,0.0,0.0,0.0,0.0,0.0,0.0,0.0,0.0,0,2,1,2,0.0,0.0,1.0309,0.5,7.47,0.0,0.0,0.0167,1,9,3,4,0.0,0.0067,0.3111,0.3333,19.61,0.0897,0.086,0.0167,3,0,0,0,0,0
1778564262.614906,2026-05-12 08:37:42,0,0,0,0.0,0.0,0.0,0.0,0.0,0.0,0.0,0.0,0,0,0,0,0.0,0.0,0.0,0.0,0.0,0.0,0.0,0.0,0,8,3,4,0.0,0.0067,0.35,0.375,19.24,0.0938,0.0973,0.0167,3,0,0,0,0,0
1778564292.614906,2026-05-12 08:38:12,0,0,0,0.0,0.0,0.0,0.0,0.0,0.0,0.0,0.0,0,0,0,0,0.0,0.0,0.0,0.0,0.0,0.0,0.0,0.0,0,8,3,4,0.0,0.0067,0.35,0.375,19.24,0.0938,0.0973,0.0167,3,0,0,0,0,0
1778564322.614906,2026-05-12 08:38:42,0,0,0,0.0,0.0,0.0,0.0,0.0,0.0,0.0,0.0,0,0,0,0,0.0,0.0,0.0,0.0,0.0,0.0,0.0,0.0,0,4,1,2,0.0,0.0,0.5155,0.25,2.24,0.0,0.0386,0.01,1,0,0,0,0,0
1778564352.614906,2026-05-12 08:39:12,0,0,0,0.0,0.0,0.0,0.0,0.0,0.0,0.0,0.0,0,0,0,0,0.0,0.0,0.0,0.0,0.0,0.0,0.0,0.0,0,4,1,2,0.0,0.0,0.5155,0.25,2.24,0.0,0.0386,0.01,1,0,0,0,0,0
1778564382.614906,2026-05-12 08:39:42,2,1,1,0.0,0.0667,0.0857,0.0,5.93,0.0,0.0,0.0667,1,2,1,1,0.0,0.0333,0.0857,0.0,2.97,0.0,0.0,0.0333,1,5,2,3,0.0,0.0067,0.4466,0.2,2.46,0.0607,0.1022,0.01,2,0,0,0,0,0
1778564412.614906,2026-05-12 08:40:12,0,0,0,0.0,0.0,0.0,0.0,0.0,0.0,0.0,0.0,0,2,1,1,0.0,0.0333,0.0857,0.0,2.97,0.0,0.0,0.0333,1,5,2,3,0.0,0.0067,0.4466,0.2,2.46,0.0607,0.1022,0.01,2,0,0,0,0,0
1778564442.614906,2026-05-12 08:40:42,1,1,1,0.0,0.0,2.0109,1.0,7.47,0.0,0.0,0.0333,1,1,1,1,0.0,0.0,2.0109,1.0,3.73,0.0,0.0,0.0167,1,5,2,4,0.0,0.0067,0.8488,0.4,2.83,0.0607,0.1041,0.0133,2,0,0,0,0,0
1778564472.614906,2026-05-12 08:41:12,1,1,1,0.0,0.0,30.1205,0.0,7.47,0.0,0.0,0.0333,1,2,1,2,0.0,0.0,16.0657,0.5,7.47,0.0,0.0,0.0167,1,6,2,4,0.0,0.0067,5.7274,0.3333,3.58,0.0574,0.1055,0.0133,2,0,0,0,0,0
1778564502.614906,2026-05-12 08:41:42,1,1,1,0.0,0.0,1.0835,1.0,7.47,0.0,0.0,0.0333,1,2,1,2,0.0,0.0,15.602,0.5,7.47,0.0,0.0,0.0167,1,5,2,4,0.0,0.0067,6.6772,0.4,2.83,0.0607,0.0658,0.0133,2,0,0,0,0,0
1778564532.614906,2026-05-12 08:42:12,0,0,0,0.0,0.0,0.0,0.0,0.0,0.0,0.0,0.0,0,1,1,1,0.0,0.0,1.0835,1.0,3.73,0.0,0.0,0.0167,1,5,2,4,0.0,0.0067,6.6772,0.4,2.83,0.0607,0.0658,0.0133,2,0,0,0,0,0
1778564562.614906,2026-05-12 08:42:42,2,1,1,0.0,0.0,0.1867,1.0,145.3,0.0,0.0,0.0667,1,2,1,1,0.0,0.0,0.1867,1.0,72.65,0.0,0.0,0.0333,1,7,3,5,0.0,0.0067,4.8228,0.5714,17.36,0.0973,0.0817,0.02,3,0,0,0,0,0
1778564592.614906,2026-05-12 08:43:12,5,2,2,0.0,0.1,0.1117,0.4,458.97,0.0607,0.0629,0.1667,2,7,2,3,0.0,0.05,0.1331,0.5714,302.13,0.0616,0.212,0.1167,2,12,3,6,0.0,0.0167,2.8598,0.5,63.26,0.0972,0.1366,0.0367,3,0,0,0,0,0
1778564622.614906,2026-05-12 08:43:42,1,1,1,0.0,0.0,0.0,0.0,3.73,0.0,0.0,0.0333,1,6,3,3,0.0,0.05,0.0931,0.3333,231.35,0.0912,0.1986,0.0833,2,13,3,6,0.0,0.0167,2.6399,0.4615,63.63,0.0985,0.1228,0.0367,3,0,0,0,0,0
1778564652.614906,2026-05-12 08:44:12,0,0,0,0.0,0.0,0.0,0.0,0.0,0.0,0.0,0.0,0,1,1,1,0.0,0.0,0.0,0.0,1.87,0.0,0.0,0.0167,1,13,3,6,0.0,0.0167,2.6399,0.4615,63.63,0.0985,0.1228,0.0367,3,0,0,0,0,0
1778564682.614906,2026-05-12 08:44:42,0,0,0,0.0,0.0,0.0,0.0,0.0,0.0,0.0,0.0,0,0,0,0,0.0,0.0,0.0,0.0,0.0,0.0,0.0,0.0,0,11,3,6,0.0,0.01,3.1043,0.5455,63.04,0.0983,0.1277,0.03,3,0,0,0,0,0
1778564712.614906,2026-05-12 08:45:12,4,2,2,0.0,0.0667,0.6743,0.5,19551.67,0.0625,0.073,0.1333,2,4,2,2,0.0,0.0333,0.6743,0.5,9775.83,0.0625,0.073,0.0667,2,15,3,7,0.0,0.0167,2.4563,0.5333,2018.21,0.0978,0.1502,0.0433,3,0,0,0,0,0
1778564742.614906,2026-05-12 08:45:42,3,2,2,0.0,0.0667,0.0532,0.3333,5.63,0.0574,0.099,0.1,2,7,2,3,0.0,0.0667,0.4081,0.4286,9778.65,0.0616,0.2202,0.1167,2,17,3,7,0.0,0.0233,2.0584,0.4706,2018.02,0.0935,0.1722,0.05,3,0,0,0,0,0
1778564772.614906,2026-05-12 08:46:12,1,1,1,0.0,0.0,0.0,0.0,3.73,0.0,0.0,0.0333,1,4,3,3,0.0,0.0333,0.0399,0.25,4.68,0.0938,0.141,0.05,2,17,3,7,0.0,0.0233,0.2866,0.4706,2017.65,0.0935,0.1712,0.05,3,0,0,0,0,0
1778564802.614906,2026-05-12 08:46:42,0,0,0,0.0,0.0,0.0,0.0,0.0,0.0,0.0,0.0,0,1,1,1,0.0,0.0,0.0,0.0,1.87,0.0,0.0,0.0167,1,16,3,6,0.0,0.0233,0.2368,0.4375,2016.9,0.0887,0.1969,0.0467,2,0,0,0,0,0
1778564832.614906,2026-05-12 08:47:12,2,1,1,0.0,0.0667,0.0755,0.0,4.07,0.0,0.0,0.0667,1,2,1,1,0.0,0.0333,0.0755,0.0,2.03,0.0,0.0,0.0333,1,18,3,6,0.0,0.03,0.2189,0.3889,2017.31,0.0864,0.1784,0.0533,2,0,0,0,0,0
1778564862.614906,2026-05-12 08:47:42,0,0,0,0.0,0.0,0.0,0.0,0.0,0.0,0.0,0.0,0,2,1,1,0.0,0.0333,0.0755,0.0,2.03,0.0,0.0,0.0333,1,16,3,5,0.0,0.03,0.2229,0.3125,2002.78,0.0854,0.1694,0.0467,2,0,0,0,0,0
1778564892.614906,2026-05-12 08:48:12,1,1,1,0.0,0.0,0.0,0.0,3.73,0.0,0.0,0.0333,1,1,1,1,0.0,0.0,0.0,0.0,1.87,0.0,0.0,0.0167,1,12,3,4,0.0,0.02,0.2506,0.25,1957.26,0.0938,0.1331,0.03,2,0,0,0,0,0
1778564922.614906,2026-05-12 08:48:42,2,1,1,0.0,0.0667,0.0756,0.0,5.93,0.0,0.0,0.0667,1,3,2,2,0.0,0.0333,0.0504,0.0,4.83,0.0574,0.0997,0.0333,1,13,3,4,0.0,0.0267,0.243,0.2308,1957.48,0.0834,0.134,0.0367,2,0,0,0,0,0
1778564952.614906,2026-05-12 08:49:12,0,0,0,0.0,0.0,0.0,0.0,0.0,0.0,0.0,0.0,0,2,1,1,0.0,0.0333,0.0756,0.0,2.97,0.0,0.0,0.0333,1,13,3,4,0.0,0.0267,0.243,0.2308,1957.48,0.0834,0.134,0.0367,2,0,0,0,0,0
1778564982.614906,2026-05-12 08:49:42,0,0,0,0.0,0.0,0.0,0.0,0.0,0.0,0.0,0.0,0,0,0,0,0.0,0.0,0.0,0.0,0.0,0.0,0.0,0.0,0,13,3,4,0.0,0.0267,0.243,0.2308,1957.48,0.0834,0.134,0.0367,2,0,0,0,0,0
1778565012.614906,2026-05-12 08:50:12,4,2,2,0.0,0.0667,0.1667,0.5,170.03,0.0625,0.074,0.1333,2,4,2,2,0.0,0.0333,0.1667,0.5,85.02,0.0625,0.074,0.0667,2,13,3,4,0.0,0.0267,0.0868,0.2308,19.31,0.0834,0.1253,0.0367,2,0,0,0,0,0
1778565042.614906,2026-05-12 08:50:42,0,0,0,0.0,0.0,0.0,0.0,0.0,0.0,0.0,0.0,0,4,2,2,0.0,0.0333,0.1667,0.5,85.02,0.0625,0.074,0.0667,2,10,3,3,0.0,0.02,0.0969,0.2,18.75,0.0857,0.1165,0.0267,2,0,0,0,0,0
1778565072.614906,2026-05-12 08:51:12,1,1,1,0.0,0.0,0.0858,1.0,3.73,0.0,0.0,0.0333,1,1,1,1,0.0,0.0,0.0858,1.0,1.87,0.0,0.0,0.0167,1,10,3,4,0.0,0.02,0.1055,0.3,18.75,0.0857,0.1154,0.03,3,0,0,0,0,0
1778565102.614906,2026-05-12 08:51:42,0,0,0,0.0,0.0,0.0,0.0,0.0,0.0,0.0,0.0,0,1,1,1,0.0,0.0,0.0858,1.0,1.87,0.0,0.0,0.0167,1,10,3,4,0.0,0.02,0.1055,0.3,18.75,0.0857,0.1154,0.03,3,0,0,0,0,0
1778565132.614906,2026-05-12 08:52:12,0,0,0,0.0,0.0,0.0,0.0,0.0,0.0,0.0,0.0,0,0,0,0,0.0,0.0,0.0,0.0,0.0,0.0,0.0,0.0,0,8,3,4,0.0,0.0133,0.113,0.375,18.34,0.0938,0.119,0.0233,3,0,0,0,0,0
1778565162.614906,2026-05-12 08:52:42,2,1,1,0.0,0.0667,0.0973,0.0,8.47,0.0,0.0,0.0667,1,2,1,1,0.0,0.0333,0.0973,0.0,4.23,0.0,0.0,0.0333,1,10,3,4,0.0,0.02,0.1098,0.3,19.19,0.0857,0.1175,0.03,3,0,0,0,0,0
1778565192.614906,2026-05-12 08:53:12,1,1,1,0.0,0.0,0.0,0.0,3.73,0.0,0.0,0.0333,1,3,2,2,0.0,0.0333,0.0648,0.0,6.1,0.0574,0.0995,0.0333,1,10,3,4,0.0,0.02,0.1098,0.3,19.19,0.0857,0.1217,0.03,3,0,0,0,0,0
1778565222.614906,2026-05-12 08:53:42,0,0,0,0.0,0.0,0.0,0.0,0.0,0.0,0.0,0.0,0,1,1,1,0.0,0.0,0.0,0.0,1.87,0.0,0.0,0.0167,1,8,3,4,0.0,0.0133,0.1184,0.375,18.6,0.0938,0.1291,0.0233,3,0,0,0,0,0
1778565252.614906,2026-05-12 08:54:12,1,1,1,0.0,0.0,0.0,0.0,3.73,0.0,0.0,0.0333,1,1,1,1,0.0,0.0,0.0,0.0,1.87,0.0,0.0,0.0167,1,9,3,4,0.0,0.0133,0.1052,0.3333,18.97,0.0957,0.1102,0.0233,3,0,0,0,0,0
1778565282.614906,2026-05-12 08:54:42,0,0,0,0.0,0.0,0.0,0.0,0.0,0.0,0.0,0.0,0,1,1,1,0.0,0.0,0.0,0.0,1.87,0.0,0.0,0.0167,1,9,3,4,0.0,0.0133,0.1052,0.3333,18.97,0.0957,0.1102,0.0233,3,0,0,0,0,0
1778565312.614906,2026-05-12 08:55:12,1,1,1,0.0,0.0,0.0,0.0,3.73,0.0,0.0,0.0333,1,1,1,1,0.0,0.0,0.0,0.0,1.87,0.0,0.0,0.0167,1,6,2,3,0.0,0.0067,0.0467,0.1667,2.34,0.0574,0.0621,0.01,2,0,0,0,0,0
1778565342.614906,2026-05-12 08:55:42,1,1,1,0.0,0.0,0.0719,1.0,1.6,0.0,0.0,0.0333,1,2,2,2,0.0,0.0,0.036,0.5,2.67,0.0625,0.0,0.0167,1,7,3,4,0.0,0.0067,0.0503,0.2857,2.5,0.0862,0.0629,0.0133,3,0,0,0,0,0
1778565372.614906,2026-05-12 08:56:12,1,1,1,0.0,0.0,0.0,0.0,3.73,0.0,0.0,0.0333,1,2,2,2,0.0,0.0,0.036,0.5,2.67,0.0625,0.0,0.0167,1,7,3,3,0.0,0.0067,0.0381,0.1429,2.5,0.0862,0.0578,0.0133,2,0,0,0,0,0
1778565402.614906,2026-05-12 08:56:42,0,0,0,0.0,0.0,0.0,0.0,0.0,0.0,0.0,0.0,0,1,1,1,0.0,0.0,0.0,0.0,1.87,0.0,0.0,0.0167,1,7,3,3,0.0,0.0067,0.0381,0.1429,2.5,0.0862,0.0578,0.0133,2,0,0,0,0,0
1778565432.614906,2026-05-12 08:57:12,1,1,1,0.0,0.0,0.0,0.0,3.73,0.0,0.0,0.0333,1,1,1,1,0.0,0.0,0.0,0.0,1.87,0.0,0.0,0.0167,1,8,3,3,0.0,0.0067,0.0333,0.125,2.87,0.0812,0.0534,0.0167,2,0,0,0,0,0
1778565462.614906,2026-05-12 08:57:42,0,0,0,0.0,0.0,0.0,0.0,0.0,0.0,0.0,0.0,0,1,1,1,0.0,0.0,0.0,0.0,1.87,0.0,0.0,0.0167,1,6,2,2,0.0,0.0,0.012,0.1667,2.03,0.0406,0.0306,0.0167,1,0,0,0,0,0
1778565492.614906,2026-05-12 08:58:12,0,0,0,0.0,0.0,0.0,0.0,0.0,0.0,0.0,0.0,0,0,0,0,0.0,0.0,0.0,0.0,0.0,0.0,0.0,0.0,0,5,2,2,0.0,0.0,0.0144,0.2,1.65,0.0451,0.0333,0.0133,1,0,0,0,0,0
1778565522.614906,2026-05-12 08:58:42,9,2,4,0.0,0.1333,0.1677,0.5556,4350.73,0.0619,0.1793,0.3,2,9,2,4,0.0,0.0667,0.1677,0.5556,2175.37,0.0619,0.1793,0.15,2,14,4,6,0.0,0.0133,0.1129,0.4286,436.73,0.1147,0.1267,0.0333,3,0,0,0,0,0
1778565552.614906,2026-05-12 08:59:12,0,0,0,0.0,0.0,0.0,0.0,0.0,0.0,0.0,0.0,0,9,2,4,0.0,0.0667,0.1677,0.5556,2175.37,0.0619,0.1793,0.15,2,13,4,6,0.0,0.0133,0.1216,0.4615,436.35,0.1141,0.1416,0.0333,3,0,0,0,0,0
1778565582.614906,2026-05-12 08:59:42,0,0,0,0.0,0.0,0.0,0.0,0.0,0.0,0.0,0.0,0,0,0,0,0.0,0.0,0.0,0.0,0.0,0.0,0.0,0.0,0,13,4,6,0.0,0.0133,0.1216,0.4615,436.35,0.1141,0.1416,0.0333,3,0,0,0,0,0
1778565612.614906,2026-05-12 09:00:12,12,1,1,0.0,0.4,0.0896,0.0,42.67,0.0,0.283,0.4,1,12,1,1,0.0,0.2,0.0896,0.0,21.33,0.0,0.283,0.2,1,24,4,6,0.0,0.0533,0.1107,0.25,440.25,0.0845,0.2016,0.0733,3,0,0,0,0,0
1778565642.614906,2026-05-12 09:00:42,3,2,2,0.0,0.0333,0.2792,0.6667,4193.03,0.0574,0.0072,0.1,2,15,2,2,0.0,0.2167,0.1275,0.1333,2117.85,0.0354,0.2595,0.25,2,26,3,5,0.0,0.0567,0.1316,0.2692,859.39,0.0747,0.2152,0.08,2,0,0,0,0,0
1778565672.614906,2026-05-12 09:01:12,0,0,0,0.0,0.0,0.0,0.0,0.0,0.0,0.0,0.0,0,3,2,2,0.0,0.0167,0.2792,0.6667,2096.52,0.0574,0.0072,0.05,2,25,3,5,0.0,0.0567,0.1369,0.28,859.02,0.0674,0.2445,0.08,2,0,0,0,0,0
1778565702.614906,2026-05-12 09:01:42,0,0,0,0.0,0.0,0.0,0.0,0.0,0.0,0.0,0.0,0,0,0,0,0.0,0.0,0.0,0.0,0.0,0.0,0.0,0.0,0,25,3,5,0.0,0.0567,0.1369,0.28,859.02,0.0674,0.2445,0.08,2,0,0,0,0,0
1778565732.614906,2026-05-12 09:02:12,2,1,1,0.0,0.0,0.1567,1.0,958.7,0.0,0.0,0.0667,1,2,1,1,0.0,0.0,0.1567,1.0,479.35,0.0,0.0,0.0333,1,26,2,5,0.0,0.0567,0.1436,0.3462,954.51,0.0582,0.2476,0.0867,2,0,0,0,0,0
1778565762.614906,2026-05-12 09:02:42,1,1,1,0.0,0.0,0.0,0.0,3.73,0.0,0.0,0.0333,1,3,2,2,0.0,0.0,0.1045,0.6667,481.22,0.0574,0.0998,0.0333,1,27,3,6,0.0,0.0567,0.1383,0.3333,954.89,0.0703,0.2198,0.0867,2,0,0,0,0,0
1778565792.614906,2026-05-12 09:03:12,0,0,0,0.0,0.0,0.0,0.0,0.0,0.0,0.0,0.0,0,1,1,1,0.0,0.0,0.0,0.0,1.87,0.0,0.0,0.0167,1,27,3,6,0.0,0.0567,0.1383,0.3333,954.89,0.0703,0.2198,0.0867,2,0,0,0,0,0
1778565822.614906,2026-05-12 09:03:42,1,1,1,0.0,0.0,0.0,0.0,3.73,0.0,0.0,0.0333,1,1,1,1,0.0,0.0,0.0,0.0,1.87,0.0,0.0,0.0167,1,19,3,4,0.0,0.0433,0.1172,0.2105,520.19,0.0744,0.1903,0.0567,2,0,0,0,0,0
1778565852.614906,2026-05-12 09:04:12,0,0,0,0.0,0.0,0.0,0.0,0.0,0.0,0.0,0.0,0,1,1,1,0.0,0.0,0.0,0.0,1.87,0.0,0.0,0.0167,1,19,3,4,0.0,0.0433,0.1172,0.2105,520.19,0.0744,0.1903,0.0567,2,0,0,0,0,0
1778565882.614906,2026-05-12 09:04:42,1,1,1,0.0,0.0,0.0,0.0,3.73,0.0,0.0,0.0333,1,1,1,1,0.0,0.0,0.0,0.0,1.87,0.0,0.0,0.0167,1,20,3,4,0.0,0.0433,0.1113,0.2,520.56,0.0799,0.1698,0.0567,2,0,0,0,0,0
1778565912.614906,2026-05-12 09:05:12,0,0,0,0.0,0.0,0.0,0.0,0.0,0.0,0.0,0.0,0,1,1,1,0.0,0.0,0.0,0.0,1.87,0.0,0.0,0.0167,1,8,3,4,0.0,0.0033,0.1439,0.5,516.29,0.0879,0.0898,0.0167,2,0,0,0,0,0
1778565942.614906,2026-05-12 09:05:42,1,1,1,0.0,0.0,0.0001,0.0,3.73,0.0,0.0,0.0333,1,1,1,1,0.0,0.0,0.0001,0.0,1.87,0.0,0.0,0.0167,1,6,2,2,0.0,0.0,0.0523,0.3333,97.36,0.0574,0.0518,0.0133,1,0,0,0,0,0
1778565972.614906,2026-05-12 09:06:12,0,0,0,0.0,0.0,0.0,0.0,0.0,0.0,0.0,0.0,0,1,1,1,0.0,0.0,0.0001,0.0,1.87,0.0,0.0,0.0167,1,6,2,2,0.0,0.0,0.0523,0.3333,97.36,0.0574,0.0518,0.0133,1,0,0,0,0,0
1778566002.614906,2026-05-12 09:06:42,1,1,1,0.0,0.0,0.0,0.0,3.73,0.0,0.0,0.0333,1,1,1,1,0.0,0.0,0.0,0.0,1.87,0.0,0.0,0.0167,1,7,2,2,0.0,0.0,0.0448,0.2857,97.74,0.0539,0.0463,0.0167,1,0,0,0,0,0
1778566032.614906,2026-05-12 09:07:12,0,0,0,0.0,0.0,0.0,0.0,0.0,0.0,0.0,0.0,0,1,1,1,0.0,0.0,0.0,0.0,1.87,0.0,0.0,0.0167,1,5,1,1,0.0,0.0,0.0001,0.0,1.87,0.0,0.0001,0.0167,1,0,0,0,0,0
1778566062.614906,2026-05-12 09:07:42,1,1,1,0.0,0.0,0.0001,0.0,3.73,0.0,0.0,0.0333,1,1,1,1,0.0,0.0,0.0001,0.0,1.87,0.0,0.0,0.0167,1,5,1,1,0.0,0.0,0.0001,0.0,1.87,0.0,0.0001,0.0167,1,0,0,0,0,0
1778566092.614906,2026-05-12 09:08:12,0,0,0,0.0,0.0,0.0,0.0,0.0,0.0,0.0,0.0,0,1,1,1,0.0,0.0,0.0001,0.0,1.87,0.0,0.0,0.0167,1,5,1,1,0.0,0.0,0.0001,0.0,1.87,0.0,0.0001,0.0167,1,0,0,0,0,0
1778566122.614906,2026-05-12 09:08:42,1,1,1,0.0,0.0,0.0001,0.0,3.73,0.0,0.0,0.0333,1,1,1,1,0.0,0.0,0.0001,0.0,1.87,0.0,0.0,0.0167,1,5,1,1,0.0,0.0,0.0001,0.0,1.87,0.0,0.0001,0.0167,1,0,0,0,0,0
1778566152.614906,2026-05-12 09:09:12,0,0,0,0.0,0.0,0.0,0.0,0.0,0.0,0.0,0.0,0,1,1,1,0.0,0.0,0.0001,0.0,1.87,0.0,0.0,0.0167,1,5,1,1,0.0,0.0,0.0001,0.0,1.87,0.0,0.0001,0.0167,1,0,0,0,0,0
1778566182.614906,2026-05-12 09:09:42,1,1,1,0.0,0.0,0.0,0.0,3.73,0.0,0.0,0.0333,1,1,1,1,0.0,0.0,0.0,0.0,1.87,0.0,0.0,0.0167,1,5,1,1,0.0,0.0,0.0001,0.0,1.87,0.0,0.0001,0.0167,1,0,0,0,0,0
1778566212.614906,2026-05-12 09:10:12,0,0,0,0.0,0.0,0.0,0.0,0.0,0.0,0.0,0.0,0,1,1,1,0.0,0.0,0.0,0.0,1.87,0.0,0.0,0.0167,1,5,1,1,0.0,0.0,0.0001,0.0,1.87,0.0,0.0001,0.0167,1,0,0,0,0,0
1778566242.614906,2026-05-12 09:10:42,2,1,1,0.0,0.0667,0.075,0.0,5.63,0.0,0.0,0.0667,1,2,1,1,0.0,0.0333,0.075,0.0,2.82,0.0,0.0,0.0333,1,6,2,2,0.0,0.0067,0.0251,0.0,2.06,0.0574,0.0501,0.0133,1,0,0,0,0,0
1778566272.614906,2026-05-12 09:11:12,0,0,0,0.0,0.0,0.0,0.0,0.0,0.0,0.0,0.0,0,2,1,1,0.0,0.0333,0.075,0.0,2.82,0.0,0.0,0.0333,1,6,2,2,0.0,0.0067,0.0251,0.0,2.06,0.0574,0.0501,0.0133,1,0,0,0,0,0
1778566302.614906,2026-05-12 09:11:42,1,1,1,0.0,0.0,0.0,0.0,3.73,0.0,0.0,0.0333,1,1,1,1,0.0,0.0,0.0,0.0,1.87,0.0,0.0,0.0167,1,6,2,2,0.0,0.0067,0.025,0.0,2.06,0.0574,0.0506,0.0133,1,0,0,0,0,0
1778566332.614906,2026-05-12 09:12:12,0,0,0,0.0,0.0,0.0,0.0,0.0,0.0,0.0,0.0,0,1,1,1,0.0,0.0,0.0,0.0,1.87,0.0,0.0,0.0167,1,6,2,2,0.0,0.0067,0.025,0.0,2.06,0.0574,0.0506,0.0133,1,0,0,0,0,0
1778566362.614906,2026-05-12 09:12:42,1,1,1,0.0,0.0,0.0,0.0,3.73,0.0,0.0,0.0333,1,1,1,1,0.0,0.0,0.0,0.0,1.87,0.0,0.0,0.0167,1,6,2,2,0.0,0.0067,0.025,0.0,2.06,0.0574,0.0506,0.0133,1,0,0,0,0,0
1778566392.614906,2026-05-12 09:13:12,0,0,0,0.0,0.0,0.0,0.0,0.0,0.0,0.0,0.0,0,1,1,1,0.0,0.0,0.0,0.0,1.87,0.0,0.0,0.0167,1,6,2,2,0.0,0.0067,0.025,0.0,2.06,0.0574,0.0506,0.0133,1,0,0,0,0,0
1778566422.614906,2026-05-12 09:13:42,1,1,1,0.0,0.0,0.0,0.0,3.73,0.0,0.0,0.0333,1,1,1,1,0.0,0.0,0.0,0.0,1.87,0.0,0.0,0.0167,1,6,2,2,0.0,0.0067,0.025,0.0,2.06,0.0574,0.0506,0.0133,1,0,0,0,0,0
1778566452.614906,2026-05-12 09:14:12,0,0,0,0.0,0.0,0.0,0.0,0.0,0.0,0.0,0.0,0,1,1,1,0.0,0.0,0.0,0.0,1.87,0.0,0.0,0.0167,1,6,2,2,0.0,0.0067,0.025,0.0,2.06,0.0574,0.0506,0.0133,1,0,0,0,0,0
1778566482.614906,2026-05-12 09:14:42,0,0,0,0.0,0.0,0.0,0.0,0.0,0.0,0.0,0.0,0,0,0,0,0.0,0.0,0.0,0.0,0.0,0.0,0.0,0.0,0,5,2,2,0.0,0.0067,0.03,0.0,1.68,0.0607,0.0579,0.01,1,0,0,0,0,0
1778566512.614906,2026-05-12 09:15:12,0,0,0,0.0,0.0,0.0,0.0,0.0,0.0,0.0,0.0,0,0,0,0,0.0,0.0,0.0,0.0,0.0,0.0,0.0,0.0,0,5,2,2,0.0,0.0067,0.03,0.0,1.68,0.0607,0.0579,0.01,1,0,0,0,0,0
1778566542.614906,2026-05-12 09:15:42,1,1,1,0.0,0.0,0.0,0.0,3.73,0.0,0.0,0.0333,1,1,1,1,0.0,0.0,0.0,0.0,1.87,0.0,0.0,0.0167,1,4,1,1,0.0,0.0,0.0,0.0,1.49,0.0,0.0354,0.0133,1,0,0,0,0,0
1778566572.614906,2026-05-12 09:16:12,0,0,0,0.0,0.0,0.0,0.0,0.0,0.0,0.0,0.0,0,1,1,1,0.0,0.0,0.0,0.0,1.87,0.0,0.0,0.0167,1,4,1,1,0.0,0.0,0.0,0.0,1.49,0.0,0.0354,0.0133,1,0,0,0,0,0
1778566602.614906,2026-05-12 09:16:42,1,1,1,0.0,0.0,0.0,0.0,3.73,0.0,0.0,0.0333,1,1,1,1,0.0,0.0,0.0,0.0,1.87,0.0,0.0,0.0167,1,4,1,1,0.0,0.0,0.0,0.0,1.49,0.0,0.0354,0.0133,1,0,0,0,0,0
1778566632.614906,2026-05-12 09:17:12,0,0,0,0.0,0.0,0.0,0.0,0.0,0.0,0.0,0.0,0,1,1,1,0.0,0.0,0.0,0.0,1.87,0.0,0.0,0.0167,1,4,1,1,0.0,0.0,0.0,0.0,1.49,0.0,0.0354,0.0133,1,0,0,0,0,0
1778566662.614906,2026-05-12 09:17:42,1,1,1,0.0,0.0,0.0001,0.0,3.73,0.0,0.0,0.0333,1,1,1,1,0.0,0.0,0.0001,0.0,1.87,0.0,0.0,0.0167,1,4,1,1,0.0,0.0,0.0001,0.0,1.49,0.0,0.0354,0.0133,1,0,0,0,0,0
1778566692.614906,2026-05-12 09:18:12,0,0,0,0.0,0.0,0.0,0.0,0.0,0.0,0.0,0.0,0,1,1,1,0.0,0.0,0.0001,0.0,1.87,0.0,0.0,0.0167,1,4,1,1,0.0,0.0,0.0001,0.0,1.49,0.0,0.0354,0.0133,1,0,0,0,0,0
1778566722.614906,2026-05-12 09:18:42,1,1,1,0.0,0.0,0.0,0.0,3.73,0.0,0.0,0.0333,1,1,1,1,0.0,0.0,0.0,0.0,1.87,0.0,0.0,0.0167,1,4,1,1,0.0,0.0,0.0001,0.0,1.49,0.0,0.0001,0.0133,1,0,0,0,0,0
1778566752.614906,2026-05-12 09:19:12,0,0,0,0.0,0.0,0.0,0.0,0.0,0.0,0.0,0.0,0,1,1,1,0.0,0.0,0.0,0.0,1.87,0.0,0.0,0.0167,1,4,1,1,0.0,0.0,0.0001,0.0,1.49,0.0,0.0001,0.0133,1,0,0,0,0,0
1778566782.614906,2026-05-12 09:19:42,1,1,1,0.0,0.0,0.0,0.0,3.73,0.0,0.0,0.0333,1,1,1,1,0.0,0.0,0.0,0.0,1.87,0.0,0.0,0.0167,1,5,1,1,0.0,0.0,0.0001,0.0,1.87,0.0,0.0001,0.0167,1,0,0,0,0,0
1778566812.614906,2026-05-12 09:20:12,0,0,0,0.0,0.0,0.0,0.0,0.0,0.0,0.0,0.0,0,1,1,1,0.0,0.0,0.0,0.0,1.87,0.0,0.0,0.0167,1,5,1,1,0.0,0.0,0.0001,0.0,1.87,0.0,0.0001,0.0167,1,0,0,0,0,0
1778566842.614906,2026-05-12 09:20:42,1,1,1,0.0,0.0,0.0001,0.0,3.73,0.0,0.0,0.0333,1,1,1,1,0.0,0.0,0.0001,0.0,1.87,0.0,0.0,0.0167,1,5,1,1,0.0,0.0,0.0001,0.0,1.87,0.0,0.0001,0.0167,1,0,0,0,0,0
1778566872.614906,2026-05-12 09:21:12,0,0,0,0.0,0.0,0.0,0.0,0.0,0.0,0.0,0.0,0,1,1,1,0.0,0.0,0.0001,0.0,1.87,0.0,0.0,0.0167,1,5,1,1,0.0,0.0,0.0001,0.0,1.87,0.0,0.0001,0.0167,1,0,0,0,0,0
1778566902.614906,2026-05-12 09:21:42,0,0,0,0.0,0.0,0.0,0.0,0.0,0.0,0.0,0.0,0,0,0,0,0.0,0.0,0.0,0.0,0.0,0.0,0.0,0.0,0,4,1,1,0.0,0.0,0.0001,0.0,1.49,0.0,0.0001,0.0133,1,0,0,0,0,0
1778566932.614906,2026-05-12 09:22:12,1,1,1,0.0,0.0,0.0,1.0,0.0,0.0,0.0,0.0333,1,1,1,1,0.0,0.0,0.0,1.0,0.0,0.0,0.0,0.0167,1,5,1,2,0.0,0.0,0.0001,0.2,1.49,0.0,0.0183,0.0133,1,0,0,0,0,0
1778566962.614906,2026-05-12 09:22:42,1,1,1,0.0,0.0,0.0001,0.0,3.73,0.0,0.0,0.0333,1,2,1,2,0.0,0.0,0.0001,0.5,1.87,0.0,0.0,0.0167,1,5,1,2,0.0,0.0,0.0001,0.2,1.49,0.0,0.0334,0.0133,1,0,0,0,0,0
1778566992.614906,2026-05-12 09:23:12,0,0,0,0.0,0.0,0.0,0.0,0.0,0.0,0.0,0.0,0,1,1,1,0.0,0.0,0.0001,0.0,1.87,0.0,0.0,0.0167,1,5,1,2,0.0,0.0,0.0001,0.2,1.49,0.0,0.0334,0.0133,1,0,0,0,0,0
1778567022.614906,2026-05-12 09:23:42,0,0,0,0.0,0.0,0.0,0.0,0.0,0.0,0.0,0.0,0,0,0,0,0.0,0.0,0.0,0.0,0.0,0.0,0.0,0.0,0,4,1,2,0.0,0.0,0.0001,0.25,1.12,0.0,0.0386,0.01,1,0,0,0,0,0
1778567052.614906,2026-05-12 09:24:12,4,2,2,0.0,0.0667,0.1737,0.5,248.33,0.0625,0.071,0.1333,2,4,2,2,0.0,0.0333,0.1737,0.5,124.17,0.0625,0.071,0.0667,2,8,3,4,0.0,0.0067,0.0869,0.375,25.95,0.0938,0.0979,0.0133,2,0,0,0,0,0
1778567082.614906,2026-05-12 09:24:42,0,0,0,0.0,0.0,0.0,0.0,0.0,0.0,0.0,0.0,0,4,2,2,0.0,0.0333,0.1737,0.5,124.17,0.0625,0.071,0.0667,2,7,3,4,0.0,0.0067,0.0993,0.4286,25.58,0.0973,0.1136,0.0133,2,0,0,0,0,0
1778567112.614906,2026-05-12 09:25:12,1,1,1,0.0,0.0,1.0305,1.0,7.47,0.0,0.0,0.0333,1,1,1,1,0.0,0.0,1.0305,1.0,3.73,0.0,0.0,0.0167,1,8,3,5,0.0,0.0067,0.2157,0.5,26.33,0.0938,0.0999,0.0167,3,0,0,0,0,0
1778567142.614906,2026-05-12 09:25:42,1,1,1,0.0,0.0,0.0,0.0,3.73,0.0,0.0,0.0333,1,2,1,2,0.0,0.0,0.5153,0.5,5.6,0.0,0.0,0.0167,1,8,3,5,0.0,0.0067,0.2157,0.5,26.33,0.0938,0.1006,0.0167,3,0,0,0,0,0
1778567172.614906,2026-05-12 09:26:12,0,0,0,0.0,0.0,0.0,0.0,0.0,0.0,0.0,0.0,0,1,1,1,0.0,0.0,0.0,0.0,1.87,0.0,0.0,0.0167,1,8,3,5,0.0,0.0067,0.2157,0.5,26.33,0.0938,0.1006,0.0167,3,0,0,0,0,0
1778567202.614906,2026-05-12 09:26:42,0,0,0,0.0,0.0,0.0,0.0,0.0,0.0,0.0,0.0,0,0,0,0,0.0,0.0,0.0,0.0,0.0,0.0,0.0,0.0,0,8,3,5,0.0,0.0067,0.2157,0.5,26.33,0.0938,0.1006,0.0167,3,0,0,0,0,0
1778567232.614906,2026-05-12 09:27:12,0,0,0,0.0,0.0,0.0,0.0,0.0,0.0,0.0,0.0,0,0,0,0,0.0,0.0,0.0,0.0,0.0,0.0,0.0,0.0,0,7,3,4,0.0,0.0067,0.2465,0.4286,26.33,0.0973,0.1095,0.0167,3,0,0,0,0,0
1778567262.614906,2026-05-12 09:27:42,1,1,1,0.0,0.0,0.0,0.0,3.73,0.0,0.0,0.0333,1,1,1,1,0.0,0.0,0.0,0.0,1.87,0.0,0.0,0.0167,1,7,3,4,0.0,0.0067,0.2465,0.4286,26.33,0.0973,0.1214,0.0167,3,0,0,0,0,0
1778567292.614906,2026-05-12 09:28:12,0,0,0,0.0,0.0,0.0,0.0,0.0,0.0,0.0,0.0,0,1,1,1,0.0,0.0,0.0,0.0,1.87,0.0,0.0,0.0167,1,7,3,4,0.0,0.0067,0.2465,0.4286,26.33,0.0973,0.1214,0.0167,3,0,0,0,0,0
1778567322.614906,2026-05-12 09:28:42,1,1,1,0.0,0.0,0.0003,0.0,3.73,0.0,0.0,0.0333,1,1,1,1,0.0,0.0,0.0003,0.0,1.87,0.0,0.0,0.0167,1,8,3,4,0.0,0.0067,0.2157,0.375,26.7,0.0938,0.1046,0.0167,3,0,0,0,0,0
1778567352.614906,2026-05-12 09:29:12,0,0,0,0.0,0.0,0.0,0.0,0.0,0.0,0.0,0.0,0,1,1,1,0.0,0.0,0.0003,0.0,1.87,0.0,0.0,0.0167,1,4,1,2,0.0,0.0,0.2577,0.25,1.87,0.0,0.0443,0.01,1,0,0,0,0,0
1778567382.614906,2026-05-12 09:29:42,1,1,1,0.0,0.0,0.0701,1.0,1.6,0.0,0.0,0.0333,1,1,1,1,0.0,0.0,0.0701,1.0,0.8,0.0,0.0,0.0167,1,5,2,3,0.0,0.0,0.2202,0.4,2.03,0.0451,0.0417,0.01,2,0,0,0,0,0
1778567412.614906,2026-05-12 09:30:12,1,1,1,0.0,0.0,0.0,0.0,3.73,0.0,0.0,0.0333,1,2,2,2,0.0,0.0,0.035,0.5,2.67,0.0625,0.0,0.0167,1,5,2,2,0.0,0.0,0.0141,0.2,1.65,0.0451,0.048,0.0133,1,0,0,0,0,0
1778567442.614906,2026-05-12 09:30:42,0,0,0,0.0,0.0,0.0,0.0,0.0,0.0,0.0,0.0,0,1,1,1,0.0,0.0,0.0,0.0,1.87,0.0,0.0,0.0167,1,4,2,2,0.0,0.0,0.0176,0.25,1.28,0.0507,0.0264,0.01,1,0,0,0,0,0
1778567472.614906,2026-05-12 09:31:12,1,1,1,0.0,0.0,0.0001,0.0,3.73,0.0,0.0,0.0333,1,1,1,1,0.0,0.0,0.0001,0.0,1.87,0.0,0.0,0.0167,1,5,2,2,0.0,0.0,0.0141,0.2,1.65,0.0451,0.0233,0.0133,1,0,0,0,0,0
1778567502.614906,2026-05-12 09:31:42,0,0,0,0.0,0.0,0.0,0.0,0.0,0.0,0.0,0.0,0,1,1,1,0.0,0.0,0.0001,0.0,1.87,0.0,0.0,0.0167,1,5,2,2,0.0,0.0,0.0141,0.2,1.65,0.0451,0.0233,0.0133,1,0,0,0,0,0
1778567532.614906,2026-05-12 09:32:12,2,1,1,0.0,0.0,0.6952,1.0,1269.33,0.0,0.0,0.0667,1,2,1,1,0.0,0.0,0.6952,1.0,634.67,0.0,0.0,0.0333,1,7,3,3,0.0,0.0,0.2087,0.4286,128.59,0.0862,0.0505,0.0133,2,0,0,0,0,0
1778567562.614906,2026-05-12 09:32:42,0,0,0,0.0,0.0,0.0,0.0,0.0,0.0,0.0,0.0,0,2,1,1,0.0,0.0,0.6952,1.0,634.67,0.0,0.0,0.0333,1,6,3,3,0.0,0.0,0.2435,0.5,128.21,0.0912,0.0567,0.01,2,0,0,0,0,0
1778567592.614906,2026-05-12 09:33:12,0,0,0,0.0,0.0,0.0,0.0,0.0,0.0,0.0,0.0,0,0,0,0,0.0,0.0,0.0,0.0,0.0,0.0,0.0,0.0,0,6,3,3,0.0,0.0,0.2435,0.5,128.21,0.0912,0.0567,0.01,2,0,0,0,0,0
1778567622.614906,2026-05-12 09:33:42,2,1,1,0.0,0.0667,0.0808,0.0,5.93,0.0,0.0,0.0667,1,2,1,1,0.0,0.0333,0.0808,0.0,2.97,0.0,0.0,0.0333,1,7,4,4,0.0,0.0067,0.2317,0.4286,128.43,0.1219,0.0768,0.0167,3,0,0,0,0,0
1778567652.614906,2026-05-12 09:34:12,4,2,2,0.0,0.0667,0.6705,0.5,19552.23,0.0625,0.0701,0.1333,2,6,2,2,0.0,0.0667,0.4739,0.3333,9779.08,0.0574,0.1987,0.1,2,11,4,5,0.0,0.0133,0.3913,0.4545,2083.66,0.1139,0.1061,0.03,3,0,0,0,0,0
1778567682.614906,2026-05-12 09:34:42,0,0,0,0.0,0.0,0.0,0.0,0.0,0.0,0.0,0.0,0,4,2,2,0.0,0.0333,0.6705,0.5,9776.12,0.0625,0.0701,0.0667,2,10,3,4,0.0,0.0133,0.4234,0.4,2083.5,0.0951,0.1141,0.0267,2,0,0,0,0,0
1778567712.614906,2026-05-12 09:35:12,0,0,0,0.0,0.0,0.0,0.0,0.0,0.0,0.0,0.0,0,0,0,0,0.0,0.0,0.0,0.0,0.0,0.0,0.0,0.0,0,9,3,4,0.0,0.0133,0.4704,0.4444,2083.12,0.087,0.1322,0.0267,2,0,0,0,0,0
1778567742.614906,2026-05-12 09:35:42,0,0,0,0.0,0.0,0.0,0.0,0.0,0.0,0.0,0.0,0,0,0,0,0.0,0.0,0.0,0.0,0.0,0.0,0.0,0.0,0,9,3,4,0.0,0.0133,0.4704,0.4444,2083.12,0.087,0.1322,0.0267,2,0,0,0,0,0
1778567772.614906,2026-05-12 09:36:12,0,0,0,0.0,0.0,0.0,0.0,0.0,0.0,0.0,0.0,0,0,0,0,0.0,0.0,0.0,0.0,0.0,0.0,0.0,0.0,0,8,2,3,0.0,0.0133,0.5292,0.5,2082.75,0.0625,0.162,0.0267,2,0,0,0,0,0
1778567802.614906,2026-05-12 09:36:42,0,0,0,0.0,0.0,0.0,0.0,0.0,0.0,0.0,0.0,0,0,0,0,0.0,0.0,0.0,0.0,0.0,0.0,0.0,0.0,0,8,2,3,0.0,0.0133,0.5292,0.5,2082.75,0.0625,0.162,0.0267,2,0,0,0,0,0
1778567832.614906,2026-05-12 09:37:12,0,0,0,0.0,0.0,0.0,0.0,0.0,0.0,0.0,0.0,0,0,0,0,0.0,0.0,0.0,0.0,0.0,0.0,0.0,0.0,0,6,2,2,0.0,0.0133,0.4739,0.3333,1955.82,0.0574,0.1987,0.02,2,0,0,0,0,0
1778567862.614906,2026-05-12 09:37:42,0,0,0,0.0,0.0,0.0,0.0,0.0,0.0,0.0,0.0,0,0,0,0,0.0,0.0,0.0,0.0,0.0,0.0,0.0,0.0,0,6,2,2,0.0,0.0133,0.4739,0.3333,1955.82,0.0574,0.1987,0.02,2,0,0,0,0,0
1778567892.614906,2026-05-12 09:38:12,0,0,0,0.0,0.0,0.0,0.0,0.0,0.0,0.0,0.0,0,0,0,0,0.0,0.0,0.0,0.0,0.0,0.0,0.0,0.0,0,6,2,2,0.0,0.0133,0.4739,0.3333,1955.82,0.0574,0.1987,0.02,2,0,0,0,0,0
1778567922.614906,2026-05-12 09:38:42,0,0,0,0.0,0.0,0.0,0.0,0.0,0.0,0.0,0.0,0,0,0,0,0.0,0.0,0.0,0.0,0.0,0.0,0.0,0.0,0,4,2,2,0.0,0.0067,0.6705,0.5,1955.22,0.0625,0.0701,0.0133,2,0,0,0,0,0
1778567952.614906,2026-05-12 09:39:12,0,0,0,0.0,0.0,0.0,0.0,0.0,0.0,0.0,0.0,0,0,0,0,0.0,0.0,0.0,0.0,0.0,0.0,0.0,0.0,0,0,0,0,0.0,0.0,0.0,0.0,0.0,0.0,0.0,0.0,0,0,0,0,0,0
1778567982.614906,2026-05-12 09:39:42,0,0,0,0.0,0.0,0.0,0.0,0.0,0.0,0.0,0.0,0,0,0,0,0.0,0.0,0.0,0.0,0.0,0.0,0.0,0.0,0,0,0,0,0.0,0.0,0.0,0.0,0.0,0.0,0.0,0.0,0,0,0,0,0,0
1778568012.614906,2026-05-12 09:40:12,0,0,0,0.0,0.0,0.0,0.0,0.0,0.0,0.0,0.0,0,0,0,0,0.0,0.0,0.0,0.0,0.0,0.0,0.0,0.0,0,0,0,0,0.0,0.0,0.0,0.0,0.0,0.0,0.0,0.0,0,0,0,0,0,0
1778568042.614906,2026-05-12 09:40:42,0,0,0,0.0,0.0,0.0,0.0,0.0,0.0,0.0,0.0,0,0,0,0,0.0,0.0,0.0,0.0,0.0,0.0,0.0,0.0,0,0,0,0,0.0,0.0,0.0,0.0,0.0,0.0,0.0,0.0,0,0,0,0,0,0
1778568072.614906,2026-05-12 09:41:12,0,0,0,0.0,0.0,0.0,0.0,0.0,0.0,0.0,0.0,0,0,0,0,0.0,0.0,0.0,0.0,0.0,0.0,0.0,0.0,0,0,0,0,0.0,0.0,0.0,0.0,0.0,0.0,0.0,0.0,0,0,0,0,0,0
1778568102.614906,2026-05-12 09:41:42,0,0,0,0.0,0.0,0.0,0.0,0.0,0.0,0.0,0.0,0,0,0,0,0.0,0.0,0.0,0.0,0.0,0.0,0.0,0.0,0,0,0,0,0.0,0.0,0.0,0.0,0.0,0.0,0.0,0.0,0,0,0,0,0,0
1778568132.614906,2026-05-12 09:42:12,0,0,0,0.0,0.0,0.0,0.0,0.0,0.0,0.0,0.0,0,0,0,0,0.0,0.0,0.0,0.0,0.0,0.0,0.0,0.0,0,0,0,0,0.0,0.0,0.0,0.0,0.0,0.0,0.0,0.0,0,0,0,0,0,0
1778568162.614906,2026-05-12 09:42:42,4,2,3,0.0,0.0,0.1921,0.75,6.4,0.0507,0.1039,0.0667,2,4,2,3,0.0,0.0,0.1921,0.75,3.2,0.0507,0.1039,0.0333,2,4,2,3,0.0,0.0,0.1921,0.75,0.64,0.0507,0.1039,0.0067,2,0,0,0,0,0
1778568192.614906,2026-05-12 09:43:12,0,0,0,0.0,0.0,0.0,0.0,0.0,0.0,0.0,0.0,0,4,2,3,0.0,0.0,0.1921,0.75,3.2,0.0507,0.1039,0.0333,2,4,2,3,0.0,0.0,0.1921,0.75,0.64,0.0507,0.1039,0.0067,2,0,0,0,0,0
1778568222.614906,2026-05-12 09:43:42,1,1,1,0.0,0.0,0.0,0.0,3.73,0.0,0.0,0.0333,1,1,1,1,0.0,0.0,0.0,0.0,1.87,0.0,0.0,0.0167,1,5,2,3,0.0,0.0,0.1537,0.6,1.01,0.0451,0.1579,0.0067,2,0,0,0,0,0
1778568252.614906,2026-05-12 09:44:12,0,0,0,0.0,0.0,0.0,0.0,0.0,0.0,0.0,0.0,0,1,1,1,0.0,0.0,0.0,0.0,1.87,0.0,0.0,0.0167,1,5,2,3,0.0,0.0,0.1537,0.6,1.01,0.0451,0.1579,0.0067,2,0,0,0,0,0
1778568282.614906,2026-05-12 09:44:42,1,1,1,0.0,0.0,0.0001,0.0,3.73,0.0,0.0,0.0333,1,1,1,1,0.0,0.0,0.0001,0.0,1.87,0.0,0.0,0.0167,1,6,2,3,0.0,0.0,0.1281,0.5,1.39,0.0406,0.1158,0.01,2,0,0,0,0,0
1778568312.614906,2026-05-12 09:45:12,0,0,0,0.0,0.0,0.0,0.0,0.0,0.0,0.0,0.0,0,1,1,1,0.0,0.0,0.0001,0.0,1.87,0.0,0.0,0.0167,1,6,2,3,0.0,0.0,0.1281,0.5,1.39,0.0406,0.1158,0.01,2,0,0,0,0,0
1778568342.614906,2026-05-12 09:45:42,1,1,1,0.0,0.0,0.0,0.0,3.73,0.0,0.0,0.0333,1,1,1,1,0.0,0.0,0.0,0.0,1.87,0.0,0.0,0.0167,1,7,2,3,0.0,0.0,0.1098,0.4286,1.76,0.037,0.0957,0.0133,2,0,0,0,0,0
1778568372.614906,2026-05-12 09:46:12,0,0,0,0.0,0.0,0.0,0.0,0.0,0.0,0.0,0.0,0,1,1,1,0.0,0.0,0.0,0.0,1.87,0.0,0.0,0.0167,1,7,2,3,0.0,0.0,0.1098,0.4286,1.76,0.037,0.0957,0.0133,2,0,0,0,0,0
1778568402.614906,2026-05-12 09:46:42,1,1,1,0.0,0.0,0.0,0.0,3.73,0.0,0.0,0.0333,1,1,1,1,0.0,0.0,0.0,0.0,1.87,0.0,0.0,0.0167,1,8,2,3,0.0,0.0,0.0961,0.375,2.13,0.034,0.0833,0.0167,2,0,0,0,0,0
1778568432.614906,2026-05-12 09:47:12,0,0,0,0.0,0.0,0.0,0.0,0.0,0.0,0.0,0.0,0,1,1,1,0.0,0.0,0.0,0.0,1.87,0.0,0.0,0.0167,1,8,2,3,0.0,0.0,0.0961,0.375,2.13,0.034,0.0833,0.0167,2,0,0,0,0,0
1778568462.614906,2026-05-12 09:47:42,0,0,0,0.0,0.0,0.0,0.0,0.0,0.0,0.0,0.0,0,0,0,0,0.0,0.0,0.0,0.0,0.0,0.0,0.0,0.0,0,4,1,1,0.0,0.0,0.0001,0.0,1.49,0.0,0.0001,0.0133,1,0,0,0,0,0
1778568492.614906,2026-05-12 09:48:12,0,0,0,0.0,0.0,0.0,0.0,0.0,0.0,0.0,0.0,0,0,0,0,0.0,0.0,0.0,0.0,0.0,0.0,0.0,0.0,0,4,1,1,0.0,0.0,0.0001,0.0,1.49,0.0,0.0001,0.0133,1,0,0,0,0,0
1778568522.614906,2026-05-12 09:48:42,0,0,0,0.0,0.0,0.0,0.0,0.0,0.0,0.0,0.0,0,0,0,0,0.0,0.0,0.0,0.0,0.0,0.0,0.0,0.0,0,3,1,1,0.0,0.0,0.0001,0.0,1.12,0.0,0.0001,0.01,1,0,0,0,0,0
1778568552.614906,2026-05-12 09:49:12,0,0,0,0.0,0.0,0.0,0.0,0.0,0.0,0.0,0.0,0,0,0,0,0.0,0.0,0.0,0.0,0.0,0.0,0.0,0.0,0,3,1,1,0.0,0.0,0.0001,0.0,1.12,0.0,0.0001,0.01,1,0,0,0,0,0
1778568582.614906,2026-05-12 09:49:42,0,0,0,0.0,0.0,0.0,0.0,0.0,0.0,0.0,0.0,0,0,0,0,0.0,0.0,0.0,0.0,0.0,0.0,0.0,0.0,0,2,1,1,0.0,0.0,0.0,0.0,0.75,0.0,0.0,0.0067,1,0,0,0,0,0
1778568612.614906,2026-05-12 09:50:12,3,2,2,0.0,0.0,0.3608,1.0,10.67,0.0574,0.0998,0.0667,2,3,2,2,0.0,0.0,0.3608,1.0,5.33,0.0574,0.0998,0.0333,2,5,2,3,0.0,0.0,0.2165,0.6,1.81,0.0451,0.1266,0.0067,2,0,0,0,0,0
1778568642.614906,2026-05-12 09:50:42,1,1,1,0.0,0.0,0.0001,0.0,3.73,0.0,0.0,0.0333,1,4,2,3,0.0,0.0,0.2707,0.75,7.2,0.0507,0.1339,0.0333,2,5,2,3,0.0,0.0,0.2165,0.6,1.81,0.0451,0.147,0.0067,2,0,0,0,0,0
1778568672.614906,2026-05-12 09:51:12,0,0,0,0.0,0.0,0.0,0.0,0.0,0.0,0.0,0.0,0,1,1,1,0.0,0.0,0.0001,0.0,1.87,0.0,0.0,0.0167,1,5,2,3,0.0,0.0,0.2165,0.6,1.81,0.0451,0.147,0.0067,2,0,0,0,0,0
1778568702.614906,2026-05-12 09:51:42,1,1,1,0.0,0.0,0.0,0.0,3.73,0.0,0.0,0.0333,1,1,1,1,0.0,0.0,0.0,0.0,1.87,0.0,0.0,0.0167,1,5,2,3,0.0,0.0,0.2165,0.6,1.81,0.0451,0.1107,0.0067,2,0,0,0,0,0
1778568732.614906,2026-05-12 09:52:12,0,0,0,0.0,0.0,0.0,0.0,0.0,0.0,0.0,0.0,0,1,1,1,0.0,0.0,0.0,0.0,1.87,0.0,0.0,0.0167,1,5,2,3,0.0,0.0,0.2165,0.6,1.81,0.0451,0.1107,0.0067,2,0,0,0,0,0
1778568762.614906,2026-05-12 09:52:42,1,1,1,0.0,0.0,0.0,0.0,3.73,0.0,0.0,0.0333,1,1,1,1,0.0,0.0,0.0,0.0,1.87,0.0,0.0,0.0167,1,6,2,3,0.0,0.0,0.1804,0.5,2.19,0.0406,0.0897,0.01,2,0,0,0,0,0
1778568792.614906,2026-05-12 09:53:12,0,0,0,0.0,0.0,0.0,0.0,0.0,0.0,0.0,0.0,0,1,1,1,0.0,0.0,0.0,0.0,1.87,0.0,0.0,0.0167,1,6,2,3,0.0,0.0,0.1804,0.5,2.19,0.0406,0.0897,0.01,2,0,0,0,0,0
1778568822.614906,2026-05-12 09:53:42,1,1,1,0.0,0.0,0.0,0.0,3.73,0.0,0.0,0.0333,1,1,1,1,0.0,0.0,0.0,0.0,1.87,0.0,0.0,0.0167,1,7,2,3,0.0,0.0,0.1547,0.4286,2.56,0.037,0.0772,0.0133,2,0,0,0,0,0
1778568852.614906,2026-05-12 09:54:12,0,0,0,0.0,0.0,0.0,0.0,0.0,0.0,0.0,0.0,0,1,1,1,0.0,0.0,0.0,0.0,1.87,0.0,0.0,0.0167,1,7,2,3,0.0,0.0,0.1547,0.4286,2.56,0.037,0.0772,0.0133,2,0,0,0,0,0
1778568882.614906,2026-05-12 09:54:42,1,1,1,0.0,0.0,0.0,0.0,3.73,0.0,0.0,0.0333,1,1,1,1,0.0,0.0,0.0,0.0,1.87,0.0,0.0,0.0167,1,8,2,3,0.0,0.0,0.1353,0.375,2.93,0.034,0.0687,0.0167,2,0,0,0,0,0
1778568912.614906,2026-05-12 09:55:12,0,0,0,0.0,0.0,0.0,0.0,0.0,0.0,0.0,0.0,0,1,1,1,0.0,0.0,0.0,0.0,1.87,0.0,0.0,0.0167,1,5,1,1,0.0,0.0,0.0,0.0,1.87,0.0,0.0,0.0167,1,0,0,0,0,0
1778568942.614906,2026-05-12 09:55:42,1,1,1,0.0,0.0,0.0001,0.0,3.73,0.0,0.0,0.0333,1,1,1,1,0.0,0.0,0.0001,0.0,1.87,0.0,0.0,0.0167,1,5,1,1,0.0,0.0,0.0,0.0,1.87,0.0,0.0,0.0167,1,0,0,0,0,0
1778568972.614906,2026-05-12 09:56:12,0,0,0,0.0,0.0,0.0,0.0,0.0,0.0,0.0,0.0,0,1,1,1,0.0,0.0,0.0001,0.0,1.87,0.0,0.0,0.0167,1,5,1,1,0.0,0.0,0.0,0.0,1.87,0.0,0.0,0.0167,1,0,0,0,0,0
1778569002.614906,2026-05-12 09:56:42,1,1,1,0.0,0.0,0.0001,0.0,3.73,0.0,0.0,0.0333,1,1,1,1,0.0,0.0,0.0001,0.0,1.87,0.0,0.0,0.0167,1,5,1,1,0.0,0.0,0.0001,0.0,1.87,0.0,0.0,0.0167,1,0,0,0,0,0
1778569032.614906,2026-05-12 09:57:12,0,0,0,0.0,0.0,0.0,0.0,0.0,0.0,0.0,0.0,0,1,1,1,0.0,0.0,0.0001,0.0,1.87,0.0,0.0,0.0167,1,5,1,1,0.0,0.0,0.0001,0.0,1.87,0.0,0.0,0.0167,1,0,0,0,0,0
1778569062.614906,2026-05-12 09:57:42,1,1,1,0.0,0.0,0.0,0.0,3.73,0.0,0.0,0.0333,1,1,1,1,0.0,0.0,0.0,0.0,1.87,0.0,0.0,0.0167,1,5,1,1,0.0,0.0,0.0001,0.0,1.87,0.0,0.0001,0.0167,1,0,0,0,0,0
1778569092.614906,2026-05-12 09:58:12,3,2,2,0.0,0.0,0.5053,1.0,4.0,0.0574,0.0979,0.0667,2,4,2,3,0.0,0.0,0.379,0.75,3.87,0.0507,0.1188,0.0333,2,8,2,3,0.0,0.0,0.1895,0.375,2.27,0.034,0.081,0.0167,2,0,0,0,0,0
1778569122.614906,2026-05-12 09:58:42,1,1,1,0.0,0.0,0.0,0.0,3.73,0.0,0.0,0.0333,1,4,2,3,0.0,0.0,0.379,0.75,3.87,0.0507,0.1384,0.0333,2,8,2,3,0.0,0.0,0.1895,0.375,2.27,0.034,0.0811,0.0167,2,0,0,0,0,0
1778569152.614906,2026-05-12 09:59:12,0,0,0,0.0,0.0,0.0,0.0,0.0,0.0,0.0,0.0,0,1,1,1,0.0,0.0,0.0,0.0,1.87,0.0,0.0,0.0167,1,8,2,3,0.0,0.0,0.1895,0.375,2.27,0.034,0.0811,0.0167,2,0,0,0,0,0
1778569182.614906,2026-05-12 09:59:42,0,0,0,0.0,0.0,0.0,0.0,0.0,0.0,0.0,0.0,0,0,0,0,0.0,0.0,0.0,0.0,0.0,0.0,0.0,0.0,0,7,2,3,0.0,0.0,0.2166,0.4286,1.89,0.037,0.0927,0.0133,2,0,0,0,0,0
1778569212.614906,2026-05-12 10:00:12,11,1,1,0.0,0.3667,0.1473,0.0,63.07,0.0,0.1598,0.3667,1,11,1,1,0.0,0.1833,0.1473,0.0,31.53,0.0,0.1598,0.1833,1,18,3,4,0.0,0.0367,0.1742,0.1667,8.2,0.0746,0.1754,0.0367,2,0,0,0,0,0
1778569242.614906,2026-05-12 10:00:42,1,1,1,0.0,0.0,0.0,0.0,3.73,0.0,0.0,0.0333,1,12,2,2,0.0,0.1833,0.135,0.0,33.4,0.0259,0.3036,0.1833,1,18,3,4,0.0,0.0367,0.1742,0.1667,8.2,0.0746,0.1788,0.0367,2,0,0,0,0,0
1778569272.614906,2026-05-12 10:01:12,0,0,0,0.0,0.0,0.0,0.0,0.0,0.0,0.0,0.0,0,1,1,1,0.0,0.0,0.0,0.0,1.87,0.0,0.0,0.0167,1,18,3,4,0.0,0.0367,0.1742,0.1667,8.2,0.0746,0.1788,0.0367,2,0,0,0,0,0
1778569302.614906,2026-05-12 10:01:42,1,1,1,0.0,0.0,0.0,0.0,3.73,0.0,0.0,0.0333,1,1,1,1,0.0,0.0,0.0,0.0,1.87,0.0,0.0,0.0167,1,18,3,4,0.0,0.0367,0.1742,0.1667,8.2,0.0746,0.1788,0.0367,2,0,0,0,0,0
1778569332.614906,2026-05-12 10:02:12,0,0,0,0.0,0.0,0.0,0.0,0.0,0.0,0.0,0.0,0,1,1,1,0.0,0.0,0.0,0.0,1.87,0.0,0.0,0.0167,1,18,3,4,0.0,0.0367,0.1742,0.1667,8.2,0.0746,0.1788,0.0367,2,0,0,0,0,0
1778569362.614906,2026-05-12 10:02:42,1,1,1,0.0,0.0,0.0,0.0,3.73,0.0,0.0,0.0333,1,1,1,1,0.0,0.0,0.0,0.0,1.87,0.0,0.0,0.0167,1,18,3,4,0.0,0.0367,0.1742,0.1667,8.2,0.0746,0.1582,0.0367,2,0,0,0,0,0
1778569392.614906,2026-05-12 10:03:12,0,0,0,0.0,0.0,0.0,0.0,0.0,0.0,0.0,0.0,0,1,1,1,0.0,0.0,0.0,0.0,1.87,0.0,0.0,0.0167,1,15,2,2,0.0,0.0367,0.108,0.0,7.8,0.0523,0.1625,0.0367,1,0,0,0,0,0
1778569422.614906,2026-05-12 10:03:42,1,1,1,0.0,0.0,0.0825,1.0,1.6,0.0,0.0,0.0333,1,1,1,1,0.0,0.0,0.0825,1.0,0.8,0.0,0.0,0.0167,1,15,3,3,0.0,0.0367,0.1135,0.0667,7.59,0.0658,0.1593,0.04,2,0,0,0,0,0
1778569452.614906,2026-05-12 10:04:12,0,0,0,0.0,0.0,0.0,0.0,0.0,0.0,0.0,0.0,0,1,1,1,0.0,0.0,0.0825,1.0,0.8,0.0,0.0,0.0167,1,15,3,3,0.0,0.0367,0.1135,0.0667,7.59,0.0658,0.1593,0.04,2,0,0,0,0,0
1778569482.614906,2026-05-12 10:04:42,3,2,2,0.0,0.0,0.2559,1.0,4.0,0.0574,0.0977,0.0667,2,3,2,2,0.0,0.0,0.2559,1.0,2.0,0.0574,0.0977,0.0333,2,18,4,5,0.0,0.0367,0.1372,0.2222,7.99,0.0882,0.1557,0.04,2,0,0,0,0,0
1778569512.614906,2026-05-12 10:05:12,1,1,1,0.0,0.0,0.0,0.0,3.73,0.0,0.0,0.0333,1,4,2,3,0.0,0.0,0.1919,0.75,3.87,0.0507,0.1307,0.0333,2,8,3,4,0.0,0.0,0.1063,0.5,2.05,0.0663,0.076,0.0133,2,0,0,0,0,0
1778569542.614906,2026-05-12 10:05:42,1,1,1,0.0,0.0,15.0244,1.0,2.67,0.0,0.0,0.0333,1,2,1,2,0.0,0.0,7.5122,0.5,3.2,0.0,0.0,0.0167,1,8,3,4,0.0,0.0,1.9843,0.625,1.95,0.0663,0.0757,0.01,2,0,0,0,0,0
1778569572.614906,2026-05-12 10:06:12,2,1,2,0.0,0.0,0.0001,0.5,3.73,0.0,0.0,0.0333,1,3,1,3,0.0,0.0,5.0082,0.6667,3.2,0.0,0.0769,0.0167,1,10,3,5,0.0,0.0,1.5875,0.6,2.32,0.0576,0.0905,0.0133,2,0,0,0,0,0
1778569602.614906,2026-05-12 10:06:42,0,0,0,0.0,0.0,0.0,0.0,0.0,0.0,0.0,0.0,0,2,1,2,0.0,0.0,0.0001,0.5,1.87,0.0,0.0,0.0167,1,9,3,5,0.0,0.0,1.7639,0.6667,1.95,0.0617,0.0994,0.01,2,0,0,0,0,0
1778569632.614906,2026-05-12 10:07:12,1,1,1,0.0,0.0,0.0,0.0,3.73,0.0,0.0,0.0333,1,1,1,1,0.0,0.0,0.0,0.0,1.87,0.0,0.0,0.0167,1,10,3,5,0.0,0.0,1.5875,0.6,2.32,0.0576,0.0902,0.0133,2,0,0,0,0,0
1778569662.614906,2026-05-12 10:07:42,0,0,0,0.0,0.0,0.0,0.0,0.0,0.0,0.0,0.0,0,1,1,1,0.0,0.0,0.0,0.0,1.87,0.0,0.0,0.0167,1,9,3,5,0.0,0.0,1.7639,0.6667,1.95,0.0617,0.0994,0.01,2,0,0,0,0,0
1778569692.614906,2026-05-12 10:08:12,1,1,1,0.0,0.0,0.0,0.0,3.73,0.0,0.0,0.0333,1,1,1,1,0.0,0.0,0.0,0.0,1.87,0.0,0.0,0.0167,1,10,3,5,0.0,0.0,1.5875,0.6,2.32,0.0576,0.0905,0.0133,2,0,0,0,0,0
1778569722.614906,2026-05-12 10:08:42,0,0,0,0.0,0.0,0.0,0.0,0.0,0.0,0.0,0.0,0,1,1,1,0.0,0.0,0.0,0.0,1.87,0.0,0.0,0.0167,1,9,2,4,0.0,0.0,1.7547,0.5556,2.16,0.0315,0.1013,0.0133,2,0,0,0,0,0
1778569752.614906,2026-05-12 10:09:12,0,0,0,0.0,0.0,0.0,0.0,0.0,0.0,0.0,0.0,0,0,0,0,0.0,0.0,0.0,0.0,0.0,0.0,0.0,0.0,0,9,2,4,0.0,0.0,1.7547,0.5556,2.16,0.0315,0.1013,0.0133,2,0,0,0,0,0
1778569782.614906,2026-05-12 10:09:42,0,0,0,0.0,0.0,0.0,0.0,0.0,0.0,0.0,0.0,0,0,0,0,0.0,0.0,0.0,0.0,0.0,0.0,0.0,0.0,0,6,1,3,0.0,0.0,2.5041,0.3333,1.76,0.0,0.0675,0.0133,1,0,0,0,0,0
1778569812.614906,2026-05-12 10:10:12,0,0,0,0.0,0.0,0.0,0.0,0.0,0.0,0.0,0.0,0,0,0,0,0.0,0.0,0.0,0.0,0.0,0.0,0.0,0.0,0,5,1,3,0.0,0.0,3.0049,0.4,1.39,0.0,0.0797,0.01,1,0,0,0,0,0
1778569842.614906,2026-05-12 10:10:42,0,0,0,0.0,0.0,0.0,0.0,0.0,0.0,0.0,0.0,0,0,0,0,0.0,0.0,0.0,0.0,0.0,0.0,0.0,0.0,0,4,1,2,0.0,0.0,0.0,0.25,1.12,0.0,0.0679,0.01,1,0,0,0,0,0
1778569872.614906,2026-05-12 10:11:12,0,0,0,0.0,0.0,0.0,0.0,0.0,0.0,0.0,0.0,0,0,0,0,0.0,0.0,0.0,0.0,0.0,0.0,0.0,0.0,0,2,1,1,0.0,0.0,0.0,0.0,0.75,0.0,0.0,0.0067,1,0,0,0,0,0
1778569902.614906,2026-05-12 10:11:42,0,0,0,0.0,0.0,0.0,0.0,0.0,0.0,0.0,0.0,0,0,0,0,0.0,0.0,0.0,0.0,0.0,0.0,0.0,0.0,0,2,1,1,0.0,0.0,0.0,0.0,0.75,0.0,0.0,0.0067,1,0,0,0,0,0
1778569932.614906,2026-05-12 10:12:12,0,0,0,0.0,0.0,0.0,0.0,0.0,0.0,0.0,0.0,0,0,0,0,0.0,0.0,0.0,0.0,0.0,0.0,0.0,0.0,0,1,1,1,0.0,0.0,0.0,0.0,0.37,0.0,0.0,0.0033,1,0,0,0,0,0
1778569962.614906,2026-05-12 10:12:42,0,0,0,0.0,0.0,0.0,0.0,0.0,0.0,0.0,0.0,0,0,0,0,0.0,0.0,0.0,0.0,0.0,0.0,0.0,0.0,0,1,1,1,0.0,0.0,0.0,0.0,0.37,0.0,0.0,0.0033,1,0,0,0,0,0
1778569992.614906,2026-05-12 10:13:12,1,1,1,0.0,0.0,0.0,0.0,3.73,0.0,0.0,0.0333,1,1,1,1,0.0,0.0,0.0,0.0,1.87,0.0,0.0,0.0167,1,1,1,1,0.0,0.0,0.0,0.0,0.37,0.0,0.0,0.0033,1,0,0,0,0,0
1778570022.614906,2026-05-12 10:13:42,0,0,0,0.0,0.0,0.0,0.0,0.0,0.0,0.0,0.0,0,1,1,1,0.0,0.0,0.0,0.0,1.87,0.0,0.0,0.0167,1,1,1,1,0.0,0.0,0.0,0.0,0.37,0.0,0.0,0.0033,1,0,0,0,0,0
1778570052.614906,2026-05-12 10:14:12,0,0,0,0.0,0.0,0.0,0.0,0.0,0.0,0.0,0.0,0,0,0,0,0.0,0.0,0.0,0.0,0.0,0.0,0.0,0.0,0,1,1,1,0.0,0.0,0.0,0.0,0.37,0.0,0.0,0.0033,1,0,0,0,0,0
1778570082.614906,2026-05-12 10:14:42,0,0,0,0.0,0.0,0.0,0.0,0.0,0.0,0.0,0.0,0,0,0,0,0.0,0.0,0.0,0.0,0.0,0.0,0.0,0.0,0,1,1,1,0.0,0.0,0.0,0.0,0.37,0.0,0.0,0.0033,1,0,0,0,0,0
1778570112.614906,2026-05-12 10:15:12,0,0,0,0.0,0.0,0.0,0.0,0.0,0.0,0.0,0.0,0,0,0,0,0.0,0.0,0.0,0.0,0.0,0.0,0.0,0.0,0,1,1,1,0.0,0.0,0.0,0.0,0.37,0.0,0.0,0.0033,1,0,0,0,0,0
1778570142.614906,2026-05-12 10:15:42,0,0,0,0.0,0.0,0.0,0.0,0.0,0.0,0.0,0.0,0,0,0,0,0.0,0.0,0.0,0.0,0.0,0.0,0.0,0.0,0,1,1,1,0.0,0.0,0.0,0.0,0.37,0.0,0.0,0.0033,1,0,0,0,0,0
1778570172.614906,2026-05-12 10:16:12,0,0,0,0.0,0.0,0.0,0.0,0.0,0.0,0.0,0.0,0,0,0,0,0.0,0.0,0.0,0.0,0.0,0.0,0.0,0.0,0,1,1,1,0.0,0.0,0.0,0.0,0.37,0.0,0.0,0.0033,1,0,0,0,0,0
1778570202.614906,2026-05-12 10:16:42,0,0,0,0.0,0.0,0.0,0.0,0.0,0.0,0.0,0.0,0,0,0,0,0.0,0.0,0.0,0.0,0.0,0.0,0.0,0.0,0,1,1,1,0.0,0.0,0.0,0.0,0.37,0.0,0.0,0.0033,1,0,0,0,0,0
1778570232.614906,2026-05-12 10:17:12,0,0,0,0.0,0.0,0.0,0.0,0.0,0.0,0.0,0.0,0,0,0,0,0.0,0.0,0.0,0.0,0.0,0.0,0.0,0.0,0,1,1,1,0.0,0.0,0.0,0.0,0.37,0.0,0.0,0.0033,1,0,0,0,0,0
1778570262.614906,2026-05-12 10:17:42,0,0,0,0.0,0.0,0.0,0.0,0.0,0.0,0.0,0.0,0,0,0,0,0.0,0.0,0.0,0.0,0.0,0.0,0.0,0.0,0,1,1,1,0.0,0.0,0.0,0.0,0.37,0.0,0.0,0.0033,1,0,0,0,0,0
1778570292.614906,2026-05-12 10:18:12,0,0,0,0.0,0.0,0.0,0.0,0.0,0.0,0.0,0.0,0,0,0,0,0.0,0.0,0.0,0.0,0.0,0.0,0.0,0.0,0,0,0,0,0.0,0.0,0.0,0.0,0.0,0.0,0.0,0.0,0,0,0,0,0,0
1778570322.614906,2026-05-12 10:18:42,0,0,0,0.0,0.0,0.0,0.0,0.0,0.0,0.0,0.0,0,0,0,0,0.0,0.0,0.0,0.0,0.0,0.0,0.0,0.0,0,0,0,0,0.0,0.0,0.0,0.0,0.0,0.0,0.0,0.0,0,0,0,0,0,0
1778570352.614906,2026-05-12 10:19:12,0,0,0,0.0,0.0,0.0,0.0,0.0,0.0,0.0,0.0,0,0,0,0,0.0,0.0,0.0,0.0,0.0,0.0,0.0,0.0,0,0,0,0,0.0,0.0,0.0,0.0,0.0,0.0,0.0,0.0,0,0,0,0,0,0
1778570382.614906,2026-05-12 10:19:42,0,0,0,0.0,0.0,0.0,0.0,0.0,0.0,0.0,0.0,0,0,0,0,0.0,0.0,0.0,0.0,0.0,0.0,0.0,0.0,0,0,0,0,0.0,0.0,0.0,0.0,0.0,0.0,0.0,0.0,0,0,0,0,0,0
1778570412.614906,2026-05-12 10:20:12,0,0,0,0.0,0.0,0.0,0.0,0.0,0.0,0.0,0.0,0,0,0,0,0.0,0.0,0.0,0.0,0.0,0.0,0.0,0.0,0,0,0,0,0.0,0.0,0.0,0.0,0.0,0.0,0.0,0.0,0,0,0,0,0,0
1778570442.614906,2026-05-12 10:20:42,0,0,0,0.0,0.0,0.0,0.0,0.0,0.0,0.0,0.0,0,0,0,0,0.0,0.0,0.0,0.0,0.0,0.0,0.0,0.0,0,0,0,0,0.0,0.0,0.0,0.0,0.0,0.0,0.0,0.0,0,0,0,0,0,0
1778570472.614906,2026-05-12 10:21:12,0,0,0,0.0,0.0,0.0,0.0,0.0,0.0,0.0,0.0,0,0,0,0,0.0,0.0,0.0,0.0,0.0,0.0,0.0,0.0,0,0,0,0,0.0,0.0,0.0,0.0,0.0,0.0,0.0,0.0,0,0,0,0,0,0
1778570502.614906,2026-05-12 10:21:42,0,0,0,0.0,0.0,0.0,0.0,0.0,0.0,0.0,0.0,0,0,0,0,0.0,0.0,0.0,0.0,0.0,0.0,0.0,0.0,0,0,0,0,0.0,0.0,0.0,0.0,0.0,0.0,0.0,0.0,0,0,0,0,0,0
1778570532.614906,2026-05-12 10:22:12,0,0,0,0.0,0.0,0.0,0.0,0.0,0.0,0.0,0.0,0,0,0,0,0.0,0.0,0.0,0.0,0.0,0.0,0.0,0.0,0,0,0,0,0.0,0.0,0.0,0.0,0.0,0.0,0.0,0.0,0,0,0,0,0,0
1778570562.614906,2026-05-12 10:22:42,1,1,1,0.0,0.0,0.0,0.0,3.73,0.0,0.0,0.0333,1,1,1,1,0.0,0.0,0.0,0.0,1.87,0.0,0.0,0.0167,1,1,1,1,0.0,0.0,0.0,0.0,0.37,0.0,0.0,0.0033,1,0,0,0,0,0
1778570592.614906,2026-05-12 10:23:12,0,0,0,0.0,0.0,0.0,0.0,0.0,0.0,0.0,0.0,0,1,1,1,0.0,0.0,0.0,0.0,1.87,0.0,0.0,0.0167,1,1,1,1,0.0,0.0,0.0,0.0,0.37,0.0,0.0,0.0033,1,0,0,0,0,0
1778570622.614906,2026-05-12 10:23:42,0,0,0,0.0,0.0,0.0,0.0,0.0,0.0,0.0,0.0,0,0,0,0,0.0,0.0,0.0,0.0,0.0,0.0,0.0,0.0,0,1,1,1,0.0,0.0,0.0,0.0,0.37,0.0,0.0,0.0033,1,0,0,0,0,0
1778570652.614906,2026-05-12 10:24:12,0,0,0,0.0,0.0,0.0,0.0,0.0,0.0,0.0,0.0,0,0,0,0,0.0,0.0,0.0,0.0,0.0,0.0,0.0,0.0,0,1,1,1,0.0,0.0,0.0,0.0,0.37,0.0,0.0,0.0033,1,0,0,0,0,0
1778570682.614906,2026-05-12 10:24:42,0,0,0,0.0,0.0,0.0,0.0,0.0,0.0,0.0,0.0,0,0,0,0,0.0,0.0,0.0,0.0,0.0,0.0,0.0,0.0,0,1,1,1,0.0,0.0,0.0,0.0,0.37,0.0,0.0,0.0033,1,0,0,0,0,0
1778570712.614906,2026-05-12 10:25:12,0,0,0,0.0,0.0,0.0,0.0,0.0,0.0,0.0,0.0,0,0,0,0,0.0,0.0,0.0,0.0,0.0,0.0,0.0,0.0,0,1,1,1,0.0,0.0,0.0,0.0,0.37,0.0,0.0,0.0033,1,0,0,0,0,0
1778570742.614906,2026-05-12 10:25:42,0,0,0,0.0,0.0,0.0,0.0,0.0,0.0,0.0,0.0,0,0,0,0,0.0,0.0,0.0,0.0,0.0,0.0,0.0,0.0,0,1,1,1,0.0,0.0,0.0,0.0,0.37,0.0,0.0,0.0033,1,0,0,0,0,0
1778570772.614906,2026-05-12 10:26:12,0,0,0,0.0,0.0,0.0,0.0,0.0,0.0,0.0,0.0,0,0,0,0,0.0,0.0,0.0,0.0,0.0,0.0,0.0,0.0,0,1,1,1,0.0,0.0,0.0,0.0,0.37,0.0,0.0,0.0033,1,0,0,0,0,0
1778570802.614906,2026-05-12 10:26:42,0,0,0,0.0,0.0,0.0,0.0,0.0,0.0,0.0,0.0,0,0,0,0,0.0,0.0,0.0,0.0,0.0,0.0,0.0,0.0,0,1,1,1,0.0,0.0,0.0,0.0,0.37,0.0,0.0,0.0033,1,0,0,0,0,0
1778570832.614906,2026-05-12 10:27:12,0,0,0,0.0,0.0,0.0,0.0,0.0,0.0,0.0,0.0,0,0,0,0,0.0,0.0,0.0,0.0,0.0,0.0,0.0,0.0,0,1,1,1,0.0,0.0,0.0,0.0,0.37,0.0,0.0,0.0033,1,0,0,0,0,0
1778570862.614906,2026-05-12 10:27:42,0,0,0,0.0,0.0,0.0,0.0,0.0,0.0,0.0,0.0,0,0,0,0,0.0,0.0,0.0,0.0,0.0,0.0,0.0,0.0,0,0,0,0,0.0,0.0,0.0,0.0,0.0,0.0,0.0,0.0,0,0,0,0,0,0
1778570892.614906,2026-05-12 10:28:12,0,0,0,0.0,0.0,0.0,0.0,0.0,0.0,0.0,0.0,0,0,0,0,0.0,0.0,0.0,0.0,0.0,0.0,0.0,0.0,0,0,0,0,0.0,0.0,0.0,0.0,0.0,0.0,0.0,0.0,0,0,0,0,0,0
1778570922.614906,2026-05-12 10:28:42,0,0,0,0.0,0.0,0.0,0.0,0.0,0.0,0.0,0.0,0,0,0,0,0.0,0.0,0.0,0.0,0.0,0.0,0.0,0.0,0,0,0,0,0.0,0.0,0.0,0.0,0.0,0.0,0.0,0.0,0,0,0,0,0,0
1778570952.614906,2026-05-12 10:29:12,0,0,0,0.0,0.0,0.0,0.0,0.0,0.0,0.0,0.0,0,0,0,0,0.0,0.0,0.0,0.0,0.0,0.0,0.0,0.0,0,0,0,0,0.0,0.0,0.0,0.0,0.0,0.0,0.0,0.0,0,0,0,0,0,0
1778570982.614906,2026-05-12 10:29:42,0,0,0,0.0,0.0,0.0,0.0,0.0,0.0,0.0,0.0,0,0,0,0,0.0,0.0,0.0,0.0,0.0,0.0,0.0,0.0,0,0,0,0,0.0,0.0,0.0,0.0,0.0,0.0,0.0,0.0,0,0,0,0,0,0
1778571012.614906,2026-05-12 10:30:12,0,0,0,0.0,0.0,0.0,0.0,0.0,0.0,0.0,0.0,0,0,0,0,0.0,0.0,0.0,0.0,0.0,0.0,0.0,0.0,0,0,0,0,0.0,0.0,0.0,0.0,0.0,0.0,0.0,0.0,0,0,0,0,0,0
1778571042.614906,2026-05-12 10:30:42,0,0,0,0.0,0.0,0.0,0.0,0.0,0.0,0.0,0.0,0,0,0,0,0.0,0.0,0.0,0.0,0.0,0.0,0.0,0.0,0,0,0,0,0.0,0.0,0.0,0.0,0.0,0.0,0.0,0.0,0,0,0,0,0,0
1778571072.614906,2026-05-12 10:31:12,0,0,0,0.0,0.0,0.0,0.0,0.0,0.0,0.0,0.0,0,0,0,0,0.0,0.0,0.0,0.0,0.0,0.0,0.0,0.0,0,0,0,0,0.0,0.0,0.0,0.0,0.0,0.0,0.0,0.0,0,0,0,0,0,0
1778571102.614906,2026-05-12 10:31:42,0,0,0,0.0,0.0,0.0,0.0,0.0,0.0,0.0,0.0,0,0,0,0,0.0,0.0,0.0,0.0,0.0,0.0,0.0,0.0,0,0,0,0,0.0,0.0,0.0,0.0,0.0,0.0,0.0,0.0,0,0,0,0,0,0
1778571132.614906,2026-05-12 10:32:12,0,0,0,0.0,0.0,0.0,0.0,0.0,0.0,0.0,0.0,0,0,0,0,0.0,0.0,0.0,0.0,0.0,0.0,0.0,0.0,0,0,0,0,0.0,0.0,0.0,0.0,0.0,0.0,0.0,0.0,0,0,0,0,0,0
1778571162.614906,2026-05-12 10:32:42,0,0,0,0.0,0.0,0.0,0.0,0.0,0.0,0.0,0.0,0,0,0,0,0.0,0.0,0.0,0.0,0.0,0.0,0.0,0.0,0,0,0,0,0.0,0.0,0.0,0.0,0.0,0.0,0.0,0.0,0,0,0,0,0,0
1778571192.614906,2026-05-12 10:33:12,0,0,0,0.0,0.0,0.0,0.0,0.0,0.0,0.0,0.0,0,0,0,0,0.0,0.0,0.0,0.0,0.0,0.0,0.0,0.0,0,0,0,0,0.0,0.0,0.0,0.0,0.0,0.0,0.0,0.0,0,0,0,0,0,0
1778571222.614906,2026-05-12 10:33:42,0,0,0,0.0,0.0,0.0,0.0,0.0,0.0,0.0,0.0,0,0,0,0,0.0,0.0,0.0,0.0,0.0,0.0,0.0,0.0,0,0,0,0,0.0,0.0,0.0,0.0,0.0,0.0,0.0,0.0,0,0,0,0,0,0
1778571252.614906,2026-05-12 10:34:12,0,0,0,0.0,0.0,0.0,0.0,0.0,0.0,0.0,0.0,0,0,0,0,0.0,0.0,0.0,0.0,0.0,0.0,0.0,0.0,0,0,0,0,0.0,0.0,0.0,0.0,0.0,0.0,0.0,0.0,0,0,0,0,0,0
1778571282.614906,2026-05-12 10:34:42,0,0,0,0.0,0.0,0.0,0.0,0.0,0.0,0.0,0.0,0,0,0,0,0.0,0.0,0.0,0.0,0.0,0.0,0.0,0.0,0,0,0,0,0.0,0.0,0.0,0.0,0.0,0.0,0.0,0.0,0,0,0,0,0,0
1778571312.614906,2026-05-12 10:35:12,0,0,0,0.0,0.0,0.0,0.0,0.0,0.0,0.0,0.0,0,0,0,0,0.0,0.0,0.0,0.0,0.0,0.0,0.0,0.0,0,0,0,0,0.0,0.0,0.0,0.0,0.0,0.0,0.0,0.0,0,0,0,0,0,0
1778571342.614906,2026-05-12 10:35:42,0,0,0,0.0,0.0,0.0,0.0,0.0,0.0,0.0,0.0,0,0,0,0,0.0,0.0,0.0,0.0,0.0,0.0,0.0,0.0,0,0,0,0,0.0,0.0,0.0,0.0,0.0,0.0,0.0,0.0,0,0,0,0,0,0
1778571372.614906,2026-05-12 10:36:12,0,0,0,0.0,0.0,0.0,0.0,0.0,0.0,0.0,0.0,0,0,0,0,0.0,0.0,0.0,0.0,0.0,0.0,0.0,0.0,0,0,0,0,0.0,0.0,0.0,0.0,0.0,0.0,0.0,0.0,0,0,0,0,0,0
1778571402.614906,2026-05-12 10:36:42,0,0,0,0.0,0.0,0.0,0.0,0.0,0.0,0.0,0.0,0,0,0,0,0.0,0.0,0.0,0.0,0.0,0.0,0.0,0.0,0,0,0,0,0.0,0.0,0.0,0.0,0.0,0.0,0.0,0.0,0,0,0,0,0,0
1778571432.614906,2026-05-12 10:37:12,0,0,0,0.0,0.0,0.0,0.0,0.0,0.0,0.0,0.0,0,0,0,0,0.0,0.0,0.0,0.0,0.0,0.0,0.0,0.0,0,0,0,0,0.0,0.0,0.0,0.0,0.0,0.0,0.0,0.0,0,0,0,0,0,0
1778571462.614906,2026-05-12 10:37:42,0,0,0,0.0,0.0,0.0,0.0,0.0,0.0,0.0,0.0,0,0,0,0,0.0,0.0,0.0,0.0,0.0,0.0,0.0,0.0,0,0,0,0,0.0,0.0,0.0,0.0,0.0,0.0,0.0,0.0,0,0,0,0,0,0
1778571492.614906,2026-05-12 10:38:12,0,0,0,0.0,0.0,0.0,0.0,0.0,0.0,0.0,0.0,0,0,0,0,0.0,0.0,0.0,0.0,0.0,0.0,0.0,0.0,0,0,0,0,0.0,0.0,0.0,0.0,0.0,0.0,0.0,0.0,0,0,0,0,0,0
1778571522.614906,2026-05-12 10:38:42,0,0,0,0.0,0.0,0.0,0.0,0.0,0.0,0.0,0.0,0,0,0,0,0.0,0.0,0.0,0.0,0.0,0.0,0.0,0.0,0,0,0,0,0.0,0.0,0.0,0.0,0.0,0.0,0.0,0.0,0,0,0,0,0,0
1778571552.614906,2026-05-12 10:39:12,0,0,0,0.0,0.0,0.0,0.0,0.0,0.0,0.0,0.0,0,0,0,0,0.0,0.0,0.0,0.0,0.0,0.0,0.0,0.0,0,0,0,0,0.0,0.0,0.0,0.0,0.0,0.0,0.0,0.0,0,0,0,0,0,0
1778571582.614906,2026-05-12 10:39:42,0,0,0,0.0,0.0,0.0,0.0,0.0,0.0,0.0,0.0,0,0,0,0,0.0,0.0,0.0,0.0,0.0,0.0,0.0,0.0,0,0,0,0,0.0,0.0,0.0,0.0,0.0,0.0,0.0,0.0,0,0,0,0,0,0
1778571612.614906,2026-05-12 10:40:12,0,0,0,0.0,0.0,0.0,0.0,0.0,0.0,0.0,0.0,0,0,0,0,0.0,0.0,0.0,0.0,0.0,0.0,0.0,0.0,0,0,0,0,0.0,0.0,0.0,0.0,0.0,0.0,0.0,0.0,0,0,0,0,0,0
1778571642.614906,2026-05-12 10:40:42,0,0,0,0.0,0.0,0.0,0.0,0.0,0.0,0.0,0.0,0,0,0,0,0.0,0.0,0.0,0.0,0.0,0.0,0.0,0.0,0,0,0,0,0.0,0.0,0.0,0.0,0.0,0.0,0.0,0.0,0,0,0,0,0,0
1778571672.614906,2026-05-12 10:41:12,0,0,0,0.0,0.0,0.0,0.0,0.0,0.0,0.0,0.0,0,0,0,0,0.0,0.0,0.0,0.0,0.0,0.0,0.0,0.0,0,0,0,0,0.0,0.0,0.0,0.0,0.0,0.0,0.0,0.0,0,0,0,0,0,0
1778571702.614906,2026-05-12 10:41:42,0,0,0,0.0,0.0,0.0,0.0,0.0,0.0,0.0,0.0,0,0,0,0,0.0,0.0,0.0,0.0,0.0,0.0,0.0,0.0,0,0,0,0,0.0,0.0,0.0,0.0,0.0,0.0,0.0,0.0,0,0,0,0,0,0
1778571732.614906,2026-05-12 10:42:12,0,0,0,0.0,0.0,0.0,0.0,0.0,0.0,0.0,0.0,0,0,0,0,0.0,0.0,0.0,0.0,0.0,0.0,0.0,0.0,0,0,0,0,0.0,0.0,0.0,0.0,0.0,0.0,0.0,0.0,0,0,0,0,0,0
1778571762.614906,2026-05-12 10:42:42,0,0,0,0.0,0.0,0.0,0.0,0.0,0.0,0.0,0.0,0,0,0,0,0.0,0.0,0.0,0.0,0.0,0.0,0.0,0.0,0,0,0,0,0.0,0.0,0.0,0.0,0.0,0.0,0.0,0.0,0,0,0,0,0,0
1778571792.614906,2026-05-12 10:43:12,0,0,0,0.0,0.0,0.0,0.0,0.0,0.0,0.0,0.0,0,0,0,0,0.0,0.0,0.0,0.0,0.0,0.0,0.0,0.0,0,0,0,0,0.0,0.0,0.0,0.0,0.0,0.0,0.0,0.0,0,0,0,0,0,0
1778571822.614906,2026-05-12 10:43:42,0,0,0,0.0,0.0,0.0,0.0,0.0,0.0,0.0,0.0,0,0,0,0,0.0,0.0,0.0,0.0,0.0,0.0,0.0,0.0,0,0,0,0,0.0,0.0,0.0,0.0,0.0,0.0,0.0,0.0,0,0,0,0,0,0
1778571852.614906,2026-05-12 10:44:12,1,1,1,0.0,0.0,0.0,1.0,0.0,0.0,0.0,0.0333,1,1,1,1,0.0,0.0,0.0,1.0,0.0,0.0,0.0,0.0167,1,1,1,1,0.0,0.0,0.0,1.0,0.0,0.0,0.0,0.0033,1,0,0,0,0,0
1778571882.614906,2026-05-12 10:44:42,0,0,0,0.0,0.0,0.0,0.0,0.0,0.0,0.0,0.0,0,1,1,1,0.0,0.0,0.0,1.0,0.0,0.0,0.0,0.0167,1,1,1,1,0.0,0.0,0.0,1.0,0.0,0.0,0.0,0.0033,1,0,0,0,0,0
1778571912.614906,2026-05-12 10:45:12,0,0,0,0.0,0.0,0.0,0.0,0.0,0.0,0.0,0.0,0,0,0,0,0.0,0.0,0.0,0.0,0.0,0.0,0.0,0.0,0,1,1,1,0.0,0.0,0.0,1.0,0.0,0.0,0.0,0.0033,1,0,0,0,0,0
1778571942.614906,2026-05-12 10:45:42,0,0,0,0.0,0.0,0.0,0.0,0.0,0.0,0.0,0.0,0,0,0,0,0.0,0.0,0.0,0.0,0.0,0.0,0.0,0.0,0,1,1,1,0.0,0.0,0.0,1.0,0.0,0.0,0.0,0.0033,1,0,0,0,0,0
1778571972.614906,2026-05-12 10:46:12,0,0,0,0.0,0.0,0.0,0.0,0.0,0.0,0.0,0.0,0,0,0,0,0.0,0.0,0.0,0.0,0.0,0.0,0.0,0.0,0,1,1,1,0.0,0.0,0.0,1.0,0.0,0.0,0.0,0.0033,1,0,0,0,0,0
1778572002.614906,2026-05-12 10:46:42,0,0,0,0.0,0.0,0.0,0.0,0.0,0.0,0.0,0.0,0,0,0,0,0.0,0.0,0.0,0.0,0.0,0.0,0.0,0.0,0,1,1,1,0.0,0.0,0.0,1.0,0.0,0.0,0.0,0.0033,1,0,0,0,0,0
1778572032.614906,2026-05-12 10:47:12,0,0,0,0.0,0.0,0.0,0.0,0.0,0.0,0.0,0.0,0,0,0,0,0.0,0.0,0.0,0.0,0.0,0.0,0.0,0.0,0,1,1,1,0.0,0.0,0.0,1.0,0.0,0.0,0.0,0.0033,1,0,0,0,0,0
1778572062.614906,2026-05-12 10:47:42,0,0,0,0.0,0.0,0.0,0.0,0.0,0.0,0.0,0.0,0,0,0,0,0.0,0.0,0.0,0.0,0.0,0.0,0.0,0.0,0,1,1,1,0.0,0.0,0.0,1.0,0.0,0.0,0.0,0.0033,1,0,0,0,0,0
1778572092.614906,2026-05-12 10:48:12,0,0,0,0.0,0.0,0.0,0.0,0.0,0.0,0.0,0.0,0,0,0,0,0.0,0.0,0.0,0.0,0.0,0.0,0.0,0.0,0,1,1,1,0.0,0.0,0.0,1.0,0.0,0.0,0.0,0.0033,1,0,0,0,0,0
1778572122.614906,2026-05-12 10:48:42,0,0,0,0.0,0.0,0.0,0.0,0.0,0.0,0.0,0.0,0,0,0,0,0.0,0.0,0.0,0.0,0.0,0.0,0.0,0.0,0,1,1,1,0.0,0.0,0.0,1.0,0.0,0.0,0.0,0.0033,1,0,0,0,0,0
1778572152.614906,2026-05-12 10:49:12,0,0,0,0.0,0.0,0.0,0.0,0.0,0.0,0.0,0.0,0,0,0,0,0.0,0.0,0.0,0.0,0.0,0.0,0.0,0.0,0,0,0,0,0.0,0.0,0.0,0.0,0.0,0.0,0.0,0.0,0,0,0,0,0,0
1778572182.614906,2026-05-12 10:49:42,0,0,0,0.0,0.0,0.0,0.0,0.0,0.0,0.0,0.0,0,0,0,0,0.0,0.0,0.0,0.0,0.0,0.0,0.0,0.0,0,0,0,0,0.0,0.0,0.0,0.0,0.0,0.0,0.0,0.0,0,0,0,0,0,0
1778572212.614906,2026-05-12 10:50:12,0,0,0,0.0,0.0,0.0,0.0,0.0,0.0,0.0,0.0,0,0,0,0,0.0,0.0,0.0,0.0,0.0,0.0,0.0,0.0,0,0,0,0,0.0,0.0,0.0,0.0,0.0,0.0,0.0,0.0,0,0,0,0,0,0
1778572242.614906,2026-05-12 10:50:42,0,0,0,0.0,0.0,0.0,0.0,0.0,0.0,0.0,0.0,0,0,0,0,0.0,0.0,0.0,0.0,0.0,0.0,0.0,0.0,0,0,0,0,0.0,0.0,0.0,0.0,0.0,0.0,0.0,0.0,0,0,0,0,0,0
1778572272.614906,2026-05-12 10:51:12,0,0,0,0.0,0.0,0.0,0.0,0.0,0.0,0.0,0.0,0,0,0,0,0.0,0.0,0.0,0.0,0.0,0.0,0.0,0.0,0,0,0,0,0.0,0.0,0.0,0.0,0.0,0.0,0.0,0.0,0,0,0,0,0,0
1778572302.614906,2026-05-12 10:51:42,0,0,0,0.0,0.0,0.0,0.0,0.0,0.0,0.0,0.0,0,0,0,0,0.0,0.0,0.0,0.0,0.0,0.0,0.0,0.0,0,0,0,0,0.0,0.0,0.0,0.0,0.0,0.0,0.0,0.0,0,0,0,0,0,0
1778572332.614906,2026-05-12 10:52:12,0,0,0,0.0,0.0,0.0,0.0,0.0,0.0,0.0,0.0,0,0,0,0,0.0,0.0,0.0,0.0,0.0,0.0,0.0,0.0,0,0,0,0,0.0,0.0,0.0,0.0,0.0,0.0,0.0,0.0,0,0,0,0,0,0
1778572362.614906,2026-05-12 10:52:42,0,0,0,0.0,0.0,0.0,0.0,0.0,0.0,0.0,0.0,0,0,0,0,0.0,0.0,0.0,0.0,0.0,0.0,0.0,0.0,0,0,0,0,0.0,0.0,0.0,0.0,0.0,0.0,0.0,0.0,0,0,0,0,0,0
1778572392.614906,2026-05-12 10:53:12,0,0,0,0.0,0.0,0.0,0.0,0.0,0.0,0.0,0.0,0,0,0,0,0.0,0.0,0.0,0.0,0.0,0.0,0.0,0.0,0,0,0,0,0.0,0.0,0.0,0.0,0.0,0.0,0.0,0.0,0,0,0,0,0,0
1778572422.614906,2026-05-12 10:53:42,0,0,0,0.0,0.0,0.0,0.0,0.0,0.0,0.0,0.0,0,0,0,0,0.0,0.0,0.0,0.0,0.0,0.0,0.0,0.0,0,0,0,0,0.0,0.0,0.0,0.0,0.0,0.0,0.0,0.0,0,0,0,0,0,0
1778572452.614906,2026-05-12 10:54:12,0,0,0,0.0,0.0,0.0,0.0,0.0,0.0,0.0,0.0,0,0,0,0,0.0,0.0,0.0,0.0,0.0,0.0,0.0,0.0,0,0,0,0,0.0,0.0,0.0,0.0,0.0,0.0,0.0,0.0,0,0,0,0,0,0
1778572482.614906,2026-05-12 10:54:42,0,0,0,0.0,0.0,0.0,0.0,0.0,0.0,0.0,0.0,0,0,0,0,0.0,0.0,0.0,0.0,0.0,0.0,0.0,0.0,0,0,0,0,0.0,0.0,0.0,0.0,0.0,0.0,0.0,0.0,0,0,0,0,0,0
1778572512.614906,2026-05-12 10:55:12,0,0,0,0.0,0.0,0.0,0.0,0.0,0.0,0.0,0.0,0,0,0,0,0.0,0.0,0.0,0.0,0.0,0.0,0.0,0.0,0,0,0,0,0.0,0.0,0.0,0.0,0.0,0.0,0.0,0.0,0,0,0,0,0,0
1778572542.614906,2026-05-12 10:55:42,0,0,0,0.0,0.0,0.0,0.0,0.0,0.0,0.0,0.0,0,0,0,0,0.0,0.0,0.0,0.0,0.0,0.0,0.0,0.0,0,0,0,0,0.0,0.0,0.0,0.0,0.0,0.0,0.0,0.0,0,0,0,0,0,0
1778572572.614906,2026-05-12 10:56:12,3,1,3,0.0,0.0,0.1668,0.6667,5.07,0.0,0.0982,0.0333,1,3,1,3,0.0,0.0,0.1668,0.6667,2.53,0.0,0.0982,0.0167,1,3,1,3,0.0,0.0,0.1668,0.6667,0.51,0.0,0.0982,0.0033,1,0,0,0,0,0
1778572602.614906,2026-05-12 10:56:42,0,0,0,0.0,0.0,0.0,0.0,0.0,0.0,0.0,0.0,0,3,1,3,0.0,0.0,0.1668,0.6667,2.53,0.0,0.0982,0.0167,1,3,1,3,0.0,0.0,0.1668,0.6667,0.51,0.0,0.0982,0.0033,1,0,0,0,0,0
1778572632.614906,2026-05-12 10:57:12,0,0,0,0.0,0.0,0.0,0.0,0.0,0.0,0.0,0.0,0,0,0,0,0.0,0.0,0.0,0.0,0.0,0.0,0.0,0.0,0,3,1,3,0.0,0.0,0.1668,0.6667,0.51,0.0,0.0982,0.0033,1,0,0,0,0,0
1778572662.614906,2026-05-12 10:57:42,1,1,1,0.0,0.0,0.0,1.0,0.0,0.0,0.0,0.0333,1,1,1,1,0.0,0.0,0.0,1.0,0.0,0.0,0.0,0.0167,1,4,1,3,0.0,0.0,0.1251,0.75,0.51,0.0,0.1379,0.0067,1,0,0,0,0,0
1778572692.614906,2026-05-12 10:58:12,0,0,0,0.0,0.0,0.0,0.0,0.0,0.0,0.0,0.0,0,1,1,1,0.0,0.0,0.0,1.0,0.0,0.0,0.0,0.0167,1,4,1,3,0.0,0.0,0.1251,0.75,0.51,0.0,0.1379,0.0067,1,0,0,0,0,0
1778572722.614906,2026-05-12 10:58:42,1,1,1,0.0,0.0,0.0,1.0,0.0,0.0,0.0,0.0333,1,1,1,1,0.0,0.0,0.0,1.0,0.0,0.0,0.0,0.0167,1,5,1,3,0.0,0.0,0.1001,0.8,0.51,0.0,0.0984,0.01,1,0,0,0,0,0
1778572752.614906,2026-05-12 10:59:12,0,0,0,0.0,0.0,0.0,0.0,0.0,0.0,0.0,0.0,0,1,1,1,0.0,0.0,0.0,1.0,0.0,0.0,0.0,0.0167,1,5,1,3,0.0,0.0,0.1001,0.8,0.51,0.0,0.0984,0.01,1,0,0,0,0,0
1778572782.614906,2026-05-12 10:59:42,0,0,0,0.0,0.0,0.0,0.0,0.0,0.0,0.0,0.0,0,0,0,0,0.0,0.0,0.0,0.0,0.0,0.0,0.0,0.0,0,5,1,3,0.0,0.0,0.1001,0.8,0.51,0.0,0.0984,0.01,1,0,0,0,0,0
1778572812.614906,2026-05-12 11:00:12,10,1,1,0.0,0.3333,0.0906,0.0,57.23,0.0,0.1016,0.3333,1,10,1,1,0.0,0.1667,0.0906,0.0,28.62,0.0,0.1016,0.1667,1,15,2,4,0.0,0.0333,0.0937,0.2667,6.23,0.0574,0.1906,0.0333,1,0,0,0,0,0
1778572842.614906,2026-05-12 11:00:42,0,0,0,0.0,0.0,0.0,0.0,0.0,0.0,0.0,0.0,0,10,1,1,0.0,0.1667,0.0906,0.0,28.62,0.0,0.1016,0.1667,1,15,2,4,0.0,0.0333,0.0937,0.2667,6.23,0.0574,0.1906,0.0333,1,0,0,0,0,0
1778572872.614906,2026-05-12 11:01:12,0,0,0,0.0,0.0,0.0,0.0,0.0,0.0,0.0,0.0,0,0,0,0,0.0,0.0,0.0,0.0,0.0,0.0,0.0,0.0,0,12,2,2,0.0,0.0333,0.0755,0.1667,5.72,0.0406,0.2127,0.0333,1,0,0,0,0,0
1778572902.614906,2026-05-12 11:01:42,0,0,0,0.0,0.0,0.0,0.0,0.0,0.0,0.0,0.0,0,0,0,0,0.0,0.0,0.0,0.0,0.0,0.0,0.0,0.0,0,12,2,2,0.0,0.0333,0.0755,0.1667,5.72,0.0406,0.2127,0.0333,1,0,0,0,0,0
1778572932.614906,2026-05-12 11:02:12,0,0,0,0.0,0.0,0.0,0.0,0.0,0.0,0.0,0.0,0,0,0,0,0.0,0.0,0.0,0.0,0.0,0.0,0.0,0.0,0,12,2,2,0.0,0.0333,0.0755,0.1667,5.72,0.0406,0.2127,0.0333,1,0,0,0,0,0
1778572962.614906,2026-05-12 11:02:42,0,0,0,0.0,0.0,0.0,0.0,0.0,0.0,0.0,0.0,0,0,0,0,0.0,0.0,0.0,0.0,0.0,0.0,0.0,0.0,0,11,2,2,0.0,0.0333,0.0823,0.0909,5.72,0.0275,0.297,0.0333,1,0,0,0,0,0
1778572992.614906,2026-05-12 11:03:12,1,1,1,0.0,0.0,0.0001,0.0,3.73,0.0,0.0,0.0333,1,1,1,1,0.0,0.0,0.0001,0.0,1.87,0.0,0.0,0.0167,1,12,2,3,0.0,0.0333,0.0755,0.0833,6.1,0.0406,0.2234,0.0333,1,0,0,0,0,0
1778573022.614906,2026-05-12 11:03:42,0,0,0,0.0,0.0,0.0,0.0,0.0,0.0,0.0,0.0,0,1,1,1,0.0,0.0,0.0001,0.0,1.87,0.0,0.0,0.0167,1,11,2,2,0.0,0.0333,0.0824,0.0,6.1,0.0275,0.2984,0.0333,1,0,0,0,0,0
1778573052.614906,2026-05-12 11:04:12,1,1,1,0.0,0.0,0.0001,0.0,3.73,0.0,0.0,0.0333,1,1,1,1,0.0,0.0,0.0001,0.0,1.87,0.0,0.0,0.0167,1,12,2,2,0.0,0.0333,0.0755,0.0,6.47,0.0406,0.2402,0.0333,1,0,0,0,0,0
1778573082.614906,2026-05-12 11:04:42,0,0,0,0.0,0.0,0.0,0.0,0.0,0.0,0.0,0.0,0,1,1,1,0.0,0.0,0.0001,0.0,1.87,0.0,0.0,0.0167,1,12,2,2,0.0,0.0333,0.0755,0.0,6.47,0.0406,0.2402,0.0333,1,0,0,0,0,0
1778573112.614906,2026-05-12 11:05:12,1,1,1,0.0,0.0,0.0001,0.0,3.73,0.0,0.0,0.0333,1,1,1,1,0.0,0.0,0.0001,0.0,1.87,0.0,0.0,0.0167,1,3,1,1,0.0,0.0,0.0001,0.0,1.12,0.0,0.0001,0.01,1,0,0,0,0,0
1778573142.614906,2026-05-12 11:05:42,1,1,1,0.0,0.0,0.0,1.0,0.0,0.0,0.0,0.0333,1,2,1,2,0.0,0.0,0.0001,0.5,1.87,0.0,0.0,0.0167,1,4,1,2,0.0,0.0,0.0001,0.25,1.12,0.0,0.0175,0.01,1,0,0,0,0,0
1778573172.614906,2026-05-12 11:06:12,1,1,1,0.0,0.0,0.0001,0.0,3.73,0.0,0.0,0.0333,1,2,1,2,0.0,0.0,0.0,0.5,1.87,0.0,0.0,0.0167,1,5,1,2,0.0,0.0,0.0001,0.2,1.49,0.0,0.0371,0.0133,1,0,0,0,0,0
1778573202.614906,2026-05-12 11:06:42,0,0,0,0.0,0.0,0.0,0.0,0.0,0.0,0.0,0.0,0,1,1,1,0.0,0.0,0.0001,0.0,1.87,0.0,0.0,0.0167,1,5,1,2,0.0,0.0,0.0001,0.2,1.49,0.0,0.0371,0.0133,1,0,0,0,0,0
1778573232.614906,2026-05-12 11:07:12,1,1,1,0.0,0.0,0.0001,0.0,3.73,0.0,0.0,0.0333,1,1,1,1,0.0,0.0,0.0001,0.0,1.87,0.0,0.0,0.0167,1,6,1,2,0.0,0.0,0.0001,0.1667,1.87,0.0,0.0336,0.0167,1,0,0,0,0,0
1778573262.614906,2026-05-12 11:07:42,0,0,0,0.0,0.0,0.0,0.0,0.0,0.0,0.0,0.0,0,1,1,1,0.0,0.0,0.0001,0.0,1.87,0.0,0.0,0.0167,1,6,1,2,0.0,0.0,0.0001,0.1667,1.87,0.0,0.0336,0.0167,1,0,0,0,0,0
1778573292.614906,2026-05-12 11:08:12,1,1,1,0.0,0.0,0.0,0.0,3.73,0.0,0.0,0.0333,1,1,1,1,0.0,0.0,0.0,0.0,1.87,0.0,0.0,0.0167,1,6,1,2,0.0,0.0,0.0001,0.1667,1.87,0.0,0.0336,0.0167,1,0,0,0,0,0
1778573322.614906,2026-05-12 11:08:42,0,0,0,0.0,0.0,0.0,0.0,0.0,0.0,0.0,0.0,0,1,1,1,0.0,0.0,0.0,0.0,1.87,0.0,0.0,0.0167,1,6,1,2,0.0,0.0,0.0001,0.1667,1.87,0.0,0.0336,0.0167,1,0,0,0,0,0
1778573352.614906,2026-05-12 11:09:12,1,1,1,0.0,0.0,0.0,0.0,3.73,0.0,0.0,0.0333,1,1,1,1,0.0,0.0,0.0,0.0,1.87,0.0,0.0,0.0167,1,6,1,2,0.0,0.0,0.0001,0.1667,1.87,0.0,0.0335,0.0167,1,0,0,0,0,0
1778573382.614906,2026-05-12 11:09:42,0,0,0,0.0,0.0,0.0,0.0,0.0,0.0,0.0,0.0,0,1,1,1,0.0,0.0,0.0,0.0,1.87,0.0,0.0,0.0167,1,6,1,2,0.0,0.0,0.0001,0.1667,1.87,0.0,0.0335,0.0167,1,0,0,0,0,0
1778573412.614906,2026-05-12 11:10:12,1,1,1,0.0,0.0,0.0001,0.0,3.73,0.0,0.0,0.0333,1,1,1,1,0.0,0.0,0.0001,0.0,1.87,0.0,0.0,0.0167,1,6,1,2,0.0,0.0,0.0001,0.1667,1.87,0.0,0.031,0.0167,1,0,0,0,0,0
1778573442.614906,2026-05-12 11:10:42,1,1,1,0.0,0.0,12.5685,1.0,0.0,0.0,0.0,0.0333,1,2,1,2,0.0,0.0,6.2843,0.5,1.87,0.0,0.0,0.0167,1,6,1,2,0.0,0.0,2.0948,0.1667,1.87,0.0,0.0125,0.0167,1,0,0,0,0,0
1778573472.614906,2026-05-12 11:11:12,1,1,1,0.0,0.0,0.0001,0.0,3.73,0.0,0.0,0.0333,1,2,1,2,0.0,0.0,6.2843,0.5,1.87,0.0,0.0,0.0167,1,6,1,2,0.0,0.0,2.0948,0.1667,1.87,0.0,0.0346,0.0167,1,0,0,0,0,0
1778573502.614906,2026-05-12 11:11:42,0,0,0,0.0,0.0,0.0,0.0,0.0,0.0,0.0,0.0,0,1,1,1,0.0,0.0,0.0001,0.0,1.87,0.0,0.0,0.0167,1,6,1,2,0.0,0.0,2.0948,0.1667,1.87,0.0,0.0346,0.0167,1,0,0,0,0,0
1778573532.614906,2026-05-12 11:12:12,1,1,1,0.0,0.0,0.0726,1.0,1.6,0.0,0.0,0.0333,1,1,1,1,0.0,0.0,0.0726,1.0,0.8,0.0,0.0,0.0167,1,6,2,3,0.0,0.0,2.1069,0.3333,1.65,0.0406,0.0343,0.0133,1,0,0,0,0,0
1778573562.614906,2026-05-12 11:12:42,0,0,0,0.0,0.0,0.0,0.0,0.0,0.0,0.0,0.0,0,1,1,1,0.0,0.0,0.0726,1.0,0.8,0.0,0.0,0.0167,1,6,2,3,0.0,0.0,2.1069,0.3333,1.65,0.0406,0.0343,0.0133,1,0,0,0,0,0
1778573592.614906,2026-05-12 11:13:12,1,1,1,0.0,0.0,0.0001,0.0,3.73,0.0,0.0,0.0333,1,1,1,1,0.0,0.0,0.0001,0.0,1.87,0.0,0.0,0.0167,1,6,2,3,0.0,0.0,2.1069,0.3333,1.65,0.0406,0.0347,0.0133,1,0,0,0,0,0
1778573622.614906,2026-05-12 11:13:42,1,1,1,0.0,0.0,7.9567,1.0,2.0,0.0,0.0,0.0333,1,2,1,2,0.0,0.0,3.9784,0.5,2.87,0.0,0.0,0.0167,1,7,2,4,0.0,0.0,2.9426,0.4286,1.85,0.037,0.0333,0.0133,1,0,0,0,0,0
1778573652.614906,2026-05-12 11:14:12,1,1,1,0.0,0.0,0.0,0.0,3.73,0.0,0.0,0.0333,1,2,1,2,0.0,0.0,3.9784,0.5,2.87,0.0,0.0,0.0167,1,7,2,4,0.0,0.0,2.9426,0.4286,1.85,0.037,0.0423,0.0133,1,0,0,0,0,0
1778573682.614906,2026-05-12 11:14:42,0,0,0,0.0,0.0,0.0,0.0,0.0,0.0,0.0,0.0,0,1,1,1,0.0,0.0,0.0,0.0,1.87,0.0,0.0,0.0167,1,7,2,4,0.0,0.0,2.9426,0.4286,1.85,0.037,0.0423,0.0133,1,0,0,0,0,0
1778573712.614906,2026-05-12 11:15:12,1,1,1,0.0,0.0,0.0,0.0,3.73,0.0,0.0,0.0333,1,1,1,1,0.0,0.0,0.0,0.0,1.87,0.0,0.0,0.0167,1,7,2,4,0.0,0.0,2.9426,0.4286,1.85,0.037,0.0431,0.0133,1,0,0,0,0,0
1778573742.614906,2026-05-12 11:15:42,0,0,0,0.0,0.0,0.0,0.0,0.0,0.0,0.0,0.0,0,1,1,1,0.0,0.0,0.0,0.0,1.87,0.0,0.0,0.0167,1,6,2,3,0.0,0.0,1.3383,0.3333,1.85,0.0406,0.0335,0.0133,1,0,0,0,0,0
1778573772.614906,2026-05-12 11:16:12,1,1,1,0.0,0.0,0.0001,0.0,3.73,0.0,0.0,0.0333,1,1,1,1,0.0,0.0,0.0001,0.0,1.87,0.0,0.0,0.0167,1,6,2,3,0.0,0.0,1.3383,0.3333,1.85,0.0406,0.0338,0.0133,1,0,0,0,0,0
1778573802.614906,2026-05-12 11:16:42,0,0,0,0.0,0.0,0.0,0.0,0.0,0.0,0.0,0.0,0,1,1,1,0.0,0.0,0.0001,0.0,1.87,0.0,0.0,0.0167,1,6,2,3,0.0,0.0,1.3383,0.3333,1.85,0.0406,0.0338,0.0133,1,0,0,0,0,0
1778573832.614906,2026-05-12 11:17:12,0,0,0,0.0,0.0,0.0,0.0,0.0,0.0,0.0,0.0,0,0,0,0,0.0,0.0,0.0,0.0,0.0,0.0,0.0,0.0,0,5,1,2,0.0,0.0,1.5914,0.2,1.69,0.0,0.037,0.0133,1,0,0,0,0,0
1778573862.614906,2026-05-12 11:17:42,0,0,0,0.0,0.0,0.0,0.0,0.0,0.0,0.0,0.0,0,0,0,0,0.0,0.0,0.0,0.0,0.0,0.0,0.0,0.0,0,5,1,2,0.0,0.0,1.5914,0.2,1.69,0.0,0.037,0.0133,1,0,0,0,0,0
1778573892.614906,2026-05-12 11:18:12,1,1,1,0.0,0.0,0.0,0.0,3.73,0.0,0.0,0.0333,1,1,1,1,0.0,0.0,0.0,0.0,1.87,0.0,0.0,0.0167,1,5,1,2,0.0,0.0,1.5914,0.2,1.69,0.0,0.0549,0.0133,1,0,0,0,0,0
1778573922.614906,2026-05-12 11:18:42,0,0,0,0.0,0.0,0.0,0.0,0.0,0.0,0.0,0.0,0,1,1,1,0.0,0.0,0.0,0.0,1.87,0.0,0.0,0.0167,1,4,1,1,0.0,0.0,0.0001,0.0,1.49,0.0,0.0353,0.0133,1,0,0,0,0,0
1778573952.614906,2026-05-12 11:19:12,1,1,1,0.0,0.0,0.0002,0.0,3.73,0.0,0.0,0.0333,1,1,1,1,0.0,0.0,0.0002,0.0,1.87,0.0,0.0,0.0167,1,4,1,1,0.0,0.0,0.0001,0.0,1.49,0.0,0.0353,0.0133,1,0,0,0,0,0
1778573982.614906,2026-05-12 11:19:42,0,0,0,0.0,0.0,0.0,0.0,0.0,0.0,0.0,0.0,0,1,1,1,0.0,0.0,0.0002,0.0,1.87,0.0,0.0,0.0167,1,4,1,1,0.0,0.0,0.0001,0.0,1.49,0.0,0.0353,0.0133,1,0,0,0,0,0
1778574012.614906,2026-05-12 11:20:12,1,1,1,0.0,0.0,0.0001,0.0,3.73,0.0,0.0,0.0333,1,1,1,1,0.0,0.0,0.0001,0.0,1.87,0.0,0.0,0.0167,1,4,1,1,0.0,0.0,0.0001,0.0,1.49,0.0,0.0354,0.0133,1,0,0,0,0,0
1778574042.614906,2026-05-12 11:20:42,0,0,0,0.0,0.0,0.0,0.0,0.0,0.0,0.0,0.0,0,1,1,1,0.0,0.0,0.0001,0.0,1.87,0.0,0.0,0.0167,1,4,1,1,0.0,0.0,0.0001,0.0,1.49,0.0,0.0354,0.0133,1,0,0,0,0,0
1778574072.614906,2026-05-12 11:21:12,1,1,1,0.0,0.0,0.0,0.0,3.73,0.0,0.0,0.0333,1,1,1,1,0.0,0.0,0.0,0.0,1.87,0.0,0.0,0.0167,1,4,1,1,0.0,0.0,0.0001,0.0,1.49,0.0,0.0,0.0133,1,0,0,0,0,0
1778574102.614906,2026-05-12 11:21:42,0,0,0,0.0,0.0,0.0,0.0,0.0,0.0,0.0,0.0,0,1,1,1,0.0,0.0,0.0,0.0,1.87,0.0,0.0,0.0167,1,4,1,1,0.0,0.0,0.0001,0.0,1.49,0.0,0.0,0.0133,1,0,0,0,0,0
1778574132.614906,2026-05-12 11:22:12,1,1,1,0.0,0.0,0.0001,0.0,3.73,0.0,0.0,0.0333,1,1,1,1,0.0,0.0,0.0001,0.0,1.87,0.0,0.0,0.0167,1,5,1,1,0.0,0.0,0.0001,0.0,1.87,0.0,0.0001,0.0167,1,0,0,0,0,0
1778574162.614906,2026-05-12 11:22:42,0,0,0,0.0,0.0,0.0,0.0,0.0,0.0,0.0,0.0,0,1,1,1,0.0,0.0,0.0001,0.0,1.87,0.0,0.0,0.0167,1,5,1,1,0.0,0.0,0.0001,0.0,1.87,0.0,0.0001,0.0167,1,0,0,0,0,0
1778574192.614906,2026-05-12 11:23:12,1,1,1,0.0,0.0,0.0001,0.0,3.73,0.0,0.0,0.0333,1,1,1,1,0.0,0.0,0.0001,0.0,1.87,0.0,0.0,0.0167,1,5,1,1,0.0,0.0,0.0001,0.0,1.87,0.0,0.0001,0.0167,1,0,0,0,0,0
1778574222.614906,2026-05-12 11:23:42,0,0,0,0.0,0.0,0.0,0.0,0.0,0.0,0.0,0.0,0,1,1,1,0.0,0.0,0.0001,0.0,1.87,0.0,0.0,0.0167,1,5,1,1,0.0,0.0,0.0001,0.0,1.87,0.0,0.0001,0.0167,1,0,0,0,0,0
1778574252.614906,2026-05-12 11:24:12,1,1,1,0.0,0.0,0.0001,0.0,3.73,0.0,0.0,0.0333,1,1,1,1,0.0,0.0,0.0001,0.0,1.87,0.0,0.0,0.0167,1,5,1,1,0.0,0.0,0.0001,0.0,1.87,0.0,0.0001,0.0167,1,0,0,0,0,0
1778574282.614906,2026-05-12 11:24:42,0,0,0,0.0,0.0,0.0,0.0,0.0,0.0,0.0,0.0,0,1,1,1,0.0,0.0,0.0001,0.0,1.87,0.0,0.0,0.0167,1,5,1,1,0.0,0.0,0.0001,0.0,1.87,0.0,0.0001,0.0167,1,0,0,0,0,0
1778574312.614906,2026-05-12 11:25:12,1,1,1,0.0,0.0,0.0,0.0,3.73,0.0,0.0,0.0333,1,1,1,1,0.0,0.0,0.0,0.0,1.87,0.0,0.0,0.0167,1,5,1,1,0.0,0.0,0.0001,0.0,1.87,0.0,0.0001,0.0167,1,0,0,0,0,0
1778574342.614906,2026-05-12 11:25:42,0,0,0,0.0,0.0,0.0,0.0,0.0,0.0,0.0,0.0,0,1,1,1,0.0,0.0,0.0,0.0,1.87,0.0,0.0,0.0167,1,5,1,1,0.0,0.0,0.0001,0.0,1.87,0.0,0.0001,0.0167,1,0,0,0,0,0
1778574372.614906,2026-05-12 11:26:12,1,1,1,0.0,0.0,0.0001,0.0,3.73,0.0,0.0,0.0333,1,1,1,1,0.0,0.0,0.0001,0.0,1.87,0.0,0.0,0.0167,1,5,1,1,0.0,0.0,0.0001,0.0,1.87,0.0,0.0001,0.0167,1,0,0,0,0,0
1778574402.614906,2026-05-12 11:26:42,0,0,0,0.0,0.0,0.0,0.0,0.0,0.0,0.0,0.0,0,1,1,1,0.0,0.0,0.0001,0.0,1.87,0.0,0.0,0.0167,1,5,1,1,0.0,0.0,0.0001,0.0,1.87,0.0,0.0001,0.0167,1,0,0,0,0,0
1778574432.614906,2026-05-12 11:27:12,0,0,0,0.0,0.0,0.0,0.0,0.0,0.0,0.0,0.0,0,0,0,0,0.0,0.0,0.0,0.0,0.0,0.0,0.0,0.0,0,4,1,1,0.0,0.0,0.0001,0.0,1.49,0.0,0.0001,0.0133,1,0,0,0,0,0
1778574462.614906,2026-05-12 11:27:42,0,0,0,0.0,0.0,0.0,0.0,0.0,0.0,0.0,0.0,0,0,0,0,0.0,0.0,0.0,0.0,0.0,0.0,0.0,0.0,0,4,1,1,0.0,0.0,0.0001,0.0,1.49,0.0,0.0001,0.0133,1,0,0,0,0,0
1778574492.614906,2026-05-12 11:28:12,0,0,0,0.0,0.0,0.0,0.0,0.0,0.0,0.0,0.0,0,0,0,0,0.0,0.0,0.0,0.0,0.0,0.0,0.0,0.0,0,3,1,1,0.0,0.0,0.0001,0.0,1.12,0.0,0.0,0.01,1,0,0,0,0,0
1778574522.614906,2026-05-12 11:28:42,0,0,0,0.0,0.0,0.0,0.0,0.0,0.0,0.0,0.0,0,0,0,0,0.0,0.0,0.0,0.0,0.0,0.0,0.0,0.0,0,3,1,1,0.0,0.0,0.0001,0.0,1.12,0.0,0.0,0.01,1,0,0,0,0,0
1778574552.614906,2026-05-12 11:29:12,0,0,0,0.0,0.0,0.0,0.0,0.0,0.0,0.0,0.0,0,0,0,0,0.0,0.0,0.0,0.0,0.0,0.0,0.0,0.0,0,2,1,1,0.0,0.0,0.0001,0.0,0.75,0.0,0.0,0.0067,1,0,0,0,0,0
1778574582.614906,2026-05-12 11:29:42,0,0,0,0.0,0.0,0.0,0.0,0.0,0.0,0.0,0.0,0,0,0,0,0.0,0.0,0.0,0.0,0.0,0.0,0.0,0.0,0,2,1,1,0.0,0.0,0.0001,0.0,0.75,0.0,0.0,0.0067,1,0,0,0,0,0
1778574612.614906,2026-05-12 11:30:12,0,0,0,0.0,0.0,0.0,0.0,0.0,0.0,0.0,0.0,0,0,0,0,0.0,0.0,0.0,0.0,0.0,0.0,0.0,0.0,0,1,1,1,0.0,0.0,0.0001,0.0,0.37,0.0,0.0,0.0033,1,0,0,0,0,0
1778574642.614906,2026-05-12 11:30:42,0,0,0,0.0,0.0,0.0,0.0,0.0,0.0,0.0,0.0,0,0,0,0,0.0,0.0,0.0,0.0,0.0,0.0,0.0,0.0,0,1,1,1,0.0,0.0,0.0001,0.0,0.37,0.0,0.0,0.0033,1,0,0,0,0,0
1778574672.614906,2026-05-12 11:31:12,0,0,0,0.0,0.0,0.0,0.0,0.0,0.0,0.0,0.0,0,0,0,0,0.0,0.0,0.0,0.0,0.0,0.0,0.0,0.0,0,0,0,0,0.0,0.0,0.0,0.0,0.0,0.0,0.0,0.0,0,0,0,0,0,0
1778574702.614906,2026-05-12 11:31:42,0,0,0,0.0,0.0,0.0,0.0,0.0,0.0,0.0,0.0,0,0,0,0,0.0,0.0,0.0,0.0,0.0,0.0,0.0,0.0,0,0,0,0,0.0,0.0,0.0,0.0,0.0,0.0,0.0,0.0,0,0,0,0,0,0
1778574732.614906,2026-05-12 11:32:12,0,0,0,0.0,0.0,0.0,0.0,0.0,0.0,0.0,0.0,0,0,0,0,0.0,0.0,0.0,0.0,0.0,0.0,0.0,0.0,0,0,0,0,0.0,0.0,0.0,0.0,0.0,0.0,0.0,0.0,0,0,0,0,0,0
1778574762.614906,2026-05-12 11:32:42,0,0,0,0.0,0.0,0.0,0.0,0.0,0.0,0.0,0.0,0,0,0,0,0.0,0.0,0.0,0.0,0.0,0.0,0.0,0.0,0,0,0,0,0.0,0.0,0.0,0.0,0.0,0.0,0.0,0.0,0,0,0,0,0,0
1778574792.614906,2026-05-12 11:33:12,1,1,1,0.0,0.0,0.0,0.0,3.73,0.0,0.0,0.0333,1,1,1,1,0.0,0.0,0.0,0.0,1.87,0.0,0.0,0.0167,1,1,1,1,0.0,0.0,0.0,0.0,0.37,0.0,0.0,0.0033,1,0,0,0,0,0
1778574822.614906,2026-05-12 11:33:42,0,0,0,0.0,0.0,0.0,0.0,0.0,0.0,0.0,0.0,0,1,1,1,0.0,0.0,0.0,0.0,1.87,0.0,0.0,0.0167,1,1,1,1,0.0,0.0,0.0,0.0,0.37,0.0,0.0,0.0033,1,0,0,0,0,0
1778574852.614906,2026-05-12 11:34:12,1,1,1,0.0,0.0,0.0,0.0,3.73,0.0,0.0,0.0333,1,1,1,1,0.0,0.0,0.0,0.0,1.87,0.0,0.0,0.0167,1,2,1,1,0.0,0.0,0.0,0.0,0.75,0.0,0.0,0.0067,1,0,0,0,0,0
1778574882.614906,2026-05-12 11:34:42,0,0,0,0.0,0.0,0.0,0.0,0.0,0.0,0.0,0.0,0,1,1,1,0.0,0.0,0.0,0.0,1.87,0.0,0.0,0.0167,1,2,1,1,0.0,0.0,0.0,0.0,0.75,0.0,0.0,0.0067,1,0,0,0,0,0
1778574912.614906,2026-05-12 11:35:12,1,1,1,0.0,0.0,0.0,0.0,3.73,0.0,0.0,0.0333,1,1,1,1,0.0,0.0,0.0,0.0,1.87,0.0,0.0,0.0167,1,3,1,1,0.0,0.0,0.0,0.0,1.12,0.0,0.0,0.01,1,0,0,0,0,0
1778574942.614906,2026-05-12 11:35:42,0,0,0,0.0,0.0,0.0,0.0,0.0,0.0,0.0,0.0,0,1,1,1,0.0,0.0,0.0,0.0,1.87,0.0,0.0,0.0167,1,3,1,1,0.0,0.0,0.0,0.0,1.12,0.0,0.0,0.01,1,0,0,0,0,0
1778574972.614906,2026-05-12 11:36:12,1,1,1,0.0,0.0,0.0,0.0,3.73,0.0,0.0,0.0333,1,1,1,1,0.0,0.0,0.0,0.0,1.87,0.0,0.0,0.0167,1,4,1,1,0.0,0.0,0.0,0.0,1.49,0.0,0.0,0.0133,1,0,0,0,0,0
1778575002.614906,2026-05-12 11:36:42,0,0,0,0.0,0.0,0.0,0.0,0.0,0.0,0.0,0.0,0,1,1,1,0.0,0.0,0.0,0.0,1.87,0.0,0.0,0.0167,1,4,1,1,0.0,0.0,0.0,0.0,1.49,0.0,0.0,0.0133,1,0,0,0,0,0
1778575032.614906,2026-05-12 11:37:12,1,1,1,0.0,0.0,0.0001,0.0,3.73,0.0,0.0,0.0333,1,1,1,1,0.0,0.0,0.0001,0.0,1.87,0.0,0.0,0.0167,1,5,1,1,0.0,0.0,0.0,0.0,1.87,0.0,0.0,0.0167,1,0,0,0,0,0
1778575062.614906,2026-05-12 11:37:42,0,0,0,0.0,0.0,0.0,0.0,0.0,0.0,0.0,0.0,0,1,1,1,0.0,0.0,0.0001,0.0,1.87,0.0,0.0,0.0167,1,5,1,1,0.0,0.0,0.0,0.0,1.87,0.0,0.0,0.0167,1,0,0,0,0,0
1778575092.614906,2026-05-12 11:38:12,1,1,1,0.0,0.0,0.0,0.0,3.73,0.0,0.0,0.0333,1,1,1,1,0.0,0.0,0.0,0.0,1.87,0.0,0.0,0.0167,1,5,1,1,0.0,0.0,0.0,0.0,1.87,0.0,0.0,0.0167,1,0,0,0,0,0
1778575122.614906,2026-05-12 11:38:42,0,0,0,0.0,0.0,0.0,0.0,0.0,0.0,0.0,0.0,0,1,1,1,0.0,0.0,0.0,0.0,1.87,0.0,0.0,0.0167,1,5,1,1,0.0,0.0,0.0,0.0,1.87,0.0,0.0,0.0167,1,0,0,0,0,0
1778575152.614906,2026-05-12 11:39:12,1,1,1,0.0,0.0,0.0,0.0,3.73,0.0,0.0,0.0333,1,1,1,1,0.0,0.0,0.0,0.0,1.87,0.0,0.0,0.0167,1,5,1,1,0.0,0.0,0.0,0.0,1.87,0.0,0.0,0.0167,1,0,0,0,0,0
1778575182.614906,2026-05-12 11:39:42,0,0,0,0.0,0.0,0.0,0.0,0.0,0.0,0.0,0.0,0,1,1,1,0.0,0.0,0.0,0.0,1.87,0.0,0.0,0.0167,1,5,1,1,0.0,0.0,0.0,0.0,1.87,0.0,0.0,0.0167,1,0,0,0,0,0
1778575212.614906,2026-05-12 11:40:12,1,1,1,0.0,0.0,0.0,0.0,3.73,0.0,0.0,0.0333,1,1,1,1,0.0,0.0,0.0,0.0,1.87,0.0,0.0,0.0167,1,5,1,1,0.0,0.0,0.0,0.0,1.87,0.0,0.0,0.0167,1,0,0,0,0,0
1778575242.614906,2026-05-12 11:40:42,0,0,0,0.0,0.0,0.0,0.0,0.0,0.0,0.0,0.0,0,1,1,1,0.0,0.0,0.0,0.0,1.87,0.0,0.0,0.0167,1,5,1,1,0.0,0.0,0.0,0.0,1.87,0.0,0.0,0.0167,1,0,0,0,0,0
1778575272.614906,2026-05-12 11:41:12,1,1,1,0.0,0.0,0.0,0.0,3.73,0.0,0.0,0.0333,1,1,1,1,0.0,0.0,0.0,0.0,1.87,0.0,0.0,0.0167,1,5,1,1,0.0,0.0,0.0,0.0,1.87,0.0,0.0,0.0167,1,0,0,0,0,0
1778575302.614906,2026-05-12 11:41:42,0,0,0,0.0,0.0,0.0,0.0,0.0,0.0,0.0,0.0,0,1,1,1,0.0,0.0,0.0,0.0,1.87,0.0,0.0,0.0167,1,5,1,1,0.0,0.0,0.0,0.0,1.87,0.0,0.0,0.0167,1,0,0,0,0,0
1778575332.614906,2026-05-12 11:42:12,1,1,1,0.0,0.0,0.0001,0.0,3.73,0.0,0.0,0.0333,1,1,1,1,0.0,0.0,0.0001,0.0,1.87,0.0,0.0,0.0167,1,5,1,1,0.0,0.0,0.0001,0.0,1.87,0.0,0.0,0.0167,1,0,0,0,0,0
1778575362.614906,2026-05-12 11:42:42,0,0,0,0.0,0.0,0.0,0.0,0.0,0.0,0.0,0.0,0,1,1,1,0.0,0.0,0.0001,0.0,1.87,0.0,0.0,0.0167,1,5,1,1,0.0,0.0,0.0001,0.0,1.87,0.0,0.0,0.0167,1,0,0,0,0,0
1778575392.614906,2026-05-12 11:43:12,1,1,1,0.0,0.0,0.0,0.0,3.73,0.0,0.0,0.0333,1,1,1,1,0.0,0.0,0.0,0.0,1.87,0.0,0.0,0.0167,1,5,1,1,0.0,0.0,0.0001,0.0,1.87,0.0,0.0,0.0167,1,0,0,0,0,0
1778575422.614906,2026-05-12 11:43:42,0,0,0,0.0,0.0,0.0,0.0,0.0,0.0,0.0,0.0,0,1,1,1,0.0,0.0,0.0,0.0,1.87,0.0,0.0,0.0167,1,5,1,1,0.0,0.0,0.0001,0.0,1.87,0.0,0.0,0.0167,1,0,0,0,0,0
1778575452.614906,2026-05-12 11:44:12,1,1,1,0.0,0.0,0.0,0.0,3.73,0.0,0.0,0.0333,1,1,1,1,0.0,0.0,0.0,0.0,1.87,0.0,0.0,0.0167,1,5,1,1,0.0,0.0,0.0001,0.0,1.87,0.0,0.0001,0.0167,1,0,0,0,0,0
1778575482.614906,2026-05-12 11:44:42,0,0,0,0.0,0.0,0.0,0.0,0.0,0.0,0.0,0.0,0,1,1,1,0.0,0.0,0.0,0.0,1.87,0.0,0.0,0.0167,1,5,1,1,0.0,0.0,0.0001,0.0,1.87,0.0,0.0001,0.0167,1,0,0,0,0,0
1778575512.614906,2026-05-12 11:45:12,1,1,1,0.0,0.0,0.0,0.0,3.73,0.0,0.0,0.0333,1,1,1,1,0.0,0.0,0.0,0.0,1.87,0.0,0.0,0.0167,1,5,1,1,0.0,0.0,0.0001,0.0,1.87,0.0,0.0001,0.0167,1,0,0,0,0,0
1778575542.614906,2026-05-12 11:45:42,0,0,0,0.0,0.0,0.0,0.0,0.0,0.0,0.0,0.0,0,1,1,1,0.0,0.0,0.0,0.0,1.87,0.0,0.0,0.0167,1,5,1,1,0.0,0.0,0.0001,0.0,1.87,0.0,0.0001,0.0167,1,0,0,0,0,0
1778575572.614906,2026-05-12 11:46:12,1,1,1,0.0,0.0,0.0816,1.0,1.6,0.0,0.0,0.0333,1,1,1,1,0.0,0.0,0.0816,1.0,0.8,0.0,0.0,0.0167,1,5,2,2,0.0,0.0,0.0164,0.2,1.65,0.0451,0.0017,0.0133,1,0,0,0,0,0
1778575602.614906,2026-05-12 11:46:42,1,1,1,0.0,0.0,0.0001,0.0,3.73,0.0,0.0,0.0333,1,2,2,2,0.0,0.0,0.0408,0.5,2.67,0.0625,0.0,0.0167,1,6,2,2,0.0,0.0,0.0136,0.1667,2.03,0.0406,0.0201,0.0167,1,0,0,0,0,0
1778575632.614906,2026-05-12 11:47:12,0,0,0,0.0,0.0,0.0,0.0,0.0,0.0,0.0,0.0,0,1,1,1,0.0,0.0,0.0001,0.0,1.87,0.0,0.0,0.0167,1,5,2,2,0.0,0.0,0.0163,0.2,1.65,0.0451,0.0222,0.0133,1,0,0,0,0,0
1778575662.614906,2026-05-12 11:47:42,1,1,1,0.0,0.0,0.0,0.0,3.73,0.0,0.0,0.0333,1,1,1,1,0.0,0.0,0.0,0.0,1.87,0.0,0.0,0.0167,1,6,2,2,0.0,0.0,0.0136,0.1667,2.03,0.0406,0.0201,0.0167,1,0,0,0,0,0
1778575692.614906,2026-05-12 11:48:12,0,0,0,0.0,0.0,0.0,0.0,0.0,0.0,0.0,0.0,0,1,1,1,0.0,0.0,0.0,0.0,1.87,0.0,0.0,0.0167,1,5,2,2,0.0,0.0,0.0163,0.2,1.65,0.0451,0.0223,0.0133,1,0,0,0,0,0
1778575722.614906,2026-05-12 11:48:42,0,0,0,0.0,0.0,0.0,0.0,0.0,0.0,0.0,0.0,0,0,0,0,0.0,0.0,0.0,0.0,0.0,0.0,0.0,0.0,0,5,2,2,0.0,0.0,0.0163,0.2,1.65,0.0451,0.0223,0.0133,1,0,0,0,0,0
1778575752.614906,2026-05-12 11:49:12,0,0,0,0.0,0.0,0.0,0.0,0.0,0.0,0.0,0.0,0,0,0,0,0.0,0.0,0.0,0.0,0.0,0.0,0.0,0.0,0,4,2,2,0.0,0.0,0.0204,0.25,1.28,0.0507,0.0251,0.01,1,0,0,0,0,0
1778575782.614906,2026-05-12 11:49:42,4,2,3,0.0,0.0,0.2284,0.75,7.73,0.0507,0.1347,0.0667,2,4,2,3,0.0,0.0,0.2284,0.75,3.87,0.0507,0.1347,0.0333,2,8,3,4,0.0,0.0,0.1244,0.5,2.05,0.0663,0.0836,0.0133,2,0,0,0,0,0
1778575812.614906,2026-05-12 11:50:12,0,0,0,0.0,0.0,0.0,0.0,0.0,0.0,0.0,0.0,0,4,2,3,0.0,0.0,0.2284,0.75,3.87,0.0507,0.1347,0.0333,2,7,3,4,0.0,0.0,0.1422,0.5714,1.68,0.0718,0.0955,0.01,2,0,0,0,0,0
1778575842.614906,2026-05-12 11:50:42,1,1,1,0.0,0.0,0.0,0.0,3.73,0.0,0.0,0.0333,1,1,1,1,0.0,0.0,0.0,0.0,1.87,0.0,0.0,0.0167,1,8,3,4,0.0,0.0,0.1244,0.5,2.05,0.0663,0.0834,0.0133,2,0,0,0,0,0
1778575872.614906,2026-05-12 11:51:12,0,0,0,0.0,0.0,0.0,0.0,0.0,0.0,0.0,0.0,0,1,1,1,0.0,0.0,0.0,0.0,1.87,0.0,0.0,0.0167,1,7,2,3,0.0,0.0,0.1305,0.4286,1.89,0.037,0.0873,0.0133,2,0,0,0,0,0
1778575902.614906,2026-05-12 11:51:42,1,1,1,0.0,0.0,0.0,0.0,3.73,0.0,0.0,0.0333,1,1,1,1,0.0,0.0,0.0,0.0,1.87,0.0,0.0,0.0167,1,7,2,3,0.0,0.0,0.1305,0.4286,1.89,0.037,0.0873,0.0133,2,0,0,0,0,0
1778575932.614906,2026-05-12 11:52:12,0,0,0,0.0,0.0,0.0,0.0,0.0,0.0,0.0,0.0,0,1,1,1,0.0,0.0,0.0,0.0,1.87,0.0,0.0,0.0167,1,7,2,3,0.0,0.0,0.1305,0.4286,1.89,0.037,0.0873,0.0133,2,0,0,0,0,0
1778575962.614906,2026-05-12 11:52:42,0,0,0,0.0,0.0,0.0,0.0,0.0,0.0,0.0,0.0,0,0,0,0,0.0,0.0,0.0,0.0,0.0,0.0,0.0,0.0,0,6,2,3,0.0,0.0,0.1523,0.5,1.52,0.0406,0.0929,0.01,2,0,0,0,0,0
1778575992.614906,2026-05-12 11:53:12,0,0,0,0.0,0.0,0.0,0.0,0.0,0.0,0.0,0.0,0,0,0,0,0.0,0.0,0.0,0.0,0.0,0.0,0.0,0.0,0,6,2,3,0.0,0.0,0.1523,0.5,1.52,0.0406,0.0929,0.01,2,0,0,0,0,0
1778576022.614906,2026-05-12 11:53:42,2,1,2,0.0,0.0,6.5649,1.0,2.67,0.0,0.0,0.0333,1,2,1,2,0.0,0.0,6.5649,1.0,1.33,0.0,0.0,0.0167,1,8,2,4,0.0,0.0,1.7554,0.625,1.79,0.034,0.0947,0.01,2,0,0,0,0,0
1778576052.614906,2026-05-12 11:54:12,0,0,0,0.0,0.0,0.0,0.0,0.0,0.0,0.0,0.0,0,2,1,2,0.0,0.0,6.5649,1.0,1.33,0.0,0.0,0.0167,1,8,2,4,0.0,0.0,1.7554,0.625,1.79,0.034,0.0947,0.01,2,0,0,0,0,0
1778576082.614906,2026-05-12 11:54:42,0,0,0,0.0,0.0,0.0,0.0,0.0,0.0,0.0,0.0,0,0,0,0,0.0,0.0,0.0,0.0,0.0,0.0,0.0,0.0,0,4,1,3,0.0,0.0,3.2825,0.5,1.01,0.0,0.0619,0.0067,1,0,0,0,0,0
1778576112.614906,2026-05-12 11:55:12,0,0,0,0.0,0.0,0.0,0.0,0.0,0.0,0.0,0.0,0,0,0,0,0.0,0.0,0.0,0.0,0.0,0.0,0.0,0.0,0,4,1,3,0.0,0.0,3.2825,0.5,1.01,0.0,0.0619,0.0067,1,0,0,0,0,0
1778576142.614906,2026-05-12 11:55:42,0,0,0,0.0,0.0,0.0,0.0,0.0,0.0,0.0,0.0,0,0,0,0,0.0,0.0,0.0,0.0,0.0,0.0,0.0,0.0,0,3,1,3,0.0,0.0,4.3766,0.6667,0.64,0.0,0.0775,0.0033,1,0,0,0,0,0
1778576172.614906,2026-05-12 11:56:12,0,0,0,0.0,0.0,0.0,0.0,0.0,0.0,0.0,0.0,0,0,0,0,0.0,0.0,0.0,0.0,0.0,0.0,0.0,0.0,0,3,1,3,0.0,0.0,4.3766,0.6667,0.64,0.0,0.0775,0.0033,1,0,0,0,0,0
1778576202.614906,2026-05-12 11:56:42,0,0,0,0.0,0.0,0.0,0.0,0.0,0.0,0.0,0.0,0,0,0,0,0.0,0.0,0.0,0.0,0.0,0.0,0.0,0.0,0,2,1,2,0.0,0.0,6.5649,1.0,0.27,0.0,0.0,0.0033,1,0,0,0,0,0
1778576232.614906,2026-05-12 11:57:12,0,0,0,0.0,0.0,0.0,0.0,0.0,0.0,0.0,0.0,0,0,0,0,0.0,0.0,0.0,0.0,0.0,0.0,0.0,0.0,0,2,1,2,0.0,0.0,6.5649,1.0,0.27,0.0,0.0,0.0033,1,0,0,0,0,0
1778576262.614906,2026-05-12 11:57:42,0,0,0,0.0,0.0,0.0,0.0,0.0,0.0,0.0,0.0,0,0,0,0,0.0,0.0,0.0,0.0,0.0,0.0,0.0,0.0,0,2,1,2,0.0,0.0,6.5649,1.0,0.27,0.0,0.0,0.0033,1,0,0,0,0,0
1778576292.614906,2026-05-12 11:58:12,1,1,1,0.0,0.0,0.0,0.0,3.73,0.0,0.0,0.0333,1,1,1,1,0.0,0.0,0.0,0.0,1.87,0.0,0.0,0.0167,1,3,1,3,0.0,0.0,4.3766,0.6667,0.64,0.0,0.0913,0.0033,1,0,0,0,0,0
1778576322.614906,2026-05-12 11:58:42,0,0,0,0.0,0.0,0.0,0.0,0.0,0.0,0.0,0.0,0,1,1,1,0.0,0.0,0.0,0.0,1.87,0.0,0.0,0.0167,1,1,1,1,0.0,0.0,0.0,0.0,0.37,0.0,0.0,0.0033,1,0,0,0,0,0
1778576352.614906,2026-05-12 11:59:12,1,1,1,0.0,0.0,0.0,0.0,3.73,0.0,0.0,0.0333,1,1,1,1,0.0,0.0,0.0,0.0,1.87,0.0,0.0,0.0167,1,2,1,1,0.0,0.0,0.0,0.0,0.75,0.0,0.0,0.0067,1,0,0,0,0,0
1778576382.614906,2026-05-12 11:59:42,0,0,0,0.0,0.0,0.0,0.0,0.0,0.0,0.0,0.0,0,1,1,1,0.0,0.0,0.0,0.0,1.87,0.0,0.0,0.0167,1,2,1,1,0.0,0.0,0.0,0.0,0.75,0.0,0.0,0.0067,1,0,0,0,0,0
1778576412.614906,2026-05-12 12:00:12,10,1,1,0.0,0.3333,0.0496,0.0,49.03,0.0,0.1176,0.3333,1,10,1,1,0.0,0.1667,0.0496,0.0,24.52,0.0,0.1176,0.1667,1,12,2,2,0.0,0.0333,0.0413,0.0,5.65,0.0406,0.212,0.0333,1,0,0,0,0,0
1778576442.614906,2026-05-12 12:00:42,0,0,0,0.0,0.0,0.0,0.0,0.0,0.0,0.0,0.0,0,10,1,1,0.0,0.1667,0.0496,0.0,24.52,0.0,0.1176,0.1667,1,12,2,2,0.0,0.0333,0.0413,0.0,5.65,0.0406,0.212,0.0333,1,0,0,0,0,0
1778576472.614906,2026-05-12 12:01:12,0,0,0,0.0,0.0,0.0,0.0,0.0,0.0,0.0,0.0,0,0,0,0,0.0,0.0,0.0,0.0,0.0,0.0,0.0,0.0,0,12,2,2,0.0,0.0333,0.0413,0.0,5.65,0.0406,0.212,0.0333,1,0,0,0,0,0
1778576502.614906,2026-05-12 12:01:42,0,0,0,0.0,0.0,0.0,0.0,0.0,0.0,0.0,0.0,0,0,0,0,0.0,0.0,0.0,0.0,0.0,0.0,0.0,0.0,0,12,2,2,0.0,0.0333,0.0413,0.0,5.65,0.0406,0.212,0.0333,1,0,0,0,0,0
1778576532.614906,2026-05-12 12:02:12,1,1,1,0.0,0.0,0.0001,0.0,3.73,0.0,0.0,0.0333,1,1,1,1,0.0,0.0,0.0001,0.0,1.87,0.0,0.0,0.0167,1,13,2,2,0.0,0.0333,0.0382,0.0,6.02,0.0487,0.1946,0.0333,1,0,0,0,0,0
1778576562.614906,2026-05-12 12:02:42,0,0,0,0.0,0.0,0.0,0.0,0.0,0.0,0.0,0.0,0,1,1,1,0.0,0.0,0.0001,0.0,1.87,0.0,0.0,0.0167,1,13,2,2,0.0,0.0333,0.0382,0.0,6.02,0.0487,0.1946,0.0333,1,0,0,0,0,0
1778576592.614906,2026-05-12 12:03:12,1,1,1,0.0,0.0,0.0,0.0,3.73,0.0,0.0,0.0333,1,1,1,1,0.0,0.0,0.0,0.0,1.87,0.0,0.0,0.0167,1,13,2,2,0.0,0.0333,0.0382,0.0,6.02,0.0487,0.1946,0.0333,1,0,0,0,0,0
1778576622.614906,2026-05-12 12:03:42,0,0,0,0.0,0.0,0.0,0.0,0.0,0.0,0.0,0.0,0,1,1,1,0.0,0.0,0.0,0.0,1.87,0.0,0.0,0.0167,1,13,2,2,0.0,0.0333,0.0382,0.0,6.02,0.0487,0.1946,0.0333,1,0,0,0,0,0
1778576652.614906,2026-05-12 12:04:12,0,0,0,0.0,0.0,0.0,0.0,0.0,0.0,0.0,0.0,0,0,0,0,0.0,0.0,0.0,0.0,0.0,0.0,0.0,0.0,0,12,2,2,0.0,0.0333,0.0413,0.0,5.65,0.0406,0.2283,0.0333,1,0,0,0,0,0
1778576682.614906,2026-05-12 12:04:42,1,1,1,0.0,0.0,0.0,0.0,3.73,0.0,0.0,0.0333,1,1,1,1,0.0,0.0,0.0,0.0,1.87,0.0,0.0,0.0167,1,13,2,2,0.0,0.0333,0.0382,0.0,6.02,0.0487,0.1899,0.0333,1,0,0,0,0,0
1778576712.614906,2026-05-12 12:05:12,0,0,0,0.0,0.0,0.0,0.0,0.0,0.0,0.0,0.0,0,1,1,1,0.0,0.0,0.0,0.0,1.87,0.0,0.0,0.0167,1,3,1,1,0.0,0.0,0.0001,0.0,1.12,0.0,0.0002,0.01,1,0,0,0,0,0
1778576742.614906,2026-05-12 12:05:42,1,1,1,0.0,0.0,0.0,0.0,3.73,0.0,0.0,0.0333,1,1,1,1,0.0,0.0,0.0,0.0,1.87,0.0,0.0,0.0167,1,4,1,1,0.0,0.0,0.0,0.0,1.49,0.0,0.0001,0.0133,1,0,0,0,0,0
1778576772.614906,2026-05-12 12:06:12,0,0,0,0.0,0.0,0.0,0.0,0.0,0.0,0.0,0.0,0,1,1,1,0.0,0.0,0.0,0.0,1.87,0.0,0.0,0.0167,1,4,1,1,0.0,0.0,0.0,0.0,1.49,0.0,0.0001,0.0133,1,0,0,0,0,0
1778576802.614906,2026-05-12 12:06:42,1,1,1,0.0,0.0,30.1958,0.0,7.47,0.0,0.0,0.0333,1,1,1,1,0.0,0.0,30.1958,0.0,3.73,0.0,0.0,0.0167,1,5,1,1,0.0,0.0,6.0392,0.0,2.24,0.0,0.0001,0.0167,1,0,0,0,0,0
1778576832.614906,2026-05-12 12:07:12,0,0,0,0.0,0.0,0.0,0.0,0.0,0.0,0.0,0.0,0,1,1,1,0.0,0.0,30.1958,0.0,3.73,0.0,0.0,0.0167,1,4,1,1,0.0,0.0,7.549,0.0,1.87,0.0,0.0001,0.0133,1,0,0,0,0,0
1778576862.614906,2026-05-12 12:07:42,0,0,0,0.0,0.0,0.0,0.0,0.0,0.0,0.0,0.0,0,0,0,0,0.0,0.0,0.0,0.0,0.0,0.0,0.0,0.0,0,4,1,1,0.0,0.0,7.549,0.0,1.87,0.0,0.0001,0.0133,1,0,0,0,0,0
1778576892.614906,2026-05-12 12:08:12,0,0,0,0.0,0.0,0.0,0.0,0.0,0.0,0.0,0.0,0,0,0,0,0.0,0.0,0.0,0.0,0.0,0.0,0.0,0.0,0,3,1,1,0.0,0.0,10.0653,0.0,1.49,0.0,0.0001,0.01,1,0,0,0,0,0
1778576922.614906,2026-05-12 12:08:42,0,0,0,0.0,0.0,0.0,0.0,0.0,0.0,0.0,0.0,0,0,0,0,0.0,0.0,0.0,0.0,0.0,0.0,0.0,0.0,0,3,1,1,0.0,0.0,10.0653,0.0,1.49,0.0,0.0001,0.01,1,0,0,0,0,0
1778576952.614906,2026-05-12 12:09:12,0,0,0,0.0,0.0,0.0,0.0,0.0,0.0,0.0,0.0,0,0,0,0,0.0,0.0,0.0,0.0,0.0,0.0,0.0,0.0,0,3,1,1,0.0,0.0,10.0653,0.0,1.49,0.0,0.0001,0.01,1,0,0,0,0,0
1778576982.614906,2026-05-12 12:09:42,0,0,0,0.0,0.0,0.0,0.0,0.0,0.0,0.0,0.0,0,0,0,0,0.0,0.0,0.0,0.0,0.0,0.0,0.0,0.0,0,2,1,1,0.0,0.0,15.0979,0.0,1.12,0.0,0.0,0.0067,1,0,0,0,0,0
1778577012.614906,2026-05-12 12:10:12,0,0,0,0.0,0.0,0.0,0.0,0.0,0.0,0.0,0.0,0,0,0,0,0.0,0.0,0.0,0.0,0.0,0.0,0.0,0.0,0,2,1,1,0.0,0.0,15.0979,0.0,1.12,0.0,0.0,0.0067,1,0,0,0,0,0
1778577042.614906,2026-05-12 12:10:42,0,0,0,0.0,0.0,0.0,0.0,0.0,0.0,0.0,0.0,0,0,0,0,0.0,0.0,0.0,0.0,0.0,0.0,0.0,0.0,0,1,1,1,0.0,0.0,30.1958,0.0,0.75,0.0,0.0,0.0033,1,0,0,0,0,0
1778577072.614906,2026-05-12 12:11:12,0,0,0,0.0,0.0,0.0,0.0,0.0,0.0,0.0,0.0,0,0,0,0,0.0,0.0,0.0,0.0,0.0,0.0,0.0,0.0,0,1,1,1,0.0,0.0,30.1958,0.0,0.75,0.0,0.0,0.0033,1,0,0,0,0,0
1778577102.614906,2026-05-12 12:11:42,0,0,0,0.0,0.0,0.0,0.0,0.0,0.0,0.0,0.0,0,0,0,0,0.0,0.0,0.0,0.0,0.0,0.0,0.0,0.0,0,0,0,0,0.0,0.0,0.0,0.0,0.0,0.0,0.0,0.0,0,0,0,0,0,0
1778577132.614906,2026-05-12 12:12:12,0,0,0,0.0,0.0,0.0,0.0,0.0,0.0,0.0,0.0,0,0,0,0,0.0,0.0,0.0,0.0,0.0,0.0,0.0,0.0,0,0,0,0,0.0,0.0,0.0,0.0,0.0,0.0,0.0,0.0,0,0,0,0,0,0
1778577162.614906,2026-05-12 12:12:42,2,2,2,0.0,0.0,0.3691,1.0,2.67,0.0625,0.0,0.0667,2,2,2,2,0.0,0.0,0.3691,1.0,1.33,0.0625,0.0,0.0333,2,2,2,2,0.0,0.0,0.3691,1.0,0.27,0.0625,0.0,0.0067,2,0,0,0,0,0
1778577192.614906,2026-05-12 12:13:12,0,0,0,0.0,0.0,0.0,0.0,0.0,0.0,0.0,0.0,0,2,2,2,0.0,0.0,0.3691,1.0,1.33,0.0625,0.0,0.0333,2,2,2,2,0.0,0.0,0.3691,1.0,0.27,0.0625,0.0,0.0067,2,0,0,0,0,0
1778577222.614906,2026-05-12 12:13:42,0,0,0,0.0,0.0,0.0,0.0,0.0,0.0,0.0,0.0,0,0,0,0,0.0,0.0,0.0,0.0,0.0,0.0,0.0,0.0,0,2,2,2,0.0,0.0,0.3691,1.0,0.27,0.0625,0.0,0.0067,2,0,0,0,0,0
1778577252.614906,2026-05-12 12:14:12,0,0,0,0.0,0.0,0.0,0.0,0.0,0.0,0.0,0.0,0,0,0,0,0.0,0.0,0.0,0.0,0.0,0.0,0.0,0.0,0,2,2,2,0.0,0.0,0.3691,1.0,0.27,0.0625,0.0,0.0067,2,0,0,0,0,0
1778577282.614906,2026-05-12 12:14:42,0,0,0,0.0,0.0,0.0,0.0,0.0,0.0,0.0,0.0,0,0,0,0,0.0,0.0,0.0,0.0,0.0,0.0,0.0,0.0,0,2,2,2,0.0,0.0,0.3691,1.0,0.27,0.0625,0.0,0.0067,2,0,0,0,0,0
1778577312.614906,2026-05-12 12:15:12,0,0,0,0.0,0.0,0.0,0.0,0.0,0.0,0.0,0.0,0,0,0,0,0.0,0.0,0.0,0.0,0.0,0.0,0.0,0.0,0,2,2,2,0.0,0.0,0.3691,1.0,0.27,0.0625,0.0,0.0067,2,0,0,0,0,0
1778577342.614906,2026-05-12 12:15:42,0,0,0,0.0,0.0,0.0,0.0,0.0,0.0,0.0,0.0,0,0,0,0,0.0,0.0,0.0,0.0,0.0,0.0,0.0,0.0,0,2,2,2,0.0,0.0,0.3691,1.0,0.27,0.0625,0.0,0.0067,2,0,0,0,0,0
1778577372.614906,2026-05-12 12:16:12,2,1,2,0.0,0.0,0.0425,1.0,1.33,0.0,0.0,0.0333,1,2,1,2,0.0,0.0,0.0425,1.0,0.67,0.0,0.0,0.0167,1,4,2,3,0.0,0.0,0.2058,1.0,0.4,0.0507,0.1414,0.0067,2,0,0,0,0,0
1778577402.614906,2026-05-12 12:16:42,1,1,1,0.0,0.0,0.0,0.0,3.73,0.0,0.0,0.0333,1,3,1,3,0.0,0.0,0.0283,0.6667,2.53,0.0,0.1,0.0167,1,5,2,4,0.0,0.0,0.1646,0.8,0.77,0.0451,0.1562,0.0067,2,0,0,0,0,0
1778577432.614906,2026-05-12 12:17:12,0,0,0,0.0,0.0,0.0,0.0,0.0,0.0,0.0,0.0,0,1,1,1,0.0,0.0,0.0,0.0,1.87,0.0,0.0,0.0167,1,5,2,4,0.0,0.0,0.1646,0.8,0.77,0.0451,0.1562,0.0067,2,0,0,0,0,0
1778577462.614906,2026-05-12 12:17:42,0,0,0,0.0,0.0,0.0,0.0,0.0,0.0,0.0,0.0,0,0,0,0,0.0,0.0,0.0,0.0,0.0,0.0,0.0,0.0,0,3,1,3,0.0,0.0,0.0283,0.6667,0.51,0.0,0.1,0.0033,1,0,0,0,0,0
1778577492.614906,2026-05-12 12:18:12,0,0,0,0.0,0.0,0.0,0.0,0.0,0.0,0.0,0.0,0,0,0,0,0.0,0.0,0.0,0.0,0.0,0.0,0.0,0.0,0,3,1,3,0.0,0.0,0.0283,0.6667,0.51,0.0,0.1,0.0033,1,0,0,0,0,0
1778577522.614906,2026-05-12 12:18:42,0,0,0,0.0,0.0,0.0,0.0,0.0,0.0,0.0,0.0,0,0,0,0,0.0,0.0,0.0,0.0,0.0,0.0,0.0,0.0,0,3,1,3,0.0,0.0,0.0283,0.6667,0.51,0.0,0.1,0.0033,1,0,0,0,0,0
1778577552.614906,2026-05-12 12:19:12,0,0,0,0.0,0.0,0.0,0.0,0.0,0.0,0.0,0.0,0,0,0,0,0.0,0.0,0.0,0.0,0.0,0.0,0.0,0.0,0,3,1,3,0.0,0.0,0.0283,0.6667,0.51,0.0,0.1,0.0033,1,0,0,0,0,0
1778577582.614906,2026-05-12 12:19:42,0,0,0,0.0,0.0,0.0,0.0,0.0,0.0,0.0,0.0,0,0,0,0,0.0,0.0,0.0,0.0,0.0,0.0,0.0,0.0,0,3,1,3,0.0,0.0,0.0283,0.6667,0.51,0.0,0.1,0.0033,1,0,0,0,0,0
1778577612.614906,2026-05-12 12:20:12,0,0,0,0.0,0.0,0.0,0.0,0.0,0.0,0.0,0.0,0,0,0,0,0.0,0.0,0.0,0.0,0.0,0.0,0.0,0.0,0,3,1,3,0.0,0.0,0.0283,0.6667,0.51,0.0,0.1,0.0033,1,0,0,0,0,0
1778577642.614906,2026-05-12 12:20:42,1,1,1,0.0,0.0,0.0715,1.0,1.6,0.0,0.0,0.0333,1,1,1,1,0.0,0.0,0.0715,1.0,0.8,0.0,0.0,0.0167,1,4,2,4,0.0,0.0,0.0391,0.75,0.67,0.0507,0.1276,0.0033,1,0,0,0,0,0
1778577672.614906,2026-05-12 12:21:12,0,0,0,0.0,0.0,0.0,0.0,0.0,0.0,0.0,0.0,0,1,1,1,0.0,0.0,0.0715,1.0,0.8,0.0,0.0,0.0167,1,2,2,2,0.0,0.0,0.0358,0.5,0.53,0.0625,0.0,0.0033,1,0,0,0,0,0
1778577702.614906,2026-05-12 12:21:42,0,0,0,0.0,0.0,0.0,0.0,0.0,0.0,0.0,0.0,0,0,0,0,0.0,0.0,0.0,0.0,0.0,0.0,0.0,0.0,0,1,1,1,0.0,0.0,0.0715,1.0,0.16,0.0,0.0,0.0033,1,0,0,0,0,0
1778577732.614906,2026-05-12 12:22:12,0,0,0,0.0,0.0,0.0,0.0,0.0,0.0,0.0,0.0,0,0,0,0,0.0,0.0,0.0,0.0,0.0,0.0,0.0,0.0,0,1,1,1,0.0,0.0,0.0715,1.0,0.16,0.0,0.0,0.0033,1,0,0,0,0,0
1778577762.614906,2026-05-12 12:22:42,0,0,0,0.0,0.0,0.0,0.0,0.0,0.0,0.0,0.0,0,0,0,0,0.0,0.0,0.0,0.0,0.0,0.0,0.0,0.0,0,1,1,1,0.0,0.0,0.0715,1.0,0.16,0.0,0.0,0.0033,1,0,0,0,0,0
1778577792.614906,2026-05-12 12:23:12,2,1,2,0.0,0.0,0.3522,1.0,1.33,0.0,0.0,0.0333,1,2,1,2,0.0,0.0,0.3522,1.0,0.67,0.0,0.0,0.0167,1,3,2,3,0.0,0.0,0.2586,1.0,0.29,0.0574,0.1,0.0033,1,0,0,0,0,0
1778577822.614906,2026-05-12 12:23:42,1,1,1,0.0,0.0,0.0,0.0,3.73,0.0,0.0,0.0333,1,3,1,3,0.0,0.0,0.2348,0.6667,2.53,0.0,0.1,0.0167,1,4,2,4,0.0,0.0,0.194,0.75,0.67,0.0507,0.1082,0.0033,1,0,0,0,0,0
1778577852.614906,2026-05-12 12:24:12,0,0,0,0.0,0.0,0.0,0.0,0.0,0.0,0.0,0.0,0,1,1,1,0.0,0.0,0.0,0.0,1.87,0.0,0.0,0.0167,1,4,2,4,0.0,0.0,0.194,0.75,0.67,0.0507,0.1082,0.0033,1,0,0,0,0,0
1778577882.614906,2026-05-12 12:24:42,1,1,1,0.0,0.0,0.0,0.0,3.73,0.0,0.0,0.0333,1,1,1,1,0.0,0.0,0.0,0.0,1.87,0.0,0.0,0.0167,1,5,2,4,0.0,0.0,0.1552,0.6,1.04,0.0451,0.094,0.0067,1,0,0,0,0,0
1778577912.614906,2026-05-12 12:25:12,0,0,0,0.0,0.0,0.0,0.0,0.0,0.0,0.0,0.0,0,1,1,1,0.0,0.0,0.0,0.0,1.87,0.0,0.0,0.0167,1,5,2,4,0.0,0.0,0.1552,0.6,1.04,0.0451,0.094,0.0067,1,0,0,0,0,0
1778577942.614906,2026-05-12 12:25:42,1,1,1,0.0,0.0,0.0,0.0,3.73,0.0,0.0,0.0333,1,1,1,1,0.0,0.0,0.0,0.0,1.87,0.0,0.0,0.0167,1,5,1,3,0.0,0.0,0.1409,0.4,1.25,0.0,0.0662,0.01,1,0,0,0,0,0
1778577972.614906,2026-05-12 12:26:12,0,0,0,0.0,0.0,0.0,0.0,0.0,0.0,0.0,0.0,0,1,1,1,0.0,0.0,0.0,0.0,1.87,0.0,0.0,0.0167,1,5,1,3,0.0,0.0,0.1409,0.4,1.25,0.0,0.0662,0.01,1,0,0,0,0,0
1778578002.614906,2026-05-12 12:26:42,1,1,1,0.0,0.0,0.0,0.0,3.73,0.0,0.0,0.0333,1,1,1,1,0.0,0.0,0.0,0.0,1.87,0.0,0.0,0.0167,1,6,1,3,0.0,0.0,0.1174,0.3333,1.63,0.0,0.057,0.0133,1,0,0,0,0,0
1778578032.614906,2026-05-12 12:27:12,0,0,0,0.0,0.0,0.0,0.0,0.0,0.0,0.0,0.0,0,1,1,1,0.0,0.0,0.0,0.0,1.87,0.0,0.0,0.0167,1,6,1,3,0.0,0.0,0.1174,0.3333,1.63,0.0,0.057,0.0133,1,0,0,0,0,0
1778578062.614906,2026-05-12 12:27:42,1,1,1,0.0,0.0,0.0,0.0,3.73,0.0,0.0,0.0333,1,1,1,1,0.0,0.0,0.0,0.0,1.87,0.0,0.0,0.0167,1,7,1,3,0.0,0.0,0.1006,0.2857,2.0,0.0,0.0508,0.0167,1,0,0,0,0,0
1778578092.614906,2026-05-12 12:28:12,0,0,0,0.0,0.0,0.0,0.0,0.0,0.0,0.0,0.0,0,1,1,1,0.0,0.0,0.0,0.0,1.87,0.0,0.0,0.0167,1,5,1,1,0.0,0.0,0.0,0.0,1.87,0.0,0.0,0.0167,1,0,0,0,0,0
1778578122.614906,2026-05-12 12:28:42,1,1,1,0.0,0.0,0.0001,0.0,3.73,0.0,0.0,0.0333,1,1,1,1,0.0,0.0,0.0001,0.0,1.87,0.0,0.0,0.0167,1,5,1,1,0.0,0.0,0.0,0.0,1.87,0.0,0.0,0.0167,1,0,0,0,0,0
1778578152.614906,2026-05-12 12:29:12,0,0,0,0.0,0.0,0.0,0.0,0.0,0.0,0.0,0.0,0,1,1,1,0.0,0.0,0.0001,0.0,1.87,0.0,0.0,0.0167,1,5,1,1,0.0,0.0,0.0,0.0,1.87,0.0,0.0,0.0167,1,0,0,0,0,0
1778578182.614906,2026-05-12 12:29:42,0,0,0,0.0,0.0,0.0,0.0,0.0,0.0,0.0,0.0,0,0,0,0,0.0,0.0,0.0,0.0,0.0,0.0,0.0,0.0,0,4,1,1,0.0,0.0,0.0,0.0,1.49,0.0,0.0,0.0133,1,0,0,0,0,0
1778578212.614906,2026-05-12 12:30:12,0,0,0,0.0,0.0,0.0,0.0,0.0,0.0,0.0,0.0,0,0,0,0,0.0,0.0,0.0,0.0,0.0,0.0,0.0,0.0,0,4,1,1,0.0,0.0,0.0,0.0,1.49,0.0,0.0,0.0133,1,0,0,0,0,0
1778578242.614906,2026-05-12 12:30:42,1,1,1,0.0,0.0,0.0,0.0,3.73,0.0,0.0,0.0333,1,1,1,1,0.0,0.0,0.0,0.0,1.87,0.0,0.0,0.0167,1,4,1,1,0.0,0.0,0.0,0.0,1.49,0.0,0.0354,0.0133,1,0,0,0,0,0
1778578272.614906,2026-05-12 12:31:12,0,0,0,0.0,0.0,0.0,0.0,0.0,0.0,0.0,0.0,0,1,1,1,0.0,0.0,0.0,0.0,1.87,0.0,0.0,0.0167,1,4,1,1,0.0,0.0,0.0,0.0,1.49,0.0,0.0354,0.0133,1,0,0,0,0,0
1778578302.614906,2026-05-12 12:31:42,1,1,1,0.0,0.0,0.0,0.0,3.73,0.0,0.0,0.0333,1,1,1,1,0.0,0.0,0.0,0.0,1.87,0.0,0.0,0.0167,1,4,1,1,0.0,0.0,0.0,0.0,1.49,0.0,0.0354,0.0133,1,0,0,0,0,0
1778578332.614906,2026-05-12 12:32:12,0,0,0,0.0,0.0,0.0,0.0,0.0,0.0,0.0,0.0,0,1,1,1,0.0,0.0,0.0,0.0,1.87,0.0,0.0,0.0167,1,4,1,1,0.0,0.0,0.0,0.0,1.49,0.0,0.0354,0.0133,1,0,0,0,0,0
1778578362.614906,2026-05-12 12:32:42,1,1,1,0.0,0.0,0.0,0.0,3.73,0.0,0.0,0.0333,1,1,1,1,0.0,0.0,0.0,0.0,1.87,0.0,0.0,0.0167,1,4,1,1,0.0,0.0,0.0,0.0,1.49,0.0,0.0354,0.0133,1,0,0,0,0,0
1778578392.614906,2026-05-12 12:33:12,0,0,0,0.0,0.0,0.0,0.0,0.0,0.0,0.0,0.0,0,1,1,1,0.0,0.0,0.0,0.0,1.87,0.0,0.0,0.0167,1,4,1,1,0.0,0.0,0.0,0.0,1.49,0.0,0.0354,0.0133,1,0,0,0,0,0
1778578422.614906,2026-05-12 12:33:42,1,1,1,0.0,0.0,0.0001,0.0,3.73,0.0,0.0,0.0333,1,1,1,1,0.0,0.0,0.0001,0.0,1.87,0.0,0.0,0.0167,1,4,1,1,0.0,0.0,0.0,0.0,1.49,0.0,0.0,0.0133,1,0,0,0,0,0
1778578452.614906,2026-05-12 12:34:12,0,0,0,0.0,0.0,0.0,0.0,0.0,0.0,0.0,0.0,0,1,1,1,0.0,0.0,0.0001,0.0,1.87,0.0,0.0,0.0167,1,4,1,1,0.0,0.0,0.0,0.0,1.49,0.0,0.0,0.0133,1,0,0,0,0,0
1778578482.614906,2026-05-12 12:34:42,1,1,1,0.0,0.0,0.0,0.0,3.73,0.0,0.0,0.0333,1,1,1,1,0.0,0.0,0.0,0.0,1.87,0.0,0.0,0.0167,1,5,1,1,0.0,0.0,0.0,0.0,1.87,0.0,0.0,0.0167,1,0,0,0,0,0
1778578512.614906,2026-05-12 12:35:12,0,0,0,0.0,0.0,0.0,0.0,0.0,0.0,0.0,0.0,0,1,1,1,0.0,0.0,0.0,0.0,1.87,0.0,0.0,0.0167,1,5,1,1,0.0,0.0,0.0,0.0,1.87,0.0,0.0,0.0167,1,0,0,0,0,0
1778578542.614906,2026-05-12 12:35:42,1,1,1,0.0,0.0,0.0,0.0,3.73,0.0,0.0,0.0333,1,1,1,1,0.0,0.0,0.0,0.0,1.87,0.0,0.0,0.0167,1,5,1,1,0.0,0.0,0.0,0.0,1.87,0.0,0.0,0.0167,1,0,0,0,0,0
1778578572.614906,2026-05-12 12:36:12,0,0,0,0.0,0.0,0.0,0.0,0.0,0.0,0.0,0.0,0,1,1,1,0.0,0.0,0.0,0.0,1.87,0.0,0.0,0.0167,1,5,1,1,0.0,0.0,0.0,0.0,1.87,0.0,0.0,0.0167,1,0,0,0,0,0
1778578602.614906,2026-05-12 12:36:42,1,1,1,0.0,0.0,0.0,0.0,3.73,0.0,0.0,0.0333,1,1,1,1,0.0,0.0,0.0,0.0,1.87,0.0,0.0,0.0167,1,5,1,1,0.0,0.0,0.0001,0.0,1.87,0.0,0.0,0.0167,1,0,0,0,0,0
1778578632.614906,2026-05-12 12:37:12,0,0,0,0.0,0.0,0.0,0.0,0.0,0.0,0.0,0.0,0,1,1,1,0.0,0.0,0.0,0.0,1.87,0.0,0.0,0.0167,1,5,1,1,0.0,0.0,0.0001,0.0,1.87,0.0,0.0,0.0167,1,0,0,0,0,0
1778578662.614906,2026-05-12 12:37:42,0,0,0,0.0,0.0,0.0,0.0,0.0,0.0,0.0,0.0,0,0,0,0,0.0,0.0,0.0,0.0,0.0,0.0,0.0,0.0,0,4,1,1,0.0,0.0,0.0001,0.0,1.49,0.0,0.0,0.0133,1,0,0,0,0,0
1778578692.614906,2026-05-12 12:38:12,0,0,0,0.0,0.0,0.0,0.0,0.0,0.0,0.0,0.0,0,0,0,0,0.0,0.0,0.0,0.0,0.0,0.0,0.0,0.0,0,4,1,1,0.0,0.0,0.0001,0.0,1.49,0.0,0.0,0.0133,1,0,0,0,0,0
1778578722.614906,2026-05-12 12:38:42,0,0,0,0.0,0.0,0.0,0.0,0.0,0.0,0.0,0.0,0,0,0,0,0.0,0.0,0.0,0.0,0.0,0.0,0.0,0.0,0,3,1,1,0.0,0.0,0.0,0.0,1.12,0.0,0.0001,0.01,1,0,0,0,0,0
1778578752.614906,2026-05-12 12:39:12,0,0,0,0.0,0.0,0.0,0.0,0.0,0.0,0.0,0.0,0,0,0,0,0.0,0.0,0.0,0.0,0.0,0.0,0.0,0.0,0,3,1,1,0.0,0.0,0.0,0.0,1.12,0.0,0.0001,0.01,1,0,0,0,0,0
1778578782.614906,2026-05-12 12:39:42,0,0,0,0.0,0.0,0.0,0.0,0.0,0.0,0.0,0.0,0,0,0,0,0.0,0.0,0.0,0.0,0.0,0.0,0.0,0.0,0,2,1,1,0.0,0.0,0.0,0.0,0.75,0.0,0.0,0.0067,1,0,0,0,0,0
1778578812.614906,2026-05-12 12:40:12,0,0,0,0.0,0.0,0.0,0.0,0.0,0.0,0.0,0.0,0,0,0,0,0.0,0.0,0.0,0.0,0.0,0.0,0.0,0.0,0,2,1,1,0.0,0.0,0.0,0.0,0.75,0.0,0.0,0.0067,1,0,0,0,0,0
1778578842.614906,2026-05-12 12:40:42,0,0,0,0.0,0.0,0.0,0.0,0.0,0.0,0.0,0.0,0,0,0,0,0.0,0.0,0.0,0.0,0.0,0.0,0.0,0.0,0,1,1,1,0.0,0.0,0.0,0.0,0.37,0.0,0.0,0.0033,1,0,0,0,0,0
1778578872.614906,2026-05-12 12:41:12,0,0,0,0.0,0.0,0.0,0.0,0.0,0.0,0.0,0.0,0,0,0,0,0.0,0.0,0.0,0.0,0.0,0.0,0.0,0.0,0,1,1,1,0.0,0.0,0.0,0.0,0.37,0.0,0.0,0.0033,1,0,0,0,0,0
1778578902.614906,2026-05-12 12:41:42,0,0,0,0.0,0.0,0.0,0.0,0.0,0.0,0.0,0.0,0,0,0,0,0.0,0.0,0.0,0.0,0.0,0.0,0.0,0.0,0,0,0,0,0.0,0.0,0.0,0.0,0.0,0.0,0.0,0.0,0,0,0,0,0,0
1778578932.614906,2026-05-12 12:42:12,0,0,0,0.0,0.0,0.0,0.0,0.0,0.0,0.0,0.0,0,0,0,0,0.0,0.0,0.0,0.0,0.0,0.0,0.0,0.0,0,0,0,0,0.0,0.0,0.0,0.0,0.0,0.0,0.0,0.0,0,0,0,0,0,0
1778578962.614906,2026-05-12 12:42:42,0,0,0,0.0,0.0,0.0,0.0,0.0,0.0,0.0,0.0,0,0,0,0,0.0,0.0,0.0,0.0,0.0,0.0,0.0,0.0,0,0,0,0,0.0,0.0,0.0,0.0,0.0,0.0,0.0,0.0,0,0,0,0,0,0
1778578992.614906,2026-05-12 12:43:12,1,1,1,0.0,0.0,0.0001,0.0,3.73,0.0,0.0,0.0333,1,1,1,1,0.0,0.0,0.0001,0.0,1.87,0.0,0.0,0.0167,1,1,1,1,0.0,0.0,0.0001,0.0,0.37,0.0,0.0,0.0033,1,0,0,0,0,0
1778579022.614906,2026-05-12 12:43:42,0,0,0,0.0,0.0,0.0,0.0,0.0,0.0,0.0,0.0,0,1,1,1,0.0,0.0,0.0001,0.0,1.87,0.0,0.0,0.0167,1,1,1,1,0.0,0.0,0.0001,0.0,0.37,0.0,0.0,0.0033,1,0,0,0,0,0
1778579052.614906,2026-05-12 12:44:12,1,1,1,0.0,0.0,0.0,0.0,3.73,0.0,0.0,0.0333,1,1,1,1,0.0,0.0,0.0,0.0,1.87,0.0,0.0,0.0167,1,2,1,1,0.0,0.0,0.0,0.0,0.75,0.0,0.0,0.0067,1,0,0,0,0,0
1778579082.614906,2026-05-12 12:44:42,0,0,0,0.0,0.0,0.0,0.0,0.0,0.0,0.0,0.0,0,1,1,1,0.0,0.0,0.0,0.0,1.87,0.0,0.0,0.0167,1,2,1,1,0.0,0.0,0.0,0.0,0.75,0.0,0.0,0.0067,1,0,0,0,0,0
1778579112.614906,2026-05-12 12:45:12,1,1,1,0.0,0.0,0.0,0.0,3.73,0.0,0.0,0.0333,1,1,1,1,0.0,0.0,0.0,0.0,1.87,0.0,0.0,0.0167,1,3,1,1,0.0,0.0,0.0,0.0,1.12,0.0,0.0001,0.01,1,0,0,0,0,0
1778579142.614906,2026-05-12 12:45:42,0,0,0,0.0,0.0,0.0,0.0,0.0,0.0,0.0,0.0,0,1,1,1,0.0,0.0,0.0,0.0,1.87,0.0,0.0,0.0167,1,3,1,1,0.0,0.0,0.0,0.0,1.12,0.0,0.0001,0.01,1,0,0,0,0,0
1778579172.614906,2026-05-12 12:46:12,1,1,1,0.0,0.0,0.0,0.0,3.73,0.0,0.0,0.0333,1,1,1,1,0.0,0.0,0.0,0.0,1.87,0.0,0.0,0.0167,1,4,1,1,0.0,0.0,0.0,0.0,1.49,0.0,0.0001,0.0133,1,0,0,0,0,0
1778579202.614906,2026-05-12 12:46:42,0,0,0,0.0,0.0,0.0,0.0,0.0,0.0,0.0,0.0,0,1,1,1,0.0,0.0,0.0,0.0,1.87,0.0,0.0,0.0167,1,4,1,1,0.0,0.0,0.0,0.0,1.49,0.0,0.0001,0.0133,1,0,0,0,0,0
1778579232.614906,2026-05-12 12:47:12,1,1,1,0.0,0.0,0.0001,0.0,3.73,0.0,0.0,0.0333,1,1,1,1,0.0,0.0,0.0001,0.0,1.87,0.0,0.0,0.0167,1,5,1,1,0.0,0.0,0.0001,0.0,1.87,0.0,0.0001,0.0167,1,0,0,0,0,0
1778579262.614906,2026-05-12 12:47:42,0,0,0,0.0,0.0,0.0,0.0,0.0,0.0,0.0,0.0,0,1,1,1,0.0,0.0,0.0001,0.0,1.87,0.0,0.0,0.0167,1,5,1,1,0.0,0.0,0.0001,0.0,1.87,0.0,0.0001,0.0167,1,0,0,0,0,0
1778579292.614906,2026-05-12 12:48:12,1,1,1,0.0,0.0,0.0,0.0,3.73,0.0,0.0,0.0333,1,1,1,1,0.0,0.0,0.0,0.0,1.87,0.0,0.0,0.0167,1,5,1,1,0.0,0.0,0.0001,0.0,1.87,0.0,0.0001,0.0167,1,0,0,0,0,0
1778579322.614906,2026-05-12 12:48:42,0,0,0,0.0,0.0,0.0,0.0,0.0,0.0,0.0,0.0,0,1,1,1,0.0,0.0,0.0,0.0,1.87,0.0,0.0,0.0167,1,5,1,1,0.0,0.0,0.0001,0.0,1.87,0.0,0.0001,0.0167,1,0,0,0,0,0
1778579352.614906,2026-05-12 12:49:12,0,0,0,0.0,0.0,0.0,0.0,0.0,0.0,0.0,0.0,0,0,0,0,0.0,0.0,0.0,0.0,0.0,0.0,0.0,0.0,0,4,1,1,0.0,0.0,0.0001,0.0,1.49,0.0,0.0,0.0133,1,0,0,0,0,0
1778579382.614906,2026-05-12 12:49:42,0,0,0,0.0,0.0,0.0,0.0,0.0,0.0,0.0,0.0,0,0,0,0,0.0,0.0,0.0,0.0,0.0,0.0,0.0,0.0,0,4,1,1,0.0,0.0,0.0001,0.0,1.49,0.0,0.0,0.0133,1,0,0,0,0,0
1778579412.614906,2026-05-12 12:50:12,1,1,1,0.0,0.0,0.0006,0.0,3.73,0.0,0.0,0.0333,1,1,1,1,0.0,0.0,0.0006,0.0,1.87,0.0,0.0,0.0167,1,4,1,1,0.0,0.0,0.0002,0.0,1.49,0.0,0.0354,0.0133,1,0,0,0,0,0
1778579442.614906,2026-05-12 12:50:42,0,0,0,0.0,0.0,0.0,0.0,0.0,0.0,0.0,0.0,0,1,1,1,0.0,0.0,0.0006,0.0,1.87,0.0,0.0,0.0167,1,4,1,1,0.0,0.0,0.0002,0.0,1.49,0.0,0.0354,0.0133,1,0,0,0,0,0
1778579472.614906,2026-05-12 12:51:12,1,1,1,0.0,0.0,0.0,0.0,3.73,0.0,0.0,0.0333,1,1,1,1,0.0,0.0,0.0,0.0,1.87,0.0,0.0,0.0167,1,4,1,1,0.0,0.0,0.0002,0.0,1.49,0.0,0.0353,0.0133,1,0,0,0,0,0
1778579502.614906,2026-05-12 12:51:42,0,0,0,0.0,0.0,0.0,0.0,0.0,0.0,0.0,0.0,0,1,1,1,0.0,0.0,0.0,0.0,1.87,0.0,0.0,0.0167,1,4,1,1,0.0,0.0,0.0002,0.0,1.49,0.0,0.0353,0.0133,1,0,0,0,0,0
1778579532.614906,2026-05-12 12:52:12,1,1,1,0.0,0.0,0.0001,0.0,3.73,0.0,0.0,0.0333,1,1,1,1,0.0,0.0,0.0001,0.0,1.87,0.0,0.0,0.0167,1,4,1,1,0.0,0.0,0.0002,0.0,1.49,0.0,0.0353,0.0133,1,0,0,0,0,0
1778579562.614906,2026-05-12 12:52:42,0,0,0,0.0,0.0,0.0,0.0,0.0,0.0,0.0,0.0,0,1,1,1,0.0,0.0,0.0001,0.0,1.87,0.0,0.0,0.0167,1,4,1,1,0.0,0.0,0.0002,0.0,1.49,0.0,0.0353,0.0133,1,0,0,0,0,0
1778579592.614906,2026-05-12 12:53:12,0,0,0,0.0,0.0,0.0,0.0,0.0,0.0,0.0,0.0,0,0,0,0,0.0,0.0,0.0,0.0,0.0,0.0,0.0,0.0,0,3,1,1,0.0,0.0,0.0002,0.0,1.12,0.0,0.0,0.01,1,0,0,0,0,0
1778579622.614906,2026-05-12 12:53:42,0,0,0,0.0,0.0,0.0,0.0,0.0,0.0,0.0,0.0,0,0,0,0,0.0,0.0,0.0,0.0,0.0,0.0,0.0,0.0,0,3,1,1,0.0,0.0,0.0002,0.0,1.12,0.0,0.0,0.01,1,0,0,0,0,0
1778579652.614906,2026-05-12 12:54:12,0,0,0,0.0,0.0,0.0,0.0,0.0,0.0,0.0,0.0,0,0,0,0,0.0,0.0,0.0,0.0,0.0,0.0,0.0,0.0,0,3,1,1,0.0,0.0,0.0002,0.0,1.12,0.0,0.0,0.01,1,0,0,0,0,0
1778579682.614906,2026-05-12 12:54:42,2,2,2,0.0,0.0,0.0356,1.0,1.6,0.0625,0.0,0.0333,1,2,2,2,0.0,0.0,0.0356,1.0,0.8,0.0625,0.0,0.0167,1,5,2,3,0.0,0.0,0.0144,0.4,1.28,0.0451,0.0716,0.01,1,0,0,0,0,0
1778579712.614906,2026-05-12 12:55:12,0,0,0,0.0,0.0,0.0,0.0,0.0,0.0,0.0,0.0,0,2,2,2,0.0,0.0,0.0356,1.0,0.8,0.0625,0.0,0.0167,1,4,2,3,0.0,0.0,0.0178,0.5,0.91,0.0507,0.0797,0.0067,1,0,0,0,0,0
1778579742.614906,2026-05-12 12:55:42,0,0,0,0.0,0.0,0.0,0.0,0.0,0.0,0.0,0.0,0,0,0,0,0.0,0.0,0.0,0.0,0.0,0.0,0.0,0.0,0,4,2,3,0.0,0.0,0.0178,0.5,0.91,0.0507,0.0797,0.0067,1,0,0,0,0,0
1778579772.614906,2026-05-12 12:56:12,0,0,0,0.0,0.0,0.0,0.0,0.0,0.0,0.0,0.0,0,0,0,0,0.0,0.0,0.0,0.0,0.0,0.0,0.0,0.0,0,3,2,3,0.0,0.0,0.0238,0.6667,0.53,0.0574,0.091,0.0033,1,0,0,0,0,0
1778579802.614906,2026-05-12 12:56:42,0,0,0,0.0,0.0,0.0,0.0,0.0,0.0,0.0,0.0,0,0,0,0,0.0,0.0,0.0,0.0,0.0,0.0,0.0,0.0,0,3,2,3,0.0,0.0,0.0238,0.6667,0.53,0.0574,0.091,0.0033,1,0,0,0,0,0
1778579832.614906,2026-05-12 12:57:12,0,0,0,0.0,0.0,0.0,0.0,0.0,0.0,0.0,0.0,0,0,0,0,0.0,0.0,0.0,0.0,0.0,0.0,0.0,0.0,0,2,2,2,0.0,0.0,0.0356,1.0,0.16,0.0625,0.0,0.0033,1,0,0,0,0,0
1778579862.614906,2026-05-12 12:57:42,0,0,0,0.0,0.0,0.0,0.0,0.0,0.0,0.0,0.0,0,0,0,0,0.0,0.0,0.0,0.0,0.0,0.0,0.0,0.0,0,2,2,2,0.0,0.0,0.0356,1.0,0.16,0.0625,0.0,0.0033,1,0,0,0,0,0
1778579892.614906,2026-05-12 12:58:12,0,0,0,0.0,0.0,0.0,0.0,0.0,0.0,0.0,0.0,0,0,0,0,0.0,0.0,0.0,0.0,0.0,0.0,0.0,0.0,0,2,2,2,0.0,0.0,0.0356,1.0,0.16,0.0625,0.0,0.0033,1,0,0,0,0,0
1778579922.614906,2026-05-12 12:58:42,0,0,0,0.0,0.0,0.0,0.0,0.0,0.0,0.0,0.0,0,0,0,0,0.0,0.0,0.0,0.0,0.0,0.0,0.0,0.0,0,2,2,2,0.0,0.0,0.0356,1.0,0.16,0.0625,0.0,0.0033,1,0,0,0,0,0
1778579952.614906,2026-05-12 12:59:12,0,0,0,0.0,0.0,0.0,0.0,0.0,0.0,0.0,0.0,0,0,0,0,0.0,0.0,0.0,0.0,0.0,0.0,0.0,0.0,0,2,2,2,0.0,0.0,0.0356,1.0,0.16,0.0625,0.0,0.0033,1,0,0,0,0,0
1778579982.614906,2026-05-12 12:59:42,0,0,0,0.0,0.0,0.0,0.0,0.0,0.0,0.0,0.0,0,0,0,0,0.0,0.0,0.0,0.0,0.0,0.0,0.0,0.0,0,0,0,0,0.0,0.0,0.0,0.0,0.0,0.0,0.0,0.0,0,0,0,0,0,0
1778580012.614906,2026-05-12 13:00:12,10,1,1,0.0,0.3333,0.0654,0.0,56.27,0.0,0.1113,0.3333,1,10,1,1,0.0,0.1667,0.0654,0.0,28.13,0.0,0.1113,0.1667,1,10,1,1,0.0,0.0333,0.0654,0.0,5.63,0.0,0.1113,0.0333,1,0,0,0,0,0
1778580042.614906,2026-05-12 13:00:42,0,0,0,0.0,0.0,0.0,0.0,0.0,0.0,0.0,0.0,0,10,1,1,0.0,0.1667,0.0654,0.0,28.13,0.0,0.1113,0.1667,1,10,1,1,0.0,0.0333,0.0654,0.0,5.63,0.0,0.1113,0.0333,1,0,0,0,0,0
1778580072.614906,2026-05-12 13:01:12,0,0,0,0.0,0.0,0.0,0.0,0.0,0.0,0.0,0.0,0,0,0,0,0.0,0.0,0.0,0.0,0.0,0.0,0.0,0.0,0,10,1,1,0.0,0.0333,0.0654,0.0,5.63,0.0,0.1113,0.0333,1,0,0,0,0,0
1778580102.614906,2026-05-12 13:01:42,0,0,0,0.0,0.0,0.0,0.0,0.0,0.0,0.0,0.0,0,0,0,0,0.0,0.0,0.0,0.0,0.0,0.0,0.0,0.0,0,10,1,1,0.0,0.0333,0.0654,0.0,5.63,0.0,0.1113,0.0333,1,0,0,0,0,0
1778580132.614906,2026-05-12 13:02:12,0,0,0,0.0,0.0,0.0,0.0,0.0,0.0,0.0,0.0,0,0,0,0,0.0,0.0,0.0,0.0,0.0,0.0,0.0,0.0,0,10,1,1,0.0,0.0333,0.0654,0.0,5.63,0.0,0.1113,0.0333,1,0,0,0,0,0
1778580162.614906,2026-05-12 13:02:42,0,0,0,0.0,0.0,0.0,0.0,0.0,0.0,0.0,0.0,0,0,0,0,0.0,0.0,0.0,0.0,0.0,0.0,0.0,0.0,0,10,1,1,0.0,0.0333,0.0654,0.0,5.63,0.0,0.1113,0.0333,1,0,0,0,0,0
1778580192.614906,2026-05-12 13:03:12,1,1,1,0.0,0.0,0.0,0.0,3.73,0.0,0.0,0.0333,1,1,1,1,0.0,0.0,0.0,0.0,1.87,0.0,0.0,0.0167,1,11,2,2,0.0,0.0333,0.0595,0.0,6.0,0.0275,0.299,0.0333,1,0,0,0,0,0
1778580222.614906,2026-05-12 13:03:42,0,0,0,0.0,0.0,0.0,0.0,0.0,0.0,0.0,0.0,0,1,1,1,0.0,0.0,0.0,0.0,1.87,0.0,0.0,0.0167,1,11,2,2,0.0,0.0333,0.0595,0.0,6.0,0.0275,0.299,0.0333,1,0,0,0,0,0
1778580252.614906,2026-05-12 13:04:12,1,1,1,0.0,0.0,0.0,0.0,3.73,0.0,0.0,0.0333,1,1,1,1,0.0,0.0,0.0,0.0,1.87,0.0,0.0,0.0167,1,12,2,2,0.0,0.0333,0.0545,0.0,6.37,0.0406,0.2406,0.0333,1,0,0,0,0,0
1778580282.614906,2026-05-12 13:04:42,0,0,0,0.0,0.0,0.0,0.0,0.0,0.0,0.0,0.0,0,1,1,1,0.0,0.0,0.0,0.0,1.87,0.0,0.0,0.0167,1,12,2,2,0.0,0.0333,0.0545,0.0,6.37,0.0406,0.2406,0.0333,1,0,0,0,0,0
1778580312.614906,2026-05-12 13:05:12,0,0,0,0.0,0.0,0.0,0.0,0.0,0.0,0.0,0.0,0,0,0,0,0.0,0.0,0.0,0.0,0.0,0.0,0.0,0.0,0,2,1,1,0.0,0.0,0.0,0.0,0.75,0.0,0.0,0.0067,1,0,0,0,0,0
1778580342.614906,2026-05-12 13:05:42,1,1,1,0.0,0.0,0.0,1.0,0.0,0.0,0.0,0.0333,1,1,1,1,0.0,0.0,0.0,1.0,0.0,0.0,0.0,0.0167,1,3,1,2,0.0,0.0,0.0,0.3333,0.75,0.0,0.0115,0.0067,1,0,0,0,0,0
1778580372.614906,2026-05-12 13:06:12,1,1,1,0.0,0.0,0.0,0.0,3.73,0.0,0.0,0.0333,1,2,1,2,0.0,0.0,0.0,0.5,1.87,0.0,0.0,0.0167,1,4,1,2,0.0,0.0,0.0,0.25,1.12,0.0,0.0213,0.01,1,0,0,0,0,0
1778580402.614906,2026-05-12 13:06:42,0,0,0,0.0,0.0,0.0,0.0,0.0,0.0,0.0,0.0,0,1,1,1,0.0,0.0,0.0,0.0,1.87,0.0,0.0,0.0167,1,4,1,2,0.0,0.0,0.0,0.25,1.12,0.0,0.0213,0.01,1,0,0,0,0,0
1778580432.614906,2026-05-12 13:07:12,2,1,2,0.0,0.0,7.5952,0.5,6.4,0.0,0.0,0.0333,1,2,1,2,0.0,0.0,7.5952,0.5,3.2,0.0,0.0,0.0167,1,6,1,3,0.0,0.0,2.5318,0.3333,1.76,0.0,0.0531,0.0133,1,0,0,0,0,0
1778580462.614906,2026-05-12 13:07:42,0,0,0,0.0,0.0,0.0,0.0,0.0,0.0,0.0,0.0,0,2,1,2,0.0,0.0,7.5952,0.5,3.2,0.0,0.0,0.0167,1,6,1,3,0.0,0.0,2.5318,0.3333,1.76,0.0,0.0531,0.0133,1,0,0,0,0,0
1778580492.614906,2026-05-12 13:08:12,1,1,1,0.0,0.0,0.0001,0.0,3.73,0.0,0.0,0.0333,1,1,1,1,0.0,0.0,0.0001,0.0,1.87,0.0,0.0,0.0167,1,6,1,3,0.0,0.0,2.5318,0.3333,1.76,0.0,0.0531,0.0133,1,0,0,0,0,0
1778580522.614906,2026-05-12 13:08:42,0,0,0,0.0,0.0,0.0,0.0,0.0,0.0,0.0,0.0,0,1,1,1,0.0,0.0,0.0001,0.0,1.87,0.0,0.0,0.0167,1,6,1,3,0.0,0.0,2.5318,0.3333,1.76,0.0,0.0531,0.0133,1,0,0,0,0,0
1778580552.614906,2026-05-12 13:09:12,2,2,2,0.0,0.0,0.0022,0.0,14.03,0.0625,0.0,0.0333,1,2,2,2,0.0,0.0,0.0022,0.0,7.02,0.0625,0.0,0.0167,1,7,2,4,0.0,0.0,2.1707,0.2857,2.79,0.037,0.0685,0.0133,1,0,0,0,0,0
1778580582.614906,2026-05-12 13:09:42,0,0,0,0.0,0.0,0.0,0.0,0.0,0.0,0.0,0.0,0,2,2,2,0.0,0.0,0.0022,0.0,7.02,0.0625,0.0,0.0167,1,7,2,4,0.0,0.0,2.1707,0.2857,2.79,0.037,0.0685,0.0133,1,0,0,0,0,0
1778580612.614906,2026-05-12 13:10:12,1,1,1,0.0,0.0,0.0,0.0,3.73,0.0,0.0,0.0333,1,1,1,1,0.0,0.0,0.0,0.0,1.87,0.0,0.0,0.0167,1,8,2,4,0.0,0.0,1.8994,0.25,3.16,0.034,0.0614,0.0167,1,0,0,0,0,0
1778580642.614906,2026-05-12 13:10:42,0,0,0,0.0,0.0,0.0,0.0,0.0,0.0,0.0,0.0,0,1,1,1,0.0,0.0,0.0,0.0,1.87,0.0,0.0,0.0167,1,7,2,3,0.0,0.0,2.1707,0.1429,3.16,0.037,0.0672,0.0167,1,0,0,0,0,0
1778580672.614906,2026-05-12 13:11:12,1,1,1,0.0,0.0,0.0,0.0,3.73,0.0,0.0,0.0333,1,1,1,1,0.0,0.0,0.0,0.0,1.87,0.0,0.0,0.0167,1,7,2,3,0.0,0.0,2.1707,0.1429,3.16,0.037,0.0673,0.0167,1,0,0,0,0,0
1778580702.614906,2026-05-12 13:11:42,0,0,0,0.0,0.0,0.0,0.0,0.0,0.0,0.0,0.0,0,1,1,1,0.0,0.0,0.0,0.0,1.87,0.0,0.0,0.0167,1,7,2,3,0.0,0.0,2.1707,0.1429,3.16,0.037,0.0673,0.0167,1,0,0,0,0,0
1778580732.614906,2026-05-12 13:12:12,1,1,1,0.0,0.0,0.0,0.0,3.73,0.0,0.0,0.0333,1,1,1,1,0.0,0.0,0.0,0.0,1.87,0.0,0.0,0.0167,1,6,2,2,0.0,0.0,0.0008,0.0,2.9,0.0406,0.047,0.0167,1,0,0,0,0,0
1778580762.614906,2026-05-12 13:12:42,0,0,0,0.0,0.0,0.0,0.0,0.0,0.0,0.0,0.0,0,1,1,1,0.0,0.0,0.0,0.0,1.87,0.0,0.0,0.0167,1,6,2,2,0.0,0.0,0.0008,0.0,2.9,0.0406,0.047,0.0167,1,0,0,0,0,0
1778580792.614906,2026-05-12 13:13:12,1,1,1,0.0,0.0,0.0,0.0,3.73,0.0,0.0,0.0333,1,1,1,1,0.0,0.0,0.0,0.0,1.87,0.0,0.0,0.0167,1,6,2,2,0.0,0.0,0.0008,0.0,2.9,0.0406,0.047,0.0167,1,0,0,0,0,0
1778580822.614906,2026-05-12 13:13:42,0,0,0,0.0,0.0,0.0,0.0,0.0,0.0,0.0,0.0,0,1,1,1,0.0,0.0,0.0,0.0,1.87,0.0,0.0,0.0167,1,6,2,2,0.0,0.0,0.0008,0.0,2.9,0.0406,0.047,0.0167,1,0,0,0,0,0
1778580852.614906,2026-05-12 13:14:12,1,1,1,0.0,0.0,0.0,0.0,3.73,0.0,0.0,0.0333,1,1,1,1,0.0,0.0,0.0,0.0,1.87,0.0,0.0,0.0167,1,5,1,1,0.0,0.0,0.0,0.0,1.87,0.0,0.0001,0.0167,1,0,0,0,0,0
1778580882.614906,2026-05-12 13:14:42,0,0,0,0.0,0.0,0.0,0.0,0.0,0.0,0.0,0.0,0,1,1,1,0.0,0.0,0.0,0.0,1.87,0.0,0.0,0.0167,1,5,1,1,0.0,0.0,0.0,0.0,1.87,0.0,0.0001,0.0167,1,0,0,0,0,0
1778580912.614906,2026-05-12 13:15:12,1,1,1,0.0,0.0,0.0,0.0,3.73,0.0,0.0,0.0333,1,1,1,1,0.0,0.0,0.0,0.0,1.87,0.0,0.0,0.0167,1,5,1,1,0.0,0.0,0.0,0.0,1.87,0.0,0.0001,0.0167,1,0,0,0,0,0
1778580942.614906,2026-05-12 13:15:42,0,0,0,0.0,0.0,0.0,0.0,0.0,0.0,0.0,0.0,0,1,1,1,0.0,0.0,0.0,0.0,1.87,0.0,0.0,0.0167,1,5,1,1,0.0,0.0,0.0,0.0,1.87,0.0,0.0001,0.0167,1,0,0,0,0,0
1778580972.614906,2026-05-12 13:16:12,1,1,1,0.0,0.0,0.0,0.0,3.73,0.0,0.0,0.0333,1,1,1,1,0.0,0.0,0.0,0.0,1.87,0.0,0.0,0.0167,1,5,1,1,0.0,0.0,0.0,0.0,1.87,0.0,0.0,0.0167,1,0,0,0,0,0
1778581002.614906,2026-05-12 13:16:42,0,0,0,0.0,0.0,0.0,0.0,0.0,0.0,0.0,0.0,0,1,1,1,0.0,0.0,0.0,0.0,1.87,0.0,0.0,0.0167,1,5,1,1,0.0,0.0,0.0,0.0,1.87,0.0,0.0,0.0167,1,0,0,0,0,0
1778581032.614906,2026-05-12 13:17:12,1,1,1,0.0,0.0,0.0,0.0,3.73,0.0,0.0,0.0333,1,1,1,1,0.0,0.0,0.0,0.0,1.87,0.0,0.0,0.0167,1,5,1,1,0.0,0.0,0.0,0.0,1.87,0.0,0.0,0.0167,1,0,0,0,0,0
1778581062.614906,2026-05-12 13:17:42,0,0,0,0.0,0.0,0.0,0.0,0.0,0.0,0.0,0.0,0,1,1,1,0.0,0.0,0.0,0.0,1.87,0.0,0.0,0.0167,1,5,1,1,0.0,0.0,0.0,0.0,1.87,0.0,0.0,0.0167,1,0,0,0,0,0
1778581092.614906,2026-05-12 13:18:12,1,1,1,0.0,0.0,0.0,0.0,3.73,0.0,0.0,0.0333,1,1,1,1,0.0,0.0,0.0,0.0,1.87,0.0,0.0,0.0167,1,5,1,1,0.0,0.0,0.0,0.0,1.87,0.0,0.0,0.0167,1,0,0,0,0,0
1778581122.614906,2026-05-12 13:18:42,0,0,0,0.0,0.0,0.0,0.0,0.0,0.0,0.0,0.0,0,1,1,1,0.0,0.0,0.0,0.0,1.87,0.0,0.0,0.0167,1,5,1,1,0.0,0.0,0.0,0.0,1.87,0.0,0.0,0.0167,1,0,0,0,0,0
1778581152.614906,2026-05-12 13:19:12,1,1,1,0.0,0.0,0.0,0.0,3.73,0.0,0.0,0.0333,1,1,1,1,0.0,0.0,0.0,0.0,1.87,0.0,0.0,0.0167,1,5,1,1,0.0,0.0,0.0,0.0,1.87,0.0,0.0,0.0167,1,0,0,0,0,0
1778581182.614906,2026-05-12 13:19:42,0,0,0,0.0,0.0,0.0,0.0,0.0,0.0,0.0,0.0,0,1,1,1,0.0,0.0,0.0,0.0,1.87,0.0,0.0,0.0167,1,5,1,1,0.0,0.0,0.0,0.0,1.87,0.0,0.0,0.0167,1,0,0,0,0,0
1778581212.614906,2026-05-12 13:20:12,1,1,1,0.0,0.0,0.0,0.0,3.73,0.0,0.0,0.0333,1,1,1,1,0.0,0.0,0.0,0.0,1.87,0.0,0.0,0.0167,1,5,1,1,0.0,0.0,0.0,0.0,1.87,0.0,0.0,0.0167,1,0,0,0,0,0
1778581242.614906,2026-05-12 13:20:42,0,0,0,0.0,0.0,0.0,0.0,0.0,0.0,0.0,0.0,0,1,1,1,0.0,0.0,0.0,0.0,1.87,0.0,0.0,0.0167,1,5,1,1,0.0,0.0,0.0,0.0,1.87,0.0,0.0,0.0167,1,0,0,0,0,0
1778581272.614906,2026-05-12 13:21:12,1,1,1,0.0,0.0,0.0,0.0,3.73,0.0,0.0,0.0333,1,1,1,1,0.0,0.0,0.0,0.0,1.87,0.0,0.0,0.0167,1,5,1,1,0.0,0.0,0.0,0.0,1.87,0.0,0.0001,0.0167,1,0,0,0,0,0
1778581302.614906,2026-05-12 13:21:42,0,0,0,0.0,0.0,0.0,0.0,0.0,0.0,0.0,0.0,0,1,1,1,0.0,0.0,0.0,0.0,1.87,0.0,0.0,0.0167,1,5,1,1,0.0,0.0,0.0,0.0,1.87,0.0,0.0001,0.0167,1,0,0,0,0,0
1778581332.614906,2026-05-12 13:22:12,1,1,1,0.0,0.0,0.0,0.0,3.73,0.0,0.0,0.0333,1,1,1,1,0.0,0.0,0.0,0.0,1.87,0.0,0.0,0.0167,1,5,1,1,0.0,0.0,0.0,0.0,1.87,0.0,0.0,0.0167,1,0,0,0,0,0
1778581362.614906,2026-05-12 13:22:42,0,0,0,0.0,0.0,0.0,0.0,0.0,0.0,0.0,0.0,0,1,1,1,0.0,0.0,0.0,0.0,1.87,0.0,0.0,0.0167,1,5,1,1,0.0,0.0,0.0,0.0,1.87,0.0,0.0,0.0167,1,0,0,0,0,0
1778581392.614906,2026-05-12 13:23:12,1,1,1,0.0,0.0,0.0001,0.0,3.73,0.0,0.0,0.0333,1,1,1,1,0.0,0.0,0.0001,0.0,1.87,0.0,0.0,0.0167,1,5,1,1,0.0,0.0,0.0,0.0,1.87,0.0,0.0001,0.0167,1,0,0,0,0,0
1778581422.614906,2026-05-12 13:23:42,0,0,0,0.0,0.0,0.0,0.0,0.0,0.0,0.0,0.0,0,1,1,1,0.0,0.0,0.0001,0.0,1.87,0.0,0.0,0.0167,1,5,1,1,0.0,0.0,0.0,0.0,1.87,0.0,0.0001,0.0167,1,0,0,0,0,0
1778581452.614906,2026-05-12 13:24:12,1,1,1,0.0,0.0,0.0,0.0,3.73,0.0,0.0,0.0333,1,1,1,1,0.0,0.0,0.0,0.0,1.87,0.0,0.0,0.0167,1,5,1,1,0.0,0.0,0.0,0.0,1.87,0.0,0.0001,0.0167,1,0,0,0,0,0
1778581482.614906,2026-05-12 13:24:42,0,0,0,0.0,0.0,0.0,0.0,0.0,0.0,0.0,0.0,0,1,1,1,0.0,0.0,0.0,0.0,1.87,0.0,0.0,0.0167,1,5,1,1,0.0,0.0,0.0,0.0,1.87,0.0,0.0001,0.0167,1,0,0,0,0,0
1778581512.614906,2026-05-12 13:25:12,1,1,1,0.0,0.0,0.0,0.0,3.73,0.0,0.0,0.0333,1,1,1,1,0.0,0.0,0.0,0.0,1.87,0.0,0.0,0.0167,1,5,1,1,0.0,0.0,0.0,0.0,1.87,0.0,0.0001,0.0167,1,0,0,0,0,0
1778581542.614906,2026-05-12 13:25:42,0,0,0,0.0,0.0,0.0,0.0,0.0,0.0,0.0,0.0,0,1,1,1,0.0,0.0,0.0,0.0,1.87,0.0,0.0,0.0167,1,5,1,1,0.0,0.0,0.0,0.0,1.87,0.0,0.0001,0.0167,1,0,0,0,0,0
1778581572.614906,2026-05-12 13:26:12,1,1,1,0.0,0.0,0.0001,0.0,3.73,0.0,0.0,0.0333,1,1,1,1,0.0,0.0,0.0001,0.0,1.87,0.0,0.0,0.0167,1,5,1,1,0.0,0.0,0.0001,0.0,1.87,0.0,0.0001,0.0167,1,0,0,0,0,0
1778581602.614906,2026-05-12 13:26:42,0,0,0,0.0,0.0,0.0,0.0,0.0,0.0,0.0,0.0,0,1,1,1,0.0,0.0,0.0001,0.0,1.87,0.0,0.0,0.0167,1,5,1,1,0.0,0.0,0.0001,0.0,1.87,0.0,0.0001,0.0167,1,0,0,0,0,0
1778581632.614906,2026-05-12 13:27:12,1,1,1,0.0,0.0,0.0001,0.0,3.73,0.0,0.0,0.0333,1,1,1,1,0.0,0.0,0.0001,0.0,1.87,0.0,0.0,0.0167,1,5,1,1,0.0,0.0,0.0001,0.0,1.87,0.0,0.0001,0.0167,1,0,0,0,0,0
1778581662.614906,2026-05-12 13:27:42,0,0,0,0.0,0.0,0.0,0.0,0.0,0.0,0.0,0.0,0,1,1,1,0.0,0.0,0.0001,0.0,1.87,0.0,0.0,0.0167,1,5,1,1,0.0,0.0,0.0001,0.0,1.87,0.0,0.0001,0.0167,1,0,0,0,0,0
1778581692.614906,2026-05-12 13:28:12,1,1,1,0.0,0.0,0.0,0.0,3.73,0.0,0.0,0.0333,1,1,1,1,0.0,0.0,0.0,0.0,1.87,0.0,0.0,0.0167,1,5,1,1,0.0,0.0,0.0001,0.0,1.87,0.0,0.0001,0.0167,1,0,0,0,0,0
1778581722.614906,2026-05-12 13:28:42,1,1,1,0.0,0.0,0.0703,1.0,1.6,0.0,0.0,0.0333,1,2,2,2,0.0,0.0,0.0352,0.5,2.67,0.0625,0.0,0.0167,1,6,2,2,0.0,0.0,0.0118,0.1667,2.03,0.0406,0.0251,0.0167,1,0,0,0,0,0
1778581752.614906,2026-05-12 13:29:12,0,0,0,0.0,0.0,0.0,0.0,0.0,0.0,0.0,0.0,0,1,1,1,0.0,0.0,0.0703,1.0,0.8,0.0,0.0,0.0167,1,5,2,2,0.0,0.0,0.0141,0.2,1.65,0.0451,0.0281,0.0133,1,0,0,0,0,0
1778581782.614906,2026-05-12 13:29:42,0,0,0,0.0,0.0,0.0,0.0,0.0,0.0,0.0,0.0,0,0,0,0,0.0,0.0,0.0,0.0,0.0,0.0,0.0,0.0,0,5,2,2,0.0,0.0,0.0141,0.2,1.65,0.0451,0.0281,0.0133,1,0,0,0,0,0
1778581812.614906,2026-05-12 13:30:12,0,0,0,0.0,0.0,0.0,0.0,0.0,0.0,0.0,0.0,0,0,0,0,0.0,0.0,0.0,0.0,0.0,0.0,0.0,0.0,0,4,2,2,0.0,0.0,0.0176,0.25,1.28,0.0507,0.0323,0.01,1,0,0,0,0,0
1778581842.614906,2026-05-12 13:30:42,0,0,0,0.0,0.0,0.0,0.0,0.0,0.0,0.0,0.0,0,0,0,0,0.0,0.0,0.0,0.0,0.0,0.0,0.0,0.0,0,4,2,2,0.0,0.0,0.0176,0.25,1.28,0.0507,0.0323,0.01,1,0,0,0,0,0
1778581872.614906,2026-05-12 13:31:12,0,0,0,0.0,0.0,0.0,0.0,0.0,0.0,0.0,0.0,0,0,0,0,0.0,0.0,0.0,0.0,0.0,0.0,0.0,0.0,0,3,2,2,0.0,0.0,0.0235,0.3333,0.91,0.0574,0.0386,0.0067,1,0,0,0,0,0
1778581902.614906,2026-05-12 13:31:42,0,0,0,0.0,0.0,0.0,0.0,0.0,0.0,0.0,0.0,0,0,0,0,0.0,0.0,0.0,0.0,0.0,0.0,0.0,0.0,0,3,2,2,0.0,0.0,0.0235,0.3333,0.91,0.0574,0.0386,0.0067,1,0,0,0,0,0
1778581932.614906,2026-05-12 13:32:12,0,0,0,0.0,0.0,0.0,0.0,0.0,0.0,0.0,0.0,0,0,0,0,0.0,0.0,0.0,0.0,0.0,0.0,0.0,0.0,0,2,2,2,0.0,0.0,0.0352,0.5,0.53,0.0625,0.0,0.0033,1,0,0,0,0,0
1778581962.614906,2026-05-12 13:32:42,0,0,0,0.0,0.0,0.0,0.0,0.0,0.0,0.0,0.0,0,0,0,0,0.0,0.0,0.0,0.0,0.0,0.0,0.0,0.0,0,2,2,2,0.0,0.0,0.0352,0.5,0.53,0.0625,0.0,0.0033,1,0,0,0,0,0
1778581992.614906,2026-05-12 13:33:12,0,0,0,0.0,0.0,0.0,0.0,0.0,0.0,0.0,0.0,0,0,0,0,0.0,0.0,0.0,0.0,0.0,0.0,0.0,0.0,0,1,1,1,0.0,0.0,0.0703,1.0,0.16,0.0,0.0,0.0033,1,0,0,0,0,0
1778582022.614906,2026-05-12 13:33:42,0,0,0,0.0,0.0,0.0,0.0,0.0,0.0,0.0,0.0,0,0,0,0,0.0,0.0,0.0,0.0,0.0,0.0,0.0,0.0,0,0,0,0,0.0,0.0,0.0,0.0,0.0,0.0,0.0,0.0,0,0,0,0,0,0
1778582052.614906,2026-05-12 13:34:12,0,0,0,0.0,0.0,0.0,0.0,0.0,0.0,0.0,0.0,0,0,0,0,0.0,0.0,0.0,0.0,0.0,0.0,0.0,0.0,0,0,0,0,0.0,0.0,0.0,0.0,0.0,0.0,0.0,0.0,0,0,0,0,0,0
1778582082.614906,2026-05-12 13:34:42,0,0,0,0.0,0.0,0.0,0.0,0.0,0.0,0.0,0.0,0,0,0,0,0.0,0.0,0.0,0.0,0.0,0.0,0.0,0.0,0,0,0,0,0.0,0.0,0.0,0.0,0.0,0.0,0.0,0.0,0,0,0,0,0,0
1778582112.614906,2026-05-12 13:35:12,0,0,0,0.0,0.0,0.0,0.0,0.0,0.0,0.0,0.0,0,0,0,0,0.0,0.0,0.0,0.0,0.0,0.0,0.0,0.0,0,0,0,0,0.0,0.0,0.0,0.0,0.0,0.0,0.0,0.0,0,0,0,0,0,0
1778582142.614906,2026-05-12 13:35:42,1,1,1,0.0,0.0,0.0,1.0,0.0,0.0,0.0,0.0333,1,1,1,1,0.0,0.0,0.0,1.0,0.0,0.0,0.0,0.0167,1,1,1,1,0.0,0.0,0.0,1.0,0.0,0.0,0.0,0.0033,1,0,0,0,0,0
1778582172.614906,2026-05-12 13:36:12,0,0,0,0.0,0.0,0.0,0.0,0.0,0.0,0.0,0.0,0,1,1,1,0.0,0.0,0.0,1.0,0.0,0.0,0.0,0.0167,1,1,1,1,0.0,0.0,0.0,1.0,0.0,0.0,0.0,0.0033,1,0,0,0,0,0
1778582202.614906,2026-05-12 13:36:42,0,0,0,0.0,0.0,0.0,0.0,0.0,0.0,0.0,0.0,0,0,0,0,0.0,0.0,0.0,0.0,0.0,0.0,0.0,0.0,0,1,1,1,0.0,0.0,0.0,1.0,0.0,0.0,0.0,0.0033,1,0,0,0,0,0
1778582232.614906,2026-05-12 13:37:12,0,0,0,0.0,0.0,0.0,0.0,0.0,0.0,0.0,0.0,0,0,0,0,0.0,0.0,0.0,0.0,0.0,0.0,0.0,0.0,0,1,1,1,0.0,0.0,0.0,1.0,0.0,0.0,0.0,0.0033,1,0,0,0,0,0
1778582262.614906,2026-05-12 13:37:42,0,0,0,0.0,0.0,0.0,0.0,0.0,0.0,0.0,0.0,0,0,0,0,0.0,0.0,0.0,0.0,0.0,0.0,0.0,0.0,0,1,1,1,0.0,0.0,0.0,1.0,0.0,0.0,0.0,0.0033,1,0,0,0,0,0
1778582292.614906,2026-05-12 13:38:12,1,1,1,0.0,0.0,0.0,0.0,3.73,0.0,0.0,0.0333,1,1,1,1,0.0,0.0,0.0,0.0,1.87,0.0,0.0,0.0167,1,2,1,2,0.0,0.0,0.0,0.5,0.37,0.0,0.0,0.0033,1,0,0,0,0,0
1778582322.614906,2026-05-12 13:38:42,0,0,0,0.0,0.0,0.0,0.0,0.0,0.0,0.0,0.0,0,1,1,1,0.0,0.0,0.0,0.0,1.87,0.0,0.0,0.0167,1,2,1,2,0.0,0.0,0.0,0.5,0.37,0.0,0.0,0.0033,1,0,0,0,0,0
1778582352.614906,2026-05-12 13:39:12,1,1,1,0.0,0.0,0.0001,0.0,3.73,0.0,0.0,0.0333,1,1,1,1,0.0,0.0,0.0001,0.0,1.87,0.0,0.0,0.0167,1,3,1,2,0.0,0.0,0.0,0.3333,0.75,0.0,0.045,0.0067,1,0,0,0,0,0
1778582382.614906,2026-05-12 13:39:42,0,0,0,0.0,0.0,0.0,0.0,0.0,0.0,0.0,0.0,0,1,1,1,0.0,0.0,0.0001,0.0,1.87,0.0,0.0,0.0167,1,3,1,2,0.0,0.0,0.0,0.3333,0.75,0.0,0.045,0.0067,1,0,0,0,0,0
1778582412.614906,2026-05-12 13:40:12,1,1,1,0.0,0.0,0.0,0.0,3.73,0.0,0.0,0.0333,1,1,1,1,0.0,0.0,0.0,0.0,1.87,0.0,0.0,0.0167,1,4,1,2,0.0,0.0,0.0,0.25,1.12,0.0,0.05,0.01,1,0,0,0,0,0
1778582442.614906,2026-05-12 13:40:42,0,0,0,0.0,0.0,0.0,0.0,0.0,0.0,0.0,0.0,0,1,1,1,0.0,0.0,0.0,0.0,1.87,0.0,0.0,0.0167,1,3,1,1,0.0,0.0,0.0,0.0,1.12,0.0,0.0,0.01,1,0,0,0,0,0
1778582472.614906,2026-05-12 13:41:12,1,1,1,0.0,0.0,0.0,0.0,3.73,0.0,0.0,0.0333,1,1,1,1,0.0,0.0,0.0,0.0,1.87,0.0,0.0,0.0167,1,4,1,1,0.0,0.0,0.0,0.0,1.49,0.0,0.0001,0.0133,1,0,0,0,0,0
1778582502.614906,2026-05-12 13:41:42,0,0,0,0.0,0.0,0.0,0.0,0.0,0.0,0.0,0.0,0,1,1,1,0.0,0.0,0.0,0.0,1.87,0.0,0.0,0.0167,1,4,1,1,0.0,0.0,0.0,0.0,1.49,0.0,0.0001,0.0133,1,0,0,0,0,0
1778582532.614906,2026-05-12 13:42:12,1,1,1,0.0,0.0,0.0,0.0,3.73,0.0,0.0,0.0333,1,1,1,1,0.0,0.0,0.0,0.0,1.87,0.0,0.0,0.0167,1,5,1,1,0.0,0.0,0.0,0.0,1.87,0.0,0.0001,0.0167,1,0,0,0,0,0
1778582562.614906,2026-05-12 13:42:42,0,0,0,0.0,0.0,0.0,0.0,0.0,0.0,0.0,0.0,0,1,1,1,0.0,0.0,0.0,0.0,1.87,0.0,0.0,0.0167,1,5,1,1,0.0,0.0,0.0,0.0,1.87,0.0,0.0001,0.0167,1,0,0,0,0,0
1778582592.614906,2026-05-12 13:43:12,0,0,0,0.0,0.0,0.0,0.0,0.0,0.0,0.0,0.0,0,0,0,0,0.0,0.0,0.0,0.0,0.0,0.0,0.0,0.0,0,4,1,1,0.0,0.0,0.0,0.0,1.49,0.0,0.0001,0.0133,1,0,0,0,0,0
1778582622.614906,2026-05-12 13:43:42,3,2,2,0.0,0.0,0.1171,1.0,2.67,0.0574,0.0982,0.0667,2,3,2,2,0.0,0.0,0.1171,1.0,1.33,0.0574,0.0982,0.0333,2,7,2,3,0.0,0.0,0.0502,0.4286,1.76,0.037,0.0745,0.0133,2,0,0,0,0,0
1778582652.614906,2026-05-12 13:44:12,0,0,0,0.0,0.0,0.0,0.0,0.0,0.0,0.0,0.0,0,3,2,2,0.0,0.0,0.1171,1.0,1.33,0.0574,0.0982,0.0333,2,6,2,3,0.0,0.0,0.0586,0.5,1.39,0.0406,0.0856,0.01,2,0,0,0,0,0
1778582682.614906,2026-05-12 13:44:42,0,0,0,0.0,0.0,0.0,0.0,0.0,0.0,0.0,0.0,0,0,0,0,0.0,0.0,0.0,0.0,0.0,0.0,0.0,0.0,0,6,2,3,0.0,0.0,0.0586,0.5,1.39,0.0406,0.0856,0.01,2,0,0,0,0,0
1778582712.614906,2026-05-12 13:45:12,0,0,0,0.0,0.0,0.0,0.0,0.0,0.0,0.0,0.0,0,0,0,0,0.0,0.0,0.0,0.0,0.0,0.0,0.0,0.0,0,5,2,3,0.0,0.0,0.0703,0.6,1.01,0.0451,0.1034,0.0067,2,0,0,0,0,0
1778582742.614906,2026-05-12 13:45:42,0,0,0,0.0,0.0,0.0,0.0,0.0,0.0,0.0,0.0,0,0,0,0,0.0,0.0,0.0,0.0,0.0,0.0,0.0,0.0,0,5,2,3,0.0,0.0,0.0703,0.6,1.01,0.0451,0.1034,0.0067,2,0,0,0,0,0
1778582772.614906,2026-05-12 13:46:12,0,0,0,0.0,0.0,0.0,0.0,0.0,0.0,0.0,0.0,0,0,0,0,0.0,0.0,0.0,0.0,0.0,0.0,0.0,0.0,0,4,2,3,0.0,0.0,0.0878,0.75,0.64,0.0507,0.1397,0.0067,2,0,0,0,0,0
1778582802.614906,2026-05-12 13:46:42,0,0,0,0.0,0.0,0.0,0.0,0.0,0.0,0.0,0.0,0,0,0,0,0.0,0.0,0.0,0.0,0.0,0.0,0.0,0.0,0,4,2,3,0.0,0.0,0.0878,0.75,0.64,0.0507,0.1397,0.0067,2,0,0,0,0,0
1778582832.614906,2026-05-12 13:47:12,0,0,0,0.0,0.0,0.0,0.0,0.0,0.0,0.0,0.0,0,0,0,0,0.0,0.0,0.0,0.0,0.0,0.0,0.0,0.0,0,3,2,2,0.0,0.0,0.1171,1.0,0.27,0.0574,0.0982,0.0067,2,0,0,0,0,0
1778582862.614906,2026-05-12 13:47:42,0,0,0,0.0,0.0,0.0,0.0,0.0,0.0,0.0,0.0,0,0,0,0,0.0,0.0,0.0,0.0,0.0,0.0,0.0,0.0,0,3,2,2,0.0,0.0,0.1171,1.0,0.27,0.0574,0.0982,0.0067,2,0,0,0,0,0
1778582892.614906,2026-05-12 13:48:12,1,1,1,0.0,0.0,0.0,0.0,3.73,0.0,0.0,0.0333,1,1,1,1,0.0,0.0,0.0,0.0,1.87,0.0,0.0,0.0167,1,4,2,3,0.0,0.0,0.0878,0.75,0.64,0.0507,0.1408,0.0067,2,0,0,0,0,0
1778582922.614906,2026-05-12 13:48:42,0,0,0,0.0,0.0,0.0,0.0,0.0,0.0,0.0,0.0,0,1,1,1,0.0,0.0,0.0,0.0,1.87,0.0,0.0,0.0167,1,1,1,1,0.0,0.0,0.0,0.0,0.37,0.0,0.0,0.0033,1,0,0,0,0,0
1778582952.614906,2026-05-12 13:49:12,1,1,1,0.0,0.0,0.0,0.0,3.73,0.0,0.0,0.0333,1,1,1,1,0.0,0.0,0.0,0.0,1.87,0.0,0.0,0.0167,1,2,1,1,0.0,0.0,0.0,0.0,0.75,0.0,0.0,0.0067,1,0,0,0,0,0
1778582982.614906,2026-05-12 13:49:42,0,0,0,0.0,0.0,0.0,0.0,0.0,0.0,0.0,0.0,0,1,1,1,0.0,0.0,0.0,0.0,1.87,0.0,0.0,0.0167,1,2,1,1,0.0,0.0,0.0,0.0,0.75,0.0,0.0,0.0067,1,0,0,0,0,0
1778583012.614906,2026-05-12 13:50:12,1,1,1,0.0,0.0,0.0,0.0,3.73,0.0,0.0,0.0333,1,1,1,1,0.0,0.0,0.0,0.0,1.87,0.0,0.0,0.0167,1,3,1,1,0.0,0.0,0.0,0.0,1.12,0.0,0.0,0.01,1,0,0,0,0,0
1778583042.614906,2026-05-12 13:50:42,0,0,0,0.0,0.0,0.0,0.0,0.0,0.0,0.0,0.0,0,1,1,1,0.0,0.0,0.0,0.0,1.87,0.0,0.0,0.0167,1,3,1,1,0.0,0.0,0.0,0.0,1.12,0.0,0.0,0.01,1,0,0,0,0,0
1778583072.614906,2026-05-12 13:51:12,1,1,1,0.0,0.0,0.0001,0.0,3.73,0.0,0.0,0.0333,1,1,1,1,0.0,0.0,0.0001,0.0,1.87,0.0,0.0,0.0167,1,4,1,1,0.0,0.0,0.0001,0.0,1.49,0.0,0.0001,0.0133,1,0,0,0,0,0
1778583102.614906,2026-05-12 13:51:42,0,0,0,0.0,0.0,0.0,0.0,0.0,0.0,0.0,0.0,0,1,1,1,0.0,0.0,0.0001,0.0,1.87,0.0,0.0,0.0167,1,4,1,1,0.0,0.0,0.0001,0.0,1.49,0.0,0.0001,0.0133,1,0,0,0,0,0
1778583132.614906,2026-05-12 13:52:12,1,1,1,0.0,0.0,0.0,0.0,3.73,0.0,0.0,0.0333,1,1,1,1,0.0,0.0,0.0,0.0,1.87,0.0,0.0,0.0167,1,5,1,1,0.0,0.0,0.0001,0.0,1.87,0.0,0.0001,0.0167,1,0,0,0,0,0
1778583162.614906,2026-05-12 13:52:42,0,0,0,0.0,0.0,0.0,0.0,0.0,0.0,0.0,0.0,0,1,1,1,0.0,0.0,0.0,0.0,1.87,0.0,0.0,0.0167,1,5,1,1,0.0,0.0,0.0001,0.0,1.87,0.0,0.0001,0.0167,1,0,0,0,0,0
1778583192.614906,2026-05-12 13:53:12,1,1,1,0.0,0.0,241.0699,0.0,33.6,0.0,0.0,0.0333,1,1,1,1,0.0,0.0,241.0699,0.0,16.8,0.0,0.0,0.0167,1,5,1,1,0.0,0.0,48.214,0.0,4.85,0.0,0.0001,0.0167,1,0,0,0,0,0
1778583222.614906,2026-05-12 13:53:42,0,0,0,0.0,0.0,0.0,0.0,0.0,0.0,0.0,0.0,0,1,1,1,0.0,0.0,241.0699,0.0,16.8,0.0,0.0,0.0167,1,5,1,1,0.0,0.0,48.214,0.0,4.85,0.0,0.0001,0.0167,1,0,0,0,0,0
1778583252.614906,2026-05-12 13:54:12,0,0,0,0.0,0.0,0.0,0.0,0.0,0.0,0.0,0.0,0,0,0,0,0.0,0.0,0.0,0.0,0.0,0.0,0.0,0.0,0,4,1,1,0.0,0.0,60.2675,0.0,4.48,0.0,0.0001,0.0133,1,0,0,0,0,0
1778583282.614906,2026-05-12 13:54:42,0,0,0,0.0,0.0,0.0,0.0,0.0,0.0,0.0,0.0,0,0,0,0,0.0,0.0,0.0,0.0,0.0,0.0,0.0,0.0,0,4,1,1,0.0,0.0,60.2675,0.0,4.48,0.0,0.0001,0.0133,1,0,0,0,0,0
1778583312.614906,2026-05-12 13:55:12,0,0,0,0.0,0.0,0.0,0.0,0.0,0.0,0.0,0.0,0,0,0,0,0.0,0.0,0.0,0.0,0.0,0.0,0.0,0.0,0,3,1,1,0.0,0.0,80.3567,0.0,4.11,0.0,0.0,0.01,1,0,0,0,0,0
1778583342.614906,2026-05-12 13:55:42,0,0,0,0.0,0.0,0.0,0.0,0.0,0.0,0.0,0.0,0,0,0,0,0.0,0.0,0.0,0.0,0.0,0.0,0.0,0.0,0,3,1,1,0.0,0.0,80.3567,0.0,4.11,0.0,0.0,0.01,1,0,0,0,0,0
1778583372.614906,2026-05-12 13:56:12,0,0,0,0.0,0.0,0.0,0.0,0.0,0.0,0.0,0.0,0,0,0,0,0.0,0.0,0.0,0.0,0.0,0.0,0.0,0.0,0,2,1,1,0.0,0.0,120.535,0.0,3.73,0.0,0.0,0.0067,1,0,0,0,0,0
1778583402.614906,2026-05-12 13:56:42,0,0,0,0.0,0.0,0.0,0.0,0.0,0.0,0.0,0.0,0,0,0,0,0.0,0.0,0.0,0.0,0.0,0.0,0.0,0.0,0,2,1,1,0.0,0.0,120.535,0.0,3.73,0.0,0.0,0.0067,1,0,0,0,0,0
1778583432.614906,2026-05-12 13:57:12,0,0,0,0.0,0.0,0.0,0.0,0.0,0.0,0.0,0.0,0,0,0,0,0.0,0.0,0.0,0.0,0.0,0.0,0.0,0.0,0,1,1,1,0.0,0.0,241.0699,0.0,3.36,0.0,0.0,0.0033,1,0,0,0,0,0
1778583462.614906,2026-05-12 13:57:42,0,0,0,0.0,0.0,0.0,0.0,0.0,0.0,0.0,0.0,0,0,0,0,0.0,0.0,0.0,0.0,0.0,0.0,0.0,0.0,0,1,1,1,0.0,0.0,241.0699,0.0,3.36,0.0,0.0,0.0033,1,0,0,0,0,0
1778583492.614906,2026-05-12 13:58:12,1,1,1,0.0,0.0,0.0,0.0,3.73,0.0,0.0,0.0333,1,1,1,1,0.0,0.0,0.0,0.0,1.87,0.0,0.0,0.0167,1,1,1,1,0.0,0.0,0.0,0.0,0.37,0.0,0.0,0.0033,1,0,0,0,0,0
1778583522.614906,2026-05-12 13:58:42,0,0,0,0.0,0.0,0.0,0.0,0.0,0.0,0.0,0.0,0,1,1,1,0.0,0.0,0.0,0.0,1.87,0.0,0.0,0.0167,1,1,1,1,0.0,0.0,0.0,0.0,0.37,0.0,0.0,0.0033,1,0,0,0,0,0
1778583552.614906,2026-05-12 13:59:12,2,2,2,0.0,0.0,0.0021,0.0,14.03,0.0625,0.0,0.0333,1,2,2,2,0.0,0.0,0.0021,0.0,7.02,0.0625,0.0,0.0167,1,3,2,2,0.0,0.0,0.0014,0.0,1.78,0.0574,0.014,0.0067,1,0,0,0,0,0
1778583582.614906,2026-05-12 13:59:42,0,0,0,0.0,0.0,0.0,0.0,0.0,0.0,0.0,0.0,0,2,2,2,0.0,0.0,0.0021,0.0,7.02,0.0625,0.0,0.0167,1,3,2,2,0.0,0.0,0.0014,0.0,1.78,0.0574,0.014,0.0067,1,0,0,0,0,0
1778583612.614906,2026-05-12 14:00:12,10,1,1,0.0,0.3333,0.0865,0.0,55.5,0.0,0.0852,0.3333,1,10,1,1,0.0,0.1667,0.0865,0.0,27.75,0.0,0.0852,0.1667,1,13,3,2,0.0,0.0333,0.0668,0.0,7.33,0.062,0.179,0.0367,2,0,0,0,0,0
1778583642.614906,2026-05-12 14:00:42,0,0,0,0.0,0.0,0.0,0.0,0.0,0.0,0.0,0.0,0,10,1,1,0.0,0.1667,0.0865,0.0,27.75,0.0,0.0852,0.1667,1,13,3,2,0.0,0.0333,0.0668,0.0,7.33,0.062,0.179,0.0367,2,0,0,0,0,0
1778583672.614906,2026-05-12 14:01:12,1,1,1,0.0,0.0,0.0,0.0,3.73,0.0,0.0,0.0333,1,1,1,1,0.0,0.0,0.0,0.0,1.87,0.0,0.0,0.0167,1,14,3,2,0.0,0.0333,0.0621,0.0,7.7,0.0684,0.1541,0.0367,2,0,0,0,0,0
1778583702.614906,2026-05-12 14:01:42,0,0,0,0.0,0.0,0.0,0.0,0.0,0.0,0.0,0.0,0,1,1,1,0.0,0.0,0.0,0.0,1.87,0.0,0.0,0.0167,1,14,3,2,0.0,0.0333,0.0621,0.0,7.7,0.0684,0.1541,0.0367,2,0,0,0,0,0
1778583732.614906,2026-05-12 14:02:12,1,1,1,0.0,0.0,0.0,0.0,3.73,0.0,0.0,0.0333,1,1,1,1,0.0,0.0,0.0,0.0,1.87,0.0,0.0,0.0167,1,15,3,2,0.0,0.0333,0.0579,0.0,8.07,0.0724,0.1413,0.0367,2,0,0,0,0,0
1778583762.614906,2026-05-12 14:02:42,1,1,1,0.0,0.0,0.098,1.0,1.6,0.0,0.0,0.0333,1,2,2,2,0.0,0.0,0.049,0.5,2.67,0.0625,0.0,0.0167,1,16,4,3,0.0,0.0333,0.0604,0.0625,8.23,0.089,0.129,0.04,3,0,0,0,0,0
1778583792.614906,2026-05-12 14:03:12,0,0,0,0.0,0.0,0.0,0.0,0.0,0.0,0.0,0.0,0,1,1,1,0.0,0.0,0.098,1.0,0.8,0.0,0.0,0.0167,1,15,4,3,0.0,0.0333,0.0645,0.0667,7.86,0.086,0.1404,0.04,3,0,0,0,0,0
1778583822.614906,2026-05-12 14:03:42,0,0,0,0.0,0.0,0.0,0.0,0.0,0.0,0.0,0.0,0,0,0,0,0.0,0.0,0.0,0.0,0.0,0.0,0.0,0.0,0,15,4,3,0.0,0.0333,0.0645,0.0667,7.86,0.086,0.1404,0.04,3,0,0,0,0,0
1778583852.614906,2026-05-12 14:04:12,1,1,1,0.0,0.0,0.0,0.0,3.73,0.0,0.0,0.0333,1,1,1,1,0.0,0.0,0.0,0.0,1.87,0.0,0.0,0.0167,1,14,3,3,0.0,0.0333,0.0688,0.0714,6.83,0.0684,0.1521,0.0367,2,0,0,0,0,0
1778583882.614906,2026-05-12 14:04:42,0,0,0,0.0,0.0,0.0,0.0,0.0,0.0,0.0,0.0,0,1,1,1,0.0,0.0,0.0,0.0,1.87,0.0,0.0,0.0167,1,14,3,3,0.0,0.0333,0.0688,0.0714,6.83,0.0684,0.1521,0.0367,2,0,0,0,0,0
1778583912.614906,2026-05-12 14:05:12,1,1,1,0.0,0.0,0.0,0.0,3.73,0.0,0.0,0.0333,1,1,1,1,0.0,0.0,0.0,0.0,1.87,0.0,0.0,0.0167,1,5,2,2,0.0,0.0,0.0196,0.2,1.65,0.0451,0.0054,0.0133,1,0,0,0,0,0
1778583942.614906,2026-05-12 14:05:42,0,0,0,0.0,0.0,0.0,0.0,0.0,0.0,0.0,0.0,0,1,1,1,0.0,0.0,0.0,0.0,1.87,0.0,0.0,0.0167,1,5,2,2,0.0,0.0,0.0196,0.2,1.65,0.0451,0.0054,0.0133,1,0,0,0,0,0
1778583972.614906,2026-05-12 14:06:12,1,1,1,0.0,0.0,0.0002,0.0,3.73,0.0,0.0,0.0333,1,1,1,1,0.0,0.0,0.0002,0.0,1.87,0.0,0.0,0.0167,1,5,2,2,0.0,0.0,0.0197,0.2,1.65,0.0451,0.0054,0.0133,1,0,0,0,0,0
1778584002.614906,2026-05-12 14:06:42,0,0,0,0.0,0.0,0.0,0.0,0.0,0.0,0.0,0.0,0,1,1,1,0.0,0.0,0.0002,0.0,1.87,0.0,0.0,0.0167,1,5,2,2,0.0,0.0,0.0197,0.2,1.65,0.0451,0.0054,0.0133,1,0,0,0,0,0
1778584032.614906,2026-05-12 14:07:12,1,1,1,0.0,0.0,0.0,0.0,3.73,0.0,0.0,0.0333,1,1,1,1,0.0,0.0,0.0,0.0,1.87,0.0,0.0,0.0167,1,5,2,2,0.0,0.0,0.0197,0.2,1.65,0.0451,0.0032,0.0133,1,0,0,0,0,0
1778584062.614906,2026-05-12 14:07:42,0,0,0,0.0,0.0,0.0,0.0,0.0,0.0,0.0,0.0,0,1,1,1,0.0,0.0,0.0,0.0,1.87,0.0,0.0,0.0167,1,4,1,1,0.0,0.0,0.0001,0.0,1.49,0.0,0.0002,0.0133,1,0,0,0,0,0
1778584092.614906,2026-05-12 14:08:12,1,1,1,0.0,0.0,0.0,0.0,3.73,0.0,0.0,0.0333,1,1,1,1,0.0,0.0,0.0,0.0,1.87,0.0,0.0,0.0167,1,5,1,1,0.0,0.0,0.0001,0.0,1.87,0.0,0.0002,0.0167,1,0,0,0,0,0
1778584122.614906,2026-05-12 14:08:42,0,0,0,0.0,0.0,0.0,0.0,0.0,0.0,0.0,0.0,0,1,1,1,0.0,0.0,0.0,0.0,1.87,0.0,0.0,0.0167,1,5,1,1,0.0,0.0,0.0001,0.0,1.87,0.0,0.0002,0.0167,1,0,0,0,0,0
1778584152.614906,2026-05-12 14:09:12,1,1,1,0.0,0.0,0.0,0.0,3.73,0.0,0.0,0.0333,1,1,1,1,0.0,0.0,0.0,0.0,1.87,0.0,0.0,0.0167,1,5,1,1,0.0,0.0,0.0001,0.0,1.87,0.0,0.0002,0.0167,1,0,0,0,0,0
1778584182.614906,2026-05-12 14:09:42,0,0,0,0.0,0.0,0.0,0.0,0.0,0.0,0.0,0.0,0,1,1,1,0.0,0.0,0.0,0.0,1.87,0.0,0.0,0.0167,1,5,1,1,0.0,0.0,0.0001,0.0,1.87,0.0,0.0002,0.0167,1,0,0,0,0,0
1778584212.614906,2026-05-12 14:10:12,1,1,1,0.0,0.0,0.0,0.0,3.73,0.0,0.0,0.0333,1,1,1,1,0.0,0.0,0.0,0.0,1.87,0.0,0.0,0.0167,1,5,1,1,0.0,0.0,0.0001,0.0,1.87,0.0,0.0001,0.0167,1,0,0,0,0,0
1778584242.614906,2026-05-12 14:10:42,0,0,0,0.0,0.0,0.0,0.0,0.0,0.0,0.0,0.0,0,1,1,1,0.0,0.0,0.0,0.0,1.87,0.0,0.0,0.0167,1,5,1,1,0.0,0.0,0.0001,0.0,1.87,0.0,0.0001,0.0167,1,0,0,0,0,0
1778584272.614906,2026-05-12 14:11:12,0,0,0,0.0,0.0,0.0,0.0,0.0,0.0,0.0,0.0,0,0,0,0,0.0,0.0,0.0,0.0,0.0,0.0,0.0,0.0,0,4,1,1,0.0,0.0,0.0,0.0,1.49,0.0,0.0001,0.0133,1,0,0,0,0,0
1778584302.614906,2026-05-12 14:11:42,0,0,0,0.0,0.0,0.0,0.0,0.0,0.0,0.0,0.0,0,0,0,0,0.0,0.0,0.0,0.0,0.0,0.0,0.0,0.0,0,4,1,1,0.0,0.0,0.0,0.0,1.49,0.0,0.0001,0.0133,1,0,0,0,0,0
1778584332.614906,2026-05-12 14:12:12,0,0,0,0.0,0.0,0.0,0.0,0.0,0.0,0.0,0.0,0,0,0,0,0.0,0.0,0.0,0.0,0.0,0.0,0.0,0.0,0,3,1,1,0.0,0.0,0.0,0.0,1.12,0.0,0.0,0.01,1,0,0,0,0,0
1778584362.614906,2026-05-12 14:12:42,0,0,0,0.0,0.0,0.0,0.0,0.0,0.0,0.0,0.0,0,0,0,0,0.0,0.0,0.0,0.0,0.0,0.0,0.0,0.0,0,3,1,1,0.0,0.0,0.0,0.0,1.12,0.0,0.0,0.01,1,0,0,0,0,0
1778584392.614906,2026-05-12 14:13:12,2,1,2,0.0,0.0,1.5036,0.5,6.4,0.0,0.0,0.0333,1,2,1,2,0.0,0.0,1.5036,0.5,3.2,0.0,0.0,0.0167,1,4,1,2,0.0,0.0,0.7518,0.25,1.39,0.0,0.0925,0.01,1,0,0,0,0,0
1778584422.614906,2026-05-12 14:13:42,0,0,0,0.0,0.0,0.0,0.0,0.0,0.0,0.0,0.0,0,2,1,2,0.0,0.0,1.5036,0.5,3.2,0.0,0.0,0.0167,1,4,1,2,0.0,0.0,0.7518,0.25,1.39,0.0,0.0925,0.01,1,0,0,0,0,0
1778584452.614906,2026-05-12 14:14:12,0,0,0,0.0,0.0,0.0,0.0,0.0,0.0,0.0,0.0,0,0,0,0,0.0,0.0,0.0,0.0,0.0,0.0,0.0,0.0,0,3,1,2,0.0,0.0,1.0024,0.3333,1.01,0.0,0.0985,0.0067,1,0,0,0,0,0
1778584482.614906,2026-05-12 14:14:42,0,0,0,0.0,0.0,0.0,0.0,0.0,0.0,0.0,0.0,0,0,0,0,0.0,0.0,0.0,0.0,0.0,0.0,0.0,0.0,0,3,1,2,0.0,0.0,1.0024,0.3333,1.01,0.0,0.0985,0.0067,1,0,0,0,0,0
1778584512.614906,2026-05-12 14:15:12,0,0,0,0.0,0.0,0.0,0.0,0.0,0.0,0.0,0.0,0,0,0,0,0.0,0.0,0.0,0.0,0.0,0.0,0.0,0.0,0,2,1,2,0.0,0.0,1.5036,0.5,0.64,0.0,0.0,0.0033,1,0,0,0,0,0
1778584542.614906,2026-05-12 14:15:42,0,0,0,0.0,0.0,0.0,0.0,0.0,0.0,0.0,0.0,0,0,0,0,0.0,0.0,0.0,0.0,0.0,0.0,0.0,0.0,0,2,1,2,0.0,0.0,1.5036,0.5,0.64,0.0,0.0,0.0033,1,0,0,0,0,0
1778584572.614906,2026-05-12 14:16:12,0,0,0,0.0,0.0,0.0,0.0,0.0,0.0,0.0,0.0,0,0,0,0,0.0,0.0,0.0,0.0,0.0,0.0,0.0,0.0,0,2,1,2,0.0,0.0,1.5036,0.5,0.64,0.0,0.0,0.0033,1,0,0,0,0,0
1778584602.614906,2026-05-12 14:16:42,0,0,0,0.0,0.0,0.0,0.0,0.0,0.0,0.0,0.0,0,0,0,0,0.0,0.0,0.0,0.0,0.0,0.0,0.0,0.0,0,2,1,2,0.0,0.0,1.5036,0.5,0.64,0.0,0.0,0.0033,1,0,0,0,0,0
1778584632.614906,2026-05-12 14:17:12,0,0,0,0.0,0.0,0.0,0.0,0.0,0.0,0.0,0.0,0,0,0,0,0.0,0.0,0.0,0.0,0.0,0.0,0.0,0.0,0,2,1,2,0.0,0.0,1.5036,0.5,0.64,0.0,0.0,0.0033,1,0,0,0,0,0
1778584662.614906,2026-05-12 14:17:42,0,0,0,0.0,0.0,0.0,0.0,0.0,0.0,0.0,0.0,0,0,0,0,0.0,0.0,0.0,0.0,0.0,0.0,0.0,0.0,0,2,1,2,0.0,0.0,1.5036,0.5,0.64,0.0,0.0,0.0033,1,0,0,0,0,0
1778584692.614906,2026-05-12 14:18:12,0,0,0,0.0,0.0,0.0,0.0,0.0,0.0,0.0,0.0,0,0,0,0,0.0,0.0,0.0,0.0,0.0,0.0,0.0,0.0,0,0,0,0,0.0,0.0,0.0,0.0,0.0,0.0,0.0,0.0,0,0,0,0,0,0
1778584722.614906,2026-05-12 14:18:42,0,0,0,0.0,0.0,0.0,0.0,0.0,0.0,0.0,0.0,0,0,0,0,0.0,0.0,0.0,0.0,0.0,0.0,0.0,0.0,0,0,0,0,0.0,0.0,0.0,0.0,0.0,0.0,0.0,0.0,0,0,0,0,0,0
1778584752.614906,2026-05-12 14:19:12,0,0,0,0.0,0.0,0.0,0.0,0.0,0.0,0.0,0.0,0,0,0,0,0.0,0.0,0.0,0.0,0.0,0.0,0.0,0.0,0,0,0,0,0.0,0.0,0.0,0.0,0.0,0.0,0.0,0.0,0,0,0,0,0,0
1778584782.614906,2026-05-12 14:19:42,0,0,0,0.0,0.0,0.0,0.0,0.0,0.0,0.0,0.0,0,0,0,0,0.0,0.0,0.0,0.0,0.0,0.0,0.0,0.0,0,0,0,0,0.0,0.0,0.0,0.0,0.0,0.0,0.0,0.0,0,0,0,0,0,0
1778584812.614906,2026-05-12 14:20:12,0,0,0,0.0,0.0,0.0,0.0,0.0,0.0,0.0,0.0,0,0,0,0,0.0,0.0,0.0,0.0,0.0,0.0,0.0,0.0,0,0,0,0,0.0,0.0,0.0,0.0,0.0,0.0,0.0,0.0,0,0,0,0,0,0
1778584842.614906,2026-05-12 14:20:42,0,0,0,0.0,0.0,0.0,0.0,0.0,0.0,0.0,0.0,0,0,0,0,0.0,0.0,0.0,0.0,0.0,0.0,0.0,0.0,0,0,0,0,0.0,0.0,0.0,0.0,0.0,0.0,0.0,0.0,0,0,0,0,0,0
1778584872.614906,2026-05-12 14:21:12,0,0,0,0.0,0.0,0.0,0.0,0.0,0.0,0.0,0.0,0,0,0,0,0.0,0.0,0.0,0.0,0.0,0.0,0.0,0.0,0,0,0,0,0.0,0.0,0.0,0.0,0.0,0.0,0.0,0.0,0,0,0,0,0,0
1778584902.614906,2026-05-12 14:21:42,0,0,0,0.0,0.0,0.0,0.0,0.0,0.0,0.0,0.0,0,0,0,0,0.0,0.0,0.0,0.0,0.0,0.0,0.0,0.0,0,0,0,0,0.0,0.0,0.0,0.0,0.0,0.0,0.0,0.0,0,0,0,0,0,0
1778584932.614906,2026-05-12 14:22:12,0,0,0,0.0,0.0,0.0,0.0,0.0,0.0,0.0,0.0,0,0,0,0,0.0,0.0,0.0,0.0,0.0,0.0,0.0,0.0,0,0,0,0,0.0,0.0,0.0,0.0,0.0,0.0,0.0,0.0,0,0,0,0,0,0
1778584962.614906,2026-05-12 14:22:42,0,0,0,0.0,0.0,0.0,0.0,0.0,0.0,0.0,0.0,0,0,0,0,0.0,0.0,0.0,0.0,0.0,0.0,0.0,0.0,0,0,0,0,0.0,0.0,0.0,0.0,0.0,0.0,0.0,0.0,0,0,0,0,0,0
1778584992.614906,2026-05-12 14:23:12,0,0,0,0.0,0.0,0.0,0.0,0.0,0.0,0.0,0.0,0,0,0,0,0.0,0.0,0.0,0.0,0.0,0.0,0.0,0.0,0,0,0,0,0.0,0.0,0.0,0.0,0.0,0.0,0.0,0.0,0,0,0,0,0,0
1778585022.614906,2026-05-12 14:23:42,0,0,0,0.0,0.0,0.0,0.0,0.0,0.0,0.0,0.0,0,0,0,0,0.0,0.0,0.0,0.0,0.0,0.0,0.0,0.0,0,0,0,0,0.0,0.0,0.0,0.0,0.0,0.0,0.0,0.0,0,0,0,0,0,0
1778585052.614906,2026-05-12 14:24:12,0,0,0,0.0,0.0,0.0,0.0,0.0,0.0,0.0,0.0,0,0,0,0,0.0,0.0,0.0,0.0,0.0,0.0,0.0,0.0,0,0,0,0,0.0,0.0,0.0,0.0,0.0,0.0,0.0,0.0,0,0,0,0,0,0
1778585082.614906,2026-05-12 14:24:42,0,0,0,0.0,0.0,0.0,0.0,0.0,0.0,0.0,0.0,0,0,0,0,0.0,0.0,0.0,0.0,0.0,0.0,0.0,0.0,0,0,0,0,0.0,0.0,0.0,0.0,0.0,0.0,0.0,0.0,0,0,0,0,0,0
1778585112.614906,2026-05-12 14:25:12,0,0,0,0.0,0.0,0.0,0.0,0.0,0.0,0.0,0.0,0,0,0,0,0.0,0.0,0.0,0.0,0.0,0.0,0.0,0.0,0,0,0,0,0.0,0.0,0.0,0.0,0.0,0.0,0.0,0.0,0,0,0,0,0,0
1778585142.614906,2026-05-12 14:25:42,0,0,0,0.0,0.0,0.0,0.0,0.0,0.0,0.0,0.0,0,0,0,0,0.0,0.0,0.0,0.0,0.0,0.0,0.0,0.0,0,0,0,0,0.0,0.0,0.0,0.0,0.0,0.0,0.0,0.0,0,0,0,0,0,0
1778585172.614906,2026-05-12 14:26:12,0,0,0,0.0,0.0,0.0,0.0,0.0,0.0,0.0,0.0,0,0,0,0,0.0,0.0,0.0,0.0,0.0,0.0,0.0,0.0,0,0,0,0,0.0,0.0,0.0,0.0,0.0,0.0,0.0,0.0,0,0,0,0,0,0
1778585202.614906,2026-05-12 14:26:42,0,0,0,0.0,0.0,0.0,0.0,0.0,0.0,0.0,0.0,0,0,0,0,0.0,0.0,0.0,0.0,0.0,0.0,0.0,0.0,0,0,0,0,0.0,0.0,0.0,0.0,0.0,0.0,0.0,0.0,0,0,0,0,0,0
1778585232.614906,2026-05-12 14:27:12,0,0,0,0.0,0.0,0.0,0.0,0.0,0.0,0.0,0.0,0,0,0,0,0.0,0.0,0.0,0.0,0.0,0.0,0.0,0.0,0,0,0,0,0.0,0.0,0.0,0.0,0.0,0.0,0.0,0.0,0,0,0,0,0,0
1778585262.614906,2026-05-12 14:27:42,0,0,0,0.0,0.0,0.0,0.0,0.0,0.0,0.0,0.0,0,0,0,0,0.0,0.0,0.0,0.0,0.0,0.0,0.0,0.0,0,0,0,0,0.0,0.0,0.0,0.0,0.0,0.0,0.0,0.0,0,0,0,0,0,0
1778585292.614906,2026-05-12 14:28:12,0,0,0,0.0,0.0,0.0,0.0,0.0,0.0,0.0,0.0,0,0,0,0,0.0,0.0,0.0,0.0,0.0,0.0,0.0,0.0,0,0,0,0,0.0,0.0,0.0,0.0,0.0,0.0,0.0,0.0,0,0,0,0,0,0
1778585322.614906,2026-05-12 14:28:42,0,0,0,0.0,0.0,0.0,0.0,0.0,0.0,0.0,0.0,0,0,0,0,0.0,0.0,0.0,0.0,0.0,0.0,0.0,0.0,0,0,0,0,0.0,0.0,0.0,0.0,0.0,0.0,0.0,0.0,0,0,0,0,0,0
1778585352.614906,2026-05-12 14:29:12,0,0,0,0.0,0.0,0.0,0.0,0.0,0.0,0.0,0.0,0,0,0,0,0.0,0.0,0.0,0.0,0.0,0.0,0.0,0.0,0,0,0,0,0.0,0.0,0.0,0.0,0.0,0.0,0.0,0.0,0,0,0,0,0,0
1778585382.614906,2026-05-12 14:29:42,2,1,1,0.0,0.0667,0.0974,0.0,8.47,0.0,0.0,0.0667,1,2,1,1,0.0,0.0333,0.0974,0.0,4.23,0.0,0.0,0.0333,1,2,1,1,0.0,0.0067,0.0974,0.0,0.85,0.0,0.0,0.0067,1,0,0,0,0,0
1778585412.614906,2026-05-12 14:30:12,4,2,2,0.0,0.0667,0.1646,0.5,152.57,0.0625,0.1008,0.1333,2,6,2,2,0.0,0.0667,0.1422,0.3333,80.52,0.0574,0.197,0.1,2,6,2,2,0.0,0.0133,0.1422,0.3333,16.1,0.0574,0.197,0.02,2,0,0,0,0,0
1778585442.614906,2026-05-12 14:30:42,0,0,0,0.0,0.0,0.0,0.0,0.0,0.0,0.0,0.0,0,4,2,2,0.0,0.0333,0.1646,0.5,76.28,0.0625,0.1008,0.0667,2,6,2,2,0.0,0.0133,0.1422,0.3333,16.1,0.0574,0.197,0.02,2,0,0,0,0,0
1778585472.614906,2026-05-12 14:31:12,0,0,0,0.0,0.0,0.0,0.0,0.0,0.0,0.0,0.0,0,0,0,0,0.0,0.0,0.0,0.0,0.0,0.0,0.0,0.0,0,6,2,2,0.0,0.0133,0.1422,0.3333,16.1,0.0574,0.197,0.02,2,0,0,0,0,0
1778585502.614906,2026-05-12 14:31:42,4,2,2,0.0,0.0667,0.1367,0.5,152.53,0.0625,0.0709,0.1333,2,4,2,2,0.0,0.0333,0.1367,0.5,76.27,0.0625,0.0709,0.0667,2,10,2,3,0.0,0.02,0.14,0.4,31.36,0.0607,0.1968,0.0333,2,0,0,0,0,0
1778585532.614906,2026-05-12 14:32:12,4,2,2,0.0,0.0667,0.1954,0.5,169.33,0.0625,0.0709,0.1333,2,8,2,3,0.0,0.0667,0.1661,0.5,160.93,0.0625,0.2433,0.1333,2,14,2,4,0.0,0.0267,0.1558,0.4286,48.29,0.0616,0.189,0.0467,2,0,0,0,0,0
1778585562.614906,2026-05-12 14:32:42,0,0,0,0.0,0.0,0.0,0.0,0.0,0.0,0.0,0.0,0,4,2,2,0.0,0.0333,0.1954,0.5,84.67,0.0625,0.0709,0.0667,2,14,2,4,0.0,0.0267,0.1558,0.4286,48.29,0.0616,0.189,0.0467,2,0,0,0,0,0
1778585592.614906,2026-05-12 14:33:12,0,0,0,0.0,0.0,0.0,0.0,0.0,0.0,0.0,0.0,0,0,0,0,0.0,0.0,0.0,0.0,0.0,0.0,0.0,0.0,0,14,2,4,0.0,0.0267,0.1558,0.4286,48.29,0.0616,0.189,0.0467,2,0,0,0,0,0
1778585622.614906,2026-05-12 14:33:42,5,2,2,0.0,0.1,0.0887,0.4,458.57,0.0607,0.0604,0.1667,2,5,2,2,0.0,0.05,0.0887,0.4,229.28,0.0607,0.0604,0.0833,2,19,2,5,0.0,0.0367,0.1382,0.4211,94.15,0.0614,0.1969,0.0633,2,0,0,0,0,0
1778585652.614906,2026-05-12 14:34:12,0,0,0,0.0,0.0,0.0,0.0,0.0,0.0,0.0,0.0,0,5,2,2,0.0,0.05,0.0887,0.4,229.28,0.0607,0.0604,0.0833,2,19,2,5,0.0,0.0367,0.1382,0.4211,94.15,0.0614,0.1969,0.0633,2,0,0,0,0,0
1778585682.614906,2026-05-12 14:34:42,0,0,0,0.0,0.0,0.0,0.0,0.0,0.0,0.0,0.0,0,0,0,0,0.0,0.0,0.0,0.0,0.0,0.0,0.0,0.0,0,17,2,5,0.0,0.03,0.143,0.4706,93.3,0.0623,0.2123,0.0567,2,0,0,0,0,0
1778585712.614906,2026-05-12 14:35:12,0,0,0,0.0,0.0,0.0,0.0,0.0,0.0,0.0,0.0,0,0,0,0,0.0,0.0,0.0,0.0,0.0,0.0,0.0,0.0,0,13,2,4,0.0,0.0233,0.1363,0.4615,78.04,0.0622,0.2308,0.0433,2,0,0,0,0,0
1778585742.614906,2026-05-12 14:35:42,4,2,2,0.0,0.0667,0.1163,0.5,966.37,0.0625,0.0774,0.1333,2,4,2,2,0.0,0.0333,0.1163,0.5,483.18,0.0625,0.0774,0.0667,2,17,2,5,0.0,0.03,0.1316,0.4706,174.68,0.0623,0.2222,0.0567,2,0,0,0,0,0
1778585772.614906,2026-05-12 14:36:12,0,0,0,0.0,0.0,0.0,0.0,0.0,0.0,0.0,0.0,0,4,2,2,0.0,0.0333,0.1163,0.5,483.18,0.0625,0.0774,0.0667,2,17,2,5,0.0,0.03,0.1316,0.4706,174.68,0.0623,0.2222,0.0567,2,0,0,0,0,0
1778585802.614906,2026-05-12 14:36:42,0,0,0,0.0,0.0,0.0,0.0,0.0,0.0,0.0,0.0,0,0,0,0,0.0,0.0,0.0,0.0,0.0,0.0,0.0,0.0,0,13,2,4,0.0,0.0233,0.1301,0.4615,159.43,0.0622,0.2277,0.0433,2,0,0,0,0,0
1778585832.614906,2026-05-12 14:37:12,9,2,3,0.0,0.1667,0.2211,0.4444,1732.87,0.0619,0.2387,0.3,2,9,2,3,0.0,0.0833,0.2211,0.4444,866.43,0.0619,0.2387,0.15,2,18,2,5,0.0,0.0333,0.1611,0.4444,315.78,0.0619,0.2706,0.06,2,0,0,0,0,0
1778585862.614906,2026-05-12 14:37:42,8,2,4,0.0,0.0667,0.5143,0.75,25386.4,0.0507,0.1563,0.2667,2,17,2,6,0.0,0.1167,0.3591,0.5882,13559.63,0.0611,0.1785,0.2833,2,26,2,8,0.0,0.04,0.2698,0.5385,2854.42,0.0622,0.2861,0.0867,2,0,0,0,0,0
1778585892.614906,2026-05-12 14:38:12,0,0,0,0.0,0.0,0.0,0.0,0.0,0.0,0.0,0.0,0,8,2,4,0.0,0.0333,0.5143,0.75,12693.2,0.0507,0.1563,0.1333,2,26,2,8,0.0,0.04,0.2698,0.5385,2854.42,0.0622,0.2861,0.0867,2,0,0,0,0,0
1778585922.614906,2026-05-12 14:38:42,1,1,1,0.0,0.0,0.0,0.0,3.73,0.0,0.0,0.0333,1,1,1,1,0.0,0.0,0.0,0.0,1.87,0.0,0.0,0.0167,1,22,3,8,0.0,0.03,0.2986,0.5455,2808.94,0.0755,0.2442,0.07,2,0,0,0,0,0
1778585952.614906,2026-05-12 14:39:12,0,0,0,0.0,0.0,0.0,0.0,0.0,0.0,0.0,0.0,0,1,1,1,0.0,0.0,0.0,0.0,1.87,0.0,0.0,0.0167,1,22,3,8,0.0,0.03,0.2986,0.5455,2808.94,0.0755,0.2442,0.07,2,0,0,0,0,0
1778585982.614906,2026-05-12 14:39:42,1,1,1,0.0,0.0,0.0,0.0,3.73,0.0,0.0,0.0333,1,1,1,1,0.0,0.0,0.0,0.0,1.87,0.0,0.0,0.0167,1,23,3,8,0.0,0.03,0.2857,0.5217,2809.31,0.0829,0.2118,0.07,2,0,0,0,0,0
1778586012.614906,2026-05-12 14:40:12,0,0,0,0.0,0.0,0.0,0.0,0.0,0.0,0.0,0.0,0,1,1,1,0.0,0.0,0.0,0.0,1.87,0.0,0.0,0.0167,1,23,3,8,0.0,0.03,0.2857,0.5217,2809.31,0.0829,0.2118,0.07,2,0,0,0,0,0
1778586042.614906,2026-05-12 14:40:42,0,0,0,0.0,0.0,0.0,0.0,0.0,0.0,0.0,0.0,0,0,0,0,0.0,0.0,0.0,0.0,0.0,0.0,0.0,0.0,0,19,3,7,0.0,0.0233,0.3213,0.5263,2712.67,0.085,0.2026,0.0567,2,0,0,0,0,0
1778586072.614906,2026-05-12 14:41:12,0,0,0,0.0,0.0,0.0,0.0,0.0,0.0,0.0,0.0,0,0,0,0,0.0,0.0,0.0,0.0,0.0,0.0,0.0,0.0,0,19,3,7,0.0,0.0233,0.3213,0.5263,2712.67,0.085,0.2026,0.0567,2,0,0,0,0,0
1778586102.614906,2026-05-12 14:41:42,0,0,0,0.0,0.0,0.0,0.0,0.0,0.0,0.0,0.0,0,0,0,0,0.0,0.0,0.0,0.0,0.0,0.0,0.0,0.0,0,19,3,7,0.0,0.0233,0.3213,0.5263,2712.67,0.085,0.2026,0.0567,2,0,0,0,0,0
1778586132.614906,2026-05-12 14:42:12,0,0,0,0.0,0.0,0.0,0.0,0.0,0.0,0.0,0.0,0,0,0,0,0.0,0.0,0.0,0.0,0.0,0.0,0.0,0.0,0,10,3,5,0.0,0.0067,0.4115,0.6,2539.39,0.0857,0.1471,0.0267,2,0,0,0,0,0
1778586162.614906,2026-05-12 14:42:42,1,1,1,0.0,0.0,0.0001,0.0,3.73,0.0,0.0,0.0333,1,1,1,1,0.0,0.0,0.0001,0.0,1.87,0.0,0.0,0.0167,1,3,1,1,0.0,0.0,0.0,0.0,1.12,0.0,0.0499,0.01,1,0,0,0,0,0
1778586192.614906,2026-05-12 14:43:12,0,0,0,0.0,0.0,0.0,0.0,0.0,0.0,0.0,0.0,0,1,1,1,0.0,0.0,0.0001,0.0,1.87,0.0,0.0,0.0167,1,3,1,1,0.0,0.0,0.0,0.0,1.12,0.0,0.0499,0.01,1,0,0,0,0,0
1778586222.614906,2026-05-12 14:43:42,1,1,1,0.0,0.0,0.0,0.0,3.73,0.0,0.0,0.0333,1,1,1,1,0.0,0.0,0.0,0.0,1.87,0.0,0.0,0.0167,1,3,1,1,0.0,0.0,0.0,0.0,1.12,0.0,0.0501,0.01,1,0,0,0,0,0
1778586252.614906,2026-05-12 14:44:12,0,0,0,0.0,0.0,0.0,0.0,0.0,0.0,0.0,0.0,0,1,1,1,0.0,0.0,0.0,0.0,1.87,0.0,0.0,0.0167,1,3,1,1,0.0,0.0,0.0,0.0,1.12,0.0,0.0501,0.01,1,0,0,0,0,0
1778586282.614906,2026-05-12 14:44:42,1,1,1,0.0,0.0,0.0,0.0,3.73,0.0,0.0,0.0333,1,1,1,1,0.0,0.0,0.0,0.0,1.87,0.0,0.0,0.0167,1,3,1,1,0.0,0.0,0.0001,0.0,1.12,0.0,0.0002,0.01,1,0,0,0,0,0
1778586312.614906,2026-05-12 14:45:12,0,0,0,0.0,0.0,0.0,0.0,0.0,0.0,0.0,0.0,0,1,1,1,0.0,0.0,0.0,0.0,1.87,0.0,0.0,0.0167,1,3,1,1,0.0,0.0,0.0001,0.0,1.12,0.0,0.0002,0.01,1,0,0,0,0,0
1778586342.614906,2026-05-12 14:45:42,1,1,1,0.0,0.0,0.0001,0.0,3.73,0.0,0.0,0.0333,1,1,1,1,0.0,0.0,0.0001,0.0,1.87,0.0,0.0,0.0167,1,4,1,1,0.0,0.0,0.0001,0.0,1.49,0.0,0.0001,0.0133,1,0,0,0,0,0
1778586372.614906,2026-05-12 14:46:12,0,0,0,0.0,0.0,0.0,0.0,0.0,0.0,0.0,0.0,0,1,1,1,0.0,0.0,0.0001,0.0,1.87,0.0,0.0,0.0167,1,4,1,1,0.0,0.0,0.0001,0.0,1.49,0.0,0.0001,0.0133,1,0,0,0,0,0
1778586402.614906,2026-05-12 14:46:42,1,1,1,0.0,0.0,0.0,0.0,3.73,0.0,0.0,0.0333,1,1,1,1,0.0,0.0,0.0,0.0,1.87,0.0,0.0,0.0167,1,5,1,1,0.0,0.0,0.0,0.0,1.87,0.0,0.0001,0.0167,1,0,0,0,0,0
1778586432.614906,2026-05-12 14:47:12,0,0,0,0.0,0.0,0.0,0.0,0.0,0.0,0.0,0.0,0,1,1,1,0.0,0.0,0.0,0.0,1.87,0.0,0.0,0.0167,1,5,1,1,0.0,0.0,0.0,0.0,1.87,0.0,0.0001,0.0167,1,0,0,0,0,0
1778586462.614906,2026-05-12 14:47:42,0,0,0,0.0,0.0,0.0,0.0,0.0,0.0,0.0,0.0,0,0,0,0,0.0,0.0,0.0,0.0,0.0,0.0,0.0,0.0,0,4,1,1,0.0,0.0,0.0,0.0,1.49,0.0,0.0001,0.0133,1,0,0,0,0,0
1778586492.614906,2026-05-12 14:48:12,0,0,0,0.0,0.0,0.0,0.0,0.0,0.0,0.0,0.0,0,0,0,0,0.0,0.0,0.0,0.0,0.0,0.0,0.0,0.0,0,4,1,1,0.0,0.0,0.0,0.0,1.49,0.0,0.0001,0.0133,1,0,0,0,0,0
1778586522.614906,2026-05-12 14:48:42,0,0,0,0.0,0.0,0.0,0.0,0.0,0.0,0.0,0.0,0,0,0,0,0.0,0.0,0.0,0.0,0.0,0.0,0.0,0.0,0,3,1,1,0.0,0.0,0.0,0.0,1.12,0.0,0.0,0.01,1,0,0,0,0,0
1778586552.614906,2026-05-12 14:49:12,0,0,0,0.0,0.0,0.0,0.0,0.0,0.0,0.0,0.0,0,0,0,0,0.0,0.0,0.0,0.0,0.0,0.0,0.0,0.0,0,3,1,1,0.0,0.0,0.0,0.0,1.12,0.0,0.0,0.01,1,0,0,0,0,0
1778586582.614906,2026-05-12 14:49:42,0,0,0,0.0,0.0,0.0,0.0,0.0,0.0,0.0,0.0,0,0,0,0,0.0,0.0,0.0,0.0,0.0,0.0,0.0,0.0,0,2,1,1,0.0,0.0,0.0,0.0,0.75,0.0,0.0,0.0067,1,0,0,0,0,0
1778586612.614906,2026-05-12 14:50:12,0,0,0,0.0,0.0,0.0,0.0,0.0,0.0,0.0,0.0,0,0,0,0,0.0,0.0,0.0,0.0,0.0,0.0,0.0,0.0,0,2,1,1,0.0,0.0,0.0,0.0,0.75,0.0,0.0,0.0067,1,0,0,0,0,0
1778586642.614906,2026-05-12 14:50:42,1,1,1,0.0,0.0,0.0,0.0,3.73,0.0,0.0,0.0333,1,1,1,1,0.0,0.0,0.0,0.0,1.87,0.0,0.0,0.0167,1,2,1,1,0.0,0.0,0.0,0.0,0.75,0.0,0.0,0.0067,1,0,0,0,0,0
1778586672.614906,2026-05-12 14:51:12,0,0,0,0.0,0.0,0.0,0.0,0.0,0.0,0.0,0.0,0,1,1,1,0.0,0.0,0.0,0.0,1.87,0.0,0.0,0.0167,1,2,1,1,0.0,0.0,0.0,0.0,0.75,0.0,0.0,0.0067,1,0,0,0,0,0
1778586702.614906,2026-05-12 14:51:42,0,0,0,0.0,0.0,0.0,0.0,0.0,0.0,0.0,0.0,0,0,0,0,0.0,0.0,0.0,0.0,0.0,0.0,0.0,0.0,0,1,1,1,0.0,0.0,0.0,0.0,0.37,0.0,0.0,0.0033,1,0,0,0,0,0
1778586732.614906,2026-05-12 14:52:12,0,0,0,0.0,0.0,0.0,0.0,0.0,0.0,0.0,0.0,0,0,0,0,0.0,0.0,0.0,0.0,0.0,0.0,0.0,0.0,0,1,1,1,0.0,0.0,0.0,0.0,0.37,0.0,0.0,0.0033,1,0,0,0,0,0
1778586762.614906,2026-05-12 14:52:42,1,1,1,0.0,0.0,0.0001,0.0,3.73,0.0,0.0,0.0333,1,1,1,1,0.0,0.0,0.0001,0.0,1.87,0.0,0.0,0.0167,1,2,1,1,0.0,0.0,0.0,0.0,0.75,0.0,0.0,0.0067,1,0,0,0,0,0
1778586792.614906,2026-05-12 14:53:12,0,0,0,0.0,0.0,0.0,0.0,0.0,0.0,0.0,0.0,0,1,1,1,0.0,0.0,0.0001,0.0,1.87,0.0,0.0,0.0167,1,2,1,1,0.0,0.0,0.0,0.0,0.75,0.0,0.0,0.0067,1,0,0,0,0,0
1778586822.614906,2026-05-12 14:53:42,0,0,0,0.0,0.0,0.0,0.0,0.0,0.0,0.0,0.0,0,0,0,0,0.0,0.0,0.0,0.0,0.0,0.0,0.0,0.0,0,2,1,1,0.0,0.0,0.0,0.0,0.75,0.0,0.0,0.0067,1,0,0,0,0,0
1778586852.614906,2026-05-12 14:54:12,0,0,0,0.0,0.0,0.0,0.0,0.0,0.0,0.0,0.0,0,0,0,0,0.0,0.0,0.0,0.0,0.0,0.0,0.0,0.0,0,2,1,1,0.0,0.0,0.0,0.0,0.75,0.0,0.0,0.0067,1,0,0,0,0,0
1778586882.614906,2026-05-12 14:54:42,2,1,2,0.0,0.0,0.0,0.5,3.73,0.0,0.0,0.0333,1,2,1,2,0.0,0.0,0.0,0.5,1.87,0.0,0.0,0.0167,1,4,1,2,0.0,0.0,0.0,0.25,1.12,0.0,0.0641,0.01,1,0,0,0,0,0
1778586912.614906,2026-05-12 14:55:12,0,0,0,0.0,0.0,0.0,0.0,0.0,0.0,0.0,0.0,0,2,1,2,0.0,0.0,0.0,0.5,1.87,0.0,0.0,0.0167,1,4,1,2,0.0,0.0,0.0,0.25,1.12,0.0,0.0641,0.01,1,0,0,0,0,0
1778586942.614906,2026-05-12 14:55:42,1,1,1,0.0,0.0,0.0,0.0,3.73,0.0,0.0,0.0333,1,1,1,1,0.0,0.0,0.0,0.0,1.87,0.0,0.0,0.0167,1,4,1,2,0.0,0.0,0.0,0.25,1.12,0.0,0.0714,0.01,1,0,0,0,0,0
1778586972.614906,2026-05-12 14:56:12,1,1,1,0.0,0.0,0.0,1.0,0.0,0.0,0.0,0.0333,1,2,1,2,0.0,0.0,0.0,0.5,1.87,0.0,0.0,0.0167,1,5,1,2,0.0,0.0,0.0,0.4,1.12,0.0,0.0792,0.01,1,0,0,0,0,0
1778587002.614906,2026-05-12 14:56:42,1,1,1,0.0,0.0,0.0,0.0,3.73,0.0,0.0,0.0333,1,2,1,2,0.0,0.0,0.0,0.5,1.87,0.0,0.0,0.0167,1,6,1,2,0.0,0.0,0.0,0.3333,1.49,0.0,0.076,0.0133,1,0,0,0,0,0
1778587032.614906,2026-05-12 14:57:12,1,1,1,0.0,0.0,4.6956,1.0,2.0,0.0,0.0,0.0333,1,2,1,2,0.0,0.0,2.3478,0.5,2.87,0.0,0.0,0.0167,1,7,1,3,0.0,0.0,0.6708,0.4286,1.69,0.0,0.0772,0.0133,1,0,0,0,0,0
1778587062.614906,2026-05-12 14:57:42,1,1,1,0.0,0.0,0.0,0.0,3.73,0.0,0.0,0.0333,1,2,1,2,0.0,0.0,2.3478,0.5,2.87,0.0,0.0,0.0167,1,7,1,3,0.0,0.0,0.6708,0.4286,1.69,0.0,0.0505,0.0133,1,0,0,0,0,0
1778587092.614906,2026-05-12 14:58:12,0,0,0,0.0,0.0,0.0,0.0,0.0,0.0,0.0,0.0,0,1,1,1,0.0,0.0,0.0,0.0,1.87,0.0,0.0,0.0167,1,7,1,3,0.0,0.0,0.6708,0.4286,1.69,0.0,0.0505,0.0133,1,0,0,0,0,0
1778587122.614906,2026-05-12 14:58:42,0,0,0,0.0,0.0,0.0,0.0,0.0,0.0,0.0,0.0,0,0,0,0,0.0,0.0,0.0,0.0,0.0,0.0,0.0,0.0,0,7,1,3,0.0,0.0,0.6708,0.4286,1.69,0.0,0.0505,0.0133,1,0,0,0,0,0
1778587152.614906,2026-05-12 14:59:12,1,1,1,0.0,0.0,16.966,1.0,2.67,0.0,0.0,0.0333,1,1,1,1,0.0,0.0,16.966,1.0,1.33,0.0,0.0,0.0167,1,8,1,3,0.0,0.0,2.7077,0.5,1.96,0.0,0.0627,0.0133,1,0,0,0,0,0
1778587182.614906,2026-05-12 14:59:42,1,1,1,0.0,0.0,0.0,1.0,0.0,0.0,0.0,0.0333,1,2,1,2,0.0,0.0,8.483,1.0,1.33,0.0,0.0,0.0167,1,7,1,3,0.0,0.0,3.0945,0.5714,1.59,0.0,0.063,0.01,1,0,0,0,0,0
1778587212.614906,2026-05-12 15:00:12,10,1,1,0.0,0.3333,0.0567,0.0,52.4,0.0,0.1183,0.3333,1,11,2,2,0.0,0.1667,0.0516,0.0909,26.2,0.0275,0.2958,0.1667,1,17,2,4,0.0,0.0333,1.3076,0.2353,6.83,0.0611,0.1418,0.0333,1,0,0,0,0,0
1778587242.614906,2026-05-12 15:00:42,0,0,0,0.0,0.0,0.0,0.0,0.0,0.0,0.0,0.0,0,10,1,1,0.0,0.1667,0.0567,0.0,26.2,0.0,0.1183,0.1667,1,16,2,4,0.0,0.0333,1.3893,0.25,6.45,0.0597,0.1499,0.0333,1,0,0,0,0,0
1778587272.614906,2026-05-12 15:01:12,0,0,0,0.0,0.0,0.0,0.0,0.0,0.0,0.0,0.0,0,0,0,0,0.0,0.0,0.0,0.0,0.0,0.0,0.0,0.0,0,15,2,4,0.0,0.0333,1.4819,0.2,6.45,0.0574,0.1658,0.0333,1,0,0,0,0,0
1778587302.614906,2026-05-12 15:01:42,0,0,0,0.0,0.0,0.0,0.0,0.0,0.0,0.0,0.0,0,0,0,0,0.0,0.0,0.0,0.0,0.0,0.0,0.0,0.0,0,14,2,4,0.0,0.0333,1.5878,0.2143,6.08,0.0539,0.181,0.0333,1,0,0,0,0,0
1778587332.614906,2026-05-12 15:02:12,0,0,0,0.0,0.0,0.0,0.0,0.0,0.0,0.0,0.0,0,0,0,0,0.0,0.0,0.0,0.0,0.0,0.0,0.0,0.0,0,13,2,4,0.0,0.0333,1.3487,0.1538,5.88,0.0487,0.2072,0.0333,1,0,0,0,0,0
1778587362.614906,2026-05-12 15:02:42,0,0,0,0.0,0.0,0.0,0.0,0.0,0.0,0.0,0.0,0,0,0,0,0.0,0.0,0.0,0.0,0.0,0.0,0.0,0.0,0,12,2,3,0.0,0.0333,1.4611,0.1667,5.51,0.0406,0.2385,0.0333,1,0,0,0,0,0
1778587392.614906,2026-05-12 15:03:12,0,0,0,0.0,0.0,0.0,0.0,0.0,0.0,0.0,0.0,0,0,0,0,0.0,0.0,0.0,0.0,0.0,0.0,0.0,0.0,0,12,2,3,0.0,0.0333,1.4611,0.1667,5.51,0.0406,0.2385,0.0333,1,0,0,0,0,0
1778587422.614906,2026-05-12 15:03:42,1,1,1,0.0,0.0,0.0001,0.0,3.73,0.0,0.0,0.0333,1,1,1,1,0.0,0.0,0.0001,0.0,1.87,0.0,0.0,0.0167,1,13,2,4,0.0,0.0333,1.3487,0.1538,5.88,0.0487,0.2526,0.0333,1,0,0,0,0,0
1778587452.614906,2026-05-12 15:04:12,0,0,0,0.0,0.0,0.0,0.0,0.0,0.0,0.0,0.0,0,1,1,1,0.0,0.0,0.0001,0.0,1.87,0.0,0.0,0.0167,1,12,2,3,0.0,0.0333,0.0473,0.0833,5.61,0.0406,0.2572,0.0333,1,0,0,0,0,0
1778587482.614906,2026-05-12 15:04:42,1,1,1,0.0,0.0,0.0,0.0,3.73,0.0,0.0,0.0333,1,1,1,1,0.0,0.0,0.0,0.0,1.87,0.0,0.0,0.0167,1,12,2,2,0.0,0.0333,0.0473,0.0,5.99,0.0406,0.2478,0.0333,1,0,0,0,0,0
1778587512.614906,2026-05-12 15:05:12,0,0,0,0.0,0.0,0.0,0.0,0.0,0.0,0.0,0.0,0,1,1,1,0.0,0.0,0.0,0.0,1.87,0.0,0.0,0.0167,1,2,1,1,0.0,0.0,0.0,0.0,0.75,0.0,0.0,0.0067,1,0,0,0,0,0
1778587542.614906,2026-05-12 15:05:42,1,1,1,0.0,0.0,0.0,0.0,3.73,0.0,0.0,0.0333,1,1,1,1,0.0,0.0,0.0,0.0,1.87,0.0,0.0,0.0167,1,3,1,1,0.0,0.0,0.0,0.0,1.12,0.0,0.0001,0.01,1,0,0,0,0,0
1778587572.614906,2026-05-12 15:06:12,0,0,0,0.0,0.0,0.0,0.0,0.0,0.0,0.0,0.0,0,1,1,1,0.0,0.0,0.0,0.0,1.87,0.0,0.0,0.0167,1,3,1,1,0.0,0.0,0.0,0.0,1.12,0.0,0.0001,0.01,1,0,0,0,0,0
1778587602.614906,2026-05-12 15:06:42,1,1,1,0.0,0.0,0.0,0.0,3.73,0.0,0.0,0.0333,1,1,1,1,0.0,0.0,0.0,0.0,1.87,0.0,0.0,0.0167,1,4,1,1,0.0,0.0,0.0,0.0,1.49,0.0,0.0,0.0133,1,0,0,0,0,0
1778587632.614906,2026-05-12 15:07:12,0,0,0,0.0,0.0,0.0,0.0,0.0,0.0,0.0,0.0,0,1,1,1,0.0,0.0,0.0,0.0,1.87,0.0,0.0,0.0167,1,4,1,1,0.0,0.0,0.0,0.0,1.49,0.0,0.0,0.0133,1,0,0,0,0,0
1778587662.614906,2026-05-12 15:07:42,1,1,1,0.0,0.0,0.0,0.0,3.73,0.0,0.0,0.0333,1,1,1,1,0.0,0.0,0.0,0.0,1.87,0.0,0.0,0.0167,1,5,1,1,0.0,0.0,0.0,0.0,1.87,0.0,0.0,0.0167,1,0,0,0,0,0
1778587692.614906,2026-05-12 15:08:12,0,0,0,0.0,0.0,0.0,0.0,0.0,0.0,0.0,0.0,0,1,1,1,0.0,0.0,0.0,0.0,1.87,0.0,0.0,0.0167,1,5,1,1,0.0,0.0,0.0,0.0,1.87,0.0,0.0,0.0167,1,0,0,0,0,0
1778587722.614906,2026-05-12 15:08:42,1,1,1,0.0,0.0,0.0,0.0,3.73,0.0,0.0,0.0333,1,1,1,1,0.0,0.0,0.0,0.0,1.87,0.0,0.0,0.0167,1,5,1,1,0.0,0.0,0.0,0.0,1.87,0.0,0.0,0.0167,1,0,0,0,0,0
1778587752.614906,2026-05-12 15:09:12,0,0,0,0.0,0.0,0.0,0.0,0.0,0.0,0.0,0.0,0,1,1,1,0.0,0.0,0.0,0.0,1.87,0.0,0.0,0.0167,1,5,1,1,0.0,0.0,0.0,0.0,1.87,0.0,0.0,0.0167,1,0,0,0,0,0
1778587782.614906,2026-05-12 15:09:42,1,1,1,0.0,0.0,0.0002,0.0,3.73,0.0,0.0,0.0333,1,1,1,1,0.0,0.0,0.0002,0.0,1.87,0.0,0.0,0.0167,1,5,1,1,0.0,0.0,0.0001,0.0,1.87,0.0,0.0,0.0167,1,0,0,0,0,0
1778587812.614906,2026-05-12 15:10:12,0,0,0,0.0,0.0,0.0,0.0,0.0,0.0,0.0,0.0,0,1,1,1,0.0,0.0,0.0002,0.0,1.87,0.0,0.0,0.0167,1,5,1,1,0.0,0.0,0.0001,0.0,1.87,0.0,0.0,0.0167,1,0,0,0,0,0
1778587842.614906,2026-05-12 15:10:42,0,0,0,0.0,0.0,0.0,0.0,0.0,0.0,0.0,0.0,0,0,0,0,0.0,0.0,0.0,0.0,0.0,0.0,0.0,0.0,0,4,1,1,0.0,0.0,0.0001,0.0,1.49,0.0,0.0,0.0133,1,0,0,0,0,0
1778587872.614906,2026-05-12 15:11:12,2,1,1,0.0,0.0,2.9465,1.0,2110.97,0.0,0.0,0.0667,1,2,1,1,0.0,0.0,2.9465,1.0,1055.48,0.0,0.0,0.0333,1,6,2,2,0.0,0.0,0.9822,0.3333,212.59,0.0574,0.0535,0.0133,1,0,0,0,0,0
1778587902.614906,2026-05-12 15:11:42,0,0,0,0.0,0.0,0.0,0.0,0.0,0.0,0.0,0.0,0,2,1,1,0.0,0.0,2.9465,1.0,1055.48,0.0,0.0,0.0333,1,5,2,2,0.0,0.0,1.1787,0.4,212.22,0.0607,0.0613,0.01,1,0,0,0,0,0
1778587932.614906,2026-05-12 15:12:12,1,1,1,0.0,0.0,0.0,0.0,3.73,0.0,0.0,0.0333,1,1,1,1,0.0,0.0,0.0,0.0,1.87,0.0,0.0,0.0167,1,6,2,2,0.0,0.0,0.9822,0.3333,212.59,0.0574,0.0532,0.0133,1,0,0,0,0,0
1778587962.614906,2026-05-12 15:12:42,0,0,0,0.0,0.0,0.0,0.0,0.0,0.0,0.0,0.0,0,1,1,1,0.0,0.0,0.0,0.0,1.87,0.0,0.0,0.0167,1,5,2,2,0.0,0.0,1.1787,0.4,212.22,0.0607,0.0608,0.01,1,0,0,0,0,0
1778587992.614906,2026-05-12 15:13:12,1,1,1,0.0,0.0,0.0001,0.0,3.73,0.0,0.0,0.0333,1,1,1,1,0.0,0.0,0.0001,0.0,1.87,0.0,0.0,0.0167,1,6,2,2,0.0,0.0,0.9822,0.3333,212.59,0.0574,0.0532,0.0133,1,0,0,0,0,0
1778588022.614906,2026-05-12 15:13:42,0,0,0,0.0,0.0,0.0,0.0,0.0,0.0,0.0,0.0,0,1,1,1,0.0,0.0,0.0001,0.0,1.87,0.0,0.0,0.0167,1,5,2,2,0.0,0.0,1.1787,0.4,212.22,0.0607,0.0608,0.01,1,0,0,0,0,0
1778588052.614906,2026-05-12 15:14:12,1,1,1,0.0,0.0,0.0,0.0,3.73,0.0,0.0,0.0333,1,1,1,1,0.0,0.0,0.0,0.0,1.87,0.0,0.0,0.0167,1,6,2,2,0.0,0.0,0.9822,0.3333,212.59,0.0574,0.0532,0.0133,1,0,0,0,0,0
1778588082.614906,2026-05-12 15:14:42,0,0,0,0.0,0.0,0.0,0.0,0.0,0.0,0.0,0.0,0,1,1,1,0.0,0.0,0.0,0.0,1.87,0.0,0.0,0.0167,1,5,2,2,0.0,0.0,1.1786,0.4,212.22,0.0607,0.0576,0.01,1,0,0,0,0,0
1778588112.614906,2026-05-12 15:15:12,1,1,1,0.0,0.0,0.0001,0.0,3.73,0.0,0.0,0.0333,1,1,1,1,0.0,0.0,0.0001,0.0,1.87,0.0,0.0,0.0167,1,6,2,2,0.0,0.0,0.9822,0.3333,212.59,0.0574,0.0499,0.0133,1,0,0,0,0,0
1778588142.614906,2026-05-12 15:15:42,0,0,0,0.0,0.0,0.0,0.0,0.0,0.0,0.0,0.0,0,1,1,1,0.0,0.0,0.0001,0.0,1.87,0.0,0.0,0.0167,1,6,2,2,0.0,0.0,0.9822,0.3333,212.59,0.0574,0.0499,0.0133,1,0,0,0,0,0
1778588172.614906,2026-05-12 15:16:12,1,1,1,0.0,0.0,0.0001,0.0,3.73,0.0,0.0,0.0333,1,1,1,1,0.0,0.0,0.0001,0.0,1.87,0.0,0.0,0.0167,1,5,1,1,0.0,0.0,0.0001,0.0,1.87,0.0,0.0,0.0167,1,0,0,0,0,0
1778588202.614906,2026-05-12 15:16:42,0,0,0,0.0,0.0,0.0,0.0,0.0,0.0,0.0,0.0,0,1,1,1,0.0,0.0,0.0001,0.0,1.87,0.0,0.0,0.0167,1,5,1,1,0.0,0.0,0.0001,0.0,1.87,0.0,0.0,0.0167,1,0,0,0,0,0
1778588232.614906,2026-05-12 15:17:12,1,1,1,0.0,0.0,0.0001,0.0,3.73,0.0,0.0,0.0333,1,1,1,1,0.0,0.0,0.0001,0.0,1.87,0.0,0.0,0.0167,1,5,1,1,0.0,0.0,0.0001,0.0,1.87,0.0,0.0,0.0167,1,0,0,0,0,0
1778588262.614906,2026-05-12 15:17:42,0,0,0,0.0,0.0,0.0,0.0,0.0,0.0,0.0,0.0,0,1,1,1,0.0,0.0,0.0001,0.0,1.87,0.0,0.0,0.0167,1,5,1,1,0.0,0.0,0.0001,0.0,1.87,0.0,0.0,0.0167,1,0,0,0,0,0
1778588292.614906,2026-05-12 15:18:12,0,0,0,0.0,0.0,0.0,0.0,0.0,0.0,0.0,0.0,0,0,0,0,0.0,0.0,0.0,0.0,0.0,0.0,0.0,0.0,0,4,1,1,0.0,0.0,0.0001,0.0,1.49,0.0,0.0,0.0133,1,0,0,0,0,0
1778588322.614906,2026-05-12 15:18:42,0,0,0,0.0,0.0,0.0,0.0,0.0,0.0,0.0,0.0,0,0,0,0,0.0,0.0,0.0,0.0,0.0,0.0,0.0,0.0,0,4,1,1,0.0,0.0,0.0001,0.0,1.49,0.0,0.0,0.0133,1,0,0,0,0,0
1778588352.614906,2026-05-12 15:19:12,0,0,0,0.0,0.0,0.0,0.0,0.0,0.0,0.0,0.0,0,0,0,0,0.0,0.0,0.0,0.0,0.0,0.0,0.0,0.0,0,3,1,1,0.0,0.0,0.0001,0.0,1.12,0.0,0.0,0.01,1,0,0,0,0,0
1778588382.614906,2026-05-12 15:19:42,0,0,0,0.0,0.0,0.0,0.0,0.0,0.0,0.0,0.0,0,0,0,0,0.0,0.0,0.0,0.0,0.0,0.0,0.0,0.0,0,3,1,1,0.0,0.0,0.0001,0.0,1.12,0.0,0.0,0.01,1,0,0,0,0,0
1778588412.614906,2026-05-12 15:20:12,0,0,0,0.0,0.0,0.0,0.0,0.0,0.0,0.0,0.0,0,0,0,0,0.0,0.0,0.0,0.0,0.0,0.0,0.0,0.0,0,2,1,1,0.0,0.0,0.0001,0.0,0.75,0.0,0.0,0.0067,1,0,0,0,0,0
1778588442.614906,2026-05-12 15:20:42,0,0,0,0.0,0.0,0.0,0.0,0.0,0.0,0.0,0.0,0,0,0,0,0.0,0.0,0.0,0.0,0.0,0.0,0.0,0.0,0,2,1,1,0.0,0.0,0.0001,0.0,0.75,0.0,0.0,0.0067,1,0,0,0,0,0
1778588472.614906,2026-05-12 15:21:12,0,0,0,0.0,0.0,0.0,0.0,0.0,0.0,0.0,0.0,0,0,0,0,0.0,0.0,0.0,0.0,0.0,0.0,0.0,0.0,0,1,1,1,0.0,0.0,0.0001,0.0,0.37,0.0,0.0,0.0033,1,0,0,0,0,0
1778588502.614906,2026-05-12 15:21:42,0,0,0,0.0,0.0,0.0,0.0,0.0,0.0,0.0,0.0,0,0,0,0,0.0,0.0,0.0,0.0,0.0,0.0,0.0,0.0,0,1,1,1,0.0,0.0,0.0001,0.0,0.37,0.0,0.0,0.0033,1,0,0,0,0,0
1778588532.614906,2026-05-12 15:22:12,0,0,0,0.0,0.0,0.0,0.0,0.0,0.0,0.0,0.0,0,0,0,0,0.0,0.0,0.0,0.0,0.0,0.0,0.0,0.0,0,0,0,0,0.0,0.0,0.0,0.0,0.0,0.0,0.0,0.0,0,0,0,0,0,0
1778588562.614906,2026-05-12 15:22:42,0,0,0,0.0,0.0,0.0,0.0,0.0,0.0,0.0,0.0,0,0,0,0,0.0,0.0,0.0,0.0,0.0,0.0,0.0,0.0,0,0,0,0,0.0,0.0,0.0,0.0,0.0,0.0,0.0,0.0,0,0,0,0,0,0
1778588592.614906,2026-05-12 15:23:12,0,0,0,0.0,0.0,0.0,0.0,0.0,0.0,0.0,0.0,0,0,0,0,0.0,0.0,0.0,0.0,0.0,0.0,0.0,0.0,0,0,0,0,0.0,0.0,0.0,0.0,0.0,0.0,0.0,0.0,0,0,0,0,0,0
1778588622.614906,2026-05-12 15:23:42,1,1,1,0.0,0.0,0.0,0.0,3.73,0.0,0.0,0.0333,1,1,1,1,0.0,0.0,0.0,0.0,1.87,0.0,0.0,0.0167,1,1,1,1,0.0,0.0,0.0,0.0,0.37,0.0,0.0,0.0033,1,0,0,0,0,0
1778588652.614906,2026-05-12 15:24:12,0,0,0,0.0,0.0,0.0,0.0,0.0,0.0,0.0,0.0,0,1,1,1,0.0,0.0,0.0,0.0,1.87,0.0,0.0,0.0167,1,1,1,1,0.0,0.0,0.0,0.0,0.37,0.0,0.0,0.0033,1,0,0,0,0,0
1778588682.614906,2026-05-12 15:24:42,1,1,1,0.0,0.0,0.0,0.0,3.73,0.0,0.0,0.0333,1,1,1,1,0.0,0.0,0.0,0.0,1.87,0.0,0.0,0.0167,1,2,1,1,0.0,0.0,0.0,0.0,0.75,0.0,0.0,0.0067,1,0,0,0,0,0
1778588712.614906,2026-05-12 15:25:12,0,0,0,0.0,0.0,0.0,0.0,0.0,0.0,0.0,0.0,0,1,1,1,0.0,0.0,0.0,0.0,1.87,0.0,0.0,0.0167,1,2,1,1,0.0,0.0,0.0,0.0,0.75,0.0,0.0,0.0067,1,0,0,0,0,0
1778588742.614906,2026-05-12 15:25:42,1,1,1,0.0,0.0,0.0,0.0,3.73,0.0,0.0,0.0333,1,1,1,1,0.0,0.0,0.0,0.0,1.87,0.0,0.0,0.0167,1,3,1,1,0.0,0.0,0.0,0.0,1.12,0.0,0.0001,0.01,1,0,0,0,0,0
1778588772.614906,2026-05-12 15:26:12,0,0,0,0.0,0.0,0.0,0.0,0.0,0.0,0.0,0.0,0,1,1,1,0.0,0.0,0.0,0.0,1.87,0.0,0.0,0.0167,1,3,1,1,0.0,0.0,0.0,0.0,1.12,0.0,0.0001,0.01,1,0,0,0,0,0
1778588802.614906,2026-05-12 15:26:42,1,1,1,0.0,0.0,0.0,0.0,3.73,0.0,0.0,0.0333,1,1,1,1,0.0,0.0,0.0,0.0,1.87,0.0,0.0,0.0167,1,4,1,1,0.0,0.0,0.0,0.0,1.49,0.0,0.0,0.0133,1,0,0,0,0,0
1778588832.614906,2026-05-12 15:27:12,0,0,0,0.0,0.0,0.0,0.0,0.0,0.0,0.0,0.0,0,1,1,1,0.0,0.0,0.0,0.0,1.87,0.0,0.0,0.0167,1,4,1,1,0.0,0.0,0.0,0.0,1.49,0.0,0.0,0.0133,1,0,0,0,0,0
1778588862.614906,2026-05-12 15:27:42,1,1,1,0.0,0.0,0.0,0.0,3.73,0.0,0.0,0.0333,1,1,1,1,0.0,0.0,0.0,0.0,1.87,0.0,0.0,0.0167,1,5,1,1,0.0,0.0,0.0,0.0,1.87,0.0,0.0,0.0167,1,0,0,0,0,0
1778588892.614906,2026-05-12 15:28:12,0,0,0,0.0,0.0,0.0,0.0,0.0,0.0,0.0,0.0,0,1,1,1,0.0,0.0,0.0,0.0,1.87,0.0,0.0,0.0167,1,5,1,1,0.0,0.0,0.0,0.0,1.87,0.0,0.0,0.0167,1,0,0,0,0,0
1778588922.614906,2026-05-12 15:28:42,1,1,1,0.0,0.0,0.0,0.0,3.73,0.0,0.0,0.0333,1,1,1,1,0.0,0.0,0.0,0.0,1.87,0.0,0.0,0.0167,1,5,1,1,0.0,0.0,0.0,0.0,1.87,0.0,0.0,0.0167,1,0,0,0,0,0
1778588952.614906,2026-05-12 15:29:12,0,0,0,0.0,0.0,0.0,0.0,0.0,0.0,0.0,0.0,0,1,1,1,0.0,0.0,0.0,0.0,1.87,0.0,0.0,0.0167,1,5,1,1,0.0,0.0,0.0,0.0,1.87,0.0,0.0,0.0167,1,0,0,0,0,0
1778588982.614906,2026-05-12 15:29:42,1,1,1,0.0,0.0,0.0,0.0,3.73,0.0,0.0,0.0333,1,1,1,1,0.0,0.0,0.0,0.0,1.87,0.0,0.0,0.0167,1,5,1,1,0.0,0.0,0.0,0.0,1.87,0.0,0.0,0.0167,1,0,0,0,0,0
1778589012.614906,2026-05-12 15:30:12,0,0,0,0.0,0.0,0.0,0.0,0.0,0.0,0.0,0.0,0,1,1,1,0.0,0.0,0.0,0.0,1.87,0.0,0.0,0.0167,1,5,1,1,0.0,0.0,0.0,0.0,1.87,0.0,0.0,0.0167,1,0,0,0,0,0
1778589042.614906,2026-05-12 15:30:42,1,1,1,0.0,0.0,0.0,0.0,3.73,0.0,0.0,0.0333,1,1,1,1,0.0,0.0,0.0,0.0,1.87,0.0,0.0,0.0167,1,5,1,1,0.0,0.0,0.0,0.0,1.87,0.0,0.0,0.0167,1,0,0,0,0,0
1778589072.614906,2026-05-12 15:31:12,0,0,0,0.0,0.0,0.0,0.0,0.0,0.0,0.0,0.0,0,1,1,1,0.0,0.0,0.0,0.0,1.87,0.0,0.0,0.0167,1,5,1,1,0.0,0.0,0.0,0.0,1.87,0.0,0.0,0.0167,1,0,0,0,0,0
1778589102.614906,2026-05-12 15:31:42,1,1,1,0.0,0.0,0.0,0.0,3.73,0.0,0.0,0.0333,1,1,1,1,0.0,0.0,0.0,0.0,1.87,0.0,0.0,0.0167,1,5,1,1,0.0,0.0,0.0,0.0,1.87,0.0,0.0,0.0167,1,0,0,0,0,0
1778589132.614906,2026-05-12 15:32:12,0,0,0,0.0,0.0,0.0,0.0,0.0,0.0,0.0,0.0,0,1,1,1,0.0,0.0,0.0,0.0,1.87,0.0,0.0,0.0167,1,5,1,1,0.0,0.0,0.0,0.0,1.87,0.0,0.0,0.0167,1,0,0,0,0,0
1778589162.614906,2026-05-12 15:32:42,1,1,1,0.0,0.0,0.0,0.0,3.73,0.0,0.0,0.0333,1,1,1,1,0.0,0.0,0.0,0.0,1.87,0.0,0.0,0.0167,1,5,1,1,0.0,0.0,0.0,0.0,1.87,0.0,0.0,0.0167,1,0,0,0,0,0
1778589192.614906,2026-05-12 15:33:12,0,0,0,0.0,0.0,0.0,0.0,0.0,0.0,0.0,0.0,0,1,1,1,0.0,0.0,0.0,0.0,1.87,0.0,0.0,0.0167,1,5,1,1,0.0,0.0,0.0,0.0,1.87,0.0,0.0,0.0167,1,0,0,0,0,0
1778589222.614906,2026-05-12 15:33:42,1,1,1,0.0,0.0,0.0001,0.0,3.73,0.0,0.0,0.0333,1,1,1,1,0.0,0.0,0.0001,0.0,1.87,0.0,0.0,0.0167,1,5,1,1,0.0,0.0,0.0,0.0,1.87,0.0,0.0,0.0167,1,0,0,0,0,0
1778589252.614906,2026-05-12 15:34:12,0,0,0,0.0,0.0,0.0,0.0,0.0,0.0,0.0,0.0,0,1,1,1,0.0,0.0,0.0001,0.0,1.87,0.0,0.0,0.0167,1,5,1,1,0.0,0.0,0.0,0.0,1.87,0.0,0.0,0.0167,1,0,0,0,0,0
1778589282.614906,2026-05-12 15:34:42,1,1,1,0.0,0.0,0.0,0.0,3.73,0.0,0.0,0.0333,1,1,1,1,0.0,0.0,0.0,0.0,1.87,0.0,0.0,0.0167,1,5,1,1,0.0,0.0,0.0,0.0,1.87,0.0,0.0,0.0167,1,0,0,0,0,0
1778589312.614906,2026-05-12 15:35:12,0,0,0,0.0,0.0,0.0,0.0,0.0,0.0,0.0,0.0,0,1,1,1,0.0,0.0,0.0,0.0,1.87,0.0,0.0,0.0167,1,5,1,1,0.0,0.0,0.0,0.0,1.87,0.0,0.0,0.0167,1,0,0,0,0,0
1778589342.614906,2026-05-12 15:35:42,1,1,1,0.0,0.0,0.0001,0.0,3.73,0.0,0.0,0.0333,1,1,1,1,0.0,0.0,0.0001,0.0,1.87,0.0,0.0,0.0167,1,5,1,1,0.0,0.0,0.0,0.0,1.87,0.0,0.0,0.0167,1,0,0,0,0,0
1778589372.614906,2026-05-12 15:36:12,0,0,0,0.0,0.0,0.0,0.0,0.0,0.0,0.0,0.0,0,1,1,1,0.0,0.0,0.0001,0.0,1.87,0.0,0.0,0.0167,1,5,1,1,0.0,0.0,0.0,0.0,1.87,0.0,0.0,0.0167,1,0,0,0,0,0
1778589402.614906,2026-05-12 15:36:42,1,1,1,0.0,0.0,0.0,0.0,3.73,0.0,0.0,0.0333,1,1,1,1,0.0,0.0,0.0,0.0,1.87,0.0,0.0,0.0167,1,5,1,1,0.0,0.0,0.0,0.0,1.87,0.0,0.0,0.0167,1,0,0,0,0,0
1778589432.614906,2026-05-12 15:37:12,0,0,0,0.0,0.0,0.0,0.0,0.0,0.0,0.0,0.0,0,1,1,1,0.0,0.0,0.0,0.0,1.87,0.0,0.0,0.0167,1,5,1,1,0.0,0.0,0.0,0.0,1.87,0.0,0.0,0.0167,1,0,0,0,0,0
1778589462.614906,2026-05-12 15:37:42,0,0,0,0.0,0.0,0.0,0.0,0.0,0.0,0.0,0.0,0,0,0,0,0.0,0.0,0.0,0.0,0.0,0.0,0.0,0.0,0,4,1,1,0.0,0.0,0.0001,0.0,1.49,0.0,0.0,0.0133,1,0,0,0,0,0
1778589492.614906,2026-05-12 15:38:12,0,0,0,0.0,0.0,0.0,0.0,0.0,0.0,0.0,0.0,0,0,0,0,0.0,0.0,0.0,0.0,0.0,0.0,0.0,0.0,0,4,1,1,0.0,0.0,0.0001,0.0,1.49,0.0,0.0,0.0133,1,0,0,0,0,0
1778589522.614906,2026-05-12 15:38:42,0,0,0,0.0,0.0,0.0,0.0,0.0,0.0,0.0,0.0,0,0,0,0,0.0,0.0,0.0,0.0,0.0,0.0,0.0,0.0,0,3,1,1,0.0,0.0,0.0,0.0,1.12,0.0,0.0,0.01,1,0,0,0,0,0
1778589552.614906,2026-05-12 15:39:12,0,0,0,0.0,0.0,0.0,0.0,0.0,0.0,0.0,0.0,0,0,0,0,0.0,0.0,0.0,0.0,0.0,0.0,0.0,0.0,0,3,1,1,0.0,0.0,0.0,0.0,1.12,0.0,0.0,0.01,1,0,0,0,0,0
1778589582.614906,2026-05-12 15:39:42,0,0,0,0.0,0.0,0.0,0.0,0.0,0.0,0.0,0.0,0,0,0,0,0.0,0.0,0.0,0.0,0.0,0.0,0.0,0.0,0,2,1,1,0.0,0.0,0.0,0.0,0.75,0.0,0.0,0.0067,1,0,0,0,0,0
1778589612.614906,2026-05-12 15:40:12,0,0,0,0.0,0.0,0.0,0.0,0.0,0.0,0.0,0.0,0,0,0,0,0.0,0.0,0.0,0.0,0.0,0.0,0.0,0.0,0,2,1,1,0.0,0.0,0.0,0.0,0.75,0.0,0.0,0.0067,1,0,0,0,0,0
1778589642.614906,2026-05-12 15:40:42,0,0,0,0.0,0.0,0.0,0.0,0.0,0.0,0.0,0.0,0,0,0,0,0.0,0.0,0.0,0.0,0.0,0.0,0.0,0.0,0,1,1,1,0.0,0.0,0.0,0.0,0.37,0.0,0.0,0.0033,1,0,0,0,0,0
1778589672.614906,2026-05-12 15:41:12,0,0,0,0.0,0.0,0.0,0.0,0.0,0.0,0.0,0.0,0,0,0,0,0.0,0.0,0.0,0.0,0.0,0.0,0.0,0.0,0,1,1,1,0.0,0.0,0.0,0.0,0.37,0.0,0.0,0.0033,1,0,0,0,0,0
1778589702.614906,2026-05-12 15:41:42,0,0,0,0.0,0.0,0.0,0.0,0.0,0.0,0.0,0.0,0,0,0,0,0.0,0.0,0.0,0.0,0.0,0.0,0.0,0.0,0,0,0,0,0.0,0.0,0.0,0.0,0.0,0.0,0.0,0.0,0,0,0,0,0,0
1778589732.614906,2026-05-12 15:42:12,0,0,0,0.0,0.0,0.0,0.0,0.0,0.0,0.0,0.0,0,0,0,0,0.0,0.0,0.0,0.0,0.0,0.0,0.0,0.0,0,0,0,0,0.0,0.0,0.0,0.0,0.0,0.0,0.0,0.0,0,0,0,0,0,0
1778589762.614906,2026-05-12 15:42:42,0,0,0,0.0,0.0,0.0,0.0,0.0,0.0,0.0,0.0,0,0,0,0,0.0,0.0,0.0,0.0,0.0,0.0,0.0,0.0,0,0,0,0,0.0,0.0,0.0,0.0,0.0,0.0,0.0,0.0,0,0,0,0,0,0
1778589792.614906,2026-05-12 15:43:12,0,0,0,0.0,0.0,0.0,0.0,0.0,0.0,0.0,0.0,0,0,0,0,0.0,0.0,0.0,0.0,0.0,0.0,0.0,0.0,0,0,0,0,0.0,0.0,0.0,0.0,0.0,0.0,0.0,0.0,0,0,0,0,0,0
1778589822.614906,2026-05-12 15:43:42,1,1,1,0.0,0.0,0.0,0.0,3.73,0.0,0.0,0.0333,1,1,1,1,0.0,0.0,0.0,0.0,1.87,0.0,0.0,0.0167,1,1,1,1,0.0,0.0,0.0,0.0,0.37,0.0,0.0,0.0033,1,0,0,0,0,0
1778589852.614906,2026-05-12 15:44:12,0,0,0,0.0,0.0,0.0,0.0,0.0,0.0,0.0,0.0,0,1,1,1,0.0,0.0,0.0,0.0,1.87,0.0,0.0,0.0167,1,1,1,1,0.0,0.0,0.0,0.0,0.37,0.0,0.0,0.0033,1,0,0,0,0,0
1778589882.614906,2026-05-12 15:44:42,1,1,1,0.0,0.0,0.0001,0.0,3.73,0.0,0.0,0.0333,1,1,1,1,0.0,0.0,0.0001,0.0,1.87,0.0,0.0,0.0167,1,2,1,1,0.0,0.0,0.0,0.0,0.75,0.0,0.0,0.0067,1,0,0,0,0,0
1778589912.614906,2026-05-12 15:45:12,0,0,0,0.0,0.0,0.0,0.0,0.0,0.0,0.0,0.0,0,1,1,1,0.0,0.0,0.0001,0.0,1.87,0.0,0.0,0.0167,1,2,1,1,0.0,0.0,0.0,0.0,0.75,0.0,0.0,0.0067,1,0,0,0,0,0
1778589942.614906,2026-05-12 15:45:42,0,0,0,0.0,0.0,0.0,0.0,0.0,0.0,0.0,0.0,0,0,0,0,0.0,0.0,0.0,0.0,0.0,0.0,0.0,0.0,0,2,1,1,0.0,0.0,0.0,0.0,0.75,0.0,0.0,0.0067,1,0,0,0,0,0
1778589972.614906,2026-05-12 15:46:12,4,3,4,0.0,0.0,0.1037,1.0,2.67,0.0938,0.129,0.0667,2,4,3,4,0.0,0.0,0.1037,1.0,1.33,0.0938,0.129,0.0333,2,6,3,5,0.0,0.0,0.0692,0.6667,1.01,0.0912,0.1062,0.0067,2,0,0,0,0,0
1778590002.614906,2026-05-12 15:46:42,1,1,1,0.0,0.0,0.5111,1.0,1.33,0.0,0.0,0.0333,1,5,3,4,0.0,0.0,0.1852,1.0,2.0,0.0951,0.1486,0.0333,2,7,3,5,0.0,0.0,0.1323,0.7143,1.15,0.0862,0.1236,0.0067,2,0,0,0,0,0
1778590032.614906,2026-05-12 15:47:12,1,1,1,0.0,0.0,0.0,0.0,3.73,0.0,0.0,0.0333,1,2,1,2,0.0,0.0,0.2556,0.5,2.53,0.0,0.0,0.0167,1,8,3,5,0.0,0.0,0.1158,0.625,1.52,0.0812,0.104,0.01,2,0,0,0,0,0
1778590062.614906,2026-05-12 15:47:42,0,0,0,0.0,0.0,0.0,0.0,0.0,0.0,0.0,0.0,0,1,1,1,0.0,0.0,0.0,0.0,1.87,0.0,0.0,0.0167,1,8,3,5,0.0,0.0,0.1158,0.625,1.52,0.0812,0.104,0.01,2,0,0,0,0,0
1778590092.614906,2026-05-12 15:48:12,1,1,1,0.0,0.0,0.0001,0.0,3.73,0.0,0.0,0.0333,1,1,1,1,0.0,0.0,0.0001,0.0,1.87,0.0,0.0,0.0167,1,9,3,5,0.0,0.0,0.1029,0.5556,1.89,0.0765,0.0913,0.0133,2,0,0,0,0,0
1778590122.614906,2026-05-12 15:48:42,0,0,0,0.0,0.0,0.0,0.0,0.0,0.0,0.0,0.0,0,1,1,1,0.0,0.0,0.0001,0.0,1.87,0.0,0.0,0.0167,1,8,3,5,0.0,0.0,0.1158,0.625,1.52,0.0812,0.104,0.01,2,0,0,0,0,0
1778590152.614906,2026-05-12 15:49:12,1,1,1,0.0,0.0,0.0,0.0,3.73,0.0,0.0,0.0333,1,1,1,1,0.0,0.0,0.0,0.0,1.87,0.0,0.0,0.0167,1,9,3,5,0.0,0.0,0.1029,0.5556,1.89,0.0765,0.0913,0.0133,2,0,0,0,0,0
1778590182.614906,2026-05-12 15:49:42,0,0,0,0.0,0.0,0.0,0.0,0.0,0.0,0.0,0.0,0,1,1,1,0.0,0.0,0.0,0.0,1.87,0.0,0.0,0.0167,1,8,3,5,0.0,0.0,0.1158,0.625,1.52,0.0812,0.1009,0.01,2,0,0,0,0,0
1778590212.614906,2026-05-12 15:50:12,1,1,1,0.0,0.0,0.0,0.0,3.73,0.0,0.0,0.0333,1,1,1,1,0.0,0.0,0.0,0.0,1.87,0.0,0.0,0.0167,1,9,3,5,0.0,0.0,0.1029,0.5556,1.89,0.0765,0.089,0.0133,2,0,0,0,0,0
1778590242.614906,2026-05-12 15:50:42,0,0,0,0.0,0.0,0.0,0.0,0.0,0.0,0.0,0.0,0,1,1,1,0.0,0.0,0.0,0.0,1.87,0.0,0.0,0.0167,1,9,3,5,0.0,0.0,0.1029,0.5556,1.89,0.0765,0.089,0.0133,2,0,0,0,0,0
1778590272.614906,2026-05-12 15:51:12,0,0,0,0.0,0.0,0.0,0.0,0.0,0.0,0.0,0.0,0,0,0,0,0.0,0.0,0.0,0.0,0.0,0.0,0.0,0.0,0,5,1,2,0.0,0.0,0.1022,0.2,1.63,0.0,0.0021,0.0133,1,0,0,0,0,0
1778590302.614906,2026-05-12 15:51:42,0,0,0,0.0,0.0,0.0,0.0,0.0,0.0,0.0,0.0,0,0,0,0,0.0,0.0,0.0,0.0,0.0,0.0,0.0,0.0,0,4,1,1,0.0,0.0,0.0,0.0,1.49,0.0,0.0,0.0133,1,0,0,0,0,0
1778590332.614906,2026-05-12 15:52:12,1,1,1,0.0,0.0,0.0,0.0,3.73,0.0,0.0,0.0333,1,1,1,1,0.0,0.0,0.0,0.0,1.87,0.0,0.0,0.0167,1,4,1,1,0.0,0.0,0.0,0.0,1.49,0.0,0.0354,0.0133,1,0,0,0,0,0
1778590362.614906,2026-05-12 15:52:42,0,0,0,0.0,0.0,0.0,0.0,0.0,0.0,0.0,0.0,0,1,1,1,0.0,0.0,0.0,0.0,1.87,0.0,0.0,0.0167,1,4,1,1,0.0,0.0,0.0,0.0,1.49,0.0,0.0354,0.0133,1,0,0,0,0,0
1778590392.614906,2026-05-12 15:53:12,1,1,1,0.0,0.0,3.7536,1.0,0.0,0.0,0.0,0.0333,1,1,1,1,0.0,0.0,3.7536,1.0,0.0,0.0,0.0,0.0167,1,4,1,2,0.0,0.0,0.9384,0.25,1.12,0.0,0.0406,0.01,1,0,0,0,0,0
1778590422.614906,2026-05-12 15:53:42,0,0,0,0.0,0.0,0.0,0.0,0.0,0.0,0.0,0.0,0,1,1,1,0.0,0.0,3.7536,1.0,0.0,0.0,0.0,0.0167,1,4,1,2,0.0,0.0,0.9384,0.25,1.12,0.0,0.0406,0.01,1,0,0,0,0,0
1778590452.614906,2026-05-12 15:54:12,0,0,0,0.0,0.0,0.0,0.0,0.0,0.0,0.0,0.0,0,0,0,0,0.0,0.0,0.0,0.0,0.0,0.0,0.0,0.0,0,3,1,2,0.0,0.0,1.2512,0.3333,0.75,0.0,0.0416,0.0067,1,0,0,0,0,0
1778590482.614906,2026-05-12 15:54:42,0,0,0,0.0,0.0,0.0,0.0,0.0,0.0,0.0,0.0,0,0,0,0,0.0,0.0,0.0,0.0,0.0,0.0,0.0,0.0,0,3,1,2,0.0,0.0,1.2512,0.3333,0.75,0.0,0.0416,0.0067,1,0,0,0,0,0
1778590512.614906,2026-05-12 15:55:12,0,0,0,0.0,0.0,0.0,0.0,0.0,0.0,0.0,0.0,0,0,0,0,0.0,0.0,0.0,0.0,0.0,0.0,0.0,0.0,0,2,1,2,0.0,0.0,1.8768,0.5,0.37,0.0,0.0,0.0033,1,0,0,0,0,0
1778590542.614906,2026-05-12 15:55:42,0,0,0,0.0,0.0,0.0,0.0,0.0,0.0,0.0,0.0,0,0,0,0,0.0,0.0,0.0,0.0,0.0,0.0,0.0,0.0,0,2,1,2,0.0,0.0,1.8768,0.5,0.37,0.0,0.0,0.0033,1,0,0,0,0,0
1778590572.614906,2026-05-12 15:56:12,0,0,0,0.0,0.0,0.0,0.0,0.0,0.0,0.0,0.0,0,0,0,0,0.0,0.0,0.0,0.0,0.0,0.0,0.0,0.0,0,2,1,2,0.0,0.0,1.8768,0.5,0.37,0.0,0.0,0.0033,1,0,0,0,0,0
1778590602.614906,2026-05-12 15:56:42,0,0,0,0.0,0.0,0.0,0.0,0.0,0.0,0.0,0.0,0,0,0,0,0.0,0.0,0.0,0.0,0.0,0.0,0.0,0.0,0,2,1,2,0.0,0.0,1.8768,0.5,0.37,0.0,0.0,0.0033,1,0,0,0,0,0
1778590632.614906,2026-05-12 15:57:12,0,0,0,0.0,0.0,0.0,0.0,0.0,0.0,0.0,0.0,0,0,0,0,0.0,0.0,0.0,0.0,0.0,0.0,0.0,0.0,0,1,1,1,0.0,0.0,3.7536,1.0,0.0,0.0,0.0,0.0033,1,0,0,0,0,0
1778590662.614906,2026-05-12 15:57:42,0,0,0,0.0,0.0,0.0,0.0,0.0,0.0,0.0,0.0,0,0,0,0,0.0,0.0,0.0,0.0,0.0,0.0,0.0,0.0,0,1,1,1,0.0,0.0,3.7536,1.0,0.0,0.0,0.0,0.0033,1,0,0,0,0,0
1778590692.614906,2026-05-12 15:58:12,0,0,0,0.0,0.0,0.0,0.0,0.0,0.0,0.0,0.0,0,0,0,0,0.0,0.0,0.0,0.0,0.0,0.0,0.0,0.0,0,0,0,0,0.0,0.0,0.0,0.0,0.0,0.0,0.0,0.0,0,0,0,0,0,0
1778590722.614906,2026-05-12 15:58:42,0,0,0,0.0,0.0,0.0,0.0,0.0,0.0,0.0,0.0,0,0,0,0,0.0,0.0,0.0,0.0,0.0,0.0,0.0,0.0,0,0,0,0,0.0,0.0,0.0,0.0,0.0,0.0,0.0,0.0,0,0,0,0,0,0
1778590752.614906,2026-05-12 15:59:12,0,0,0,0.0,0.0,0.0,0.0,0.0,0.0,0.0,0.0,0,0,0,0,0.0,0.0,0.0,0.0,0.0,0.0,0.0,0.0,0,0,0,0,0.0,0.0,0.0,0.0,0.0,0.0,0.0,0.0,0,0,0,0,0,0
1778590782.614906,2026-05-12 15:59:42,0,0,0,0.0,0.0,0.0,0.0,0.0,0.0,0.0,0.0,0,0,0,0,0.0,0.0,0.0,0.0,0.0,0.0,0.0,0.0,0,0,0,0,0.0,0.0,0.0,0.0,0.0,0.0,0.0,0.0,0,0,0,0,0,0
1778590812.614906,2026-05-12 16:00:12,11,1,1,0.0,0.3667,0.0538,0.0,51.93,0.0,0.1222,0.3667,1,11,1,1,0.0,0.1833,0.0538,0.0,25.97,0.0,0.1222,0.1833,1,11,1,1,0.0,0.0367,0.0538,0.0,5.19,0.0,0.1222,0.0367,1,0,0,0,0,0
1778590842.614906,2026-05-12 16:00:42,0,0,0,0.0,0.0,0.0,0.0,0.0,0.0,0.0,0.0,0,11,1,1,0.0,0.1833,0.0538,0.0,25.97,0.0,0.1222,0.1833,1,11,1,1,0.0,0.0367,0.0538,0.0,5.19,0.0,0.1222,0.0367,1,0,0,0,0,0
1778590872.614906,2026-05-12 16:01:12,0,0,0,0.0,0.0,0.0,0.0,0.0,0.0,0.0,0.0,0,0,0,0,0.0,0.0,0.0,0.0,0.0,0.0,0.0,0.0,0,11,1,1,0.0,0.0367,0.0538,0.0,5.19,0.0,0.1222,0.0367,1,0,0,0,0,0
1778590902.614906,2026-05-12 16:01:42,0,0,0,0.0,0.0,0.0,0.0,0.0,0.0,0.0,0.0,0,0,0,0,0.0,0.0,0.0,0.0,0.0,0.0,0.0,0.0,0,11,1,1,0.0,0.0367,0.0538,0.0,5.19,0.0,0.1222,0.0367,1,0,0,0,0,0
1778590932.614906,2026-05-12 16:02:12,0,0,0,0.0,0.0,0.0,0.0,0.0,0.0,0.0,0.0,0,0,0,0,0.0,0.0,0.0,0.0,0.0,0.0,0.0,0.0,0,11,1,1,0.0,0.0367,0.0538,0.0,5.19,0.0,0.1222,0.0367,1,0,0,0,0,0
1778590962.614906,2026-05-12 16:02:42,0,0,0,0.0,0.0,0.0,0.0,0.0,0.0,0.0,0.0,0,0,0,0,0.0,0.0,0.0,0.0,0.0,0.0,0.0,0.0,0,11,1,1,0.0,0.0367,0.0538,0.0,5.19,0.0,0.1222,0.0367,1,0,0,0,0,0
1778590992.614906,2026-05-12 16:03:12,0,0,0,0.0,0.0,0.0,0.0,0.0,0.0,0.0,0.0,0,0,0,0,0.0,0.0,0.0,0.0,0.0,0.0,0.0,0.0,0,11,1,1,0.0,0.0367,0.0538,0.0,5.19,0.0,0.1222,0.0367,1,0,0,0,0,0
1778591022.614906,2026-05-12 16:03:42,0,0,0,0.0,0.0,0.0,0.0,0.0,0.0,0.0,0.0,0,0,0,0,0.0,0.0,0.0,0.0,0.0,0.0,0.0,0.0,0,11,1,1,0.0,0.0367,0.0538,0.0,5.19,0.0,0.1222,0.0367,1,0,0,0,0,0
1778591052.614906,2026-05-12 16:04:12,0,0,0,0.0,0.0,0.0,0.0,0.0,0.0,0.0,0.0,0,0,0,0,0.0,0.0,0.0,0.0,0.0,0.0,0.0,0.0,0,11,1,1,0.0,0.0367,0.0538,0.0,5.19,0.0,0.1222,0.0367,1,0,0,0,0,0
1778591082.614906,2026-05-12 16:04:42,0,0,0,0.0,0.0,0.0,0.0,0.0,0.0,0.0,0.0,0,0,0,0,0.0,0.0,0.0,0.0,0.0,0.0,0.0,0.0,0,11,1,1,0.0,0.0367,0.0538,0.0,5.19,0.0,0.1222,0.0367,1,0,0,0,0,0
1778591112.614906,2026-05-12 16:05:12,0,0,0,0.0,0.0,0.0,0.0,0.0,0.0,0.0,0.0,0,0,0,0,0.0,0.0,0.0,0.0,0.0,0.0,0.0,0.0,0,0,0,0,0.0,0.0,0.0,0.0,0.0,0.0,0.0,0.0,0,0,0,0,0,0
1778591142.614906,2026-05-12 16:05:42,0,0,0,0.0,0.0,0.0,0.0,0.0,0.0,0.0,0.0,0,0,0,0,0.0,0.0,0.0,0.0,0.0,0.0,0.0,0.0,0,0,0,0,0.0,0.0,0.0,0.0,0.0,0.0,0.0,0.0,0,0,0,0,0,0
1778591172.614906,2026-05-12 16:06:12,0,0,0,0.0,0.0,0.0,0.0,0.0,0.0,0.0,0.0,0,0,0,0,0.0,0.0,0.0,0.0,0.0,0.0,0.0,0.0,0,0,0,0,0.0,0.0,0.0,0.0,0.0,0.0,0.0,0.0,0,0,0,0,0,0
1778591202.614906,2026-05-12 16:06:42,0,0,0,0.0,0.0,0.0,0.0,0.0,0.0,0.0,0.0,0,0,0,0,0.0,0.0,0.0,0.0,0.0,0.0,0.0,0.0,0,0,0,0,0.0,0.0,0.0,0.0,0.0,0.0,0.0,0.0,0,0,0,0,0,0
1778591232.614906,2026-05-12 16:07:12,0,0,0,0.0,0.0,0.0,0.0,0.0,0.0,0.0,0.0,0,0,0,0,0.0,0.0,0.0,0.0,0.0,0.0,0.0,0.0,0,0,0,0,0.0,0.0,0.0,0.0,0.0,0.0,0.0,0.0,0,0,0,0,0,0
1778591262.614906,2026-05-12 16:07:42,0,0,0,0.0,0.0,0.0,0.0,0.0,0.0,0.0,0.0,0,0,0,0,0.0,0.0,0.0,0.0,0.0,0.0,0.0,0.0,0,0,0,0,0.0,0.0,0.0,0.0,0.0,0.0,0.0,0.0,0,0,0,0,0,0
1778591292.614906,2026-05-12 16:08:12,0,0,0,0.0,0.0,0.0,0.0,0.0,0.0,0.0,0.0,0,0,0,0,0.0,0.0,0.0,0.0,0.0,0.0,0.0,0.0,0,0,0,0,0.0,0.0,0.0,0.0,0.0,0.0,0.0,0.0,0,0,0,0,0,0
1778591322.614906,2026-05-12 16:08:42,0,0,0,0.0,0.0,0.0,0.0,0.0,0.0,0.0,0.0,0,0,0,0,0.0,0.0,0.0,0.0,0.0,0.0,0.0,0.0,0,0,0,0,0.0,0.0,0.0,0.0,0.0,0.0,0.0,0.0,0,0,0,0,0,0
1778591352.614906,2026-05-12 16:09:12,0,0,0,0.0,0.0,0.0,0.0,0.0,0.0,0.0,0.0,0,0,0,0,0.0,0.0,0.0,0.0,0.0,0.0,0.0,0.0,0,0,0,0,0.0,0.0,0.0,0.0,0.0,0.0,0.0,0.0,0,0,0,0,0,0
1778591382.614906,2026-05-12 16:09:42,0,0,0,0.0,0.0,0.0,0.0,0.0,0.0,0.0,0.0,0,0,0,0,0.0,0.0,0.0,0.0,0.0,0.0,0.0,0.0,0,0,0,0,0.0,0.0,0.0,0.0,0.0,0.0,0.0,0.0,0,0,0,0,0,0
1778591412.614906,2026-05-12 16:10:12,0,0,0,0.0,0.0,0.0,0.0,0.0,0.0,0.0,0.0,0,0,0,0,0.0,0.0,0.0,0.0,0.0,0.0,0.0,0.0,0,0,0,0,0.0,0.0,0.0,0.0,0.0,0.0,0.0,0.0,0,0,0,0,0,0
1778591442.614906,2026-05-12 16:10:42,0,0,0,0.0,0.0,0.0,0.0,0.0,0.0,0.0,0.0,0,0,0,0,0.0,0.0,0.0,0.0,0.0,0.0,0.0,0.0,0,0,0,0,0.0,0.0,0.0,0.0,0.0,0.0,0.0,0.0,0,0,0,0,0,0
1778591472.614906,2026-05-12 16:11:12,0,0,0,0.0,0.0,0.0,0.0,0.0,0.0,0.0,0.0,0,0,0,0,0.0,0.0,0.0,0.0,0.0,0.0,0.0,0.0,0,0,0,0,0.0,0.0,0.0,0.0,0.0,0.0,0.0,0.0,0,0,0,0,0,0
1778591502.614906,2026-05-12 16:11:42,0,0,0,0.0,0.0,0.0,0.0,0.0,0.0,0.0,0.0,0,0,0,0,0.0,0.0,0.0,0.0,0.0,0.0,0.0,0.0,0,0,0,0,0.0,0.0,0.0,0.0,0.0,0.0,0.0,0.0,0,0,0,0,0,0
1778591532.614906,2026-05-12 16:12:12,2,1,2,0.0,0.0,0.0543,1.0,1.33,0.0,0.0,0.0333,1,2,1,2,0.0,0.0,0.0543,1.0,0.67,0.0,0.0,0.0167,1,2,1,2,0.0,0.0,0.0543,1.0,0.13,0.0,0.0,0.0033,1,0,0,0,0,0
1778591562.614906,2026-05-12 16:12:42,0,0,0,0.0,0.0,0.0,0.0,0.0,0.0,0.0,0.0,0,2,1,2,0.0,0.0,0.0543,1.0,0.67,0.0,0.0,0.0167,1,2,1,2,0.0,0.0,0.0543,1.0,0.13,0.0,0.0,0.0033,1,0,0,0,0,0
1778591592.614906,2026-05-12 16:13:12,0,0,0,0.0,0.0,0.0,0.0,0.0,0.0,0.0,0.0,0,0,0,0,0.0,0.0,0.0,0.0,0.0,0.0,0.0,0.0,0,2,1,2,0.0,0.0,0.0543,1.0,0.13,0.0,0.0,0.0033,1,0,0,0,0,0
1778591622.614906,2026-05-12 16:13:42,0,0,0,0.0,0.0,0.0,0.0,0.0,0.0,0.0,0.0,0,0,0,0,0.0,0.0,0.0,0.0,0.0,0.0,0.0,0.0,0,2,1,2,0.0,0.0,0.0543,1.0,0.13,0.0,0.0,0.0033,1,0,0,0,0,0
1778591652.614906,2026-05-12 16:14:12,0,0,0,0.0,0.0,0.0,0.0,0.0,0.0,0.0,0.0,0,0,0,0,0.0,0.0,0.0,0.0,0.0,0.0,0.0,0.0,0,2,1,2,0.0,0.0,0.0543,1.0,0.13,0.0,0.0,0.0033,1,0,0,0,0,0
1778591682.614906,2026-05-12 16:14:42,0,0,0,0.0,0.0,0.0,0.0,0.0,0.0,0.0,0.0,0,0,0,0,0.0,0.0,0.0,0.0,0.0,0.0,0.0,0.0,0,2,1,2,0.0,0.0,0.0543,1.0,0.13,0.0,0.0,0.0033,1,0,0,0,0,0
1778591712.614906,2026-05-12 16:15:12,0,0,0,0.0,0.0,0.0,0.0,0.0,0.0,0.0,0.0,0,0,0,0,0.0,0.0,0.0,0.0,0.0,0.0,0.0,0.0,0,2,1,2,0.0,0.0,0.0543,1.0,0.13,0.0,0.0,0.0033,1,0,0,0,0,0
1778591742.614906,2026-05-12 16:15:42,0,0,0,0.0,0.0,0.0,0.0,0.0,0.0,0.0,0.0,0,0,0,0,0.0,0.0,0.0,0.0,0.0,0.0,0.0,0.0,0,2,1,2,0.0,0.0,0.0543,1.0,0.13,0.0,0.0,0.0033,1,0,0,0,0,0
1778591772.614906,2026-05-12 16:16:12,0,0,0,0.0,0.0,0.0,0.0,0.0,0.0,0.0,0.0,0,0,0,0,0.0,0.0,0.0,0.0,0.0,0.0,0.0,0.0,0,2,1,2,0.0,0.0,0.0543,1.0,0.13,0.0,0.0,0.0033,1,0,0,0,0,0
1778591802.614906,2026-05-12 16:16:42,0,0,0,0.0,0.0,0.0,0.0,0.0,0.0,0.0,0.0,0,0,0,0,0.0,0.0,0.0,0.0,0.0,0.0,0.0,0.0,0,2,1,2,0.0,0.0,0.0543,1.0,0.13,0.0,0.0,0.0033,1,0,0,0,0,0
1778591832.614906,2026-05-12 16:17:12,1,1,1,0.0,0.0,11.1648,1.0,2.67,0.0,0.0,0.0333,1,1,1,1,0.0,0.0,11.1648,1.0,1.33,0.0,0.0,0.0167,1,1,1,1,0.0,0.0,11.1648,1.0,0.27,0.0,0.0,0.0033,1,0,0,0,0,0
1778591862.614906,2026-05-12 16:17:42,1,1,1,0.0,0.0,0.0,1.0,0.0,0.0,0.0,0.0333,1,2,1,2,0.0,0.0,5.5824,1.0,1.33,0.0,0.0,0.0167,1,2,1,2,0.0,0.0,5.5824,1.0,0.27,0.0,0.0,0.0033,1,0,0,0,0,0
1778591892.614906,2026-05-12 16:18:12,0,0,0,0.0,0.0,0.0,0.0,0.0,0.0,0.0,0.0,0,1,1,1,0.0,0.0,0.0,1.0,0.0,0.0,0.0,0.0167,1,2,1,2,0.0,0.0,5.5824,1.0,0.27,0.0,0.0,0.0033,1,0,0,0,0,0
1778591922.614906,2026-05-12 16:18:42,0,0,0,0.0,0.0,0.0,0.0,0.0,0.0,0.0,0.0,0,0,0,0,0.0,0.0,0.0,0.0,0.0,0.0,0.0,0.0,0,2,1,2,0.0,0.0,5.5824,1.0,0.27,0.0,0.0,0.0033,1,0,0,0,0,0
1778591952.614906,2026-05-12 16:19:12,0,0,0,0.0,0.0,0.0,0.0,0.0,0.0,0.0,0.0,0,0,0,0,0.0,0.0,0.0,0.0,0.0,0.0,0.0,0.0,0,2,1,2,0.0,0.0,5.5824,1.0,0.27,0.0,0.0,0.0033,1,0,0,0,0,0
1778591982.614906,2026-05-12 16:19:42,0,0,0,0.0,0.0,0.0,0.0,0.0,0.0,0.0,0.0,0,0,0,0,0.0,0.0,0.0,0.0,0.0,0.0,0.0,0.0,0,2,1,2,0.0,0.0,5.5824,1.0,0.27,0.0,0.0,0.0033,1,0,0,0,0,0
1778592012.614906,2026-05-12 16:20:12,0,0,0,0.0,0.0,0.0,0.0,0.0,0.0,0.0,0.0,0,0,0,0,0.0,0.0,0.0,0.0,0.0,0.0,0.0,0.0,0,2,1,2,0.0,0.0,5.5824,1.0,0.27,0.0,0.0,0.0033,1,0,0,0,0,0
1778592042.614906,2026-05-12 16:20:42,0,0,0,0.0,0.0,0.0,0.0,0.0,0.0,0.0,0.0,0,0,0,0,0.0,0.0,0.0,0.0,0.0,0.0,0.0,0.0,0,2,1,2,0.0,0.0,5.5824,1.0,0.27,0.0,0.0,0.0033,1,0,0,0,0,0
1778592072.614906,2026-05-12 16:21:12,0,0,0,0.0,0.0,0.0,0.0,0.0,0.0,0.0,0.0,0,0,0,0,0.0,0.0,0.0,0.0,0.0,0.0,0.0,0.0,0,2,1,2,0.0,0.0,5.5824,1.0,0.27,0.0,0.0,0.0033,1,0,0,0,0,0
1778592102.614906,2026-05-12 16:21:42,0,0,0,0.0,0.0,0.0,0.0,0.0,0.0,0.0,0.0,0,0,0,0,0.0,0.0,0.0,0.0,0.0,0.0,0.0,0.0,0,2,1,2,0.0,0.0,5.5824,1.0,0.27,0.0,0.0,0.0033,1,0,0,0,0,0
1778592132.614906,2026-05-12 16:22:12,0,0,0,0.0,0.0,0.0,0.0,0.0,0.0,0.0,0.0,0,0,0,0,0.0,0.0,0.0,0.0,0.0,0.0,0.0,0.0,0,1,1,1,0.0,0.0,0.0,1.0,0.0,0.0,0.0,0.0033,1,0,0,0,0,0
1778592162.614906,2026-05-12 16:22:42,0,0,0,0.0,0.0,0.0,0.0,0.0,0.0,0.0,0.0,0,0,0,0,0.0,0.0,0.0,0.0,0.0,0.0,0.0,0.0,0,0,0,0,0.0,0.0,0.0,0.0,0.0,0.0,0.0,0.0,0,0,0,0,0,0
1778592192.614906,2026-05-12 16:23:12,1,1,1,0.0,0.0,0.0,1.0,0.0,0.0,0.0,0.0333,1,1,1,1,0.0,0.0,0.0,1.0,0.0,0.0,0.0,0.0167,1,1,1,1,0.0,0.0,0.0,1.0,0.0,0.0,0.0,0.0033,1,0,0,0,0,0
1778592222.614906,2026-05-12 16:23:42,0,0,0,0.0,0.0,0.0,0.0,0.0,0.0,0.0,0.0,0,1,1,1,0.0,0.0,0.0,1.0,0.0,0.0,0.0,0.0167,1,1,1,1,0.0,0.0,0.0,1.0,0.0,0.0,0.0,0.0033,1,0,0,0,0,0
1778592252.614906,2026-05-12 16:24:12,1,1,1,0.0,0.0,0.0001,0.0,3.73,0.0,0.0,0.0333,1,1,1,1,0.0,0.0,0.0001,0.0,1.87,0.0,0.0,0.0167,1,2,1,2,0.0,0.0,0.0,0.5,0.37,0.0,0.0,0.0033,1,0,0,0,0,0
1778592282.614906,2026-05-12 16:24:42,0,0,0,0.0,0.0,0.0,0.0,0.0,0.0,0.0,0.0,0,1,1,1,0.0,0.0,0.0001,0.0,1.87,0.0,0.0,0.0167,1,2,1,2,0.0,0.0,0.0,0.5,0.37,0.0,0.0,0.0033,1,0,0,0,0,0
1778592312.614906,2026-05-12 16:25:12,1,1,1,0.0,0.0,0.0,0.0,3.73,0.0,0.0,0.0333,1,1,1,1,0.0,0.0,0.0,0.0,1.87,0.0,0.0,0.0167,1,3,1,2,0.0,0.0,0.0,0.3333,0.75,0.0,0.0205,0.0067,1,0,0,0,0,0
1778592342.614906,2026-05-12 16:25:42,0,0,0,0.0,0.0,0.0,0.0,0.0,0.0,0.0,0.0,0,1,1,1,0.0,0.0,0.0,0.0,1.87,0.0,0.0,0.0167,1,3,1,2,0.0,0.0,0.0,0.3333,0.75,0.0,0.0205,0.0067,1,0,0,0,0,0
1778592372.614906,2026-05-12 16:26:12,1,1,1,0.0,0.0,0.0,0.0,3.73,0.0,0.0,0.0333,1,1,1,1,0.0,0.0,0.0,0.0,1.87,0.0,0.0,0.0167,1,4,1,2,0.0,0.0,0.0,0.25,1.12,0.0,0.0181,0.01,1,0,0,0,0,0
1778592402.614906,2026-05-12 16:26:42,0,0,0,0.0,0.0,0.0,0.0,0.0,0.0,0.0,0.0,0,1,1,1,0.0,0.0,0.0,0.0,1.87,0.0,0.0,0.0167,1,4,1,2,0.0,0.0,0.0,0.25,1.12,0.0,0.0181,0.01,1,0,0,0,0,0
1778592432.614906,2026-05-12 16:27:12,1,1,1,0.0,0.0,0.0001,0.0,3.73,0.0,0.0,0.0333,1,1,1,1,0.0,0.0,0.0001,0.0,1.87,0.0,0.0,0.0167,1,5,1,2,0.0,0.0,0.0,0.2,1.49,0.0,0.0161,0.0133,1,0,0,0,0,0
1778592462.614906,2026-05-12 16:27:42,0,0,0,0.0,0.0,0.0,0.0,0.0,0.0,0.0,0.0,0,1,1,1,0.0,0.0,0.0001,0.0,1.87,0.0,0.0,0.0167,1,5,1,2,0.0,0.0,0.0,0.2,1.49,0.0,0.0161,0.0133,1,0,0,0,0,0
1778592492.614906,2026-05-12 16:28:12,1,1,1,0.0,0.0,0.0001,0.0,3.73,0.0,0.0,0.0333,1,1,1,1,0.0,0.0,0.0001,0.0,1.87,0.0,0.0,0.0167,1,5,1,1,0.0,0.0,0.0,0.0,1.87,0.0,0.0001,0.0167,1,0,0,0,0,0
1778592522.614906,2026-05-12 16:28:42,0,0,0,0.0,0.0,0.0,0.0,0.0,0.0,0.0,0.0,0,1,1,1,0.0,0.0,0.0001,0.0,1.87,0.0,0.0,0.0167,1,5,1,1,0.0,0.0,0.0,0.0,1.87,0.0,0.0001,0.0167,1,0,0,0,0,0
1778592552.614906,2026-05-12 16:29:12,1,1,1,0.0,0.0,0.0001,0.0,3.73,0.0,0.0,0.0333,1,1,1,1,0.0,0.0,0.0001,0.0,1.87,0.0,0.0,0.0167,1,5,1,1,0.0,0.0,0.0,0.0,1.87,0.0,0.0001,0.0167,1,0,0,0,0,0
1778592582.614906,2026-05-12 16:29:42,0,0,0,0.0,0.0,0.0,0.0,0.0,0.0,0.0,0.0,0,1,1,1,0.0,0.0,0.0001,0.0,1.87,0.0,0.0,0.0167,1,5,1,1,0.0,0.0,0.0,0.0,1.87,0.0,0.0001,0.0167,1,0,0,0,0,0
1778592612.614906,2026-05-12 16:30:12,1,1,1,0.0,0.0,0.0001,0.0,3.73,0.0,0.0,0.0333,1,1,1,1,0.0,0.0,0.0001,0.0,1.87,0.0,0.0,0.0167,1,5,1,1,0.0,0.0,0.0,0.0,1.87,0.0,0.0001,0.0167,1,0,0,0,0,0
1778592642.614906,2026-05-12 16:30:42,0,0,0,0.0,0.0,0.0,0.0,0.0,0.0,0.0,0.0,0,1,1,1,0.0,0.0,0.0001,0.0,1.87,0.0,0.0,0.0167,1,5,1,1,0.0,0.0,0.0,0.0,1.87,0.0,0.0001,0.0167,1,0,0,0,0,0
1778592672.614906,2026-05-12 16:31:12,1,1,1,0.0,0.0,0.0,0.0,3.73,0.0,0.0,0.0333,1,1,1,1,0.0,0.0,0.0,0.0,1.87,0.0,0.0,0.0167,1,5,1,1,0.0,0.0,0.0001,0.0,1.87,0.0,0.0001,0.0167,1,0,0,0,0,0
1778592702.614906,2026-05-12 16:31:42,0,0,0,0.0,0.0,0.0,0.0,0.0,0.0,0.0,0.0,0,1,1,1,0.0,0.0,0.0,0.0,1.87,0.0,0.0,0.0167,1,5,1,1,0.0,0.0,0.0001,0.0,1.87,0.0,0.0001,0.0167,1,0,0,0,0,0
1778592732.614906,2026-05-12 16:32:12,1,1,1,0.0,0.0,0.0,0.0,3.73,0.0,0.0,0.0333,1,1,1,1,0.0,0.0,0.0,0.0,1.87,0.0,0.0,0.0167,1,5,1,1,0.0,0.0,0.0,0.0,1.87,0.0,0.0001,0.0167,1,0,0,0,0,0
1778592762.614906,2026-05-12 16:32:42,0,0,0,0.0,0.0,0.0,0.0,0.0,0.0,0.0,0.0,0,1,1,1,0.0,0.0,0.0,0.0,1.87,0.0,0.0,0.0167,1,5,1,1,0.0,0.0,0.0,0.0,1.87,0.0,0.0001,0.0167,1,0,0,0,0,0
1778592792.614906,2026-05-12 16:33:12,1,1,1,0.0,0.0,0.0001,0.0,3.73,0.0,0.0,0.0333,1,1,1,1,0.0,0.0,0.0001,0.0,1.87,0.0,0.0,0.0167,1,5,1,1,0.0,0.0,0.0001,0.0,1.87,0.0,0.0001,0.0167,1,0,0,0,0,0
1778592822.614906,2026-05-12 16:33:42,0,0,0,0.0,0.0,0.0,0.0,0.0,0.0,0.0,0.0,0,1,1,1,0.0,0.0,0.0001,0.0,1.87,0.0,0.0,0.0167,1,5,1,1,0.0,0.0,0.0001,0.0,1.87,0.0,0.0001,0.0167,1,0,0,0,0,0
1778592852.614906,2026-05-12 16:34:12,1,1,1,0.0,0.0,0.0001,0.0,3.73,0.0,0.0,0.0333,1,1,1,1,0.0,0.0,0.0001,0.0,1.87,0.0,0.0,0.0167,1,5,1,1,0.0,0.0,0.0001,0.0,1.87,0.0,0.0001,0.0167,1,0,0,0,0,0
1778592882.614906,2026-05-12 16:34:42,0,0,0,0.0,0.0,0.0,0.0,0.0,0.0,0.0,0.0,0,1,1,1,0.0,0.0,0.0001,0.0,1.87,0.0,0.0,0.0167,1,5,1,1,0.0,0.0,0.0001,0.0,1.87,0.0,0.0001,0.0167,1,0,0,0,0,0
1778592912.614906,2026-05-12 16:35:12,1,1,1,0.0,0.0,0.0,0.0,3.73,0.0,0.0,0.0333,1,1,1,1,0.0,0.0,0.0,0.0,1.87,0.0,0.0,0.0167,1,5,1,1,0.0,0.0,0.0,0.0,1.87,0.0,0.0001,0.0167,1,0,0,0,0,0
1778592942.614906,2026-05-12 16:35:42,0,0,0,0.0,0.0,0.0,0.0,0.0,0.0,0.0,0.0,0,1,1,1,0.0,0.0,0.0,0.0,1.87,0.0,0.0,0.0167,1,5,1,1,0.0,0.0,0.0,0.0,1.87,0.0,0.0001,0.0167,1,0,0,0,0,0
1778592972.614906,2026-05-12 16:36:12,1,1,1,0.0,0.0,0.0,0.0,3.73,0.0,0.0,0.0333,1,1,1,1,0.0,0.0,0.0,0.0,1.87,0.0,0.0,0.0167,1,5,1,1,0.0,0.0,0.0,0.0,1.87,0.0,0.0001,0.0167,1,0,0,0,0,0
1778593002.614906,2026-05-12 16:36:42,0,0,0,0.0,0.0,0.0,0.0,0.0,0.0,0.0,0.0,0,1,1,1,0.0,0.0,0.0,0.0,1.87,0.0,0.0,0.0167,1,5,1,1,0.0,0.0,0.0,0.0,1.87,0.0,0.0001,0.0167,1,0,0,0,0,0
1778593032.614906,2026-05-12 16:37:12,1,1,1,0.0,0.0,0.0,0.0,3.73,0.0,0.0,0.0333,1,1,1,1,0.0,0.0,0.0,0.0,1.87,0.0,0.0,0.0167,1,5,1,1,0.0,0.0,0.0,0.0,1.87,0.0,0.0001,0.0167,1,0,0,0,0,0
1778593062.614906,2026-05-12 16:37:42,0,0,0,0.0,0.0,0.0,0.0,0.0,0.0,0.0,0.0,0,1,1,1,0.0,0.0,0.0,0.0,1.87,0.0,0.0,0.0167,1,5,1,1,0.0,0.0,0.0,0.0,1.87,0.0,0.0001,0.0167,1,0,0,0,0,0
1778593092.614906,2026-05-12 16:38:12,0,0,0,0.0,0.0,0.0,0.0,0.0,0.0,0.0,0.0,0,0,0,0,0.0,0.0,0.0,0.0,0.0,0.0,0.0,0.0,0,4,1,1,0.0,0.0,0.0,0.0,1.49,0.0,0.0,0.0133,1,0,0,0,0,0
1778593122.614906,2026-05-12 16:38:42,0,0,0,0.0,0.0,0.0,0.0,0.0,0.0,0.0,0.0,0,0,0,0,0.0,0.0,0.0,0.0,0.0,0.0,0.0,0.0,0,4,1,1,0.0,0.0,0.0,0.0,1.49,0.0,0.0,0.0133,1,0,0,0,0,0
1778593152.614906,2026-05-12 16:39:12,1,1,1,0.0,0.0,5.9019,1.0,0.0,0.0,0.0,0.0333,1,1,1,1,0.0,0.0,5.9019,1.0,0.0,0.0,0.0,0.0167,1,4,1,2,0.0,0.0,1.4755,0.25,1.12,0.0,0.0345,0.01,1,0,0,0,0,0
1778593182.614906,2026-05-12 16:39:42,0,0,0,0.0,0.0,0.0,0.0,0.0,0.0,0.0,0.0,0,1,1,1,0.0,0.0,5.9019,1.0,0.0,0.0,0.0,0.0167,1,4,1,2,0.0,0.0,1.4755,0.25,1.12,0.0,0.0345,0.01,1,0,0,0,0,0
1778593212.614906,2026-05-12 16:40:12,0,0,0,0.0,0.0,0.0,0.0,0.0,0.0,0.0,0.0,0,0,0,0,0.0,0.0,0.0,0.0,0.0,0.0,0.0,0.0,0,3,1,2,0.0,0.0,1.9673,0.3333,0.75,0.0,0.0326,0.0067,1,0,0,0,0,0
1778593242.614906,2026-05-12 16:40:42,0,0,0,0.0,0.0,0.0,0.0,0.0,0.0,0.0,0.0,0,0,0,0,0.0,0.0,0.0,0.0,0.0,0.0,0.0,0.0,0,3,1,2,0.0,0.0,1.9673,0.3333,0.75,0.0,0.0326,0.0067,1,0,0,0,0,0
1778593272.614906,2026-05-12 16:41:12,0,0,0,0.0,0.0,0.0,0.0,0.0,0.0,0.0,0.0,0,0,0,0,0.0,0.0,0.0,0.0,0.0,0.0,0.0,0.0,0,2,1,2,0.0,0.0,2.951,0.5,0.37,0.0,0.0,0.0033,1,0,0,0,0,0
1778593302.614906,2026-05-12 16:41:42,0,0,0,0.0,0.0,0.0,0.0,0.0,0.0,0.0,0.0,0,0,0,0,0.0,0.0,0.0,0.0,0.0,0.0,0.0,0.0,0,2,1,2,0.0,0.0,2.951,0.5,0.37,0.0,0.0,0.0033,1,0,0,0,0,0
1778593332.614906,2026-05-12 16:42:12,0,0,0,0.0,0.0,0.0,0.0,0.0,0.0,0.0,0.0,0,0,0,0,0.0,0.0,0.0,0.0,0.0,0.0,0.0,0.0,0,1,1,1,0.0,0.0,5.9019,1.0,0.0,0.0,0.0,0.0033,1,0,0,0,0,0
1778593362.614906,2026-05-12 16:42:42,0,0,0,0.0,0.0,0.0,0.0,0.0,0.0,0.0,0.0,0,0,0,0,0.0,0.0,0.0,0.0,0.0,0.0,0.0,0.0,0,1,1,1,0.0,0.0,5.9019,1.0,0.0,0.0,0.0,0.0033,1,0,0,0,0,0
1778593392.614906,2026-05-12 16:43:12,3,2,2,0.0,0.0,33.6693,1.0,37.2,0.0574,0.0096,0.0667,2,3,2,2,0.0,0.0,33.6693,1.0,18.6,0.0574,0.0096,0.0333,2,4,2,3,0.0,0.0,26.7274,1.0,3.72,0.0507,0.1407,0.0067,2,0,0,0,0,0
1778593422.614906,2026-05-12 16:43:42,0,0,0,0.0,0.0,0.0,0.0,0.0,0.0,0.0,0.0,0,3,2,2,0.0,0.0,33.6693,1.0,18.6,0.0574,0.0096,0.0333,2,4,2,3,0.0,0.0,26.7274,1.0,3.72,0.0507,0.1407,0.0067,2,0,0,0,0,0
1778593452.614906,2026-05-12 16:44:12,1,1,1,0.0,0.0,0.0,0.0,3.73,0.0,0.0,0.0333,1,1,1,1,0.0,0.0,0.0,0.0,1.87,0.0,0.0,0.0167,1,4,2,3,0.0,0.0,25.252,0.75,4.09,0.0507,0.1381,0.0067,2,0,0,0,0,0
1778593482.614906,2026-05-12 16:44:42,0,0,0,0.0,0.0,0.0,0.0,0.0,0.0,0.0,0.0,0,1,1,1,0.0,0.0,0.0,0.0,1.87,0.0,0.0,0.0167,1,4,2,3,0.0,0.0,25.252,0.75,4.09,0.0507,0.1381,0.0067,2,0,0,0,0,0
1778593512.614906,2026-05-12 16:45:12,1,1,1,0.0,0.0,0.0001,0.0,3.73,0.0,0.0,0.0333,1,1,1,1,0.0,0.0,0.0001,0.0,1.87,0.0,0.0,0.0167,1,5,2,3,0.0,0.0,20.2016,0.6,4.47,0.0451,0.0992,0.0067,2,0,0,0,0,0
1778593542.614906,2026-05-12 16:45:42,0,0,0,0.0,0.0,0.0,0.0,0.0,0.0,0.0,0.0,0,1,1,1,0.0,0.0,0.0001,0.0,1.87,0.0,0.0,0.0167,1,5,2,3,0.0,0.0,20.2016,0.6,4.47,0.0451,0.0992,0.0067,2,0,0,0,0,0
1778593572.614906,2026-05-12 16:46:12,1,1,1,0.0,0.0,0.0,0.0,3.73,0.0,0.0,0.0333,1,1,1,1,0.0,0.0,0.0,0.0,1.87,0.0,0.0,0.0167,1,6,2,3,0.0,0.0,16.8347,0.5,4.84,0.0406,0.0812,0.01,2,0,0,0,0,0
1778593602.614906,2026-05-12 16:46:42,0,0,0,0.0,0.0,0.0,0.0,0.0,0.0,0.0,0.0,0,1,1,1,0.0,0.0,0.0,0.0,1.87,0.0,0.0,0.0167,1,6,2,3,0.0,0.0,16.8347,0.5,4.84,0.0406,0.0812,0.01,2,0,0,0,0,0
1778593632.614906,2026-05-12 16:47:12,0,0,0,0.0,0.0,0.0,0.0,0.0,0.0,0.0,0.0,0,0,0,0,0.0,0.0,0.0,0.0,0.0,0.0,0.0,0.0,0,6,2,3,0.0,0.0,16.8347,0.5,4.84,0.0406,0.0812,0.01,2,0,0,0,0,0
1778593662.614906,2026-05-12 16:47:42,0,0,0,0.0,0.0,0.0,0.0,0.0,0.0,0.0,0.0,0,0,0,0,0.0,0.0,0.0,0.0,0.0,0.0,0.0,0.0,0,6,2,3,0.0,0.0,16.8347,0.5,4.84,0.0406,0.0812,0.01,2,0,0,0,0,0
1778593692.614906,2026-05-12 16:48:12,0,0,0,0.0,0.0,0.0,0.0,0.0,0.0,0.0,0.0,0,0,0,0,0.0,0.0,0.0,0.0,0.0,0.0,0.0,0.0,0,3,1,1,0.0,0.0,0.0,0.0,1.12,0.0,0.0,0.01,1,0,0,0,0,0
1778593722.614906,2026-05-12 16:48:42,0,0,0,0.0,0.0,0.0,0.0,0.0,0.0,0.0,0.0,0,0,0,0,0.0,0.0,0.0,0.0,0.0,0.0,0.0,0.0,0,3,1,1,0.0,0.0,0.0,0.0,1.12,0.0,0.0,0.01,1,0,0,0,0,0
1778593752.614906,2026-05-12 16:49:12,0,0,0,0.0,0.0,0.0,0.0,0.0,0.0,0.0,0.0,0,0,0,0,0.0,0.0,0.0,0.0,0.0,0.0,0.0,0.0,0,2,1,1,0.0,0.0,0.0,0.0,0.75,0.0,0.0,0.0067,1,0,0,0,0,0
1778593782.614906,2026-05-12 16:49:42,2,1,2,0.0,0.0,0.5049,1.0,1.33,0.0,0.0,0.0333,1,2,1,2,0.0,0.0,0.5049,1.0,0.67,0.0,0.0,0.0167,1,4,1,3,0.0,0.0,0.2525,0.5,0.88,0.0,0.0987,0.0067,1,0,0,0,0,0
1778593812.614906,2026-05-12 16:50:12,4,2,3,0.0,0.0,0.2239,0.75,7.73,0.0507,0.1279,0.0667,2,6,2,4,0.0,0.0,0.3176,0.8333,4.53,0.0406,0.133,0.0333,2,7,2,4,0.0,0.0,0.2722,0.7143,1.28,0.037,0.1848,0.0067,2,0,0,0,0,0
1778593842.614906,2026-05-12 16:50:42,0,0,0,0.0,0.0,0.0,0.0,0.0,0.0,0.0,0.0,0,4,2,3,0.0,0.0,0.2239,0.75,3.87,0.0507,0.1279,0.0333,2,7,2,4,0.0,0.0,0.2722,0.7143,1.28,0.037,0.1848,0.0067,2,0,0,0,0,0
1778593872.614906,2026-05-12 16:51:12,2,1,2,0.0,0.0,0.0,0.5,3.73,0.0,0.0,0.0333,1,2,1,2,0.0,0.0,0.0,0.5,1.87,0.0,0.0,0.0167,1,8,2,4,0.0,0.0,0.2382,0.75,1.28,0.034,0.1182,0.0067,2,0,0,0,0,0
1778593902.614906,2026-05-12 16:51:42,0,0,0,0.0,0.0,0.0,0.0,0.0,0.0,0.0,0.0,0,2,1,2,0.0,0.0,0.0,0.5,1.87,0.0,0.0,0.0167,1,8,2,4,0.0,0.0,0.2382,0.75,1.28,0.034,0.1182,0.0067,2,0,0,0,0,0
1778593932.614906,2026-05-12 16:52:12,1,1,1,0.0,0.0,0.0001,0.0,3.73,0.0,0.0,0.0333,1,1,1,1,0.0,0.0,0.0001,0.0,1.87,0.0,0.0,0.0167,1,9,2,4,0.0,0.0,0.2117,0.6667,1.65,0.0315,0.1142,0.01,2,0,0,0,0,0
1778593962.614906,2026-05-12 16:52:42,0,0,0,0.0,0.0,0.0,0.0,0.0,0.0,0.0,0.0,0,1,1,1,0.0,0.0,0.0001,0.0,1.87,0.0,0.0,0.0167,1,9,2,4,0.0,0.0,0.2117,0.6667,1.65,0.0315,0.1142,0.01,2,0,0,0,0,0
1778593992.614906,2026-05-12 16:53:12,1,1,1,0.0,0.0,0.0001,0.0,3.73,0.0,0.0,0.0333,1,1,1,1,0.0,0.0,0.0001,0.0,1.87,0.0,0.0,0.0167,1,10,2,4,0.0,0.0,0.1906,0.6,2.03,0.0293,0.1032,0.0133,2,0,0,0,0,0
1778594022.614906,2026-05-12 16:53:42,1,1,1,0.0,0.0,0.0821,1.0,1.6,0.0,0.0,0.0333,1,2,2,2,0.0,0.0,0.0411,0.5,2.67,0.0625,0.0,0.0167,1,11,3,5,0.0,0.0,0.1807,0.6364,2.19,0.0541,0.0979,0.0133,2,0,0,0,0,0
1778594052.614906,2026-05-12 16:54:12,1,1,1,0.0,0.0,0.0,0.0,3.73,0.0,0.0,0.0333,1,2,2,2,0.0,0.0,0.0411,0.5,2.67,0.0625,0.0,0.0167,1,12,3,5,0.0,0.0,0.1656,0.5833,2.56,0.051,0.09,0.0167,2,0,0,0,0,0
1778594082.614906,2026-05-12 16:54:42,0,0,0,0.0,0.0,0.0,0.0,0.0,0.0,0.0,0.0,0,1,1,1,0.0,0.0,0.0,0.0,1.87,0.0,0.0,0.0167,1,10,3,5,0.0,0.0,0.0978,0.5,2.43,0.0576,0.0844,0.0167,2,0,0,0,0,0
1778594112.614906,2026-05-12 16:55:12,1,1,1,0.0,0.0,0.0,0.0,3.73,0.0,0.0,0.0333,1,1,1,1,0.0,0.0,0.0,0.0,1.87,0.0,0.0,0.0167,1,7,2,3,0.0,0.0,0.0118,0.2857,2.03,0.037,0.0503,0.0167,1,0,0,0,0,0
1778594142.614906,2026-05-12 16:55:42,0,0,0,0.0,0.0,0.0,0.0,0.0,0.0,0.0,0.0,0,1,1,1,0.0,0.0,0.0,0.0,1.87,0.0,0.0,0.0167,1,7,2,3,0.0,0.0,0.0118,0.2857,2.03,0.037,0.0503,0.0167,1,0,0,0,0,0
1778594172.614906,2026-05-12 16:56:12,1,1,1,0.0,0.0,0.0001,0.0,3.73,0.0,0.0,0.0333,1,1,1,1,0.0,0.0,0.0001,0.0,1.87,0.0,0.0,0.0167,1,6,2,2,0.0,0.0,0.0137,0.1667,2.03,0.0406,0.032,0.0167,1,0,0,0,0,0
1778594202.614906,2026-05-12 16:56:42,0,0,0,0.0,0.0,0.0,0.0,0.0,0.0,0.0,0.0,0,1,1,1,0.0,0.0,0.0001,0.0,1.87,0.0,0.0,0.0167,1,6,2,2,0.0,0.0,0.0137,0.1667,2.03,0.0406,0.032,0.0167,1,0,0,0,0,0
1778594232.614906,2026-05-12 16:57:12,1,1,1,0.0,0.0,0.0,0.0,3.73,0.0,0.0,0.0333,1,1,1,1,0.0,0.0,0.0,0.0,1.87,0.0,0.0,0.0167,1,6,2,2,0.0,0.0,0.0137,0.1667,2.03,0.0406,0.032,0.0167,1,0,0,0,0,0
1778594262.614906,2026-05-12 16:57:42,0,0,0,0.0,0.0,0.0,0.0,0.0,0.0,0.0,0.0,0,1,1,1,0.0,0.0,0.0,0.0,1.87,0.0,0.0,0.0167,1,6,2,2,0.0,0.0,0.0137,0.1667,2.03,0.0406,0.032,0.0167,1,0,0,0,0,0
1778594292.614906,2026-05-12 16:58:12,1,1,1,0.0,0.0,0.0,0.0,3.73,0.0,0.0,0.0333,1,1,1,1,0.0,0.0,0.0,0.0,1.87,0.0,0.0,0.0167,1,6,2,2,0.0,0.0,0.0137,0.1667,2.03,0.0406,0.0166,0.0167,1,0,0,0,0,0
1778594322.614906,2026-05-12 16:58:42,0,0,0,0.0,0.0,0.0,0.0,0.0,0.0,0.0,0.0,0,1,1,1,0.0,0.0,0.0,0.0,1.87,0.0,0.0,0.0167,1,5,1,1,0.0,0.0,0.0,0.0,1.87,0.0,0.0001,0.0167,1,0,0,0,0,0
1778594352.614906,2026-05-12 16:59:12,0,0,0,0.0,0.0,0.0,0.0,0.0,0.0,0.0,0.0,0,0,0,0,0.0,0.0,0.0,0.0,0.0,0.0,0.0,0.0,0,4,1,1,0.0,0.0,0.0,0.0,1.49,0.0,0.0001,0.0133,1,0,0,0,0,0
1778594382.614906,2026-05-12 16:59:42,0,0,0,0.0,0.0,0.0,0.0,0.0,0.0,0.0,0.0,0,0,0,0,0.0,0.0,0.0,0.0,0.0,0.0,0.0,0.0,0,4,1,1,0.0,0.0,0.0,0.0,1.49,0.0,0.0001,0.0133,1,0,0,0,0,0
1778594412.614906,2026-05-12 17:00:12,10,1,1,0.0,0.3333,0.0766,0.0,47.47,0.0,0.0838,0.3333,1,10,1,1,0.0,0.1667,0.0766,0.0,23.73,0.0,0.0838,0.1667,1,13,2,2,0.0,0.0333,0.0589,0.0,5.87,0.0487,0.1869,0.0333,1,0,0,0,0,0
1778594442.614906,2026-05-12 17:00:42,0,0,0,0.0,0.0,0.0,0.0,0.0,0.0,0.0,0.0,0,10,1,1,0.0,0.1667,0.0766,0.0,23.73,0.0,0.0838,0.1667,1,13,2,2,0.0,0.0333,0.0589,0.0,5.87,0.0487,0.1869,0.0333,1,0,0,0,0,0
1778594472.614906,2026-05-12 17:01:12,0,0,0,0.0,0.0,0.0,0.0,0.0,0.0,0.0,0.0,0,0,0,0,0.0,0.0,0.0,0.0,0.0,0.0,0.0,0.0,0,12,2,2,0.0,0.0333,0.0638,0.0,5.49,0.0406,0.2253,0.0333,1,0,0,0,0,0
1778594502.614906,2026-05-12 17:01:42,0,0,0,0.0,0.0,0.0,0.0,0.0,0.0,0.0,0.0,0,0,0,0,0.0,0.0,0.0,0.0,0.0,0.0,0.0,0.0,0,12,2,2,0.0,0.0333,0.0638,0.0,5.49,0.0406,0.2253,0.0333,1,0,0,0,0,0
1778594532.614906,2026-05-12 17:02:12,1,1,1,0.0,0.0,0.0,0.0,3.73,0.0,0.0,0.0333,1,1,1,1,0.0,0.0,0.0,0.0,1.87,0.0,0.0,0.0167,1,12,2,2,0.0,0.0333,0.0638,0.0,5.49,0.0406,0.2111,0.0333,1,0,0,0,0,0
1778594562.614906,2026-05-12 17:02:42,0,0,0,0.0,0.0,0.0,0.0,0.0,0.0,0.0,0.0,0,1,1,1,0.0,0.0,0.0,0.0,1.87,0.0,0.0,0.0167,1,12,2,2,0.0,0.0333,0.0638,0.0,5.49,0.0406,0.2111,0.0333,1,0,0,0,0,0
1778594592.614906,2026-05-12 17:03:12,1,1,1,0.0,0.0,0.0001,0.0,3.73,0.0,0.0,0.0333,1,1,1,1,0.0,0.0,0.0001,0.0,1.87,0.0,0.0,0.0167,1,12,2,2,0.0,0.0333,0.0638,0.0,5.49,0.0406,0.2234,0.0333,1,0,0,0,0,0
1778594622.614906,2026-05-12 17:03:42,0,0,0,0.0,0.0,0.0,0.0,0.0,0.0,0.0,0.0,0,1,1,1,0.0,0.0,0.0001,0.0,1.87,0.0,0.0,0.0167,1,12,2,2,0.0,0.0333,0.0638,0.0,5.49,0.0406,0.2234,0.0333,1,0,0,0,0,0
1778594652.614906,2026-05-12 17:04:12,1,1,1,0.0,0.0,0.0,0.0,3.73,0.0,0.0,0.0333,1,1,1,1,0.0,0.0,0.0,0.0,1.87,0.0,0.0,0.0167,1,13,2,2,0.0,0.0333,0.0589,0.0,5.87,0.0487,0.1849,0.0333,1,0,0,0,0,0
1778594682.614906,2026-05-12 17:04:42,0,0,0,0.0,0.0,0.0,0.0,0.0,0.0,0.0,0.0,0,1,1,1,0.0,0.0,0.0,0.0,1.87,0.0,0.0,0.0167,1,13,2,2,0.0,0.0333,0.0589,0.0,5.87,0.0487,0.1849,0.0333,1,0,0,0,0,0
1778594712.614906,2026-05-12 17:05:12,1,1,1,0.0,0.0,0.0,0.0,3.73,0.0,0.0,0.0333,1,1,1,1,0.0,0.0,0.0,0.0,1.87,0.0,0.0,0.0167,1,4,1,1,0.0,0.0,0.0,0.0,1.49,0.0,0.0001,0.0133,1,0,0,0,0,0
1778594742.614906,2026-05-12 17:05:42,0,0,0,0.0,0.0,0.0,0.0,0.0,0.0,0.0,0.0,0,1,1,1,0.0,0.0,0.0,0.0,1.87,0.0,0.0,0.0167,1,4,1,1,0.0,0.0,0.0,0.0,1.49,0.0,0.0001,0.0133,1,0,0,0,0,0
1778594772.614906,2026-05-12 17:06:12,1,1,1,0.0,0.0,0.0,0.0,3.73,0.0,0.0,0.0333,1,1,1,1,0.0,0.0,0.0,0.0,1.87,0.0,0.0,0.0167,1,5,1,1,0.0,0.0,0.0,0.0,1.87,0.0,0.0001,0.0167,1,0,0,0,0,0
1778594802.614906,2026-05-12 17:06:42,0,0,0,0.0,0.0,0.0,0.0,0.0,0.0,0.0,0.0,0,1,1,1,0.0,0.0,0.0,0.0,1.87,0.0,0.0,0.0167,1,5,1,1,0.0,0.0,0.0,0.0,1.87,0.0,0.0001,0.0167,1,0,0,0,0,0
1778594832.614906,2026-05-12 17:07:12,1,1,1,0.0,0.0,0.0,0.0,3.73,0.0,0.0,0.0333,1,1,1,1,0.0,0.0,0.0,0.0,1.87,0.0,0.0,0.0167,1,5,1,1,0.0,0.0,0.0,0.0,1.87,0.0,0.0001,0.0167,1,0,0,0,0,0
1778594862.614906,2026-05-12 17:07:42,0,0,0,0.0,0.0,0.0,0.0,0.0,0.0,0.0,0.0,0,1,1,1,0.0,0.0,0.0,0.0,1.87,0.0,0.0,0.0167,1,5,1,1,0.0,0.0,0.0,0.0,1.87,0.0,0.0001,0.0167,1,0,0,0,0,0
1778594892.614906,2026-05-12 17:08:12,0,0,0,0.0,0.0,0.0,0.0,0.0,0.0,0.0,0.0,0,0,0,0,0.0,0.0,0.0,0.0,0.0,0.0,0.0,0.0,0,4,1,1,0.0,0.0,0.0,0.0,1.49,0.0,0.0001,0.0133,1,0,0,0,0,0
1778594922.614906,2026-05-12 17:08:42,0,0,0,0.0,0.0,0.0,0.0,0.0,0.0,0.0,0.0,0,0,0,0,0.0,0.0,0.0,0.0,0.0,0.0,0.0,0.0,0,4,1,1,0.0,0.0,0.0,0.0,1.49,0.0,0.0001,0.0133,1,0,0,0,0,0
1778594952.614906,2026-05-12 17:09:12,0,0,0,0.0,0.0,0.0,0.0,0.0,0.0,0.0,0.0,0,0,0,0,0.0,0.0,0.0,0.0,0.0,0.0,0.0,0.0,0,3,1,1,0.0,0.0,0.0,0.0,1.12,0.0,0.0002,0.01,1,0,0,0,0,0
1778594982.614906,2026-05-12 17:09:42,0,0,0,0.0,0.0,0.0,0.0,0.0,0.0,0.0,0.0,0,0,0,0,0.0,0.0,0.0,0.0,0.0,0.0,0.0,0.0,0,3,1,1,0.0,0.0,0.0,0.0,1.12,0.0,0.0002,0.01,1,0,0,0,0,0
1778595012.614906,2026-05-12 17:10:12,0,0,0,0.0,0.0,0.0,0.0,0.0,0.0,0.0,0.0,0,0,0,0,0.0,0.0,0.0,0.0,0.0,0.0,0.0,0.0,0,2,1,1,0.0,0.0,0.0,0.0,0.75,0.0,0.0,0.0067,1,0,0,0,0,0
1778595042.614906,2026-05-12 17:10:42,0,0,0,0.0,0.0,0.0,0.0,0.0,0.0,0.0,0.0,0,0,0,0,0.0,0.0,0.0,0.0,0.0,0.0,0.0,0.0,0,2,1,1,0.0,0.0,0.0,0.0,0.75,0.0,0.0,0.0067,1,0,0,0,0,0
1778595072.614906,2026-05-12 17:11:12,0,0,0,0.0,0.0,0.0,0.0,0.0,0.0,0.0,0.0,0,0,0,0,0.0,0.0,0.0,0.0,0.0,0.0,0.0,0.0,0,1,1,1,0.0,0.0,0.0,0.0,0.37,0.0,0.0,0.0033,1,0,0,0,0,0
1778595102.614906,2026-05-12 17:11:42,0,0,0,0.0,0.0,0.0,0.0,0.0,0.0,0.0,0.0,0,0,0,0,0.0,0.0,0.0,0.0,0.0,0.0,0.0,0.0,0,1,1,1,0.0,0.0,0.0,0.0,0.37,0.0,0.0,0.0033,1,0,0,0,0,0
1778595132.614906,2026-05-12 17:12:12,0,0,0,0.0,0.0,0.0,0.0,0.0,0.0,0.0,0.0,0,0,0,0,0.0,0.0,0.0,0.0,0.0,0.0,0.0,0.0,0,0,0,0,0.0,0.0,0.0,0.0,0.0,0.0,0.0,0.0,0,0,0,0,0,0
1778595162.614906,2026-05-12 17:12:42,0,0,0,0.0,0.0,0.0,0.0,0.0,0.0,0.0,0.0,0,0,0,0,0.0,0.0,0.0,0.0,0.0,0.0,0.0,0.0,0,0,0,0,0.0,0.0,0.0,0.0,0.0,0.0,0.0,0.0,0,0,0,0,0,0
1778595192.614906,2026-05-12 17:13:12,0,0,0,0.0,0.0,0.0,0.0,0.0,0.0,0.0,0.0,0,0,0,0,0.0,0.0,0.0,0.0,0.0,0.0,0.0,0.0,0,0,0,0,0.0,0.0,0.0,0.0,0.0,0.0,0.0,0.0,0,0,0,0,0,0
1778595222.614906,2026-05-12 17:13:42,1,1,1,0.0,0.0,0.0,0.0,3.73,0.0,0.0,0.0333,1,1,1,1,0.0,0.0,0.0,0.0,1.87,0.0,0.0,0.0167,1,1,1,1,0.0,0.0,0.0,0.0,0.37,0.0,0.0,0.0033,1,0,0,0,0,0
1778595252.614906,2026-05-12 17:14:12,0,0,0,0.0,0.0,0.0,0.0,0.0,0.0,0.0,0.0,0,1,1,1,0.0,0.0,0.0,0.0,1.87,0.0,0.0,0.0167,1,1,1,1,0.0,0.0,0.0,0.0,0.37,0.0,0.0,0.0033,1,0,0,0,0,0
1778595282.614906,2026-05-12 17:14:42,1,1,1,0.0,0.0,0.0,0.0,3.73,0.0,0.0,0.0333,1,1,1,1,0.0,0.0,0.0,0.0,1.87,0.0,0.0,0.0167,1,2,1,1,0.0,0.0,0.0,0.0,0.75,0.0,0.0,0.0067,1,0,0,0,0,0
1778595312.614906,2026-05-12 17:15:12,0,0,0,0.0,0.0,0.0,0.0,0.0,0.0,0.0,0.0,0,1,1,1,0.0,0.0,0.0,0.0,1.87,0.0,0.0,0.0167,1,2,1,1,0.0,0.0,0.0,0.0,0.75,0.0,0.0,0.0067,1,0,0,0,0,0
1778595342.614906,2026-05-12 17:15:42,1,1,1,0.0,0.0,0.0,0.0,3.73,0.0,0.0,0.0333,1,1,1,1,0.0,0.0,0.0,0.0,1.87,0.0,0.0,0.0167,1,3,1,1,0.0,0.0,0.0,0.0,1.12,0.0,0.0,0.01,1,0,0,0,0,0
1778595372.614906,2026-05-12 17:16:12,0,0,0,0.0,0.0,0.0,0.0,0.0,0.0,0.0,0.0,0,1,1,1,0.0,0.0,0.0,0.0,1.87,0.0,0.0,0.0167,1,3,1,1,0.0,0.0,0.0,0.0,1.12,0.0,0.0,0.01,1,0,0,0,0,0
1778595402.614906,2026-05-12 17:16:42,1,1,1,0.0,0.0,0.0001,0.0,3.73,0.0,0.0,0.0333,1,1,1,1,0.0,0.0,0.0001,0.0,1.87,0.0,0.0,0.0167,1,4,1,1,0.0,0.0,0.0,0.0,1.49,0.0,0.0,0.0133,1,0,0,0,0,0
1778595432.614906,2026-05-12 17:17:12,0,0,0,0.0,0.0,0.0,0.0,0.0,0.0,0.0,0.0,0,1,1,1,0.0,0.0,0.0001,0.0,1.87,0.0,0.0,0.0167,1,4,1,1,0.0,0.0,0.0,0.0,1.49,0.0,0.0,0.0133,1,0,0,0,0,0
1778595462.614906,2026-05-12 17:17:42,1,1,1,0.0,0.0,0.0,0.0,3.73,0.0,0.0,0.0333,1,1,1,1,0.0,0.0,0.0,0.0,1.87,0.0,0.0,0.0167,1,5,1,1,0.0,0.0,0.0,0.0,1.87,0.0,0.0,0.0167,1,0,0,0,0,0
1778595492.614906,2026-05-12 17:18:12,0,0,0,0.0,0.0,0.0,0.0,0.0,0.0,0.0,0.0,0,1,1,1,0.0,0.0,0.0,0.0,1.87,0.0,0.0,0.0167,1,5,1,1,0.0,0.0,0.0,0.0,1.87,0.0,0.0,0.0167,1,0,0,0,0,0
1778595522.614906,2026-05-12 17:18:42,1,1,1,0.0,0.0,0.0,0.0,3.73,0.0,0.0,0.0333,1,1,1,1,0.0,0.0,0.0,0.0,1.87,0.0,0.0,0.0167,1,5,1,1,0.0,0.0,0.0,0.0,1.87,0.0,0.0,0.0167,1,0,0,0,0,0
1778595552.614906,2026-05-12 17:19:12,0,0,0,0.0,0.0,0.0,0.0,0.0,0.0,0.0,0.0,0,1,1,1,0.0,0.0,0.0,0.0,1.87,0.0,0.0,0.0167,1,5,1,1,0.0,0.0,0.0,0.0,1.87,0.0,0.0,0.0167,1,0,0,0,0,0
1778595582.614906,2026-05-12 17:19:42,1,1,1,0.0,0.0,0.0,0.0,3.73,0.0,0.0,0.0333,1,1,1,1,0.0,0.0,0.0,0.0,1.87,0.0,0.0,0.0167,1,5,1,1,0.0,0.0,0.0,0.0,1.87,0.0,0.0,0.0167,1,0,0,0,0,0
1778595612.614906,2026-05-12 17:20:12,0,0,0,0.0,0.0,0.0,0.0,0.0,0.0,0.0,0.0,0,1,1,1,0.0,0.0,0.0,0.0,1.87,0.0,0.0,0.0167,1,5,1,1,0.0,0.0,0.0,0.0,1.87,0.0,0.0,0.0167,1,0,0,0,0,0
1778595642.614906,2026-05-12 17:20:42,1,1,1,0.0,0.0,0.0,0.0,3.73,0.0,0.0,0.0333,1,1,1,1,0.0,0.0,0.0,0.0,1.87,0.0,0.0,0.0167,1,5,1,1,0.0,0.0,0.0,0.0,1.87,0.0,0.0,0.0167,1,0,0,0,0,0
1778595672.614906,2026-05-12 17:21:12,0,0,0,0.0,0.0,0.0,0.0,0.0,0.0,0.0,0.0,0,1,1,1,0.0,0.0,0.0,0.0,1.87,0.0,0.0,0.0167,1,5,1,1,0.0,0.0,0.0,0.0,1.87,0.0,0.0,0.0167,1,0,0,0,0,0
1778595702.614906,2026-05-12 17:21:42,1,1,1,0.0,0.0,0.0,0.0,3.73,0.0,0.0,0.0333,1,1,1,1,0.0,0.0,0.0,0.0,1.87,0.0,0.0,0.0167,1,5,1,1,0.0,0.0,0.0,0.0,1.87,0.0,0.0,0.0167,1,0,0,0,0,0
1778595732.614906,2026-05-12 17:22:12,0,0,0,0.0,0.0,0.0,0.0,0.0,0.0,0.0,0.0,0,1,1,1,0.0,0.0,0.0,0.0,1.87,0.0,0.0,0.0167,1,5,1,1,0.0,0.0,0.0,0.0,1.87,0.0,0.0,0.0167,1,0,0,0,0,0
1778595762.614906,2026-05-12 17:22:42,1,1,1,0.0,0.0,0.0,0.0,3.73,0.0,0.0,0.0333,1,1,1,1,0.0,0.0,0.0,0.0,1.87,0.0,0.0,0.0167,1,5,1,1,0.0,0.0,0.0,0.0,1.87,0.0,0.0,0.0167,1,0,0,0,0,0
1778595792.614906,2026-05-12 17:23:12,0,0,0,0.0,0.0,0.0,0.0,0.0,0.0,0.0,0.0,0,1,1,1,0.0,0.0,0.0,0.0,1.87,0.0,0.0,0.0167,1,5,1,1,0.0,0.0,0.0,0.0,1.87,0.0,0.0,0.0167,1,0,0,0,0,0
1778595822.614906,2026-05-12 17:23:42,1,1,1,0.0,0.0,0.0,0.0,3.73,0.0,0.0,0.0333,1,1,1,1,0.0,0.0,0.0,0.0,1.87,0.0,0.0,0.0167,1,5,1,1,0.0,0.0,0.0,0.0,1.87,0.0,0.0,0.0167,1,0,0,0,0,0
1778595852.614906,2026-05-12 17:24:12,0,0,0,0.0,0.0,0.0,0.0,0.0,0.0,0.0,0.0,0,1,1,1,0.0,0.0,0.0,0.0,1.87,0.0,0.0,0.0167,1,5,1,1,0.0,0.0,0.0,0.0,1.87,0.0,0.0,0.0167,1,0,0,0,0,0
1778595882.614906,2026-05-12 17:24:42,1,1,1,0.0,0.0,0.0,0.0,3.73,0.0,0.0,0.0333,1,1,1,1,0.0,0.0,0.0,0.0,1.87,0.0,0.0,0.0167,1,5,1,1,0.0,0.0,0.0,0.0,1.87,0.0,0.0,0.0167,1,0,0,0,0,0
1778595912.614906,2026-05-12 17:25:12,0,0,0,0.0,0.0,0.0,0.0,0.0,0.0,0.0,0.0,0,1,1,1,0.0,0.0,0.0,0.0,1.87,0.0,0.0,0.0167,1,5,1,1,0.0,0.0,0.0,0.0,1.87,0.0,0.0,0.0167,1,0,0,0,0,0
1778595942.614906,2026-05-12 17:25:42,1,1,1,0.0,0.0,0.0,0.0,3.73,0.0,0.0,0.0333,1,1,1,1,0.0,0.0,0.0,0.0,1.87,0.0,0.0,0.0167,1,5,1,1,0.0,0.0,0.0,0.0,1.87,0.0,0.0001,0.0167,1,0,0,0,0,0
1778595972.614906,2026-05-12 17:26:12,0,0,0,0.0,0.0,0.0,0.0,0.0,0.0,0.0,0.0,0,1,1,1,0.0,0.0,0.0,0.0,1.87,0.0,0.0,0.0167,1,5,1,1,0.0,0.0,0.0,0.0,1.87,0.0,0.0001,0.0167,1,0,0,0,0,0
1778596002.614906,2026-05-12 17:26:42,1,1,1,0.0,0.0,0.0,0.0,3.73,0.0,0.0,0.0333,1,1,1,1,0.0,0.0,0.0,0.0,1.87,0.0,0.0,0.0167,1,5,1,1,0.0,0.0,0.0,0.0,1.87,0.0,0.0001,0.0167,1,0,0,0,0,0
1778596032.614906,2026-05-12 17:27:12,0,0,0,0.0,0.0,0.0,0.0,0.0,0.0,0.0,0.0,0,1,1,1,0.0,0.0,0.0,0.0,1.87,0.0,0.0,0.0167,1,5,1,1,0.0,0.0,0.0,0.0,1.87,0.0,0.0001,0.0167,1,0,0,0,0,0
1778596062.614906,2026-05-12 17:27:42,4,3,3,0.0,0.0,0.3622,1.0,4.27,0.0938,0.125,0.0667,2,4,3,3,0.0,0.0,0.3622,1.0,2.13,0.0938,0.125,0.0333,2,8,3,4,0.0,0.0,0.1811,0.5,1.92,0.0663,0.0806,0.0133,2,0,0,0,0,0
1778596092.614906,2026-05-12 17:28:12,0,0,0,0.0,0.0,0.0,0.0,0.0,0.0,0.0,0.0,0,4,3,3,0.0,0.0,0.3622,1.0,2.13,0.0938,0.125,0.0333,2,8,3,4,0.0,0.0,0.1811,0.5,1.92,0.0663,0.0806,0.0133,2,0,0,0,0,0
1778596122.614906,2026-05-12 17:28:42,1,1,1,0.0,0.0,0.0,0.0,3.73,0.0,0.0,0.0333,1,1,1,1,0.0,0.0,0.0,0.0,1.87,0.0,0.0,0.0167,1,8,3,4,0.0,0.0,0.1811,0.5,1.92,0.0663,0.0816,0.0133,2,0,0,0,0,0
1778596152.614906,2026-05-12 17:29:12,0,0,0,0.0,0.0,0.0,0.0,0.0,0.0,0.0,0.0,0,1,1,1,0.0,0.0,0.0,0.0,1.87,0.0,0.0,0.0167,1,8,3,4,0.0,0.0,0.1811,0.5,1.92,0.0663,0.0816,0.0133,2,0,0,0,0,0
1778596182.614906,2026-05-12 17:29:42,1,1,1,0.0,0.0,0.0,0.0,3.73,0.0,0.0,0.0333,1,1,1,1,0.0,0.0,0.0,0.0,1.87,0.0,0.0,0.0167,1,8,3,4,0.0,0.0,0.1811,0.5,1.92,0.0663,0.0816,0.0133,2,0,0,0,0,0
1778596212.614906,2026-05-12 17:30:12,0,0,0,0.0,0.0,0.0,0.0,0.0,0.0,0.0,0.0,0,1,1,1,0.0,0.0,0.0,0.0,1.87,0.0,0.0,0.0167,1,8,3,4,0.0,0.0,0.1811,0.5,1.92,0.0663,0.0816,0.0133,2,0,0,0,0,0
1778596242.614906,2026-05-12 17:30:42,1,1,1,0.0,0.0,0.0001,0.0,3.73,0.0,0.0,0.0333,1,1,1,1,0.0,0.0,0.0001,0.0,1.87,0.0,0.0,0.0167,1,8,3,4,0.0,0.0,0.1811,0.5,1.92,0.0663,0.0816,0.0133,2,0,0,0,0,0
1778596272.614906,2026-05-12 17:31:12,0,0,0,0.0,0.0,0.0,0.0,0.0,0.0,0.0,0.0,0,1,1,1,0.0,0.0,0.0001,0.0,1.87,0.0,0.0,0.0167,1,8,3,4,0.0,0.0,0.1811,0.5,1.92,0.0663,0.0816,0.0133,2,0,0,0,0,0
1778596302.614906,2026-05-12 17:31:42,1,1,1,0.0,0.0,0.0,0.0,3.73,0.0,0.0,0.0333,1,1,1,1,0.0,0.0,0.0,0.0,1.87,0.0,0.0,0.0167,1,8,3,4,0.0,0.0,0.1811,0.5,1.92,0.0663,0.0797,0.0133,2,0,0,0,0,0
1778596332.614906,2026-05-12 17:32:12,0,0,0,0.0,0.0,0.0,0.0,0.0,0.0,0.0,0.0,0,1,1,1,0.0,0.0,0.0,0.0,1.87,0.0,0.0,0.0167,1,8,3,4,0.0,0.0,0.1811,0.5,1.92,0.0663,0.0797,0.0133,2,0,0,0,0,0
1778596362.614906,2026-05-12 17:32:42,1,1,1,0.0,0.0,0.0,0.0,3.73,0.0,0.0,0.0333,1,1,1,1,0.0,0.0,0.0,0.0,1.87,0.0,0.0,0.0167,1,5,1,1,0.0,0.0,0.0,0.0,1.87,0.0,0.0,0.0167,1,0,0,0,0,0
1778596392.614906,2026-05-12 17:33:12,0,0,0,0.0,0.0,0.0,0.0,0.0,0.0,0.0,0.0,0,1,1,1,0.0,0.0,0.0,0.0,1.87,0.0,0.0,0.0167,1,5,1,1,0.0,0.0,0.0,0.0,1.87,0.0,0.0,0.0167,1,0,0,0,0,0
1778596422.614906,2026-05-12 17:33:42,1,1,1,0.0,0.0,30.2082,0.0,7.47,0.0,0.0,0.0333,1,1,1,1,0.0,0.0,30.2082,0.0,3.73,0.0,0.0,0.0167,1,5,1,1,0.0,0.0,6.0417,0.0,2.24,0.0,0.0,0.0167,1,0,0,0,0,0
1778596452.614906,2026-05-12 17:34:12,0,0,0,0.0,0.0,0.0,0.0,0.0,0.0,0.0,0.0,0,1,1,1,0.0,0.0,30.2082,0.0,3.73,0.0,0.0,0.0167,1,5,1,1,0.0,0.0,6.0417,0.0,2.24,0.0,0.0,0.0167,1,0,0,0,0,0
1778596482.614906,2026-05-12 17:34:42,0,0,0,0.0,0.0,0.0,0.0,0.0,0.0,0.0,0.0,0,0,0,0,0.0,0.0,0.0,0.0,0.0,0.0,0.0,0.0,0,4,1,1,0.0,0.0,7.5521,0.0,1.87,0.0,0.0,0.0133,1,0,0,0,0,0
1778596512.614906,2026-05-12 17:35:12,1,1,1,0.0,0.0,0.0,0.0,3.73,0.0,0.0,0.0333,1,1,1,1,0.0,0.0,0.0,0.0,1.87,0.0,0.0,0.0167,1,5,1,1,0.0,0.0,6.0417,0.0,2.24,0.0,0.0193,0.0167,1,0,0,0,0,0
1778596542.614906,2026-05-12 17:35:42,0,0,0,0.0,0.0,0.0,0.0,0.0,0.0,0.0,0.0,0,1,1,1,0.0,0.0,0.0,0.0,1.87,0.0,0.0,0.0167,1,4,1,1,0.0,0.0,7.5521,0.0,1.87,0.0,0.0202,0.0133,1,0,0,0,0,0
1778596572.614906,2026-05-12 17:36:12,1,1,1,0.0,0.0,0.0,0.0,3.73,0.0,0.0,0.0333,1,1,1,1,0.0,0.0,0.0,0.0,1.87,0.0,0.0,0.0167,1,5,1,1,0.0,0.0,6.0417,0.0,2.24,0.0,0.0193,0.0167,1,0,0,0,0,0
1778596602.614906,2026-05-12 17:36:42,0,0,0,0.0,0.0,0.0,0.0,0.0,0.0,0.0,0.0,0,1,1,1,0.0,0.0,0.0,0.0,1.87,0.0,0.0,0.0167,1,4,1,1,0.0,0.0,7.5521,0.0,1.87,0.0,0.0202,0.0133,1,0,0,0,0,0
1778596632.614906,2026-05-12 17:37:12,1,1,1,0.0,0.0,0.0,0.0,3.73,0.0,0.0,0.0333,1,1,1,1,0.0,0.0,0.0,0.0,1.87,0.0,0.0,0.0167,1,5,1,1,0.0,0.0,6.0417,0.0,2.24,0.0,0.0193,0.0167,1,0,0,0,0,0
1778596662.614906,2026-05-12 17:37:42,0,0,0,0.0,0.0,0.0,0.0,0.0,0.0,0.0,0.0,0,1,1,1,0.0,0.0,0.0,0.0,1.87,0.0,0.0,0.0167,1,4,1,1,0.0,0.0,7.5521,0.0,1.87,0.0,0.0203,0.0133,1,0,0,0,0,0
1778596692.614906,2026-05-12 17:38:12,1,1,1,0.0,0.0,0.0,0.0,3.73,0.0,0.0,0.0333,1,1,1,1,0.0,0.0,0.0,0.0,1.87,0.0,0.0,0.0167,1,5,1,1,0.0,0.0,6.0417,0.0,2.24,0.0,0.0193,0.0167,1,0,0,0,0,0
1778596722.614906,2026-05-12 17:38:42,0,0,0,0.0,0.0,0.0,0.0,0.0,0.0,0.0,0.0,0,1,1,1,0.0,0.0,0.0,0.0,1.87,0.0,0.0,0.0167,1,4,1,1,0.0,0.0,0.0,0.0,1.49,0.0,0.0,0.0133,1,0,0,0,0,0
1778596752.614906,2026-05-12 17:39:12,1,1,1,0.0,0.0,0.0,0.0,3.73,0.0,0.0,0.0333,1,1,1,1,0.0,0.0,0.0,0.0,1.87,0.0,0.0,0.0167,1,5,1,1,0.0,0.0,0.0,0.0,1.87,0.0,0.0,0.0167,1,0,0,0,0,0
1778596782.614906,2026-05-12 17:39:42,0,0,0,0.0,0.0,0.0,0.0,0.0,0.0,0.0,0.0,0,1,1,1,0.0,0.0,0.0,0.0,1.87,0.0,0.0,0.0167,1,5,1,1,0.0,0.0,0.0,0.0,1.87,0.0,0.0,0.0167,1,0,0,0,0,0
1778596812.614906,2026-05-12 17:40:12,1,1,1,0.0,0.0,0.0,0.0,3.73,0.0,0.0,0.0333,1,1,1,1,0.0,0.0,0.0,0.0,1.87,0.0,0.0,0.0167,1,5,1,1,0.0,0.0,0.0,0.0,1.87,0.0,0.0,0.0167,1,0,0,0,0,0
1778596842.614906,2026-05-12 17:40:42,0,0,0,0.0,0.0,0.0,0.0,0.0,0.0,0.0,0.0,0,1,1,1,0.0,0.0,0.0,0.0,1.87,0.0,0.0,0.0167,1,5,1,1,0.0,0.0,0.0,0.0,1.87,0.0,0.0,0.0167,1,0,0,0,0,0
1778596872.614906,2026-05-12 17:41:12,1,1,1,0.0,0.0,0.0,0.0,3.73,0.0,0.0,0.0333,1,1,1,1,0.0,0.0,0.0,0.0,1.87,0.0,0.0,0.0167,1,5,1,1,0.0,0.0,0.0,0.0,1.87,0.0,0.0,0.0167,1,0,0,0,0,0
1778596902.614906,2026-05-12 17:41:42,0,0,0,0.0,0.0,0.0,0.0,0.0,0.0,0.0,0.0,0,1,1,1,0.0,0.0,0.0,0.0,1.87,0.0,0.0,0.0167,1,5,1,1,0.0,0.0,0.0,0.0,1.87,0.0,0.0,0.0167,1,0,0,0,0,0
1778596932.614906,2026-05-12 17:42:12,1,1,1,0.0,0.0,0.0001,0.0,3.73,0.0,0.0,0.0333,1,1,1,1,0.0,0.0,0.0001,0.0,1.87,0.0,0.0,0.0167,1,5,1,1,0.0,0.0,0.0,0.0,1.87,0.0,0.0001,0.0167,1,0,0,0,0,0
1778596962.614906,2026-05-12 17:42:42,0,0,0,0.0,0.0,0.0,0.0,0.0,0.0,0.0,0.0,0,1,1,1,0.0,0.0,0.0001,0.0,1.87,0.0,0.0,0.0167,1,5,1,1,0.0,0.0,0.0,0.0,1.87,0.0,0.0001,0.0167,1,0,0,0,0,0
1778596992.614906,2026-05-12 17:43:12,0,0,0,0.0,0.0,0.0,0.0,0.0,0.0,0.0,0.0,0,0,0,0,0.0,0.0,0.0,0.0,0.0,0.0,0.0,0.0,0,4,1,1,0.0,0.0,0.0,0.0,1.49,0.0,0.0001,0.0133,1,0,0,0,0,0
1778597022.614906,2026-05-12 17:43:42,0,0,0,0.0,0.0,0.0,0.0,0.0,0.0,0.0,0.0,0,0,0,0,0.0,0.0,0.0,0.0,0.0,0.0,0.0,0.0,0,4,1,1,0.0,0.0,0.0,0.0,1.49,0.0,0.0001,0.0133,1,0,0,0,0,0
1778597052.614906,2026-05-12 17:44:12,0,0,0,0.0,0.0,0.0,0.0,0.0,0.0,0.0,0.0,0,0,0,0,0.0,0.0,0.0,0.0,0.0,0.0,0.0,0.0,0,3,1,1,0.0,0.0,0.0,0.0,1.12,0.0,0.0001,0.01,1,0,0,0,0,0
1778597082.614906,2026-05-12 17:44:42,0,0,0,0.0,0.0,0.0,0.0,0.0,0.0,0.0,0.0,0,0,0,0,0.0,0.0,0.0,0.0,0.0,0.0,0.0,0.0,0,3,1,1,0.0,0.0,0.0,0.0,1.12,0.0,0.0001,0.01,1,0,0,0,0,0
1778597112.614906,2026-05-12 17:45:12,0,0,0,0.0,0.0,0.0,0.0,0.0,0.0,0.0,0.0,0,0,0,0,0.0,0.0,0.0,0.0,0.0,0.0,0.0,0.0,0,2,1,1,0.0,0.0,0.0001,0.0,0.75,0.0,0.0,0.0067,1,0,0,0,0,0
1778597142.614906,2026-05-12 17:45:42,0,0,0,0.0,0.0,0.0,0.0,0.0,0.0,0.0,0.0,0,0,0,0,0.0,0.0,0.0,0.0,0.0,0.0,0.0,0.0,0,2,1,1,0.0,0.0,0.0001,0.0,0.75,0.0,0.0,0.0067,1,0,0,0,0,0
1778597172.614906,2026-05-12 17:46:12,0,0,0,0.0,0.0,0.0,0.0,0.0,0.0,0.0,0.0,0,0,0,0,0.0,0.0,0.0,0.0,0.0,0.0,0.0,0.0,0,1,1,1,0.0,0.0,0.0001,0.0,0.37,0.0,0.0,0.0033,1,0,0,0,0,0
1778597202.614906,2026-05-12 17:46:42,0,0,0,0.0,0.0,0.0,0.0,0.0,0.0,0.0,0.0,0,0,0,0,0.0,0.0,0.0,0.0,0.0,0.0,0.0,0.0,0,1,1,1,0.0,0.0,0.0001,0.0,0.37,0.0,0.0,0.0033,1,0,0,0,0,0
1778597232.614906,2026-05-12 17:47:12,0,0,0,0.0,0.0,0.0,0.0,0.0,0.0,0.0,0.0,0,0,0,0,0.0,0.0,0.0,0.0,0.0,0.0,0.0,0.0,0,0,0,0,0.0,0.0,0.0,0.0,0.0,0.0,0.0,0.0,0,0,0,0,0,0
1778597262.614906,2026-05-12 17:47:42,0,0,0,0.0,0.0,0.0,0.0,0.0,0.0,0.0,0.0,0,0,0,0,0.0,0.0,0.0,0.0,0.0,0.0,0.0,0.0,0,0,0,0,0.0,0.0,0.0,0.0,0.0,0.0,0.0,0.0,0,0,0,0,0,0
1778597292.614906,2026-05-12 17:48:12,0,0,0,0.0,0.0,0.0,0.0,0.0,0.0,0.0,0.0,0,0,0,0,0.0,0.0,0.0,0.0,0.0,0.0,0.0,0.0,0,0,0,0,0.0,0.0,0.0,0.0,0.0,0.0,0.0,0.0,0,0,0,0,0,0
1778597322.614906,2026-05-12 17:48:42,1,1,1,0.0,0.0,0.0,0.0,3.73,0.0,0.0,0.0333,1,1,1,1,0.0,0.0,0.0,0.0,1.87,0.0,0.0,0.0167,1,1,1,1,0.0,0.0,0.0,0.0,0.37,0.0,0.0,0.0033,1,0,0,0,0,0
1778597352.614906,2026-05-12 17:49:12,0,0,0,0.0,0.0,0.0,0.0,0.0,0.0,0.0,0.0,0,1,1,1,0.0,0.0,0.0,0.0,1.87,0.0,0.0,0.0167,1,1,1,1,0.0,0.0,0.0,0.0,0.37,0.0,0.0,0.0033,1,0,0,0,0,0
1778597382.614906,2026-05-12 17:49:42,0,0,0,0.0,0.0,0.0,0.0,0.0,0.0,0.0,0.0,0,0,0,0,0.0,0.0,0.0,0.0,0.0,0.0,0.0,0.0,0,1,1,1,0.0,0.0,0.0,0.0,0.37,0.0,0.0,0.0033,1,0,0,0,0,0
1778597412.614906,2026-05-12 17:50:12,1,1,1,0.0,0.0,0.0,0.0,3.73,0.0,0.0,0.0333,1,1,1,1,0.0,0.0,0.0,0.0,1.87,0.0,0.0,0.0167,1,2,1,1,0.0,0.0,0.0,0.0,0.75,0.0,0.0,0.0067,1,0,0,0,0,0
1778597442.614906,2026-05-12 17:50:42,0,0,0,0.0,0.0,0.0,0.0,0.0,0.0,0.0,0.0,0,1,1,1,0.0,0.0,0.0,0.0,1.87,0.0,0.0,0.0167,1,2,1,1,0.0,0.0,0.0,0.0,0.75,0.0,0.0,0.0067,1,0,0,0,0,0
1778597472.614906,2026-05-12 17:51:12,1,1,1,0.0,0.0,0.0,0.0,3.73,0.0,0.0,0.0333,1,1,1,1,0.0,0.0,0.0,0.0,1.87,0.0,0.0,0.0167,1,3,1,1,0.0,0.0,0.0,0.0,1.12,0.0,0.0001,0.01,1,0,0,0,0,0
1778597502.614906,2026-05-12 17:51:42,0,0,0,0.0,0.0,0.0,0.0,0.0,0.0,0.0,0.0,0,1,1,1,0.0,0.0,0.0,0.0,1.87,0.0,0.0,0.0167,1,3,1,1,0.0,0.0,0.0,0.0,1.12,0.0,0.0001,0.01,1,0,0,0,0,0
1778597532.614906,2026-05-12 17:52:12,1,1,1,0.0,0.0,0.0,0.0,3.73,0.0,0.0,0.0333,1,1,1,1,0.0,0.0,0.0,0.0,1.87,0.0,0.0,0.0167,1,4,1,1,0.0,0.0,0.0,0.0,1.49,0.0,0.0001,0.0133,1,0,0,0,0,0
1778597562.614906,2026-05-12 17:52:42,0,0,0,0.0,0.0,0.0,0.0,0.0,0.0,0.0,0.0,0,1,1,1,0.0,0.0,0.0,0.0,1.87,0.0,0.0,0.0167,1,4,1,1,0.0,0.0,0.0,0.0,1.49,0.0,0.0001,0.0133,1,0,0,0,0,0
1778597592.614906,2026-05-12 17:53:12,1,1,1,0.0,0.0,0.0,0.0,3.73,0.0,0.0,0.0333,1,1,1,1,0.0,0.0,0.0,0.0,1.87,0.0,0.0,0.0167,1,5,1,1,0.0,0.0,0.0,0.0,1.87,0.0,0.0001,0.0167,1,0,0,0,0,0
1778597622.614906,2026-05-12 17:53:42,0,0,0,0.0,0.0,0.0,0.0,0.0,0.0,0.0,0.0,0,1,1,1,0.0,0.0,0.0,0.0,1.87,0.0,0.0,0.0167,1,4,1,1,0.0,0.0,0.0,0.0,1.49,0.0,0.0,0.0133,1,0,0,0,0,0
1778597652.614906,2026-05-12 17:54:12,1,1,1,0.0,0.0,0.0,0.0,3.73,0.0,0.0,0.0333,1,1,1,1,0.0,0.0,0.0,0.0,1.87,0.0,0.0,0.0167,1,5,1,1,0.0,0.0,0.0,0.0,1.87,0.0,0.0,0.0167,1,0,0,0,0,0
1778597682.614906,2026-05-12 17:54:42,0,0,0,0.0,0.0,0.0,0.0,0.0,0.0,0.0,0.0,0,1,1,1,0.0,0.0,0.0,0.0,1.87,0.0,0.0,0.0167,1,5,1,1,0.0,0.0,0.0,0.0,1.87,0.0,0.0,0.0167,1,0,0,0,0,0
1778597712.614906,2026-05-12 17:55:12,1,1,1,0.0,0.0,0.0,0.0,3.73,0.0,0.0,0.0333,1,1,1,1,0.0,0.0,0.0,0.0,1.87,0.0,0.0,0.0167,1,5,1,1,0.0,0.0,0.0,0.0,1.87,0.0,0.0,0.0167,1,0,0,0,0,0
1778597742.614906,2026-05-12 17:55:42,0,0,0,0.0,0.0,0.0,0.0,0.0,0.0,0.0,0.0,0,1,1,1,0.0,0.0,0.0,0.0,1.87,0.0,0.0,0.0167,1,5,1,1,0.0,0.0,0.0,0.0,1.87,0.0,0.0,0.0167,1,0,0,0,0,0
1778597772.614906,2026-05-12 17:56:12,1,1,1,0.0,0.0,0.0,0.0,3.73,0.0,0.0,0.0333,1,1,1,1,0.0,0.0,0.0,0.0,1.87,0.0,0.0,0.0167,1,5,1,1,0.0,0.0,0.0,0.0,1.87,0.0,0.0,0.0167,1,0,0,0,0,0
1778597802.614906,2026-05-12 17:56:42,0,0,0,0.0,0.0,0.0,0.0,0.0,0.0,0.0,0.0,0,1,1,1,0.0,0.0,0.0,0.0,1.87,0.0,0.0,0.0167,1,5,1,1,0.0,0.0,0.0,0.0,1.87,0.0,0.0,0.0167,1,0,0,0,0,0
1778597832.614906,2026-05-12 17:57:12,1,1,1,0.0,0.0,0.0,0.0,3.73,0.0,0.0,0.0333,1,1,1,1,0.0,0.0,0.0,0.0,1.87,0.0,0.0,0.0167,1,5,1,1,0.0,0.0,0.0,0.0,1.87,0.0,0.0,0.0167,1,0,0,0,0,0
1778597862.614906,2026-05-12 17:57:42,0,0,0,0.0,0.0,0.0,0.0,0.0,0.0,0.0,0.0,0,1,1,1,0.0,0.0,0.0,0.0,1.87,0.0,0.0,0.0167,1,5,1,1,0.0,0.0,0.0,0.0,1.87,0.0,0.0,0.0167,1,0,0,0,0,0
1778597892.614906,2026-05-12 17:58:12,1,1,1,0.0,0.0,0.0,0.0,3.73,0.0,0.0,0.0333,1,1,1,1,0.0,0.0,0.0,0.0,1.87,0.0,0.0,0.0167,1,5,1,1,0.0,0.0,0.0,0.0,1.87,0.0,0.0,0.0167,1,0,0,0,0,0
1778597922.614906,2026-05-12 17:58:42,0,0,0,0.0,0.0,0.0,0.0,0.0,0.0,0.0,0.0,0,1,1,1,0.0,0.0,0.0,0.0,1.87,0.0,0.0,0.0167,1,5,1,1,0.0,0.0,0.0,0.0,1.87,0.0,0.0,0.0167,1,0,0,0,0,0
1778597952.614906,2026-05-12 17:59:12,1,1,1,0.0,0.0,0.0,0.0,3.73,0.0,0.0,0.0333,1,1,1,1,0.0,0.0,0.0,0.0,1.87,0.0,0.0,0.0167,1,5,1,1,0.0,0.0,0.0,0.0,1.87,0.0,0.0,0.0167,1,0,0,0,0,0
1778597982.614906,2026-05-12 17:59:42,0,0,0,0.0,0.0,0.0,0.0,0.0,0.0,0.0,0.0,0,1,1,1,0.0,0.0,0.0,0.0,1.87,0.0,0.0,0.0167,1,5,1,1,0.0,0.0,0.0,0.0,1.87,0.0,0.0,0.0167,1,0,0,0,0,0
1778598012.614906,2026-05-12 18:00:12,10,1,1,0.0,0.3333,0.0878,0.0,56.0,0.0,0.1262,0.3333,1,10,1,1,0.0,0.1667,0.0878,0.0,28.0,0.0,0.1262,0.1667,1,14,2,2,0.0,0.0333,0.0627,0.0,7.09,0.0539,0.1504,0.0333,1,0,0,0,0,0
1778598042.614906,2026-05-12 18:00:42,0,0,0,0.0,0.0,0.0,0.0,0.0,0.0,0.0,0.0,0,10,1,1,0.0,0.1667,0.0878,0.0,28.0,0.0,0.1262,0.1667,1,14,2,2,0.0,0.0333,0.0627,0.0,7.09,0.0539,0.1504,0.0333,1,0,0,0,0,0
1778598072.614906,2026-05-12 18:01:12,1,1,1,0.0,0.0,0.0,0.0,3.73,0.0,0.0,0.0333,1,1,1,1,0.0,0.0,0.0,0.0,1.87,0.0,0.0,0.0167,1,14,2,2,0.0,0.0333,0.0627,0.0,7.09,0.0539,0.1529,0.0333,1,0,0,0,0,0
1778598102.614906,2026-05-12 18:01:42,0,0,0,0.0,0.0,0.0,0.0,0.0,0.0,0.0,0.0,0,1,1,1,0.0,0.0,0.0,0.0,1.87,0.0,0.0,0.0167,1,14,2,2,0.0,0.0333,0.0627,0.0,7.09,0.0539,0.1529,0.0333,1,0,0,0,0,0
1778598132.614906,2026-05-12 18:02:12,0,0,0,0.0,0.0,0.0,0.0,0.0,0.0,0.0,0.0,0,0,0,0,0.0,0.0,0.0,0.0,0.0,0.0,0.0,0.0,0,13,2,2,0.0,0.0333,0.0675,0.0,6.72,0.0487,0.1774,0.0333,1,0,0,0,0,0
1778598162.614906,2026-05-12 18:02:42,0,0,0,0.0,0.0,0.0,0.0,0.0,0.0,0.0,0.0,0,0,0,0,0.0,0.0,0.0,0.0,0.0,0.0,0.0,0.0,0,13,2,2,0.0,0.0333,0.0675,0.0,6.72,0.0487,0.1774,0.0333,1,0,0,0,0,0
1778598192.614906,2026-05-12 18:03:12,0,0,0,0.0,0.0,0.0,0.0,0.0,0.0,0.0,0.0,0,0,0,0,0.0,0.0,0.0,0.0,0.0,0.0,0.0,0.0,0,12,2,2,0.0,0.0333,0.0731,0.0,6.35,0.0406,0.2191,0.0333,1,0,0,0,0,0
1778598222.614906,2026-05-12 18:03:42,0,0,0,0.0,0.0,0.0,0.0,0.0,0.0,0.0,0.0,0,0,0,0,0.0,0.0,0.0,0.0,0.0,0.0,0.0,0.0,0,12,2,2,0.0,0.0333,0.0731,0.0,6.35,0.0406,0.2191,0.0333,1,0,0,0,0,0
1778598252.614906,2026-05-12 18:04:12,0,0,0,0.0,0.0,0.0,0.0,0.0,0.0,0.0,0.0,0,0,0,0,0.0,0.0,0.0,0.0,0.0,0.0,0.0,0.0,0,11,2,2,0.0,0.0333,0.0798,0.0,5.97,0.0275,0.293,0.0333,1,0,0,0,0,0
1778598282.614906,2026-05-12 18:04:42,0,0,0,0.0,0.0,0.0,0.0,0.0,0.0,0.0,0.0,0,0,0,0,0.0,0.0,0.0,0.0,0.0,0.0,0.0,0.0,0,11,2,2,0.0,0.0333,0.0798,0.0,5.97,0.0275,0.293,0.0333,1,0,0,0,0,0
1778598312.614906,2026-05-12 18:05:12,1,1,1,0.0,0.0,0.5334,1.0,1.33,0.0,0.0,0.0333,1,1,1,1,0.0,0.0,0.5334,1.0,0.67,0.0,0.0,0.0167,1,2,1,2,0.0,0.0,0.2667,0.5,0.51,0.0,0.0,0.0033,1,0,0,0,0,0
1778598342.614906,2026-05-12 18:05:42,1,1,1,0.0,0.0,0.0,0.0,3.73,0.0,0.0,0.0333,1,2,1,2,0.0,0.0,0.2667,0.5,2.53,0.0,0.0,0.0167,1,3,1,2,0.0,0.0,0.1778,0.3333,0.88,0.0,0.0763,0.0067,1,0,0,0,0,0
1778598372.614906,2026-05-12 18:06:12,0,0,0,0.0,0.0,0.0,0.0,0.0,0.0,0.0,0.0,0,1,1,1,0.0,0.0,0.0,0.0,1.87,0.0,0.0,0.0167,1,2,1,2,0.0,0.0,0.2667,0.5,0.51,0.0,0.0,0.0033,1,0,0,0,0,0
1778598402.614906,2026-05-12 18:06:42,1,1,1,0.0,0.0,0.0,0.0,3.73,0.0,0.0,0.0333,1,1,1,1,0.0,0.0,0.0,0.0,1.87,0.0,0.0,0.0167,1,3,1,2,0.0,0.0,0.1778,0.3333,0.88,0.0,0.0305,0.0067,1,0,0,0,0,0
1778598432.614906,2026-05-12 18:07:12,0,0,0,0.0,0.0,0.0,0.0,0.0,0.0,0.0,0.0,0,1,1,1,0.0,0.0,0.0,0.0,1.87,0.0,0.0,0.0167,1,3,1,2,0.0,0.0,0.1778,0.3333,0.88,0.0,0.0305,0.0067,1,0,0,0,0,0
1778598462.614906,2026-05-12 18:07:42,1,1,1,0.0,0.0,0.0,0.0,3.73,0.0,0.0,0.0333,1,1,1,1,0.0,0.0,0.0,0.0,1.87,0.0,0.0,0.0167,1,4,1,2,0.0,0.0,0.1334,0.25,1.25,0.0,0.0261,0.01,1,0,0,0,0,0
1778598492.614906,2026-05-12 18:08:12,0,0,0,0.0,0.0,0.0,0.0,0.0,0.0,0.0,0.0,0,1,1,1,0.0,0.0,0.0,0.0,1.87,0.0,0.0,0.0167,1,4,1,2,0.0,0.0,0.1334,0.25,1.25,0.0,0.0261,0.01,1,0,0,0,0,0
1778598522.614906,2026-05-12 18:08:42,1,1,1,0.0,0.0,0.0,0.0,3.73,0.0,0.0,0.0333,1,1,1,1,0.0,0.0,0.0,0.0,1.87,0.0,0.0,0.0167,1,5,1,2,0.0,0.0,0.1067,0.2,1.63,0.0,0.0229,0.0133,1,0,0,0,0,0
1778598552.614906,2026-05-12 18:09:12,0,0,0,0.0,0.0,0.0,0.0,0.0,0.0,0.0,0.0,0,1,1,1,0.0,0.0,0.0,0.0,1.87,0.0,0.0,0.0167,1,5,1,2,0.0,0.0,0.1067,0.2,1.63,0.0,0.0229,0.0133,1,0,0,0,0,0
1778598582.614906,2026-05-12 18:09:42,1,1,1,0.0,0.0,0.0,0.0,3.73,0.0,0.0,0.0333,1,1,1,1,0.0,0.0,0.0,0.0,1.87,0.0,0.0,0.0167,1,6,1,2,0.0,0.0,0.0889,0.1667,2.0,0.0,0.0206,0.0167,1,0,0,0,0,0
1778598612.614906,2026-05-12 18:10:12,0,0,0,0.0,0.0,0.0,0.0,0.0,0.0,0.0,0.0,0,1,1,1,0.0,0.0,0.0,0.0,1.87,0.0,0.0,0.0167,1,5,1,1,0.0,0.0,0.0,0.0,1.87,0.0,0.0001,0.0167,1,0,0,0,0,0
1778598642.614906,2026-05-12 18:10:42,1,1,1,0.0,0.0,0.0,0.0,3.73,0.0,0.0,0.0333,1,1,1,1,0.0,0.0,0.0,0.0,1.87,0.0,0.0,0.0167,1,5,1,1,0.0,0.0,0.0,0.0,1.87,0.0,0.0001,0.0167,1,0,0,0,0,0
1778598672.614906,2026-05-12 18:11:12,0,0,0,0.0,0.0,0.0,0.0,0.0,0.0,0.0,0.0,0,1,1,1,0.0,0.0,0.0,0.0,1.87,0.0,0.0,0.0167,1,5,1,1,0.0,0.0,0.0,0.0,1.87,0.0,0.0001,0.0167,1,0,0,0,0,0
1778598702.614906,2026-05-12 18:11:42,1,1,1,0.0,0.0,0.0,0.0,3.73,0.0,0.0,0.0333,1,1,1,1,0.0,0.0,0.0,0.0,1.87,0.0,0.0,0.0167,1,5,1,1,0.0,0.0,0.0,0.0,1.87,0.0,0.0001,0.0167,1,0,0,0,0,0
1778598732.614906,2026-05-12 18:12:12,0,0,0,0.0,0.0,0.0,0.0,0.0,0.0,0.0,0.0,0,1,1,1,0.0,0.0,0.0,0.0,1.87,0.0,0.0,0.0167,1,5,1,1,0.0,0.0,0.0,0.0,1.87,0.0,0.0001,0.0167,1,0,0,0,0,0
1778598762.614906,2026-05-12 18:12:42,1,1,1,0.0,0.0,0.0,0.0,3.73,0.0,0.0,0.0333,1,1,1,1,0.0,0.0,0.0,0.0,1.87,0.0,0.0,0.0167,1,5,1,1,0.0,0.0,0.0,0.0,1.87,0.0,0.0001,0.0167,1,0,0,0,0,0
1778598792.614906,2026-05-12 18:13:12,0,0,0,0.0,0.0,0.0,0.0,0.0,0.0,0.0,0.0,0,1,1,1,0.0,0.0,0.0,0.0,1.87,0.0,0.0,0.0167,1,5,1,1,0.0,0.0,0.0,0.0,1.87,0.0,0.0001,0.0167,1,0,0,0,0,0
1778598822.614906,2026-05-12 18:13:42,1,1,1,0.0,0.0,0.0,0.0,3.73,0.0,0.0,0.0333,1,1,1,1,0.0,0.0,0.0,0.0,1.87,0.0,0.0,0.0167,1,5,1,1,0.0,0.0,0.0,0.0,1.87,0.0,0.0,0.0167,1,0,0,0,0,0
1778598852.614906,2026-05-12 18:14:12,0,0,0,0.0,0.0,0.0,0.0,0.0,0.0,0.0,0.0,0,1,1,1,0.0,0.0,0.0,0.0,1.87,0.0,0.0,0.0167,1,5,1,1,0.0,0.0,0.0,0.0,1.87,0.0,0.0,0.0167,1,0,0,0,0,0
1778598882.614906,2026-05-12 18:14:42,1,1,1,0.0,0.0,0.0,0.0,3.73,0.0,0.0,0.0333,1,1,1,1,0.0,0.0,0.0,0.0,1.87,0.0,0.0,0.0167,1,5,1,1,0.0,0.0,0.0,0.0,1.87,0.0,0.0,0.0167,1,0,0,0,0,0
1778598912.614906,2026-05-12 18:15:12,0,0,0,0.0,0.0,0.0,0.0,0.0,0.0,0.0,0.0,0,1,1,1,0.0,0.0,0.0,0.0,1.87,0.0,0.0,0.0167,1,5,1,1,0.0,0.0,0.0,0.0,1.87,0.0,0.0,0.0167,1,0,0,0,0,0
1778598942.614906,2026-05-12 18:15:42,1,1,1,0.0,0.0,0.0,0.0,3.73,0.0,0.0,0.0333,1,1,1,1,0.0,0.0,0.0,0.0,1.87,0.0,0.0,0.0167,1,5,1,1,0.0,0.0,0.0,0.0,1.87,0.0,0.0,0.0167,1,0,0,0,0,0
1778598972.614906,2026-05-12 18:16:12,0,0,0,0.0,0.0,0.0,0.0,0.0,0.0,0.0,0.0,0,1,1,1,0.0,0.0,0.0,0.0,1.87,0.0,0.0,0.0167,1,5,1,1,0.0,0.0,0.0,0.0,1.87,0.0,0.0,0.0167,1,0,0,0,0,0
1778599002.614906,2026-05-12 18:16:42,1,1,1,0.0,0.0,0.0,0.0,3.73,0.0,0.0,0.0333,1,1,1,1,0.0,0.0,0.0,0.0,1.87,0.0,0.0,0.0167,1,5,1,1,0.0,0.0,0.0,0.0,1.87,0.0,0.0,0.0167,1,0,0,0,0,0
1778599032.614906,2026-05-12 18:17:12,0,0,0,0.0,0.0,0.0,0.0,0.0,0.0,0.0,0.0,0,1,1,1,0.0,0.0,0.0,0.0,1.87,0.0,0.0,0.0167,1,5,1,1,0.0,0.0,0.0,0.0,1.87,0.0,0.0,0.0167,1,0,0,0,0,0
1778599062.614906,2026-05-12 18:17:42,1,1,1,0.0,0.0,0.0,0.0,3.73,0.0,0.0,0.0333,1,1,1,1,0.0,0.0,0.0,0.0,1.87,0.0,0.0,0.0167,1,5,1,1,0.0,0.0,0.0,0.0,1.87,0.0,0.0,0.0167,1,0,0,0,0,0
1778599092.614906,2026-05-12 18:18:12,0,0,0,0.0,0.0,0.0,0.0,0.0,0.0,0.0,0.0,0,1,1,1,0.0,0.0,0.0,0.0,1.87,0.0,0.0,0.0167,1,5,1,1,0.0,0.0,0.0,0.0,1.87,0.0,0.0,0.0167,1,0,0,0,0,0
1778599122.614906,2026-05-12 18:18:42,1,1,1,0.0,0.0,0.0,0.0,3.73,0.0,0.0,0.0333,1,1,1,1,0.0,0.0,0.0,0.0,1.87,0.0,0.0,0.0167,1,5,1,1,0.0,0.0,0.0,0.0,1.87,0.0,0.0,0.0167,1,0,0,0,0,0
1778599152.614906,2026-05-12 18:19:12,0,0,0,0.0,0.0,0.0,0.0,0.0,0.0,0.0,0.0,0,1,1,1,0.0,0.0,0.0,0.0,1.87,0.0,0.0,0.0167,1,5,1,1,0.0,0.0,0.0,0.0,1.87,0.0,0.0,0.0167,1,0,0,0,0,0
1778599182.614906,2026-05-12 18:19:42,1,1,1,0.0,0.0,0.0001,0.0,3.73,0.0,0.0,0.0333,1,1,1,1,0.0,0.0,0.0001,0.0,1.87,0.0,0.0,0.0167,1,5,1,1,0.0,0.0,0.0,0.0,1.87,0.0,0.0,0.0167,1,0,0,0,0,0
1778599212.614906,2026-05-12 18:20:12,0,0,0,0.0,0.0,0.0,0.0,0.0,0.0,0.0,0.0,0,1,1,1,0.0,0.0,0.0001,0.0,1.87,0.0,0.0,0.0167,1,5,1,1,0.0,0.0,0.0,0.0,1.87,0.0,0.0,0.0167,1,0,0,0,0,0
1778599242.614906,2026-05-12 18:20:42,1,1,1,0.0,0.0,0.0001,0.0,3.73,0.0,0.0,0.0333,1,1,1,1,0.0,0.0,0.0001,0.0,1.87,0.0,0.0,0.0167,1,5,1,1,0.0,0.0,0.0,0.0,1.87,0.0,0.0,0.0167,1,0,0,0,0,0
1778599272.614906,2026-05-12 18:21:12,0,0,0,0.0,0.0,0.0,0.0,0.0,0.0,0.0,0.0,0,1,1,1,0.0,0.0,0.0001,0.0,1.87,0.0,0.0,0.0167,1,5,1,1,0.0,0.0,0.0,0.0,1.87,0.0,0.0,0.0167,1,0,0,0,0,0
1778599302.614906,2026-05-12 18:21:42,1,1,1,0.0,0.0,0.0,0.0,3.73,0.0,0.0,0.0333,1,1,1,1,0.0,0.0,0.0,0.0,1.87,0.0,0.0,0.0167,1,5,1,1,0.0,0.0,0.0,0.0,1.87,0.0,0.0,0.0167,1,0,0,0,0,0
1778599332.614906,2026-05-12 18:22:12,0,0,0,0.0,0.0,0.0,0.0,0.0,0.0,0.0,0.0,0,1,1,1,0.0,0.0,0.0,0.0,1.87,0.0,0.0,0.0167,1,5,1,1,0.0,0.0,0.0,0.0,1.87,0.0,0.0,0.0167,1,0,0,0,0,0
1778599362.614906,2026-05-12 18:22:42,0,0,0,0.0,0.0,0.0,0.0,0.0,0.0,0.0,0.0,0,0,0,0,0.0,0.0,0.0,0.0,0.0,0.0,0.0,0.0,0,4,1,1,0.0,0.0,0.0001,0.0,1.49,0.0,0.0,0.0133,1,0,0,0,0,0
1778599392.614906,2026-05-12 18:23:12,0,0,0,0.0,0.0,0.0,0.0,0.0,0.0,0.0,0.0,0,0,0,0,0.0,0.0,0.0,0.0,0.0,0.0,0.0,0.0,0,4,1,1,0.0,0.0,0.0001,0.0,1.49,0.0,0.0,0.0133,1,0,0,0,0,0
1778599422.614906,2026-05-12 18:23:42,0,0,0,0.0,0.0,0.0,0.0,0.0,0.0,0.0,0.0,0,0,0,0,0.0,0.0,0.0,0.0,0.0,0.0,0.0,0.0,0,3,1,1,0.0,0.0,0.0001,0.0,1.12,0.0,0.0,0.01,1,0,0,0,0,0
1778599452.614906,2026-05-12 18:24:12,0,0,0,0.0,0.0,0.0,0.0,0.0,0.0,0.0,0.0,0,0,0,0,0.0,0.0,0.0,0.0,0.0,0.0,0.0,0.0,0,3,1,1,0.0,0.0,0.0001,0.0,1.12,0.0,0.0,0.01,1,0,0,0,0,0
1778599482.614906,2026-05-12 18:24:42,0,0,0,0.0,0.0,0.0,0.0,0.0,0.0,0.0,0.0,0,0,0,0,0.0,0.0,0.0,0.0,0.0,0.0,0.0,0.0,0,2,1,1,0.0,0.0,0.0001,0.0,0.75,0.0,0.0,0.0067,1,0,0,0,0,0
1778599512.614906,2026-05-12 18:25:12,1,1,1,0.0,0.0,0.0,1.0,0.0,0.0,0.0,0.0333,1,1,1,1,0.0,0.0,0.0,1.0,0.0,0.0,0.0,0.0167,1,3,1,2,0.0,0.0,0.0,0.3333,0.75,0.0,0.0542,0.0067,1,0,0,0,0,0
1778599542.614906,2026-05-12 18:25:42,1,1,1,0.0,0.0,0.0,0.0,3.73,0.0,0.0,0.0333,1,2,1,2,0.0,0.0,0.0,0.5,1.87,0.0,0.0,0.0167,1,3,1,2,0.0,0.0,0.0,0.3333,0.75,0.0,0.0681,0.0067,1,0,0,0,0,0
1778599572.614906,2026-05-12 18:26:12,0,0,0,0.0,0.0,0.0,0.0,0.0,0.0,0.0,0.0,0,1,1,1,0.0,0.0,0.0,0.0,1.87,0.0,0.0,0.0167,1,3,1,2,0.0,0.0,0.0,0.3333,0.75,0.0,0.0681,0.0067,1,0,0,0,0,0
1778599602.614906,2026-05-12 18:26:42,1,1,1,0.0,0.0,0.0,0.0,3.73,0.0,0.0,0.0333,1,1,1,1,0.0,0.0,0.0,0.0,1.87,0.0,0.0,0.0167,1,3,1,2,0.0,0.0,0.0,0.3333,0.75,0.0,0.0221,0.0067,1,0,0,0,0,0
1778599632.614906,2026-05-12 18:27:12,0,0,0,0.0,0.0,0.0,0.0,0.0,0.0,0.0,0.0,0,1,1,1,0.0,0.0,0.0,0.0,1.87,0.0,0.0,0.0167,1,3,1,2,0.0,0.0,0.0,0.3333,0.75,0.0,0.0221,0.0067,1,0,0,0,0,0
1778599662.614906,2026-05-12 18:27:42,1,1,1,0.0,0.0,0.0,0.0,3.73,0.0,0.0,0.0333,1,1,1,1,0.0,0.0,0.0,0.0,1.87,0.0,0.0,0.0167,1,4,1,2,0.0,0.0,0.0,0.25,1.12,0.0,0.0194,0.01,1,0,0,0,0,0
1778599692.614906,2026-05-12 18:28:12,0,0,0,0.0,0.0,0.0,0.0,0.0,0.0,0.0,0.0,0,1,1,1,0.0,0.0,0.0,0.0,1.87,0.0,0.0,0.0167,1,4,1,2,0.0,0.0,0.0,0.25,1.12,0.0,0.0194,0.01,1,0,0,0,0,0
1778599722.614906,2026-05-12 18:28:42,1,1,1,0.0,0.0,0.0,0.0,3.73,0.0,0.0,0.0333,1,1,1,1,0.0,0.0,0.0,0.0,1.87,0.0,0.0,0.0167,1,5,1,2,0.0,0.0,0.0,0.2,1.49,0.0,0.0172,0.0133,1,0,0,0,0,0
1778599752.614906,2026-05-12 18:29:12,0,0,0,0.0,0.0,0.0,0.0,0.0,0.0,0.0,0.0,0,1,1,1,0.0,0.0,0.0,0.0,1.87,0.0,0.0,0.0167,1,5,1,2,0.0,0.0,0.0,0.2,1.49,0.0,0.0172,0.0133,1,0,0,0,0,0
1778599782.614906,2026-05-12 18:29:42,1,1,1,0.0,0.0,0.0,0.0,3.73,0.0,0.0,0.0333,1,1,1,1,0.0,0.0,0.0,0.0,1.87,0.0,0.0,0.0167,1,6,1,2,0.0,0.0,0.0,0.1667,1.87,0.0,0.0156,0.0167,1,0,0,0,0,0
1778599812.614906,2026-05-12 18:30:12,0,0,0,0.0,0.0,0.0,0.0,0.0,0.0,0.0,0.0,0,1,1,1,0.0,0.0,0.0,0.0,1.87,0.0,0.0,0.0167,1,5,1,1,0.0,0.0,0.0,0.0,1.87,0.0,0.0001,0.0167,1,0,0,0,0,0
1778599842.614906,2026-05-12 18:30:42,1,1,1,0.0,0.0,0.0,0.0,3.73,0.0,0.0,0.0333,1,1,1,1,0.0,0.0,0.0,0.0,1.87,0.0,0.0,0.0167,1,5,1,1,0.0,0.0,0.0,0.0,1.87,0.0,0.0001,0.0167,1,0,0,0,0,0
1778599872.614906,2026-05-12 18:31:12,0,0,0,0.0,0.0,0.0,0.0,0.0,0.0,0.0,0.0,0,1,1,1,0.0,0.0,0.0,0.0,1.87,0.0,0.0,0.0167,1,5,1,1,0.0,0.0,0.0,0.0,1.87,0.0,0.0001,0.0167,1,0,0,0,0,0
1778599902.614906,2026-05-12 18:31:42,1,1,1,0.0,0.0,0.0,0.0,3.73,0.0,0.0,0.0333,1,1,1,1,0.0,0.0,0.0,0.0,1.87,0.0,0.0,0.0167,1,5,1,1,0.0,0.0,0.0,0.0,1.87,0.0,0.0001,0.0167,1,0,0,0,0,0
1778599932.614906,2026-05-12 18:32:12,0,0,0,0.0,0.0,0.0,0.0,0.0,0.0,0.0,0.0,0,1,1,1,0.0,0.0,0.0,0.0,1.87,0.0,0.0,0.0167,1,5,1,1,0.0,0.0,0.0,0.0,1.87,0.0,0.0001,0.0167,1,0,0,0,0,0
1778599962.614906,2026-05-12 18:32:42,1,1,1,0.0,0.0,0.0001,0.0,3.73,0.0,0.0,0.0333,1,1,1,1,0.0,0.0,0.0001,0.0,1.87,0.0,0.0,0.0167,1,5,1,1,0.0,0.0,0.0,0.0,1.87,0.0,0.0001,0.0167,1,0,0,0,0,0
1778599992.614906,2026-05-12 18:33:12,0,0,0,0.0,0.0,0.0,0.0,0.0,0.0,0.0,0.0,0,1,1,1,0.0,0.0,0.0001,0.0,1.87,0.0,0.0,0.0167,1,5,1,1,0.0,0.0,0.0,0.0,1.87,0.0,0.0001,0.0167,1,0,0,0,0,0
1778600022.614906,2026-05-12 18:33:42,1,1,1,0.0,0.0,0.0001,0.0,3.73,0.0,0.0,0.0333,1,1,1,1,0.0,0.0,0.0001,0.0,1.87,0.0,0.0,0.0167,1,5,1,1,0.0,0.0,0.0,0.0,1.87,0.0,0.0002,0.0167,1,0,0,0,0,0
1778600052.614906,2026-05-12 18:34:12,0,0,0,0.0,0.0,0.0,0.0,0.0,0.0,0.0,0.0,0,1,1,1,0.0,0.0,0.0001,0.0,1.87,0.0,0.0,0.0167,1,5,1,1,0.0,0.0,0.0,0.0,1.87,0.0,0.0002,0.0167,1,0,0,0,0,0
1778600082.614906,2026-05-12 18:34:42,1,1,1,0.0,0.0,0.0002,0.0,3.73,0.0,0.0,0.0333,1,1,1,1,0.0,0.0,0.0002,0.0,1.87,0.0,0.0,0.0167,1,5,1,1,0.0,0.0,0.0001,0.0,1.87,0.0,0.0001,0.0167,1,0,0,0,0,0
1778600112.614906,2026-05-12 18:35:12,0,0,0,0.0,0.0,0.0,0.0,0.0,0.0,0.0,0.0,0,1,1,1,0.0,0.0,0.0002,0.0,1.87,0.0,0.0,0.0167,1,5,1,1,0.0,0.0,0.0001,0.0,1.87,0.0,0.0001,0.0167,1,0,0,0,0,0
1778600142.614906,2026-05-12 18:35:42,1,1,1,0.0,0.0,0.0001,0.0,3.73,0.0,0.0,0.0333,1,1,1,1,0.0,0.0,0.0001,0.0,1.87,0.0,0.0,0.0167,1,5,1,1,0.0,0.0,0.0001,0.0,1.87,0.0,0.0001,0.0167,1,0,0,0,0,0
1778600172.614906,2026-05-12 18:36:12,1,1,1,0.0,0.0,0.0714,1.0,1.6,0.0,0.0,0.0333,1,2,2,2,0.0,0.0,0.0357,0.5,2.67,0.0625,0.0,0.0167,1,6,2,2,0.0,0.0,0.012,0.1667,2.03,0.0406,0.0298,0.0167,1,0,0,0,0,0
1778600202.614906,2026-05-12 18:36:42,1,1,1,0.0,0.0,0.0,0.0,3.73,0.0,0.0,0.0333,1,2,2,2,0.0,0.0,0.0357,0.5,2.67,0.0625,0.0,0.0167,1,6,2,2,0.0,0.0,0.012,0.1667,2.03,0.0406,0.0328,0.0167,1,0,0,0,0,0
1778600232.614906,2026-05-12 18:37:12,0,0,0,0.0,0.0,0.0,0.0,0.0,0.0,0.0,0.0,0,1,1,1,0.0,0.0,0.0,0.0,1.87,0.0,0.0,0.0167,1,6,2,2,0.0,0.0,0.012,0.1667,2.03,0.0406,0.0328,0.0167,1,0,0,0,0,0
1778600262.614906,2026-05-12 18:37:42,1,1,1,0.0,0.0,0.0,0.0,3.73,0.0,0.0,0.0333,1,1,1,1,0.0,0.0,0.0,0.0,1.87,0.0,0.0,0.0167,1,6,2,2,0.0,0.0,0.012,0.1667,2.03,0.0406,0.0328,0.0167,1,0,0,0,0,0
1778600292.614906,2026-05-12 18:38:12,0,0,0,0.0,0.0,0.0,0.0,0.0,0.0,0.0,0.0,0,1,1,1,0.0,0.0,0.0,0.0,1.87,0.0,0.0,0.0167,1,6,2,2,0.0,0.0,0.012,0.1667,2.03,0.0406,0.0328,0.0167,1,0,0,0,0,0
1778600322.614906,2026-05-12 18:38:42,1,1,1,0.0,0.0,0.0001,0.0,3.73,0.0,0.0,0.0333,1,1,1,1,0.0,0.0,0.0001,0.0,1.87,0.0,0.0,0.0167,1,6,2,2,0.0,0.0,0.012,0.1667,2.03,0.0406,0.0328,0.0167,1,0,0,0,0,0
1778600352.614906,2026-05-12 18:39:12,0,0,0,0.0,0.0,0.0,0.0,0.0,0.0,0.0,0.0,0,1,1,1,0.0,0.0,0.0001,0.0,1.87,0.0,0.0,0.0167,1,6,2,2,0.0,0.0,0.012,0.1667,2.03,0.0406,0.0328,0.0167,1,0,0,0,0,0
1778600382.614906,2026-05-12 18:39:42,1,1,1,0.0,0.0,0.0,0.0,3.73,0.0,0.0,0.0333,1,1,1,1,0.0,0.0,0.0,0.0,1.87,0.0,0.0,0.0167,1,6,2,2,0.0,0.0,0.0119,0.1667,2.03,0.0406,0.0328,0.0167,1,0,0,0,0,0
1778600412.614906,2026-05-12 18:40:12,0,0,0,0.0,0.0,0.0,0.0,0.0,0.0,0.0,0.0,0,1,1,1,0.0,0.0,0.0,0.0,1.87,0.0,0.0,0.0167,1,6,2,2,0.0,0.0,0.0119,0.1667,2.03,0.0406,0.0328,0.0167,1,0,0,0,0,0
1778600442.614906,2026-05-12 18:40:42,1,1,1,0.0,0.0,0.0001,0.0,3.73,0.0,0.0,0.0333,1,1,1,1,0.0,0.0,0.0001,0.0,1.87,0.0,0.0,0.0167,1,6,2,2,0.0,0.0,0.0119,0.1667,2.03,0.0406,0.0152,0.0167,1,0,0,0,0,0
1778600472.614906,2026-05-12 18:41:12,0,0,0,0.0,0.0,0.0,0.0,0.0,0.0,0.0,0.0,0,1,1,1,0.0,0.0,0.0001,0.0,1.87,0.0,0.0,0.0167,1,5,1,1,0.0,0.0,0.0001,0.0,1.87,0.0,0.0,0.0167,1,0,0,0,0,0
1778600502.614906,2026-05-12 18:41:42,0,0,0,0.0,0.0,0.0,0.0,0.0,0.0,0.0,0.0,0,0,0,0,0.0,0.0,0.0,0.0,0.0,0.0,0.0,0.0,0,4,1,1,0.0,0.0,0.0001,0.0,1.49,0.0,0.0,0.0133,1,0,0,0,0,0
1778600532.614906,2026-05-12 18:42:12,0,0,0,0.0,0.0,0.0,0.0,0.0,0.0,0.0,0.0,0,0,0,0,0.0,0.0,0.0,0.0,0.0,0.0,0.0,0.0,0,4,1,1,0.0,0.0,0.0001,0.0,1.49,0.0,0.0,0.0133,1,0,0,0,0,0
1778600562.614906,2026-05-12 18:42:42,0,0,0,0.0,0.0,0.0,0.0,0.0,0.0,0.0,0.0,0,0,0,0,0.0,0.0,0.0,0.0,0.0,0.0,0.0,0.0,0,3,1,1,0.0,0.0,0.0001,0.0,1.12,0.0,0.0,0.01,1,0,0,0,0,0
1778600592.614906,2026-05-12 18:43:12,0,0,0,0.0,0.0,0.0,0.0,0.0,0.0,0.0,0.0,0,0,0,0,0.0,0.0,0.0,0.0,0.0,0.0,0.0,0.0,0,3,1,1,0.0,0.0,0.0001,0.0,1.12,0.0,0.0,0.01,1,0,0,0,0,0
1778600622.614906,2026-05-12 18:43:42,0,0,0,0.0,0.0,0.0,0.0,0.0,0.0,0.0,0.0,0,0,0,0,0.0,0.0,0.0,0.0,0.0,0.0,0.0,0.0,0,2,1,1,0.0,0.0,0.0001,0.0,0.75,0.0,0.0,0.0067,1,0,0,0,0,0
1778600652.614906,2026-05-12 18:44:12,0,0,0,0.0,0.0,0.0,0.0,0.0,0.0,0.0,0.0,0,0,0,0,0.0,0.0,0.0,0.0,0.0,0.0,0.0,0.0,0,2,1,1,0.0,0.0,0.0001,0.0,0.75,0.0,0.0,0.0067,1,0,0,0,0,0
1778600682.614906,2026-05-12 18:44:42,0,0,0,0.0,0.0,0.0,0.0,0.0,0.0,0.0,0.0,0,0,0,0,0.0,0.0,0.0,0.0,0.0,0.0,0.0,0.0,0,1,1,1,0.0,0.0,0.0001,0.0,0.37,0.0,0.0,0.0033,1,0,0,0,0,0
1778600712.614906,2026-05-12 18:45:12,0,0,0,0.0,0.0,0.0,0.0,0.0,0.0,0.0,0.0,0,0,0,0,0.0,0.0,0.0,0.0,0.0,0.0,0.0,0.0,0,1,1,1,0.0,0.0,0.0001,0.0,0.37,0.0,0.0,0.0033,1,0,0,0,0,0
1778600742.614906,2026-05-12 18:45:42,1,1,1,0.0,0.0,0.0,0.0,3.73,0.0,0.0,0.0333,1,1,1,1,0.0,0.0,0.0,0.0,1.87,0.0,0.0,0.0167,1,1,1,1,0.0,0.0,0.0,0.0,0.37,0.0,0.0,0.0033,1,0,0,0,0,0
1778600772.614906,2026-05-12 18:46:12,0,0,0,0.0,0.0,0.0,0.0,0.0,0.0,0.0,0.0,0,1,1,1,0.0,0.0,0.0,0.0,1.87,0.0,0.0,0.0167,1,1,1,1,0.0,0.0,0.0,0.0,0.37,0.0,0.0,0.0033,1,0,0,0,0,0
1778600802.614906,2026-05-12 18:46:42,1,1,1,0.0,0.0,0.0001,0.0,3.73,0.0,0.0,0.0333,1,1,1,1,0.0,0.0,0.0001,0.0,1.87,0.0,0.0,0.0167,1,2,1,1,0.0,0.0,0.0001,0.0,0.75,0.0,0.0,0.0067,1,0,0,0,0,0
1778600832.614906,2026-05-12 18:47:12,0,0,0,0.0,0.0,0.0,0.0,0.0,0.0,0.0,0.0,0,1,1,1,0.0,0.0,0.0001,0.0,1.87,0.0,0.0,0.0167,1,2,1,1,0.0,0.0,0.0001,0.0,0.75,0.0,0.0,0.0067,1,0,0,0,0,0
1778600862.614906,2026-05-12 18:47:42,1,1,1,0.0,0.0,0.0,0.0,3.73,0.0,0.0,0.0333,1,1,1,1,0.0,0.0,0.0,0.0,1.87,0.0,0.0,0.0167,1,3,1,1,0.0,0.0,0.0001,0.0,1.12,0.0,0.0,0.01,1,0,0,0,0,0
1778600892.614906,2026-05-12 18:48:12,0,0,0,0.0,0.0,0.0,0.0,0.0,0.0,0.0,0.0,0,1,1,1,0.0,0.0,0.0,0.0,1.87,0.0,0.0,0.0167,1,3,1,1,0.0,0.0,0.0001,0.0,1.12,0.0,0.0,0.01,1,0,0,0,0,0
1778600922.614906,2026-05-12 18:48:42,0,0,0,0.0,0.0,0.0,0.0,0.0,0.0,0.0,0.0,0,0,0,0,0.0,0.0,0.0,0.0,0.0,0.0,0.0,0.0,0,3,1,1,0.0,0.0,0.0001,0.0,1.12,0.0,0.0,0.01,1,0,0,0,0,0
1778600952.614906,2026-05-12 18:49:12,0,0,0,0.0,0.0,0.0,0.0,0.0,0.0,0.0,0.0,0,0,0,0,0.0,0.0,0.0,0.0,0.0,0.0,0.0,0.0,0,3,1,1,0.0,0.0,0.0001,0.0,1.12,0.0,0.0,0.01,1,0,0,0,0,0
1778600982.614906,2026-05-12 18:49:42,0,0,0,0.0,0.0,0.0,0.0,0.0,0.0,0.0,0.0,0,0,0,0,0.0,0.0,0.0,0.0,0.0,0.0,0.0,0.0,0,3,1,1,0.0,0.0,0.0001,0.0,1.12,0.0,0.0,0.01,1,0,0,0,0,0
1778601012.614906,2026-05-12 18:50:12,0,0,0,0.0,0.0,0.0,0.0,0.0,0.0,0.0,0.0,0,0,0,0,0.0,0.0,0.0,0.0,0.0,0.0,0.0,0.0,0,3,1,1,0.0,0.0,0.0001,0.0,1.12,0.0,0.0,0.01,1,0,0,0,0,0
1778601042.614906,2026-05-12 18:50:42,0,0,0,0.0,0.0,0.0,0.0,0.0,0.0,0.0,0.0,0,0,0,0,0.0,0.0,0.0,0.0,0.0,0.0,0.0,0.0,0,2,1,1,0.0,0.0,0.0001,0.0,0.75,0.0,0.0,0.0067,1,0,0,0,0,0
1778601072.614906,2026-05-12 18:51:12,0,0,0,0.0,0.0,0.0,0.0,0.0,0.0,0.0,0.0,0,0,0,0,0.0,0.0,0.0,0.0,0.0,0.0,0.0,0.0,0,2,1,1,0.0,0.0,0.0001,0.0,0.75,0.0,0.0,0.0067,1,0,0,0,0,0
1778601102.614906,2026-05-12 18:51:42,0,0,0,0.0,0.0,0.0,0.0,0.0,0.0,0.0,0.0,0,0,0,0,0.0,0.0,0.0,0.0,0.0,0.0,0.0,0.0,0,1,1,1,0.0,0.0,0.0,0.0,0.37,0.0,0.0,0.0033,1,0,0,0,0,0
1778601132.614906,2026-05-12 18:52:12,2,1,2,0.0,0.0,0.292,1.0,0.0,0.0,0.0,0.0667,1,2,1,2,0.0,0.0,0.292,1.0,0.0,0.0,0.0,0.0333,1,3,1,3,0.0,0.0,0.1947,0.6667,0.37,0.0,0.0856,0.0067,1,0,0,0,0,0
1778601162.614906,2026-05-12 18:52:42,0,0,0,0.0,0.0,0.0,0.0,0.0,0.0,0.0,0.0,0,2,1,2,0.0,0.0,0.292,1.0,0.0,0.0,0.0,0.0333,1,2,1,2,0.0,0.0,0.292,1.0,0.0,0.0,0.0,0.0067,1,0,0,0,0,0
1778601192.614906,2026-05-12 18:53:12,0,0,0,0.0,0.0,0.0,0.0,0.0,0.0,0.0,0.0,0,0,0,0,0.0,0.0,0.0,0.0,0.0,0.0,0.0,0.0,0,2,1,2,0.0,0.0,0.292,1.0,0.0,0.0,0.0,0.0067,1,0,0,0,0,0
1778601222.614906,2026-05-12 18:53:42,0,0,0,0.0,0.0,0.0,0.0,0.0,0.0,0.0,0.0,0,0,0,0,0.0,0.0,0.0,0.0,0.0,0.0,0.0,0.0,0,2,1,2,0.0,0.0,0.292,1.0,0.0,0.0,0.0,0.0067,1,0,0,0,0,0
1778601252.614906,2026-05-12 18:54:12,0,0,0,0.0,0.0,0.0,0.0,0.0,0.0,0.0,0.0,0,0,0,0,0.0,0.0,0.0,0.0,0.0,0.0,0.0,0.0,0,2,1,2,0.0,0.0,0.292,1.0,0.0,0.0,0.0,0.0067,1,0,0,0,0,0
1778601282.614906,2026-05-12 18:54:42,0,0,0,0.0,0.0,0.0,0.0,0.0,0.0,0.0,0.0,0,0,0,0,0.0,0.0,0.0,0.0,0.0,0.0,0.0,0.0,0,2,1,2,0.0,0.0,0.292,1.0,0.0,0.0,0.0,0.0067,1,0,0,0,0,0
1778601312.614906,2026-05-12 18:55:12,0,0,0,0.0,0.0,0.0,0.0,0.0,0.0,0.0,0.0,0,0,0,0,0.0,0.0,0.0,0.0,0.0,0.0,0.0,0.0,0,2,1,2,0.0,0.0,0.292,1.0,0.0,0.0,0.0,0.0067,1,0,0,0,0,0
1778601342.614906,2026-05-12 18:55:42,0,0,0,0.0,0.0,0.0,0.0,0.0,0.0,0.0,0.0,0,0,0,0,0.0,0.0,0.0,0.0,0.0,0.0,0.0,0.0,0,2,1,2,0.0,0.0,0.292,1.0,0.0,0.0,0.0,0.0067,1,0,0,0,0,0
1778601372.614906,2026-05-12 18:56:12,0,0,0,0.0,0.0,0.0,0.0,0.0,0.0,0.0,0.0,0,0,0,0,0.0,0.0,0.0,0.0,0.0,0.0,0.0,0.0,0,2,1,2,0.0,0.0,0.292,1.0,0.0,0.0,0.0,0.0067,1,0,0,0,0,0
1778601402.614906,2026-05-12 18:56:42,0,0,0,0.0,0.0,0.0,0.0,0.0,0.0,0.0,0.0,0,0,0,0,0.0,0.0,0.0,0.0,0.0,0.0,0.0,0.0,0,2,1,2,0.0,0.0,0.292,1.0,0.0,0.0,0.0,0.0067,1,0,0,0,0,0
1778601432.614906,2026-05-12 18:57:12,0,0,0,0.0,0.0,0.0,0.0,0.0,0.0,0.0,0.0,0,0,0,0,0.0,0.0,0.0,0.0,0.0,0.0,0.0,0.0,0,0,0,0,0.0,0.0,0.0,0.0,0.0,0.0,0.0,0.0,0,0,0,0,0,0
1778601462.614906,2026-05-12 18:57:42,0,0,0,0.0,0.0,0.0,0.0,0.0,0.0,0.0,0.0,0,0,0,0,0.0,0.0,0.0,0.0,0.0,0.0,0.0,0.0,0,0,0,0,0.0,0.0,0.0,0.0,0.0,0.0,0.0,0.0,0,0,0,0,0,0
1778601492.614906,2026-05-12 18:58:12,0,0,0,0.0,0.0,0.0,0.0,0.0,0.0,0.0,0.0,0,0,0,0,0.0,0.0,0.0,0.0,0.0,0.0,0.0,0.0,0,0,0,0,0.0,0.0,0.0,0.0,0.0,0.0,0.0,0.0,0,0,0,0,0,0
1778601522.614906,2026-05-12 18:58:42,0,0,0,0.0,0.0,0.0,0.0,0.0,0.0,0.0,0.0,0,0,0,0,0.0,0.0,0.0,0.0,0.0,0.0,0.0,0.0,0,0,0,0,0.0,0.0,0.0,0.0,0.0,0.0,0.0,0.0,0,0,0,0,0,0
1778601552.614906,2026-05-12 18:59:12,0,0,0,0.0,0.0,0.0,0.0,0.0,0.0,0.0,0.0,0,0,0,0,0.0,0.0,0.0,0.0,0.0,0.0,0.0,0.0,0,0,0,0,0.0,0.0,0.0,0.0,0.0,0.0,0.0,0.0,0,0,0,0,0,0
1778601582.614906,2026-05-12 18:59:42,0,0,0,0.0,0.0,0.0,0.0,0.0,0.0,0.0,0.0,0,0,0,0,0.0,0.0,0.0,0.0,0.0,0.0,0.0,0.0,0,0,0,0,0.0,0.0,0.0,0.0,0.0,0.0,0.0,0.0,0,0,0,0,0,0
1778601612.614906,2026-05-12 19:00:12,9,1,1,0.0,0.3,0.0523,0.0,46.33,0.0,0.1408,0.3,1,9,1,1,0.0,0.15,0.0523,0.0,23.17,0.0,0.1408,0.15,1,9,1,1,0.0,0.03,0.0523,0.0,4.63,0.0,0.1408,0.03,1,0,0,0,0,0
1778601642.614906,2026-05-12 19:00:42,0,0,0,0.0,0.0,0.0,0.0,0.0,0.0,0.0,0.0,0,9,1,1,0.0,0.15,0.0523,0.0,23.17,0.0,0.1408,0.15,1,9,1,1,0.0,0.03,0.0523,0.0,4.63,0.0,0.1408,0.03,1,0,0,0,0,0
1778601672.614906,2026-05-12 19:01:12,0,0,0,0.0,0.0,0.0,0.0,0.0,0.0,0.0,0.0,0,0,0,0,0.0,0.0,0.0,0.0,0.0,0.0,0.0,0.0,0,9,1,1,0.0,0.03,0.0523,0.0,4.63,0.0,0.1408,0.03,1,0,0,0,0,0
1778601702.614906,2026-05-12 19:01:42,0,0,0,0.0,0.0,0.0,0.0,0.0,0.0,0.0,0.0,0,0,0,0,0.0,0.0,0.0,0.0,0.0,0.0,0.0,0.0,0,9,1,1,0.0,0.03,0.0523,0.0,4.63,0.0,0.1408,0.03,1,0,0,0,0,0
1778601732.614906,2026-05-12 19:02:12,0,0,0,0.0,0.0,0.0,0.0,0.0,0.0,0.0,0.0,0,0,0,0,0.0,0.0,0.0,0.0,0.0,0.0,0.0,0.0,0,9,1,1,0.0,0.03,0.0523,0.0,4.63,0.0,0.1408,0.03,1,0,0,0,0,0
1778601762.614906,2026-05-12 19:02:42,0,0,0,0.0,0.0,0.0,0.0,0.0,0.0,0.0,0.0,0,0,0,0,0.0,0.0,0.0,0.0,0.0,0.0,0.0,0.0,0,9,1,1,0.0,0.03,0.0523,0.0,4.63,0.0,0.1408,0.03,1,0,0,0,0,0
1778601792.614906,2026-05-12 19:03:12,0,0,0,0.0,0.0,0.0,0.0,0.0,0.0,0.0,0.0,0,0,0,0,0.0,0.0,0.0,0.0,0.0,0.0,0.0,0.0,0,9,1,1,0.0,0.03,0.0523,0.0,4.63,0.0,0.1408,0.03,1,0,0,0,0,0
1778601822.614906,2026-05-12 19:03:42,0,0,0,0.0,0.0,0.0,0.0,0.0,0.0,0.0,0.0,0,0,0,0,0.0,0.0,0.0,0.0,0.0,0.0,0.0,0.0,0,9,1,1,0.0,0.03,0.0523,0.0,4.63,0.0,0.1408,0.03,1,0,0,0,0,0
1778601852.614906,2026-05-12 19:04:12,1,1,1,0.0,0.0,0.0001,0.0,3.73,0.0,0.0,0.0333,1,1,1,1,0.0,0.0,0.0001,0.0,1.87,0.0,0.0,0.0167,1,10,2,2,0.0,0.03,0.047,0.0,5.01,0.0293,0.2822,0.03,1,0,0,0,0,0
1778601882.614906,2026-05-12 19:04:42,0,0,0,0.0,0.0,0.0,0.0,0.0,0.0,0.0,0.0,0,1,1,1,0.0,0.0,0.0001,0.0,1.87,0.0,0.0,0.0167,1,10,2,2,0.0,0.03,0.047,0.0,5.01,0.0293,0.2822,0.03,1,0,0,0,0,0
1778601912.614906,2026-05-12 19:05:12,1,1,1,0.0,0.0,0.0,0.0,3.73,0.0,0.0,0.0333,1,1,1,1,0.0,0.0,0.0,0.0,1.87,0.0,0.0,0.0167,1,2,1,1,0.0,0.0,0.0,0.0,0.75,0.0,0.0,0.0067,1,0,0,0,0,0
1778601942.614906,2026-05-12 19:05:42,0,0,0,0.0,0.0,0.0,0.0,0.0,0.0,0.0,0.0,0,1,1,1,0.0,0.0,0.0,0.0,1.87,0.0,0.0,0.0167,1,2,1,1,0.0,0.0,0.0,0.0,0.75,0.0,0.0,0.0067,1,0,0,0,0,0
1778601972.614906,2026-05-12 19:06:12,1,1,1,0.0,0.0,0.0,0.0,3.73,0.0,0.0,0.0333,1,1,1,1,0.0,0.0,0.0,0.0,1.87,0.0,0.0,0.0167,1,3,1,1,0.0,0.0,0.0,0.0,1.12,0.0,0.0,0.01,1,0,0,0,0,0
1778602002.614906,2026-05-12 19:06:42,0,0,0,0.0,0.0,0.0,0.0,0.0,0.0,0.0,0.0,0,1,1,1,0.0,0.0,0.0,0.0,1.87,0.0,0.0,0.0167,1,3,1,1,0.0,0.0,0.0,0.0,1.12,0.0,0.0,0.01,1,0,0,0,0,0
1778602032.614906,2026-05-12 19:07:12,1,1,1,0.0,0.0,0.0001,0.0,3.73,0.0,0.0,0.0333,1,1,1,1,0.0,0.0,0.0001,0.0,1.87,0.0,0.0,0.0167,1,4,1,1,0.0,0.0,0.0001,0.0,1.49,0.0,0.0,0.0133,1,0,0,0,0,0
1778602062.614906,2026-05-12 19:07:42,0,0,0,0.0,0.0,0.0,0.0,0.0,0.0,0.0,0.0,0,1,1,1,0.0,0.0,0.0001,0.0,1.87,0.0,0.0,0.0167,1,4,1,1,0.0,0.0,0.0001,0.0,1.49,0.0,0.0,0.0133,1,0,0,0,0,0
1778602092.614906,2026-05-12 19:08:12,1,1,1,0.0,0.0,0.0001,0.0,3.73,0.0,0.0,0.0333,1,1,1,1,0.0,0.0,0.0001,0.0,1.87,0.0,0.0,0.0167,1,5,1,1,0.0,0.0,0.0001,0.0,1.87,0.0,0.0,0.0167,1,0,0,0,0,0
1778602122.614906,2026-05-12 19:08:42,0,0,0,0.0,0.0,0.0,0.0,0.0,0.0,0.0,0.0,0,1,1,1,0.0,0.0,0.0001,0.0,1.87,0.0,0.0,0.0167,1,5,1,1,0.0,0.0,0.0001,0.0,1.87,0.0,0.0,0.0167,1,0,0,0,0,0
1778602152.614906,2026-05-12 19:09:12,1,1,1,0.0,0.0,0.0001,0.0,3.73,0.0,0.0,0.0333,1,1,1,1,0.0,0.0,0.0001,0.0,1.87,0.0,0.0,0.0167,1,5,1,1,0.0,0.0,0.0001,0.0,1.87,0.0,0.0001,0.0167,1,0,0,0,0,0
1778602182.614906,2026-05-12 19:09:42,0,0,0,0.0,0.0,0.0,0.0,0.0,0.0,0.0,0.0,0,1,1,1,0.0,0.0,0.0001,0.0,1.87,0.0,0.0,0.0167,1,5,1,1,0.0,0.0,0.0001,0.0,1.87,0.0,0.0001,0.0167,1,0,0,0,0,0
1778602212.614906,2026-05-12 19:10:12,1,1,1,0.0,0.0,0.0707,1.0,1.6,0.0,0.0,0.0333,1,1,1,1,0.0,0.0,0.0707,1.0,0.8,0.0,0.0,0.0167,1,5,2,2,0.0,0.0,0.0142,0.2,1.65,0.0451,0.0066,0.0133,1,0,0,0,0,0
1778602242.614906,2026-05-12 19:10:42,0,0,0,0.0,0.0,0.0,0.0,0.0,0.0,0.0,0.0,0,1,1,1,0.0,0.0,0.0707,1.0,0.8,0.0,0.0,0.0167,1,5,2,2,0.0,0.0,0.0142,0.2,1.65,0.0451,0.0066,0.0133,1,0,0,0,0,0
1778602272.614906,2026-05-12 19:11:12,1,1,1,0.0,0.0,0.0,0.0,3.73,0.0,0.0,0.0333,1,1,1,1,0.0,0.0,0.0,0.0,1.87,0.0,0.0,0.0167,1,5,2,2,0.0,0.0,0.0142,0.2,1.65,0.0451,0.0104,0.0133,1,0,0,0,0,0
1778602302.614906,2026-05-12 19:11:42,0,0,0,0.0,0.0,0.0,0.0,0.0,0.0,0.0,0.0,0,1,1,1,0.0,0.0,0.0,0.0,1.87,0.0,0.0,0.0167,1,5,2,2,0.0,0.0,0.0142,0.2,1.65,0.0451,0.0104,0.0133,1,0,0,0,0,0
1778602332.614906,2026-05-12 19:12:12,1,1,1,0.0,0.0,0.0002,0.0,3.73,0.0,0.0,0.0333,1,1,1,1,0.0,0.0,0.0002,0.0,1.87,0.0,0.0,0.0167,1,5,2,2,0.0,0.0,0.0142,0.2,1.65,0.0451,0.0104,0.0133,1,0,0,0,0,0
1778602362.614906,2026-05-12 19:12:42,0,0,0,0.0,0.0,0.0,0.0,0.0,0.0,0.0,0.0,0,1,1,1,0.0,0.0,0.0002,0.0,1.87,0.0,0.0,0.0167,1,5,2,2,0.0,0.0,0.0142,0.2,1.65,0.0451,0.0104,0.0133,1,0,0,0,0,0
1778602392.614906,2026-05-12 19:13:12,1,1,1,0.0,0.0,0.0,0.0,3.73,0.0,0.0,0.0333,1,1,1,1,0.0,0.0,0.0,0.0,1.87,0.0,0.0,0.0167,1,5,2,2,0.0,0.0,0.0142,0.2,1.65,0.0451,0.0104,0.0133,1,0,0,0,0,0
1778602422.614906,2026-05-12 19:13:42,0,0,0,0.0,0.0,0.0,0.0,0.0,0.0,0.0,0.0,0,1,1,1,0.0,0.0,0.0,0.0,1.87,0.0,0.0,0.0167,1,5,2,2,0.0,0.0,0.0142,0.2,1.65,0.0451,0.0104,0.0133,1,0,0,0,0,0
1778602452.614906,2026-05-12 19:14:12,0,0,0,0.0,0.0,0.0,0.0,0.0,0.0,0.0,0.0,0,0,0,0,0.0,0.0,0.0,0.0,0.0,0.0,0.0,0.0,0,4,2,2,0.0,0.0,0.0177,0.25,1.28,0.0507,0.0066,0.01,1,0,0,0,0,0
1778602482.614906,2026-05-12 19:14:42,0,0,0,0.0,0.0,0.0,0.0,0.0,0.0,0.0,0.0,0,0,0,0,0.0,0.0,0.0,0.0,0.0,0.0,0.0,0.0,0,4,2,2,0.0,0.0,0.0177,0.25,1.28,0.0507,0.0066,0.01,1,0,0,0,0,0
1778602512.614906,2026-05-12 19:15:12,0,0,0,0.0,0.0,0.0,0.0,0.0,0.0,0.0,0.0,0,0,0,0,0.0,0.0,0.0,0.0,0.0,0.0,0.0,0.0,0,3,1,1,0.0,0.0,0.0001,0.0,1.12,0.0,0.0,0.01,1,0,0,0,0,0
1778602542.614906,2026-05-12 19:15:42,0,0,0,0.0,0.0,0.0,0.0,0.0,0.0,0.0,0.0,0,0,0,0,0.0,0.0,0.0,0.0,0.0,0.0,0.0,0.0,0,3,1,1,0.0,0.0,0.0001,0.0,1.12,0.0,0.0,0.01,1,0,0,0,0,0
1778602572.614906,2026-05-12 19:16:12,0,0,0,0.0,0.0,0.0,0.0,0.0,0.0,0.0,0.0,0,0,0,0,0.0,0.0,0.0,0.0,0.0,0.0,0.0,0.0,0,2,1,1,0.0,0.0,0.0001,0.0,0.75,0.0,0.0,0.0067,1,0,0,0,0,0
1778602602.614906,2026-05-12 19:16:42,0,0,0,0.0,0.0,0.0,0.0,0.0,0.0,0.0,0.0,0,0,0,0,0.0,0.0,0.0,0.0,0.0,0.0,0.0,0.0,0,2,1,1,0.0,0.0,0.0001,0.0,0.75,0.0,0.0,0.0067,1,0,0,0,0,0
1778602632.614906,2026-05-12 19:17:12,0,0,0,0.0,0.0,0.0,0.0,0.0,0.0,0.0,0.0,0,0,0,0,0.0,0.0,0.0,0.0,0.0,0.0,0.0,0.0,0,1,1,1,0.0,0.0,0.0,0.0,0.37,0.0,0.0,0.0033,1,0,0,0,0,0
1778602662.614906,2026-05-12 19:17:42,0,0,0,0.0,0.0,0.0,0.0,0.0,0.0,0.0,0.0,0,0,0,0,0.0,0.0,0.0,0.0,0.0,0.0,0.0,0.0,0,1,1,1,0.0,0.0,0.0,0.0,0.37,0.0,0.0,0.0033,1,0,0,0,0,0
1778602692.614906,2026-05-12 19:18:12,0,0,0,0.0,0.0,0.0,0.0,0.0,0.0,0.0,0.0,0,0,0,0,0.0,0.0,0.0,0.0,0.0,0.0,0.0,0.0,0,0,0,0,0.0,0.0,0.0,0.0,0.0,0.0,0.0,0.0,0,0,0,0,0,0
1778602722.614906,2026-05-12 19:18:42,0,0,0,0.0,0.0,0.0,0.0,0.0,0.0,0.0,0.0,0,0,0,0,0.0,0.0,0.0,0.0,0.0,0.0,0.0,0.0,0,0,0,0,0.0,0.0,0.0,0.0,0.0,0.0,0.0,0.0,0,0,0,0,0,0
1778602752.614906,2026-05-12 19:19:12,0,0,0,0.0,0.0,0.0,0.0,0.0,0.0,0.0,0.0,0,0,0,0,0.0,0.0,0.0,0.0,0.0,0.0,0.0,0.0,0,0,0,0,0.0,0.0,0.0,0.0,0.0,0.0,0.0,0.0,0,0,0,0,0,0
1778602782.614906,2026-05-12 19:19:42,0,0,0,0.0,0.0,0.0,0.0,0.0,0.0,0.0,0.0,0,0,0,0,0.0,0.0,0.0,0.0,0.0,0.0,0.0,0.0,0,0,0,0,0.0,0.0,0.0,0.0,0.0,0.0,0.0,0.0,0,0,0,0,0,0
1778602812.614906,2026-05-12 19:20:12,0,0,0,0.0,0.0,0.0,0.0,0.0,0.0,0.0,0.0,0,0,0,0,0.0,0.0,0.0,0.0,0.0,0.0,0.0,0.0,0,0,0,0,0.0,0.0,0.0,0.0,0.0,0.0,0.0,0.0,0,0,0,0,0,0
1778602842.614906,2026-05-12 19:20:42,0,0,0,0.0,0.0,0.0,0.0,0.0,0.0,0.0,0.0,0,0,0,0,0.0,0.0,0.0,0.0,0.0,0.0,0.0,0.0,0,0,0,0,0.0,0.0,0.0,0.0,0.0,0.0,0.0,0.0,0,0,0,0,0,0
1778602872.614906,2026-05-12 19:21:12,0,0,0,0.0,0.0,0.0,0.0,0.0,0.0,0.0,0.0,0,0,0,0,0.0,0.0,0.0,0.0,0.0,0.0,0.0,0.0,0,0,0,0,0.0,0.0,0.0,0.0,0.0,0.0,0.0,0.0,0,0,0,0,0,0
1778602902.614906,2026-05-12 19:21:42,0,0,0,0.0,0.0,0.0,0.0,0.0,0.0,0.0,0.0,0,0,0,0,0.0,0.0,0.0,0.0,0.0,0.0,0.0,0.0,0,0,0,0,0.0,0.0,0.0,0.0,0.0,0.0,0.0,0.0,0,0,0,0,0,0
1778602932.614906,2026-05-12 19:22:12,0,0,0,0.0,0.0,0.0,0.0,0.0,0.0,0.0,0.0,0,0,0,0,0.0,0.0,0.0,0.0,0.0,0.0,0.0,0.0,0,0,0,0,0.0,0.0,0.0,0.0,0.0,0.0,0.0,0.0,0,0,0,0,0,0
1778602962.614906,2026-05-12 19:22:42,0,0,0,0.0,0.0,0.0,0.0,0.0,0.0,0.0,0.0,0,0,0,0,0.0,0.0,0.0,0.0,0.0,0.0,0.0,0.0,0,0,0,0,0.0,0.0,0.0,0.0,0.0,0.0,0.0,0.0,0,0,0,0,0,0
1778602992.614906,2026-05-12 19:23:12,0,0,0,0.0,0.0,0.0,0.0,0.0,0.0,0.0,0.0,0,0,0,0,0.0,0.0,0.0,0.0,0.0,0.0,0.0,0.0,0,0,0,0,0.0,0.0,0.0,0.0,0.0,0.0,0.0,0.0,0,0,0,0,0,0
1778603022.614906,2026-05-12 19:23:42,0,0,0,0.0,0.0,0.0,0.0,0.0,0.0,0.0,0.0,0,0,0,0,0.0,0.0,0.0,0.0,0.0,0.0,0.0,0.0,0,0,0,0,0.0,0.0,0.0,0.0,0.0,0.0,0.0,0.0,0,0,0,0,0,0
1778603052.614906,2026-05-12 19:24:12,0,0,0,0.0,0.0,0.0,0.0,0.0,0.0,0.0,0.0,0,0,0,0,0.0,0.0,0.0,0.0,0.0,0.0,0.0,0.0,0,0,0,0,0.0,0.0,0.0,0.0,0.0,0.0,0.0,0.0,0,0,0,0,0,0
1778603082.614906,2026-05-12 19:24:42,0,0,0,0.0,0.0,0.0,0.0,0.0,0.0,0.0,0.0,0,0,0,0,0.0,0.0,0.0,0.0,0.0,0.0,0.0,0.0,0,0,0,0,0.0,0.0,0.0,0.0,0.0,0.0,0.0,0.0,0,0,0,0,0,0
1778603112.614906,2026-05-12 19:25:12,0,0,0,0.0,0.0,0.0,0.0,0.0,0.0,0.0,0.0,0,0,0,0,0.0,0.0,0.0,0.0,0.0,0.0,0.0,0.0,0,0,0,0,0.0,0.0,0.0,0.0,0.0,0.0,0.0,0.0,0,0,0,0,0,0
1778603142.614906,2026-05-12 19:25:42,0,0,0,0.0,0.0,0.0,0.0,0.0,0.0,0.0,0.0,0,0,0,0,0.0,0.0,0.0,0.0,0.0,0.0,0.0,0.0,0,0,0,0,0.0,0.0,0.0,0.0,0.0,0.0,0.0,0.0,0,0,0,0,0,0
1778603172.614906,2026-05-12 19:26:12,0,0,0,0.0,0.0,0.0,0.0,0.0,0.0,0.0,0.0,0,0,0,0,0.0,0.0,0.0,0.0,0.0,0.0,0.0,0.0,0,0,0,0,0.0,0.0,0.0,0.0,0.0,0.0,0.0,0.0,0,0,0,0,0,0
1778603202.614906,2026-05-12 19:26:42,0,0,0,0.0,0.0,0.0,0.0,0.0,0.0,0.0,0.0,0,0,0,0,0.0,0.0,0.0,0.0,0.0,0.0,0.0,0.0,0,0,0,0,0.0,0.0,0.0,0.0,0.0,0.0,0.0,0.0,0,0,0,0,0,0
1778603232.614906,2026-05-12 19:27:12,0,0,0,0.0,0.0,0.0,0.0,0.0,0.0,0.0,0.0,0,0,0,0,0.0,0.0,0.0,0.0,0.0,0.0,0.0,0.0,0,0,0,0,0.0,0.0,0.0,0.0,0.0,0.0,0.0,0.0,0,0,0,0,0,0
1778603262.614906,2026-05-12 19:27:42,0,0,0,0.0,0.0,0.0,0.0,0.0,0.0,0.0,0.0,0,0,0,0,0.0,0.0,0.0,0.0,0.0,0.0,0.0,0.0,0,0,0,0,0.0,0.0,0.0,0.0,0.0,0.0,0.0,0.0,0,0,0,0,0,0
1778603292.614906,2026-05-12 19:28:12,0,0,0,0.0,0.0,0.0,0.0,0.0,0.0,0.0,0.0,0,0,0,0,0.0,0.0,0.0,0.0,0.0,0.0,0.0,0.0,0,0,0,0,0.0,0.0,0.0,0.0,0.0,0.0,0.0,0.0,0,0,0,0,0,0
1778603322.614906,2026-05-12 19:28:42,0,0,0,0.0,0.0,0.0,0.0,0.0,0.0,0.0,0.0,0,0,0,0,0.0,0.0,0.0,0.0,0.0,0.0,0.0,0.0,0,0,0,0,0.0,0.0,0.0,0.0,0.0,0.0,0.0,0.0,0,0,0,0,0,0
1778603352.614906,2026-05-12 19:29:12,0,0,0,0.0,0.0,0.0,0.0,0.0,0.0,0.0,0.0,0,0,0,0,0.0,0.0,0.0,0.0,0.0,0.0,0.0,0.0,0,0,0,0,0.0,0.0,0.0,0.0,0.0,0.0,0.0,0.0,0,0,0,0,0,0
1778603382.614906,2026-05-12 19:29:42,0,0,0,0.0,0.0,0.0,0.0,0.0,0.0,0.0,0.0,0,0,0,0,0.0,0.0,0.0,0.0,0.0,0.0,0.0,0.0,0,0,0,0,0.0,0.0,0.0,0.0,0.0,0.0,0.0,0.0,0,0,0,0,0,0
1778603412.614906,2026-05-12 19:30:12,0,0,0,0.0,0.0,0.0,0.0,0.0,0.0,0.0,0.0,0,0,0,0,0.0,0.0,0.0,0.0,0.0,0.0,0.0,0.0,0,0,0,0,0.0,0.0,0.0,0.0,0.0,0.0,0.0,0.0,0,0,0,0,0,0
1778603442.614906,2026-05-12 19:30:42,0,0,0,0.0,0.0,0.0,0.0,0.0,0.0,0.0,0.0,0,0,0,0,0.0,0.0,0.0,0.0,0.0,0.0,0.0,0.0,0,0,0,0,0.0,0.0,0.0,0.0,0.0,0.0,0.0,0.0,0,0,0,0,0,0
1778603472.614906,2026-05-12 19:31:12,0,0,0,0.0,0.0,0.0,0.0,0.0,0.0,0.0,0.0,0,0,0,0,0.0,0.0,0.0,0.0,0.0,0.0,0.0,0.0,0,0,0,0,0.0,0.0,0.0,0.0,0.0,0.0,0.0,0.0,0,0,0,0,0,0
1778603502.614906,2026-05-12 19:31:42,0,0,0,0.0,0.0,0.0,0.0,0.0,0.0,0.0,0.0,0,0,0,0,0.0,0.0,0.0,0.0,0.0,0.0,0.0,0.0,0,0,0,0,0.0,0.0,0.0,0.0,0.0,0.0,0.0,0.0,0,0,0,0,0,0
1778603532.614906,2026-05-12 19:32:12,0,0,0,0.0,0.0,0.0,0.0,0.0,0.0,0.0,0.0,0,0,0,0,0.0,0.0,0.0,0.0,0.0,0.0,0.0,0.0,0,0,0,0,0.0,0.0,0.0,0.0,0.0,0.0,0.0,0.0,0,0,0,0,0,0
1778603562.614906,2026-05-12 19:32:42,0,0,0,0.0,0.0,0.0,0.0,0.0,0.0,0.0,0.0,0,0,0,0,0.0,0.0,0.0,0.0,0.0,0.0,0.0,0.0,0,0,0,0,0.0,0.0,0.0,0.0,0.0,0.0,0.0,0.0,0,0,0,0,0,0
1778603592.614906,2026-05-12 19:33:12,0,0,0,0.0,0.0,0.0,0.0,0.0,0.0,0.0,0.0,0,0,0,0,0.0,0.0,0.0,0.0,0.0,0.0,0.0,0.0,0,0,0,0,0.0,0.0,0.0,0.0,0.0,0.0,0.0,0.0,0,0,0,0,0,0
1778603622.614906,2026-05-12 19:33:42,0,0,0,0.0,0.0,0.0,0.0,0.0,0.0,0.0,0.0,0,0,0,0,0.0,0.0,0.0,0.0,0.0,0.0,0.0,0.0,0,0,0,0,0.0,0.0,0.0,0.0,0.0,0.0,0.0,0.0,0,0,0,0,0,0
1778603652.614906,2026-05-12 19:34:12,1,1,1,0.0,0.0,0.0,0.0,3.73,0.0,0.0,0.0333,1,1,1,1,0.0,0.0,0.0,0.0,1.87,0.0,0.0,0.0167,1,1,1,1,0.0,0.0,0.0,0.0,0.37,0.0,0.0,0.0033,1,0,0,0,0,0
1778603682.614906,2026-05-12 19:34:42,0,0,0,0.0,0.0,0.0,0.0,0.0,0.0,0.0,0.0,0,1,1,1,0.0,0.0,0.0,0.0,1.87,0.0,0.0,0.0167,1,1,1,1,0.0,0.0,0.0,0.0,0.37,0.0,0.0,0.0033,1,0,0,0,0,0
1778603712.614906,2026-05-12 19:35:12,1,1,1,0.0,0.0,0.0001,0.0,3.73,0.0,0.0,0.0333,1,1,1,1,0.0,0.0,0.0001,0.0,1.87,0.0,0.0,0.0167,1,2,1,1,0.0,0.0,0.0001,0.0,0.75,0.0,0.0,0.0067,1,0,0,0,0,0
1778603742.614906,2026-05-12 19:35:42,0,0,0,0.0,0.0,0.0,0.0,0.0,0.0,0.0,0.0,0,1,1,1,0.0,0.0,0.0001,0.0,1.87,0.0,0.0,0.0167,1,2,1,1,0.0,0.0,0.0001,0.0,0.75,0.0,0.0,0.0067,1,0,0,0,0,0
1778603772.614906,2026-05-12 19:36:12,1,1,1,0.0,0.0,0.0001,0.0,3.73,0.0,0.0,0.0333,1,1,1,1,0.0,0.0,0.0001,0.0,1.87,0.0,0.0,0.0167,1,3,1,1,0.0,0.0,0.0001,0.0,1.12,0.0,0.0,0.01,1,0,0,0,0,0
1778603802.614906,2026-05-12 19:36:42,0,0,0,0.0,0.0,0.0,0.0,0.0,0.0,0.0,0.0,0,1,1,1,0.0,0.0,0.0001,0.0,1.87,0.0,0.0,0.0167,1,3,1,1,0.0,0.0,0.0001,0.0,1.12,0.0,0.0,0.01,1,0,0,0,0,0
1778603832.614906,2026-05-12 19:37:12,1,1,1,0.0,0.0,0.0,0.0,3.73,0.0,0.0,0.0333,1,1,1,1,0.0,0.0,0.0,0.0,1.87,0.0,0.0,0.0167,1,4,1,1,0.0,0.0,0.0001,0.0,1.49,0.0,0.0,0.0133,1,0,0,0,0,0
1778603862.614906,2026-05-12 19:37:42,0,0,0,0.0,0.0,0.0,0.0,0.0,0.0,0.0,0.0,0,1,1,1,0.0,0.0,0.0,0.0,1.87,0.0,0.0,0.0167,1,4,1,1,0.0,0.0,0.0001,0.0,1.49,0.0,0.0,0.0133,1,0,0,0,0,0
1778603892.614906,2026-05-12 19:38:12,1,1,1,0.0,0.0,0.0001,0.0,3.73,0.0,0.0,0.0333,1,1,1,1,0.0,0.0,0.0001,0.0,1.87,0.0,0.0,0.0167,1,5,1,1,0.0,0.0,0.0001,0.0,1.87,0.0,0.0,0.0167,1,0,0,0,0,0
1778603922.614906,2026-05-12 19:38:42,0,0,0,0.0,0.0,0.0,0.0,0.0,0.0,0.0,0.0,0,1,1,1,0.0,0.0,0.0001,0.0,1.87,0.0,0.0,0.0167,1,5,1,1,0.0,0.0,0.0001,0.0,1.87,0.0,0.0,0.0167,1,0,0,0,0,0
1778603952.614906,2026-05-12 19:39:12,0,0,0,0.0,0.0,0.0,0.0,0.0,0.0,0.0,0.0,0,0,0,0,0.0,0.0,0.0,0.0,0.0,0.0,0.0,0.0,0,4,1,1,0.0,0.0,0.0001,0.0,1.49,0.0,0.0,0.0133,1,0,0,0,0,0
1778603982.614906,2026-05-12 19:39:42,0,0,0,0.0,0.0,0.0,0.0,0.0,0.0,0.0,0.0,0,0,0,0,0.0,0.0,0.0,0.0,0.0,0.0,0.0,0.0,0,4,1,1,0.0,0.0,0.0001,0.0,1.49,0.0,0.0,0.0133,1,0,0,0,0,0
1778604012.614906,2026-05-12 19:40:12,0,0,0,0.0,0.0,0.0,0.0,0.0,0.0,0.0,0.0,0,0,0,0,0.0,0.0,0.0,0.0,0.0,0.0,0.0,0.0,0,3,1,1,0.0,0.0,0.0001,0.0,1.12,0.0,0.0,0.01,1,0,0,0,0,0
1778604042.614906,2026-05-12 19:40:42,0,0,0,0.0,0.0,0.0,0.0,0.0,0.0,0.0,0.0,0,0,0,0,0.0,0.0,0.0,0.0,0.0,0.0,0.0,0.0,0,3,1,1,0.0,0.0,0.0001,0.0,1.12,0.0,0.0,0.01,1,0,0,0,0,0
1778604072.614906,2026-05-12 19:41:12,0,0,0,0.0,0.0,0.0,0.0,0.0,0.0,0.0,0.0,0,0,0,0,0.0,0.0,0.0,0.0,0.0,0.0,0.0,0.0,0,2,1,1,0.0,0.0,0.0,0.0,0.75,0.0,0.0,0.0067,1,0,0,0,0,0
1778604102.614906,2026-05-12 19:41:42,0,0,0,0.0,0.0,0.0,0.0,0.0,0.0,0.0,0.0,0,0,0,0,0.0,0.0,0.0,0.0,0.0,0.0,0.0,0.0,0,2,1,1,0.0,0.0,0.0,0.0,0.75,0.0,0.0,0.0067,1,0,0,0,0,0
1778604132.614906,2026-05-12 19:42:12,0,0,0,0.0,0.0,0.0,0.0,0.0,0.0,0.0,0.0,0,0,0,0,0.0,0.0,0.0,0.0,0.0,0.0,0.0,0.0,0,1,1,1,0.0,0.0,0.0001,0.0,0.37,0.0,0.0,0.0033,1,0,0,0,0,0
1778604162.614906,2026-05-12 19:42:42,0,0,0,0.0,0.0,0.0,0.0,0.0,0.0,0.0,0.0,0,0,0,0,0.0,0.0,0.0,0.0,0.0,0.0,0.0,0.0,0,1,1,1,0.0,0.0,0.0001,0.0,0.37,0.0,0.0,0.0033,1,0,0,0,0,0
1778604192.614906,2026-05-12 19:43:12,0,0,0,0.0,0.0,0.0,0.0,0.0,0.0,0.0,0.0,0,0,0,0,0.0,0.0,0.0,0.0,0.0,0.0,0.0,0.0,0,0,0,0,0.0,0.0,0.0,0.0,0.0,0.0,0.0,0.0,0,0,0,0,0,0
1778604222.614906,2026-05-12 19:43:42,0,0,0,0.0,0.0,0.0,0.0,0.0,0.0,0.0,0.0,0,0,0,0,0.0,0.0,0.0,0.0,0.0,0.0,0.0,0.0,0,0,0,0,0.0,0.0,0.0,0.0,0.0,0.0,0.0,0.0,0,0,0,0,0,0
1778604252.614906,2026-05-12 19:44:12,1,1,1,0.0,0.0,0.0834,1.0,1.6,0.0,0.0,0.0333,1,1,1,1,0.0,0.0,0.0834,1.0,0.8,0.0,0.0,0.0167,1,1,1,1,0.0,0.0,0.0834,1.0,0.16,0.0,0.0,0.0033,1,0,0,0,0,0
1778604282.614906,2026-05-12 19:44:42,0,0,0,0.0,0.0,0.0,0.0,0.0,0.0,0.0,0.0,0,1,1,1,0.0,0.0,0.0834,1.0,0.8,0.0,0.0,0.0167,1,1,1,1,0.0,0.0,0.0834,1.0,0.16,0.0,0.0,0.0033,1,0,0,0,0,0
1778604312.614906,2026-05-12 19:45:12,0,0,0,0.0,0.0,0.0,0.0,0.0,0.0,0.0,0.0,0,0,0,0,0.0,0.0,0.0,0.0,0.0,0.0,0.0,0.0,0,1,1,1,0.0,0.0,0.0834,1.0,0.16,0.0,0.0,0.0033,1,0,0,0,0,0
1778604342.614906,2026-05-12 19:45:42,0,0,0,0.0,0.0,0.0,0.0,0.0,0.0,0.0,0.0,0,0,0,0,0.0,0.0,0.0,0.0,0.0,0.0,0.0,0.0,0,1,1,1,0.0,0.0,0.0834,1.0,0.16,0.0,0.0,0.0033,1,0,0,0,0,0
1778604372.614906,2026-05-12 19:46:12,0,0,0,0.0,0.0,0.0,0.0,0.0,0.0,0.0,0.0,0,0,0,0,0.0,0.0,0.0,0.0,0.0,0.0,0.0,0.0,0,1,1,1,0.0,0.0,0.0834,1.0,0.16,0.0,0.0,0.0033,1,0,0,0,0,0
1778604402.614906,2026-05-12 19:46:42,0,0,0,0.0,0.0,0.0,0.0,0.0,0.0,0.0,0.0,0,0,0,0,0.0,0.0,0.0,0.0,0.0,0.0,0.0,0.0,0,1,1,1,0.0,0.0,0.0834,1.0,0.16,0.0,0.0,0.0033,1,0,0,0,0,0
1778604432.614906,2026-05-12 19:47:12,0,0,0,0.0,0.0,0.0,0.0,0.0,0.0,0.0,0.0,0,0,0,0,0.0,0.0,0.0,0.0,0.0,0.0,0.0,0.0,0,1,1,1,0.0,0.0,0.0834,1.0,0.16,0.0,0.0,0.0033,1,0,0,0,0,0
1778604462.614906,2026-05-12 19:47:42,0,0,0,0.0,0.0,0.0,0.0,0.0,0.0,0.0,0.0,0,0,0,0,0.0,0.0,0.0,0.0,0.0,0.0,0.0,0.0,0,1,1,1,0.0,0.0,0.0834,1.0,0.16,0.0,0.0,0.0033,1,0,0,0,0,0
1778604492.614906,2026-05-12 19:48:12,0,0,0,0.0,0.0,0.0,0.0,0.0,0.0,0.0,0.0,0,0,0,0,0.0,0.0,0.0,0.0,0.0,0.0,0.0,0.0,0,1,1,1,0.0,0.0,0.0834,1.0,0.16,0.0,0.0,0.0033,1,0,0,0,0,0
1778604522.614906,2026-05-12 19:48:42,0,0,0,0.0,0.0,0.0,0.0,0.0,0.0,0.0,0.0,0,0,0,0,0.0,0.0,0.0,0.0,0.0,0.0,0.0,0.0,0,1,1,1,0.0,0.0,0.0834,1.0,0.16,0.0,0.0,0.0033,1,0,0,0,0,0
1778604552.614906,2026-05-12 19:49:12,0,0,0,0.0,0.0,0.0,0.0,0.0,0.0,0.0,0.0,0,0,0,0,0.0,0.0,0.0,0.0,0.0,0.0,0.0,0.0,0,0,0,0,0.0,0.0,0.0,0.0,0.0,0.0,0.0,0.0,0,0,0,0,0,0
1778604582.614906,2026-05-12 19:49:42,0,0,0,0.0,0.0,0.0,0.0,0.0,0.0,0.0,0.0,0,0,0,0,0.0,0.0,0.0,0.0,0.0,0.0,0.0,0.0,0,0,0,0,0.0,0.0,0.0,0.0,0.0,0.0,0.0,0.0,0,0,0,0,0,0
1778604612.614906,2026-05-12 19:50:12,0,0,0,0.0,0.0,0.0,0.0,0.0,0.0,0.0,0.0,0,0,0,0,0.0,0.0,0.0,0.0,0.0,0.0,0.0,0.0,0,0,0,0,0.0,0.0,0.0,0.0,0.0,0.0,0.0,0.0,0,0,0,0,0,0
1778604642.614906,2026-05-12 19:50:42,0,0,0,0.0,0.0,0.0,0.0,0.0,0.0,0.0,0.0,0,0,0,0,0.0,0.0,0.0,0.0,0.0,0.0,0.0,0.0,0,0,0,0,0.0,0.0,0.0,0.0,0.0,0.0,0.0,0.0,0,0,0,0,0,0
1778604672.614906,2026-05-12 19:51:12,0,0,0,0.0,0.0,0.0,0.0,0.0,0.0,0.0,0.0,0,0,0,0,0.0,0.0,0.0,0.0,0.0,0.0,0.0,0.0,0,0,0,0,0.0,0.0,0.0,0.0,0.0,0.0,0.0,0.0,0,0,0,0,0,0
1778604702.614906,2026-05-12 19:51:42,0,0,0,0.0,0.0,0.0,0.0,0.0,0.0,0.0,0.0,0,0,0,0,0.0,0.0,0.0,0.0,0.0,0.0,0.0,0.0,0,0,0,0,0.0,0.0,0.0,0.0,0.0,0.0,0.0,0.0,0,0,0,0,0,0
1778604732.614906,2026-05-12 19:52:12,0,0,0,0.0,0.0,0.0,0.0,0.0,0.0,0.0,0.0,0,0,0,0,0.0,0.0,0.0,0.0,0.0,0.0,0.0,0.0,0,0,0,0,0.0,0.0,0.0,0.0,0.0,0.0,0.0,0.0,0,0,0,0,0,0
1778604762.614906,2026-05-12 19:52:42,0,0,0,0.0,0.0,0.0,0.0,0.0,0.0,0.0,0.0,0,0,0,0,0.0,0.0,0.0,0.0,0.0,0.0,0.0,0.0,0,0,0,0,0.0,0.0,0.0,0.0,0.0,0.0,0.0,0.0,0,0,0,0,0,0
1778604792.614906,2026-05-12 19:53:12,0,0,0,0.0,0.0,0.0,0.0,0.0,0.0,0.0,0.0,0,0,0,0,0.0,0.0,0.0,0.0,0.0,0.0,0.0,0.0,0,0,0,0,0.0,0.0,0.0,0.0,0.0,0.0,0.0,0.0,0,0,0,0,0,0
1778604822.614906,2026-05-12 19:53:42,0,0,0,0.0,0.0,0.0,0.0,0.0,0.0,0.0,0.0,0,0,0,0,0.0,0.0,0.0,0.0,0.0,0.0,0.0,0.0,0,0,0,0,0.0,0.0,0.0,0.0,0.0,0.0,0.0,0.0,0,0,0,0,0,0
1778604852.614906,2026-05-12 19:54:12,0,0,0,0.0,0.0,0.0,0.0,0.0,0.0,0.0,0.0,0,0,0,0,0.0,0.0,0.0,0.0,0.0,0.0,0.0,0.0,0,0,0,0,0.0,0.0,0.0,0.0,0.0,0.0,0.0,0.0,0,0,0,0,0,0
1778604882.614906,2026-05-12 19:54:42,0,0,0,0.0,0.0,0.0,0.0,0.0,0.0,0.0,0.0,0,0,0,0,0.0,0.0,0.0,0.0,0.0,0.0,0.0,0.0,0,0,0,0,0.0,0.0,0.0,0.0,0.0,0.0,0.0,0.0,0,0,0,0,0,0
1778604912.614906,2026-05-12 19:55:12,0,0,0,0.0,0.0,0.0,0.0,0.0,0.0,0.0,0.0,0,0,0,0,0.0,0.0,0.0,0.0,0.0,0.0,0.0,0.0,0,0,0,0,0.0,0.0,0.0,0.0,0.0,0.0,0.0,0.0,0,0,0,0,0,0
1778604942.614906,2026-05-12 19:55:42,0,0,0,0.0,0.0,0.0,0.0,0.0,0.0,0.0,0.0,0,0,0,0,0.0,0.0,0.0,0.0,0.0,0.0,0.0,0.0,0,0,0,0,0.0,0.0,0.0,0.0,0.0,0.0,0.0,0.0,0,0,0,0,0,0
1778604972.614906,2026-05-12 19:56:12,0,0,0,0.0,0.0,0.0,0.0,0.0,0.0,0.0,0.0,0,0,0,0,0.0,0.0,0.0,0.0,0.0,0.0,0.0,0.0,0,0,0,0,0.0,0.0,0.0,0.0,0.0,0.0,0.0,0.0,0,0,0,0,0,0
1778605002.614906,2026-05-12 19:56:42,0,0,0,0.0,0.0,0.0,0.0,0.0,0.0,0.0,0.0,0,0,0,0,0.0,0.0,0.0,0.0,0.0,0.0,0.0,0.0,0,0,0,0,0.0,0.0,0.0,0.0,0.0,0.0,0.0,0.0,0,0,0,0,0,0
1778605032.614906,2026-05-12 19:57:12,0,0,0,0.0,0.0,0.0,0.0,0.0,0.0,0.0,0.0,0,0,0,0,0.0,0.0,0.0,0.0,0.0,0.0,0.0,0.0,0,0,0,0,0.0,0.0,0.0,0.0,0.0,0.0,0.0,0.0,0,0,0,0,0,0
1778605062.614906,2026-05-12 19:57:42,0,0,0,0.0,0.0,0.0,0.0,0.0,0.0,0.0,0.0,0,0,0,0,0.0,0.0,0.0,0.0,0.0,0.0,0.0,0.0,0,0,0,0,0.0,0.0,0.0,0.0,0.0,0.0,0.0,0.0,0,0,0,0,0,0
1778605092.614906,2026-05-12 19:58:12,0,0,0,0.0,0.0,0.0,0.0,0.0,0.0,0.0,0.0,0,0,0,0,0.0,0.0,0.0,0.0,0.0,0.0,0.0,0.0,0,0,0,0,0.0,0.0,0.0,0.0,0.0,0.0,0.0,0.0,0,0,0,0,0,0
1778605122.614906,2026-05-12 19:58:42,0,0,0,0.0,0.0,0.0,0.0,0.0,0.0,0.0,0.0,0,0,0,0,0.0,0.0,0.0,0.0,0.0,0.0,0.0,0.0,0,0,0,0,0.0,0.0,0.0,0.0,0.0,0.0,0.0,0.0,0,0,0,0,0,0
1778605152.614906,2026-05-12 19:59:12,0,0,0,0.0,0.0,0.0,0.0,0.0,0.0,0.0,0.0,0,0,0,0,0.0,0.0,0.0,0.0,0.0,0.0,0.0,0.0,0,0,0,0,0.0,0.0,0.0,0.0,0.0,0.0,0.0,0.0,0,0,0,0,0,0
1778605182.614906,2026-05-12 19:59:42,1,1,1,0.0,0.0,0.0,0.0,3.73,0.0,0.0,0.0333,1,1,1,1,0.0,0.0,0.0,0.0,1.87,0.0,0.0,0.0167,1,1,1,1,0.0,0.0,0.0,0.0,0.37,0.0,0.0,0.0033,1,0,0,0,0,0
1778605212.614906,2026-05-12 20:00:12,8,1,1,0.0,0.2667,0.0448,0.0,34.43,0.0,0.0916,0.2667,1,9,2,2,0.0,0.1333,0.0398,0.0,19.08,0.0315,0.2627,0.1333,1,9,2,2,0.0,0.0267,0.0398,0.0,3.82,0.0315,0.2627,0.0267,1,0,0,0,0,0
1778605242.614906,2026-05-12 20:00:42,1,1,1,0.0,0.0,0.0001,0.0,3.73,0.0,0.0,0.0333,1,9,2,2,0.0,0.1333,0.0398,0.0,19.08,0.0315,0.2584,0.1333,1,10,2,2,0.0,0.0267,0.0358,0.0,4.19,0.0451,0.2182,0.0267,1,0,0,0,0,0
1778605272.614906,2026-05-12 20:01:12,0,0,0,0.0,0.0,0.0,0.0,0.0,0.0,0.0,0.0,0,1,1,1,0.0,0.0,0.0001,0.0,1.87,0.0,0.0,0.0167,1,10,2,2,0.0,0.0267,0.0358,0.0,4.19,0.0451,0.2182,0.0267,1,0,0,0,0,0
1778605302.614906,2026-05-12 20:01:42,0,0,0,0.0,0.0,0.0,0.0,0.0,0.0,0.0,0.0,0,0,0,0,0.0,0.0,0.0,0.0,0.0,0.0,0.0,0.0,0,10,2,2,0.0,0.0267,0.0358,0.0,4.19,0.0451,0.2182,0.0267,1,0,0,0,0,0
1778605332.614906,2026-05-12 20:02:12,0,0,0,0.0,0.0,0.0,0.0,0.0,0.0,0.0,0.0,0,0,0,0,0.0,0.0,0.0,0.0,0.0,0.0,0.0,0.0,0,10,2,2,0.0,0.0267,0.0358,0.0,4.19,0.0451,0.2182,0.0267,1,0,0,0,0,0
1778605362.614906,2026-05-12 20:02:42,1,1,1,0.0,0.0,0.0,0.0,3.73,0.0,0.0,0.0333,1,1,1,1,0.0,0.0,0.0,0.0,1.87,0.0,0.0,0.0167,1,11,2,2,0.0,0.0267,0.0326,0.0,4.56,0.0528,0.2038,0.0267,1,0,0,0,0,0
1778605392.614906,2026-05-12 20:03:12,0,0,0,0.0,0.0,0.0,0.0,0.0,0.0,0.0,0.0,0,1,1,1,0.0,0.0,0.0,0.0,1.87,0.0,0.0,0.0167,1,11,2,2,0.0,0.0267,0.0326,0.0,4.56,0.0528,0.2038,0.0267,1,0,0,0,0,0
1778605422.614906,2026-05-12 20:03:42,1,1,1,0.0,0.0,0.0001,0.0,3.73,0.0,0.0,0.0333,1,1,1,1,0.0,0.0,0.0001,0.0,1.87,0.0,0.0,0.0167,1,12,2,2,0.0,0.0267,0.0299,0.0,4.94,0.0574,0.1696,0.0267,1,0,0,0,0,0
1778605452.614906,2026-05-12 20:04:12,0,0,0,0.0,0.0,0.0,0.0,0.0,0.0,0.0,0.0,0,1,1,1,0.0,0.0,0.0001,0.0,1.87,0.0,0.0,0.0167,1,12,2,2,0.0,0.0267,0.0299,0.0,4.94,0.0574,0.1696,0.0267,1,0,0,0,0,0
1778605482.614906,2026-05-12 20:04:42,1,1,1,0.0,0.0,0.0,0.0,3.73,0.0,0.0,0.0333,1,1,1,1,0.0,0.0,0.0,0.0,1.87,0.0,0.0,0.0167,1,12,2,2,0.0,0.0267,0.0299,0.0,4.94,0.0574,0.1647,0.0267,1,0,0,0,0,0
1778605512.614906,2026-05-12 20:05:12,0,0,0,0.0,0.0,0.0,0.0,0.0,0.0,0.0,0.0,0,1,1,1,0.0,0.0,0.0,0.0,1.87,0.0,0.0,0.0167,1,4,1,1,0.0,0.0,0.0,0.0,1.49,0.0,0.0353,0.0133,1,0,0,0,0,0
1778605542.614906,2026-05-12 20:05:42,1,1,1,0.0,0.0,0.0,0.0,3.73,0.0,0.0,0.0333,1,1,1,1,0.0,0.0,0.0,0.0,1.87,0.0,0.0,0.0167,1,4,1,1,0.0,0.0,0.0,0.0,1.49,0.0,0.0001,0.0133,1,0,0,0,0,0
1778605572.614906,2026-05-12 20:06:12,0,0,0,0.0,0.0,0.0,0.0,0.0,0.0,0.0,0.0,0,1,1,1,0.0,0.0,0.0,0.0,1.87,0.0,0.0,0.0167,1,4,1,1,0.0,0.0,0.0,0.0,1.49,0.0,0.0001,0.0133,1,0,0,0,0,0
1778605602.614906,2026-05-12 20:06:42,1,1,1,0.0,0.0,0.0,0.0,3.73,0.0,0.0,0.0333,1,1,1,1,0.0,0.0,0.0,0.0,1.87,0.0,0.0,0.0167,1,5,1,1,0.0,0.0,0.0,0.0,1.87,0.0,0.0001,0.0167,1,0,0,0,0,0
1778605632.614906,2026-05-12 20:07:12,0,0,0,0.0,0.0,0.0,0.0,0.0,0.0,0.0,0.0,0,1,1,1,0.0,0.0,0.0,0.0,1.87,0.0,0.0,0.0167,1,5,1,1,0.0,0.0,0.0,0.0,1.87,0.0,0.0001,0.0167,1,0,0,0,0,0
1778605662.614906,2026-05-12 20:07:42,1,1,1,0.0,0.0,0.0,0.0,3.73,0.0,0.0,0.0333,1,1,1,1,0.0,0.0,0.0,0.0,1.87,0.0,0.0,0.0167,1,5,1,1,0.0,0.0,0.0,0.0,1.87,0.0,0.0001,0.0167,1,0,0,0,0,0
1778605692.614906,2026-05-12 20:08:12,0,0,0,0.0,0.0,0.0,0.0,0.0,0.0,0.0,0.0,0,1,1,1,0.0,0.0,0.0,0.0,1.87,0.0,0.0,0.0167,1,5,1,1,0.0,0.0,0.0,0.0,1.87,0.0,0.0001,0.0167,1,0,0,0,0,0
1778605722.614906,2026-05-12 20:08:42,1,1,1,0.0,0.0,0.0,0.0,3.73,0.0,0.0,0.0333,1,1,1,1,0.0,0.0,0.0,0.0,1.87,0.0,0.0,0.0167,1,5,1,1,0.0,0.0,0.0,0.0,1.87,0.0,0.0,0.0167,1,0,0,0,0,0
1778605752.614906,2026-05-12 20:09:12,0,0,0,0.0,0.0,0.0,0.0,0.0,0.0,0.0,0.0,0,1,1,1,0.0,0.0,0.0,0.0,1.87,0.0,0.0,0.0167,1,5,1,1,0.0,0.0,0.0,0.0,1.87,0.0,0.0,0.0167,1,0,0,0,0,0
1778605782.614906,2026-05-12 20:09:42,1,1,1,0.0,0.0,0.0,0.0,3.73,0.0,0.0,0.0333,1,1,1,1,0.0,0.0,0.0,0.0,1.87,0.0,0.0,0.0167,1,5,1,1,0.0,0.0,0.0,0.0,1.87,0.0,0.0001,0.0167,1,0,0,0,0,0
1778605812.614906,2026-05-12 20:10:12,0,0,0,0.0,0.0,0.0,0.0,0.0,0.0,0.0,0.0,0,1,1,1,0.0,0.0,0.0,0.0,1.87,0.0,0.0,0.0167,1,5,1,1,0.0,0.0,0.0,0.0,1.87,0.0,0.0001,0.0167,1,0,0,0,0,0
1778605842.614906,2026-05-12 20:10:42,1,1,1,0.0,0.0,0.0,0.0,3.73,0.0,0.0,0.0333,1,1,1,1,0.0,0.0,0.0,0.0,1.87,0.0,0.0,0.0167,1,5,1,1,0.0,0.0,0.0,0.0,1.87,0.0,0.0,0.0167,1,0,0,0,0,0
1778605872.614906,2026-05-12 20:11:12,3,2,3,0.0,0.0,0.0674,1.0,1.33,0.0574,0.0891,0.0333,1,4,2,4,0.0,0.0,0.0506,0.75,2.53,0.0507,0.0889,0.0167,1,8,2,4,0.0,0.0,0.0253,0.375,2.0,0.034,0.0567,0.0167,1,0,0,0,0,0
1778605902.614906,2026-05-12 20:11:42,0,0,0,0.0,0.0,0.0,0.0,0.0,0.0,0.0,0.0,0,3,2,3,0.0,0.0,0.0674,1.0,0.67,0.0574,0.0891,0.0167,1,7,2,4,0.0,0.0,0.0289,0.4286,1.63,0.037,0.0627,0.0133,1,0,0,0,0,0
1778605932.614906,2026-05-12 20:12:12,0,0,0,0.0,0.0,0.0,0.0,0.0,0.0,0.0,0.0,0,0,0,0,0.0,0.0,0.0,0.0,0.0,0.0,0.0,0.0,0,7,2,4,0.0,0.0,0.0289,0.4286,1.63,0.037,0.0627,0.0133,1,0,0,0,0,0
1778605962.614906,2026-05-12 20:12:42,0,0,0,0.0,0.0,0.0,0.0,0.0,0.0,0.0,0.0,0,0,0,0,0.0,0.0,0.0,0.0,0.0,0.0,0.0,0.0,0,6,2,4,0.0,0.0,0.0337,0.5,1.25,0.0406,0.0708,0.01,1,0,0,0,0,0
1778605992.614906,2026-05-12 20:13:12,0,0,0,0.0,0.0,0.0,0.0,0.0,0.0,0.0,0.0,0,0,0,0,0.0,0.0,0.0,0.0,0.0,0.0,0.0,0.0,0,6,2,4,0.0,0.0,0.0337,0.5,1.25,0.0406,0.0708,0.01,1,0,0,0,0,0
1778606022.614906,2026-05-12 20:13:42,0,0,0,0.0,0.0,0.0,0.0,0.0,0.0,0.0,0.0,0,0,0,0,0.0,0.0,0.0,0.0,0.0,0.0,0.0,0.0,0,5,2,4,0.0,0.0,0.0405,0.6,0.88,0.0451,0.0825,0.0067,1,0,0,0,0,0
1778606052.614906,2026-05-12 20:14:12,0,0,0,0.0,0.0,0.0,0.0,0.0,0.0,0.0,0.0,0,0,0,0,0.0,0.0,0.0,0.0,0.0,0.0,0.0,0.0,0,5,2,4,0.0,0.0,0.0405,0.6,0.88,0.0451,0.0825,0.0067,1,0,0,0,0,0
1778606082.614906,2026-05-12 20:14:42,0,0,0,0.0,0.0,0.0,0.0,0.0,0.0,0.0,0.0,0,0,0,0,0.0,0.0,0.0,0.0,0.0,0.0,0.0,0.0,0,4,2,4,0.0,0.0,0.0506,0.75,0.51,0.0507,0.0889,0.0033,1,0,0,0,0,0
1778606112.614906,2026-05-12 20:15:12,0,0,0,0.0,0.0,0.0,0.0,0.0,0.0,0.0,0.0,0,0,0,0,0.0,0.0,0.0,0.0,0.0,0.0,0.0,0.0,0,4,2,4,0.0,0.0,0.0506,0.75,0.51,0.0507,0.0889,0.0033,1,0,0,0,0,0
1778606142.614906,2026-05-12 20:15:42,0,0,0,0.0,0.0,0.0,0.0,0.0,0.0,0.0,0.0,0,0,0,0,0.0,0.0,0.0,0.0,0.0,0.0,0.0,0.0,0,3,2,3,0.0,0.0,0.0674,1.0,0.13,0.0574,0.0891,0.0033,1,0,0,0,0,0
1778606172.614906,2026-05-12 20:16:12,0,0,0,0.0,0.0,0.0,0.0,0.0,0.0,0.0,0.0,0,0,0,0,0.0,0.0,0.0,0.0,0.0,0.0,0.0,0.0,0,0,0,0,0.0,0.0,0.0,0.0,0.0,0.0,0.0,0.0,0,0,0,0,0,0
1778606202.614906,2026-05-12 20:16:42,0,0,0,0.0,0.0,0.0,0.0,0.0,0.0,0.0,0.0,0,0,0,0,0.0,0.0,0.0,0.0,0.0,0.0,0.0,0.0,0,0,0,0,0.0,0.0,0.0,0.0,0.0,0.0,0.0,0.0,0,0,0,0,0,0
1778606232.614906,2026-05-12 20:17:12,0,0,0,0.0,0.0,0.0,0.0,0.0,0.0,0.0,0.0,0,0,0,0,0.0,0.0,0.0,0.0,0.0,0.0,0.0,0.0,0,0,0,0,0.0,0.0,0.0,0.0,0.0,0.0,0.0,0.0,0,0,0,0,0,0
1778606262.614906,2026-05-12 20:17:42,0,0,0,0.0,0.0,0.0,0.0,0.0,0.0,0.0,0.0,0,0,0,0,0.0,0.0,0.0,0.0,0.0,0.0,0.0,0.0,0,0,0,0,0.0,0.0,0.0,0.0,0.0,0.0,0.0,0.0,0,0,0,0,0,0
1778606292.614906,2026-05-12 20:18:12,0,0,0,0.0,0.0,0.0,0.0,0.0,0.0,0.0,0.0,0,0,0,0,0.0,0.0,0.0,0.0,0.0,0.0,0.0,0.0,0,0,0,0,0.0,0.0,0.0,0.0,0.0,0.0,0.0,0.0,0,0,0,0,0,0
1778606322.614906,2026-05-12 20:18:42,0,0,0,0.0,0.0,0.0,0.0,0.0,0.0,0.0,0.0,0,0,0,0,0.0,0.0,0.0,0.0,0.0,0.0,0.0,0.0,0,0,0,0,0.0,0.0,0.0,0.0,0.0,0.0,0.0,0.0,0,0,0,0,0,0
1778606352.614906,2026-05-12 20:19:12,0,0,0,0.0,0.0,0.0,0.0,0.0,0.0,0.0,0.0,0,0,0,0,0.0,0.0,0.0,0.0,0.0,0.0,0.0,0.0,0,0,0,0,0.0,0.0,0.0,0.0,0.0,0.0,0.0,0.0,0,0,0,0,0,0
1778606382.614906,2026-05-12 20:19:42,0,0,0,0.0,0.0,0.0,0.0,0.0,0.0,0.0,0.0,0,0,0,0,0.0,0.0,0.0,0.0,0.0,0.0,0.0,0.0,0,0,0,0,0.0,0.0,0.0,0.0,0.0,0.0,0.0,0.0,0,0,0,0,0,0
1778606412.614906,2026-05-12 20:20:12,0,0,0,0.0,0.0,0.0,0.0,0.0,0.0,0.0,0.0,0,0,0,0,0.0,0.0,0.0,0.0,0.0,0.0,0.0,0.0,0,0,0,0,0.0,0.0,0.0,0.0,0.0,0.0,0.0,0.0,0,0,0,0,0,0
1778606442.614906,2026-05-12 20:20:42,0,0,0,0.0,0.0,0.0,0.0,0.0,0.0,0.0,0.0,0,0,0,0,0.0,0.0,0.0,0.0,0.0,0.0,0.0,0.0,0,0,0,0,0.0,0.0,0.0,0.0,0.0,0.0,0.0,0.0,0,0,0,0,0,0
1778606472.614906,2026-05-12 20:21:12,0,0,0,0.0,0.0,0.0,0.0,0.0,0.0,0.0,0.0,0,0,0,0,0.0,0.0,0.0,0.0,0.0,0.0,0.0,0.0,0,0,0,0,0.0,0.0,0.0,0.0,0.0,0.0,0.0,0.0,0,0,0,0,0,0
1778606502.614906,2026-05-12 20:21:42,2,1,2,0.0,0.0,3.1674,1.0,4.0,0.0,0.0,0.0333,1,2,1,2,0.0,0.0,3.1674,1.0,2.0,0.0,0.0,0.0167,1,2,1,2,0.0,0.0,3.1674,1.0,0.4,0.0,0.0,0.0033,1,0,0,0,0,0
1778606532.614906,2026-05-12 20:22:12,0,0,0,0.0,0.0,0.0,0.0,0.0,0.0,0.0,0.0,0,2,1,2,0.0,0.0,3.1674,1.0,2.0,0.0,0.0,0.0167,1,2,1,2,0.0,0.0,3.1674,1.0,0.4,0.0,0.0,0.0033,1,0,0,0,0,0
1778606562.614906,2026-05-12 20:22:42,0,0,0,0.0,0.0,0.0,0.0,0.0,0.0,0.0,0.0,0,0,0,0,0.0,0.0,0.0,0.0,0.0,0.0,0.0,0.0,0,2,1,2,0.0,0.0,3.1674,1.0,0.4,0.0,0.0,0.0033,1,0,0,0,0,0
1778606592.614906,2026-05-12 20:23:12,0,0,0,0.0,0.0,0.0,0.0,0.0,0.0,0.0,0.0,0,0,0,0,0.0,0.0,0.0,0.0,0.0,0.0,0.0,0.0,0,2,1,2,0.0,0.0,3.1674,1.0,0.4,0.0,0.0,0.0033,1,0,0,0,0,0
1778606622.614906,2026-05-12 20:23:42,0,0,0,0.0,0.0,0.0,0.0,0.0,0.0,0.0,0.0,0,0,0,0,0.0,0.0,0.0,0.0,0.0,0.0,0.0,0.0,0,2,1,2,0.0,0.0,3.1674,1.0,0.4,0.0,0.0,0.0033,1,0,0,0,0,0
1778606652.614906,2026-05-12 20:24:12,0,0,0,0.0,0.0,0.0,0.0,0.0,0.0,0.0,0.0,0,0,0,0,0.0,0.0,0.0,0.0,0.0,0.0,0.0,0.0,0,2,1,2,0.0,0.0,3.1674,1.0,0.4,0.0,0.0,0.0033,1,0,0,0,0,0
1778606682.614906,2026-05-12 20:24:42,1,1,1,0.0,0.0,0.0001,0.0,3.73,0.0,0.0,0.0333,1,1,1,1,0.0,0.0,0.0001,0.0,1.87,0.0,0.0,0.0167,1,3,1,3,0.0,0.0,2.1116,0.6667,0.77,0.0,0.1,0.0033,1,0,0,0,0,0
1778606712.614906,2026-05-12 20:25:12,0,0,0,0.0,0.0,0.0,0.0,0.0,0.0,0.0,0.0,0,1,1,1,0.0,0.0,0.0001,0.0,1.87,0.0,0.0,0.0167,1,3,1,3,0.0,0.0,2.1116,0.6667,0.77,0.0,0.1,0.0033,1,0,0,0,0,0
1778606742.614906,2026-05-12 20:25:42,1,1,1,0.0,0.0,0.0001,0.0,3.73,0.0,0.0,0.0333,1,1,1,1,0.0,0.0,0.0001,0.0,1.87,0.0,0.0,0.0167,1,4,1,3,0.0,0.0,1.5837,0.5,1.15,0.0,0.0914,0.0067,1,0,0,0,0,0
1778606772.614906,2026-05-12 20:26:12,0,0,0,0.0,0.0,0.0,0.0,0.0,0.0,0.0,0.0,0,1,1,1,0.0,0.0,0.0001,0.0,1.87,0.0,0.0,0.0167,1,4,1,3,0.0,0.0,1.5837,0.5,1.15,0.0,0.0914,0.0067,1,0,0,0,0,0
1778606802.614906,2026-05-12 20:26:42,1,1,1,0.0,0.0,0.0,0.0,3.73,0.0,0.0,0.0333,1,1,1,1,0.0,0.0,0.0,0.0,1.87,0.0,0.0,0.0167,1,3,1,1,0.0,0.0,0.0001,0.0,1.12,0.0,0.0,0.01,1,0,0,0,0,0
1778606832.614906,2026-05-12 20:27:12,0,0,0,0.0,0.0,0.0,0.0,0.0,0.0,0.0,0.0,0,1,1,1,0.0,0.0,0.0,0.0,1.87,0.0,0.0,0.0167,1,3,1,1,0.0,0.0,0.0001,0.0,1.12,0.0,0.0,0.01,1,0,0,0,0,0
1778606862.614906,2026-05-12 20:27:42,0,0,0,0.0,0.0,0.0,0.0,0.0,0.0,0.0,0.0,0,0,0,0,0.0,0.0,0.0,0.0,0.0,0.0,0.0,0.0,0,3,1,1,0.0,0.0,0.0001,0.0,1.12,0.0,0.0,0.01,1,0,0,0,0,0
1778606892.614906,2026-05-12 20:28:12,2,1,2,0.0,0.0,0.4561,1.0,1.33,0.0,0.0,0.0333,1,2,1,2,0.0,0.0,0.4561,1.0,0.67,0.0,0.0,0.0167,1,5,1,3,0.0,0.0,0.1825,0.4,1.25,0.0,0.0659,0.01,1,0,0,0,0,0
1778606922.614906,2026-05-12 20:28:42,0,0,0,0.0,0.0,0.0,0.0,0.0,0.0,0.0,0.0,0,2,1,2,0.0,0.0,0.4561,1.0,0.67,0.0,0.0,0.0167,1,5,1,3,0.0,0.0,0.1825,0.4,1.25,0.0,0.0659,0.01,1,0,0,0,0,0
1778606952.614906,2026-05-12 20:29:12,0,0,0,0.0,0.0,0.0,0.0,0.0,0.0,0.0,0.0,0,0,0,0,0.0,0.0,0.0,0.0,0.0,0.0,0.0,0.0,0,5,1,3,0.0,0.0,0.1825,0.4,1.25,0.0,0.0659,0.01,1,0,0,0,0,0
1778606982.614906,2026-05-12 20:29:42,2,1,2,0.0,0.0,0.3561,1.0,1.33,0.0,0.0,0.0333,1,2,1,2,0.0,0.0,0.3561,1.0,0.67,0.0,0.0,0.0167,1,6,1,4,0.0,0.0,0.2707,0.6667,1.01,0.0,0.0864,0.0067,1,0,0,0,0,0
1778607012.614906,2026-05-12 20:30:12,0,0,0,0.0,0.0,0.0,0.0,0.0,0.0,0.0,0.0,0,2,1,2,0.0,0.0,0.3561,1.0,0.67,0.0,0.0,0.0167,1,6,1,4,0.0,0.0,0.2707,0.6667,1.01,0.0,0.0864,0.0067,1,0,0,0,0,0
1778607042.614906,2026-05-12 20:30:42,0,0,0,0.0,0.0,0.0,0.0,0.0,0.0,0.0,0.0,0,0,0,0,0.0,0.0,0.0,0.0,0.0,0.0,0.0,0.0,0,5,1,4,0.0,0.0,0.3249,0.8,0.64,0.0,0.1001,0.0067,1,0,0,0,0,0
1778607072.614906,2026-05-12 20:31:12,1,1,1,0.0,0.0,0.0,0.0,3.73,0.0,0.0,0.0333,1,1,1,1,0.0,0.0,0.0,0.0,1.87,0.0,0.0,0.0167,1,6,1,4,0.0,0.0,0.2707,0.6667,1.01,0.0,0.0841,0.0067,1,0,0,0,0,0
1778607102.614906,2026-05-12 20:31:42,0,0,0,0.0,0.0,0.0,0.0,0.0,0.0,0.0,0.0,0,1,1,1,0.0,0.0,0.0,0.0,1.87,0.0,0.0,0.0167,1,5,1,4,0.0,0.0,0.3249,0.8,0.64,0.0,0.1023,0.0067,1,0,0,0,0,0
1778607132.614906,2026-05-12 20:32:12,0,0,0,0.0,0.0,0.0,0.0,0.0,0.0,0.0,0.0,0,0,0,0,0.0,0.0,0.0,0.0,0.0,0.0,0.0,0.0,0,5,1,4,0.0,0.0,0.3249,0.8,0.64,0.0,0.1023,0.0067,1,0,0,0,0,0
1778607162.614906,2026-05-12 20:32:42,0,0,0,0.0,0.0,0.0,0.0,0.0,0.0,0.0,0.0,0,0,0,0,0.0,0.0,0.0,0.0,0.0,0.0,0.0,0.0,0,5,1,4,0.0,0.0,0.3249,0.8,0.64,0.0,0.1023,0.0067,1,0,0,0,0,0
1778607192.614906,2026-05-12 20:33:12,0,0,0,0.0,0.0,0.0,0.0,0.0,0.0,0.0,0.0,0,0,0,0,0.0,0.0,0.0,0.0,0.0,0.0,0.0,0.0,0,3,1,3,0.0,0.0,0.2374,0.6667,0.51,0.0,0.1,0.0033,1,0,0,0,0,0
1778607222.614906,2026-05-12 20:33:42,0,0,0,0.0,0.0,0.0,0.0,0.0,0.0,0.0,0.0,0,0,0,0,0.0,0.0,0.0,0.0,0.0,0.0,0.0,0.0,0,3,1,3,0.0,0.0,0.2374,0.6667,0.51,0.0,0.1,0.0033,1,0,0,0,0,0
1778607252.614906,2026-05-12 20:34:12,0,0,0,0.0,0.0,0.0,0.0,0.0,0.0,0.0,0.0,0,0,0,0,0.0,0.0,0.0,0.0,0.0,0.0,0.0,0.0,0,3,1,3,0.0,0.0,0.2374,0.6667,0.51,0.0,0.1,0.0033,1,0,0,0,0,0
1778607282.614906,2026-05-12 20:34:42,0,0,0,0.0,0.0,0.0,0.0,0.0,0.0,0.0,0.0,0,0,0,0,0.0,0.0,0.0,0.0,0.0,0.0,0.0,0.0,0,1,1,1,0.0,0.0,0.0,0.0,0.37,0.0,0.0,0.0033,1,0,0,0,0,0
1778607312.614906,2026-05-12 20:35:12,0,0,0,0.0,0.0,0.0,0.0,0.0,0.0,0.0,0.0,0,0,0,0,0.0,0.0,0.0,0.0,0.0,0.0,0.0,0.0,0,1,1,1,0.0,0.0,0.0,0.0,0.37,0.0,0.0,0.0033,1,0,0,0,0,0
1778607342.614906,2026-05-12 20:35:42,0,0,0,0.0,0.0,0.0,0.0,0.0,0.0,0.0,0.0,0,0,0,0,0.0,0.0,0.0,0.0,0.0,0.0,0.0,0.0,0,1,1,1,0.0,0.0,0.0,0.0,0.37,0.0,0.0,0.0033,1,0,0,0,0,0
1778607372.614906,2026-05-12 20:36:12,0,0,0,0.0,0.0,0.0,0.0,0.0,0.0,0.0,0.0,0,0,0,0,0.0,0.0,0.0,0.0,0.0,0.0,0.0,0.0,0,0,0,0,0.0,0.0,0.0,0.0,0.0,0.0,0.0,0.0,0,0,0,0,0,0
1778607402.614906,2026-05-12 20:36:42,0,0,0,0.0,0.0,0.0,0.0,0.0,0.0,0.0,0.0,0,0,0,0,0.0,0.0,0.0,0.0,0.0,0.0,0.0,0.0,0,0,0,0,0.0,0.0,0.0,0.0,0.0,0.0,0.0,0.0,0,0,0,0,0,0
1778607432.614906,2026-05-12 20:37:12,0,0,0,0.0,0.0,0.0,0.0,0.0,0.0,0.0,0.0,0,0,0,0,0.0,0.0,0.0,0.0,0.0,0.0,0.0,0.0,0,0,0,0,0.0,0.0,0.0,0.0,0.0,0.0,0.0,0.0,0,0,0,0,0,0
1778607462.614906,2026-05-12 20:37:42,0,0,0,0.0,0.0,0.0,0.0,0.0,0.0,0.0,0.0,0,0,0,0,0.0,0.0,0.0,0.0,0.0,0.0,0.0,0.0,0,0,0,0,0.0,0.0,0.0,0.0,0.0,0.0,0.0,0.0,0,0,0,0,0,0
1778607492.614906,2026-05-12 20:38:12,0,0,0,0.0,0.0,0.0,0.0,0.0,0.0,0.0,0.0,0,0,0,0,0.0,0.0,0.0,0.0,0.0,0.0,0.0,0.0,0,0,0,0,0.0,0.0,0.0,0.0,0.0,0.0,0.0,0.0,0,0,0,0,0,0
1778607522.614906,2026-05-12 20:38:42,0,0,0,0.0,0.0,0.0,0.0,0.0,0.0,0.0,0.0,0,0,0,0,0.0,0.0,0.0,0.0,0.0,0.0,0.0,0.0,0,0,0,0,0.0,0.0,0.0,0.0,0.0,0.0,0.0,0.0,0,0,0,0,0,0
1778607552.614906,2026-05-12 20:39:12,0,0,0,0.0,0.0,0.0,0.0,0.0,0.0,0.0,0.0,0,0,0,0,0.0,0.0,0.0,0.0,0.0,0.0,0.0,0.0,0,0,0,0,0.0,0.0,0.0,0.0,0.0,0.0,0.0,0.0,0,0,0,0,0,0
1778607582.614906,2026-05-12 20:39:42,0,0,0,0.0,0.0,0.0,0.0,0.0,0.0,0.0,0.0,0,0,0,0,0.0,0.0,0.0,0.0,0.0,0.0,0.0,0.0,0,0,0,0,0.0,0.0,0.0,0.0,0.0,0.0,0.0,0.0,0,0,0,0,0,0
1778607612.614906,2026-05-12 20:40:12,0,0,0,0.0,0.0,0.0,0.0,0.0,0.0,0.0,0.0,0,0,0,0,0.0,0.0,0.0,0.0,0.0,0.0,0.0,0.0,0,0,0,0,0.0,0.0,0.0,0.0,0.0,0.0,0.0,0.0,0,0,0,0,0,0
1778607642.614906,2026-05-12 20:40:42,0,0,0,0.0,0.0,0.0,0.0,0.0,0.0,0.0,0.0,0,0,0,0,0.0,0.0,0.0,0.0,0.0,0.0,0.0,0.0,0,0,0,0,0.0,0.0,0.0,0.0,0.0,0.0,0.0,0.0,0,0,0,0,0,0
1778607672.614906,2026-05-12 20:41:12,0,0,0,0.0,0.0,0.0,0.0,0.0,0.0,0.0,0.0,0,0,0,0,0.0,0.0,0.0,0.0,0.0,0.0,0.0,0.0,0,0,0,0,0.0,0.0,0.0,0.0,0.0,0.0,0.0,0.0,0,0,0,0,0,0
1778607702.614906,2026-05-12 20:41:42,0,0,0,0.0,0.0,0.0,0.0,0.0,0.0,0.0,0.0,0,0,0,0,0.0,0.0,0.0,0.0,0.0,0.0,0.0,0.0,0,0,0,0,0.0,0.0,0.0,0.0,0.0,0.0,0.0,0.0,0,0,0,0,0,0
1778607732.614906,2026-05-12 20:42:12,0,0,0,0.0,0.0,0.0,0.0,0.0,0.0,0.0,0.0,0,0,0,0,0.0,0.0,0.0,0.0,0.0,0.0,0.0,0.0,0,0,0,0,0.0,0.0,0.0,0.0,0.0,0.0,0.0,0.0,0,0,0,0,0,0
1778607762.614906,2026-05-12 20:42:42,0,0,0,0.0,0.0,0.0,0.0,0.0,0.0,0.0,0.0,0,0,0,0,0.0,0.0,0.0,0.0,0.0,0.0,0.0,0.0,0,0,0,0,0.0,0.0,0.0,0.0,0.0,0.0,0.0,0.0,0,0,0,0,0,0
1778607792.614906,2026-05-12 20:43:12,0,0,0,0.0,0.0,0.0,0.0,0.0,0.0,0.0,0.0,0,0,0,0,0.0,0.0,0.0,0.0,0.0,0.0,0.0,0.0,0,0,0,0,0.0,0.0,0.0,0.0,0.0,0.0,0.0,0.0,0,0,0,0,0,0
1778607822.614906,2026-05-12 20:43:42,0,0,0,0.0,0.0,0.0,0.0,0.0,0.0,0.0,0.0,0,0,0,0,0.0,0.0,0.0,0.0,0.0,0.0,0.0,0.0,0,0,0,0,0.0,0.0,0.0,0.0,0.0,0.0,0.0,0.0,0,0,0,0,0,0
1778607852.614906,2026-05-12 20:44:12,0,0,0,0.0,0.0,0.0,0.0,0.0,0.0,0.0,0.0,0,0,0,0,0.0,0.0,0.0,0.0,0.0,0.0,0.0,0.0,0,0,0,0,0.0,0.0,0.0,0.0,0.0,0.0,0.0,0.0,0,0,0,0,0,0
1778607882.614906,2026-05-12 20:44:42,0,0,0,0.0,0.0,0.0,0.0,0.0,0.0,0.0,0.0,0,0,0,0,0.0,0.0,0.0,0.0,0.0,0.0,0.0,0.0,0,0,0,0,0.0,0.0,0.0,0.0,0.0,0.0,0.0,0.0,0,0,0,0,0,0
1778607912.614906,2026-05-12 20:45:12,0,0,0,0.0,0.0,0.0,0.0,0.0,0.0,0.0,0.0,0,0,0,0,0.0,0.0,0.0,0.0,0.0,0.0,0.0,0.0,0,0,0,0,0.0,0.0,0.0,0.0,0.0,0.0,0.0,0.0,0,0,0,0,0,0
1778607942.614906,2026-05-12 20:45:42,0,0,0,0.0,0.0,0.0,0.0,0.0,0.0,0.0,0.0,0,0,0,0,0.0,0.0,0.0,0.0,0.0,0.0,0.0,0.0,0,0,0,0,0.0,0.0,0.0,0.0,0.0,0.0,0.0,0.0,0,0,0,0,0,0
1778607972.614906,2026-05-12 20:46:12,0,0,0,0.0,0.0,0.0,0.0,0.0,0.0,0.0,0.0,0,0,0,0,0.0,0.0,0.0,0.0,0.0,0.0,0.0,0.0,0,0,0,0,0.0,0.0,0.0,0.0,0.0,0.0,0.0,0.0,0,0,0,0,0,0
1778608002.614906,2026-05-12 20:46:42,0,0,0,0.0,0.0,0.0,0.0,0.0,0.0,0.0,0.0,0,0,0,0,0.0,0.0,0.0,0.0,0.0,0.0,0.0,0.0,0,0,0,0,0.0,0.0,0.0,0.0,0.0,0.0,0.0,0.0,0,0,0,0,0,0
1778608032.614906,2026-05-12 20:47:12,0,0,0,0.0,0.0,0.0,0.0,0.0,0.0,0.0,0.0,0,0,0,0,0.0,0.0,0.0,0.0,0.0,0.0,0.0,0.0,0,0,0,0,0.0,0.0,0.0,0.0,0.0,0.0,0.0,0.0,0,0,0,0,0,0
1778608062.614906,2026-05-12 20:47:42,0,0,0,0.0,0.0,0.0,0.0,0.0,0.0,0.0,0.0,0,0,0,0,0.0,0.0,0.0,0.0,0.0,0.0,0.0,0.0,0,0,0,0,0.0,0.0,0.0,0.0,0.0,0.0,0.0,0.0,0,0,0,0,0,0
1778608092.614906,2026-05-12 20:48:12,0,0,0,0.0,0.0,0.0,0.0,0.0,0.0,0.0,0.0,0,0,0,0,0.0,0.0,0.0,0.0,0.0,0.0,0.0,0.0,0,0,0,0,0.0,0.0,0.0,0.0,0.0,0.0,0.0,0.0,0,0,0,0,0,0
1778608122.614906,2026-05-12 20:48:42,0,0,0,0.0,0.0,0.0,0.0,0.0,0.0,0.0,0.0,0,0,0,0,0.0,0.0,0.0,0.0,0.0,0.0,0.0,0.0,0,0,0,0,0.0,0.0,0.0,0.0,0.0,0.0,0.0,0.0,0,0,0,0,0,0
1778608152.614906,2026-05-12 20:49:12,0,0,0,0.0,0.0,0.0,0.0,0.0,0.0,0.0,0.0,0,0,0,0,0.0,0.0,0.0,0.0,0.0,0.0,0.0,0.0,0,0,0,0,0.0,0.0,0.0,0.0,0.0,0.0,0.0,0.0,0,0,0,0,0,0
1778608182.614906,2026-05-12 20:49:42,0,0,0,0.0,0.0,0.0,0.0,0.0,0.0,0.0,0.0,0,0,0,0,0.0,0.0,0.0,0.0,0.0,0.0,0.0,0.0,0,0,0,0,0.0,0.0,0.0,0.0,0.0,0.0,0.0,0.0,0,0,0,0,0,0
1778608212.614906,2026-05-12 20:50:12,0,0,0,0.0,0.0,0.0,0.0,0.0,0.0,0.0,0.0,0,0,0,0,0.0,0.0,0.0,0.0,0.0,0.0,0.0,0.0,0,0,0,0,0.0,0.0,0.0,0.0,0.0,0.0,0.0,0.0,0,0,0,0,0,0
1778608242.614906,2026-05-12 20:50:42,0,0,0,0.0,0.0,0.0,0.0,0.0,0.0,0.0,0.0,0,0,0,0,0.0,0.0,0.0,0.0,0.0,0.0,0.0,0.0,0,0,0,0,0.0,0.0,0.0,0.0,0.0,0.0,0.0,0.0,0,0,0,0,0,0
1778608272.614906,2026-05-12 20:51:12,0,0,0,0.0,0.0,0.0,0.0,0.0,0.0,0.0,0.0,0,0,0,0,0.0,0.0,0.0,0.0,0.0,0.0,0.0,0.0,0,0,0,0,0.0,0.0,0.0,0.0,0.0,0.0,0.0,0.0,0,0,0,0,0,0
1778608302.614906,2026-05-12 20:51:42,0,0,0,0.0,0.0,0.0,0.0,0.0,0.0,0.0,0.0,0,0,0,0,0.0,0.0,0.0,0.0,0.0,0.0,0.0,0.0,0,0,0,0,0.0,0.0,0.0,0.0,0.0,0.0,0.0,0.0,0,0,0,0,0,0
1778608332.614906,2026-05-12 20:52:12,0,0,0,0.0,0.0,0.0,0.0,0.0,0.0,0.0,0.0,0,0,0,0,0.0,0.0,0.0,0.0,0.0,0.0,0.0,0.0,0,0,0,0,0.0,0.0,0.0,0.0,0.0,0.0,0.0,0.0,0,0,0,0,0,0
1778608362.614906,2026-05-12 20:52:42,0,0,0,0.0,0.0,0.0,0.0,0.0,0.0,0.0,0.0,0,0,0,0,0.0,0.0,0.0,0.0,0.0,0.0,0.0,0.0,0,0,0,0,0.0,0.0,0.0,0.0,0.0,0.0,0.0,0.0,0,0,0,0,0,0
1778608392.614906,2026-05-12 20:53:12,0,0,0,0.0,0.0,0.0,0.0,0.0,0.0,0.0,0.0,0,0,0,0,0.0,0.0,0.0,0.0,0.0,0.0,0.0,0.0,0,0,0,0,0.0,0.0,0.0,0.0,0.0,0.0,0.0,0.0,0,0,0,0,0,0
1778608422.614906,2026-05-12 20:53:42,0,0,0,0.0,0.0,0.0,0.0,0.0,0.0,0.0,0.0,0,0,0,0,0.0,0.0,0.0,0.0,0.0,0.0,0.0,0.0,0,0,0,0,0.0,0.0,0.0,0.0,0.0,0.0,0.0,0.0,0,0,0,0,0,0
1778608452.614906,2026-05-12 20:54:12,0,0,0,0.0,0.0,0.0,0.0,0.0,0.0,0.0,0.0,0,0,0,0,0.0,0.0,0.0,0.0,0.0,0.0,0.0,0.0,0,0,0,0,0.0,0.0,0.0,0.0,0.0,0.0,0.0,0.0,0,0,0,0,0,0
1778608482.614906,2026-05-12 20:54:42,2,1,2,0.0,0.0,18.9206,1.0,6.67,0.0,0.0,0.0333,1,2,1,2,0.0,0.0,18.9206,1.0,3.33,0.0,0.0,0.0167,1,2,1,2,0.0,0.0,18.9206,1.0,0.67,0.0,0.0,0.0033,1,0,0,0,0,0
1778608512.614906,2026-05-12 20:55:12,0,0,0,0.0,0.0,0.0,0.0,0.0,0.0,0.0,0.0,0,2,1,2,0.0,0.0,18.9206,1.0,3.33,0.0,0.0,0.0167,1,2,1,2,0.0,0.0,18.9206,1.0,0.67,0.0,0.0,0.0033,1,0,0,0,0,0
1778608542.614906,2026-05-12 20:55:42,0,0,0,0.0,0.0,0.0,0.0,0.0,0.0,0.0,0.0,0,0,0,0,0.0,0.0,0.0,0.0,0.0,0.0,0.0,0.0,0,2,1,2,0.0,0.0,18.9206,1.0,0.67,0.0,0.0,0.0033,1,0,0,0,0,0
1778608572.614906,2026-05-12 20:56:12,0,0,0,0.0,0.0,0.0,0.0,0.0,0.0,0.0,0.0,0,0,0,0,0.0,0.0,0.0,0.0,0.0,0.0,0.0,0.0,0,2,1,2,0.0,0.0,18.9206,1.0,0.67,0.0,0.0,0.0033,1,0,0,0,0,0
1778608602.614906,2026-05-12 20:56:42,0,0,0,0.0,0.0,0.0,0.0,0.0,0.0,0.0,0.0,0,0,0,0,0.0,0.0,0.0,0.0,0.0,0.0,0.0,0.0,0,2,1,2,0.0,0.0,18.9206,1.0,0.67,0.0,0.0,0.0033,1,0,0,0,0,0
1778608632.614906,2026-05-12 20:57:12,0,0,0,0.0,0.0,0.0,0.0,0.0,0.0,0.0,0.0,0,0,0,0,0.0,0.0,0.0,0.0,0.0,0.0,0.0,0.0,0,2,1,2,0.0,0.0,18.9206,1.0,0.67,0.0,0.0,0.0033,1,0,0,0,0,0
1778608662.614906,2026-05-12 20:57:42,2,1,2,0.0,0.0,0.2501,1.0,1.33,0.0,0.0,0.0333,1,2,1,2,0.0,0.0,0.2501,1.0,0.67,0.0,0.0,0.0167,1,4,1,2,0.0,0.0,9.5854,1.0,0.8,0.0,0.1414,0.0067,1,0,0,0,0,0
1778608692.614906,2026-05-12 20:58:12,0,0,0,0.0,0.0,0.0,0.0,0.0,0.0,0.0,0.0,0,2,1,2,0.0,0.0,0.2501,1.0,0.67,0.0,0.0,0.0167,1,4,1,2,0.0,0.0,9.5854,1.0,0.8,0.0,0.1414,0.0067,1,0,0,0,0,0
1778608722.614906,2026-05-12 20:58:42,0,0,0,0.0,0.0,0.0,0.0,0.0,0.0,0.0,0.0,0,0,0,0,0.0,0.0,0.0,0.0,0.0,0.0,0.0,0.0,0,4,1,2,0.0,0.0,9.5854,1.0,0.8,0.0,0.1414,0.0067,1,0,0,0,0,0
1778608752.614906,2026-05-12 20:59:12,0,0,0,0.0,0.0,0.0,0.0,0.0,0.0,0.0,0.0,0,0,0,0,0.0,0.0,0.0,0.0,0.0,0.0,0.0,0.0,0,4,1,2,0.0,0.0,9.5854,1.0,0.8,0.0,0.1414,0.0067,1,0,0,0,0,0
1778608782.614906,2026-05-12 20:59:42,0,0,0,0.0,0.0,0.0,0.0,0.0,0.0,0.0,0.0,0,0,0,0,0.0,0.0,0.0,0.0,0.0,0.0,0.0,0.0,0,2,1,2,0.0,0.0,0.2501,1.0,0.13,0.0,0.0,0.0033,1,0,0,0,0,0
1778608812.614906,2026-05-12 21:00:12,11,1,1,0.0,0.3667,0.0608,0.0,50.23,0.0,0.1432,0.3667,1,11,1,1,0.0,0.1833,0.0608,0.0,25.12,0.0,0.1432,0.1833,1,13,2,3,0.0,0.0367,0.0899,0.1538,5.16,0.0387,0.3298,0.0367,1,0,0,0,0,0
1778608842.614906,2026-05-12 21:00:42,0,0,0,0.0,0.0,0.0,0.0,0.0,0.0,0.0,0.0,0,11,1,1,0.0,0.1833,0.0608,0.0,25.12,0.0,0.1432,0.1833,1,13,2,3,0.0,0.0367,0.0899,0.1538,5.16,0.0387,0.3298,0.0367,1,0,0,0,0,0
1778608872.614906,2026-05-12 21:01:12,0,0,0,0.0,0.0,0.0,0.0,0.0,0.0,0.0,0.0,0,0,0,0,0.0,0.0,0.0,0.0,0.0,0.0,0.0,0.0,0,13,2,3,0.0,0.0367,0.0899,0.1538,5.16,0.0387,0.3298,0.0367,1,0,0,0,0,0
1778608902.614906,2026-05-12 21:01:42,0,0,0,0.0,0.0,0.0,0.0,0.0,0.0,0.0,0.0,0,0,0,0,0.0,0.0,0.0,0.0,0.0,0.0,0.0,0.0,0,13,2,3,0.0,0.0367,0.0899,0.1538,5.16,0.0387,0.3298,0.0367,1,0,0,0,0,0
1778608932.614906,2026-05-12 21:02:12,1,1,1,0.0,0.0,0.0,0.0,3.73,0.0,0.0,0.0333,1,1,1,1,0.0,0.0,0.0,0.0,1.87,0.0,0.0,0.0167,1,14,2,4,0.0,0.0367,0.0835,0.1429,5.53,0.0468,0.2346,0.0367,1,0,0,0,0,0
1778608962.614906,2026-05-12 21:02:42,0,0,0,0.0,0.0,0.0,0.0,0.0,0.0,0.0,0.0,0,1,1,1,0.0,0.0,0.0,0.0,1.87,0.0,0.0,0.0167,1,12,2,2,0.0,0.0367,0.0557,0.0,5.4,0.0259,0.3142,0.0367,1,0,0,0,0,0
1778608992.614906,2026-05-12 21:03:12,2,1,2,0.0,0.0,0.0,0.5,3.73,0.0,0.0,0.0333,1,2,1,2,0.0,0.0,0.0,0.5,1.87,0.0,0.0,0.0167,1,14,2,3,0.0,0.0367,0.0478,0.0714,5.77,0.0468,0.2394,0.0367,1,0,0,0,0,0
1778609022.614906,2026-05-12 21:03:42,0,0,0,0.0,0.0,0.0,0.0,0.0,0.0,0.0,0.0,0,2,1,2,0.0,0.0,0.0,0.5,1.87,0.0,0.0,0.0167,1,14,2,3,0.0,0.0367,0.0478,0.0714,5.77,0.0468,0.2394,0.0367,1,0,0,0,0,0
1778609052.614906,2026-05-12 21:04:12,1,1,1,0.0,0.0,30.1304,0.0,7.47,0.0,0.0,0.0333,1,1,1,1,0.0,0.0,30.1304,0.0,3.73,0.0,0.0,0.0167,1,15,2,3,0.0,0.0367,2.0533,0.0667,6.52,0.0523,0.1988,0.0367,1,0,0,0,0,0
1778609082.614906,2026-05-12 21:04:42,0,0,0,0.0,0.0,0.0,0.0,0.0,0.0,0.0,0.0,0,1,1,1,0.0,0.0,30.1304,0.0,3.73,0.0,0.0,0.0167,1,15,2,3,0.0,0.0367,2.0533,0.0667,6.52,0.0523,0.1988,0.0367,1,0,0,0,0,0
1778609112.614906,2026-05-12 21:05:12,0,0,0,0.0,0.0,0.0,0.0,0.0,0.0,0.0,0.0,0,0,0,0,0.0,0.0,0.0,0.0,0.0,0.0,0.0,0.0,0,4,1,2,0.0,0.0,7.5326,0.25,1.49,0.0,0.0535,0.01,1,0,0,0,0,0
1778609142.614906,2026-05-12 21:05:42,0,0,0,0.0,0.0,0.0,0.0,0.0,0.0,0.0,0.0,0,0,0,0,0.0,0.0,0.0,0.0,0.0,0.0,0.0,0.0,0,4,1,2,0.0,0.0,7.5326,0.25,1.49,0.0,0.0535,0.01,1,0,0,0,0,0
1778609172.614906,2026-05-12 21:06:12,0,0,0,0.0,0.0,0.0,0.0,0.0,0.0,0.0,0.0,0,0,0,0,0.0,0.0,0.0,0.0,0.0,0.0,0.0,0.0,0,4,1,2,0.0,0.0,7.5326,0.25,1.49,0.0,0.0535,0.01,1,0,0,0,0,0
1778609202.614906,2026-05-12 21:06:42,0,0,0,0.0,0.0,0.0,0.0,0.0,0.0,0.0,0.0,0,0,0,0,0.0,0.0,0.0,0.0,0.0,0.0,0.0,0.0,0,4,1,2,0.0,0.0,7.5326,0.25,1.49,0.0,0.0535,0.01,1,0,0,0,0,0
1778609232.614906,2026-05-12 21:07:12,0,0,0,0.0,0.0,0.0,0.0,0.0,0.0,0.0,0.0,0,0,0,0,0.0,0.0,0.0,0.0,0.0,0.0,0.0,0.0,0,3,1,2,0.0,0.0,10.0435,0.3333,1.12,0.0,0.0706,0.0067,1,0,0,0,0,0
1778609262.614906,2026-05-12 21:07:42,0,0,0,0.0,0.0,0.0,0.0,0.0,0.0,0.0,0.0,0,0,0,0,0.0,0.0,0.0,0.0,0.0,0.0,0.0,0.0,0,3,1,2,0.0,0.0,10.0435,0.3333,1.12,0.0,0.0706,0.0067,1,0,0,0,0,0
1778609292.614906,2026-05-12 21:08:12,0,0,0,0.0,0.0,0.0,0.0,0.0,0.0,0.0,0.0,0,0,0,0,0.0,0.0,0.0,0.0,0.0,0.0,0.0,0.0,0,1,1,1,0.0,0.0,30.1304,0.0,0.75,0.0,0.0,0.0033,1,0,0,0,0,0
1778609322.614906,2026-05-12 21:08:42,0,0,0,0.0,0.0,0.0,0.0,0.0,0.0,0.0,0.0,0,0,0,0,0.0,0.0,0.0,0.0,0.0,0.0,0.0,0.0,0,1,1,1,0.0,0.0,30.1304,0.0,0.75,0.0,0.0,0.0033,1,0,0,0,0,0
1778609352.614906,2026-05-12 21:09:12,0,0,0,0.0,0.0,0.0,0.0,0.0,0.0,0.0,0.0,0,0,0,0,0.0,0.0,0.0,0.0,0.0,0.0,0.0,0.0,0,0,0,0,0.0,0.0,0.0,0.0,0.0,0.0,0.0,0.0,0,0,0,0,0,0
1778609382.614906,2026-05-12 21:09:42,0,0,0,0.0,0.0,0.0,0.0,0.0,0.0,0.0,0.0,0,0,0,0,0.0,0.0,0.0,0.0,0.0,0.0,0.0,0.0,0,0,0,0,0.0,0.0,0.0,0.0,0.0,0.0,0.0,0.0,0,0,0,0,0,0
1778609412.614906,2026-05-12 21:10:12,0,0,0,0.0,0.0,0.0,0.0,0.0,0.0,0.0,0.0,0,0,0,0,0.0,0.0,0.0,0.0,0.0,0.0,0.0,0.0,0,0,0,0,0.0,0.0,0.0,0.0,0.0,0.0,0.0,0.0,0,0,0,0,0,0
1778609442.614906,2026-05-12 21:10:42,0,0,0,0.0,0.0,0.0,0.0,0.0,0.0,0.0,0.0,0,0,0,0,0.0,0.0,0.0,0.0,0.0,0.0,0.0,0.0,0,0,0,0,0.0,0.0,0.0,0.0,0.0,0.0,0.0,0.0,0,0,0,0,0,0
1778609472.614906,2026-05-12 21:11:12,0,0,0,0.0,0.0,0.0,0.0,0.0,0.0,0.0,0.0,0,0,0,0,0.0,0.0,0.0,0.0,0.0,0.0,0.0,0.0,0,0,0,0,0.0,0.0,0.0,0.0,0.0,0.0,0.0,0.0,0,0,0,0,0,0
1778609502.614906,2026-05-12 21:11:42,0,0,0,0.0,0.0,0.0,0.0,0.0,0.0,0.0,0.0,0,0,0,0,0.0,0.0,0.0,0.0,0.0,0.0,0.0,0.0,0,0,0,0,0.0,0.0,0.0,0.0,0.0,0.0,0.0,0.0,0,0,0,0,0,0
1778609532.614906,2026-05-12 21:12:12,0,0,0,0.0,0.0,0.0,0.0,0.0,0.0,0.0,0.0,0,0,0,0,0.0,0.0,0.0,0.0,0.0,0.0,0.0,0.0,0,0,0,0,0.0,0.0,0.0,0.0,0.0,0.0,0.0,0.0,0,0,0,0,0,0
1778609562.614906,2026-05-12 21:12:42,0,0,0,0.0,0.0,0.0,0.0,0.0,0.0,0.0,0.0,0,0,0,0,0.0,0.0,0.0,0.0,0.0,0.0,0.0,0.0,0,0,0,0,0.0,0.0,0.0,0.0,0.0,0.0,0.0,0.0,0,0,0,0,0,0
1778609592.614906,2026-05-12 21:13:12,0,0,0,0.0,0.0,0.0,0.0,0.0,0.0,0.0,0.0,0,0,0,0,0.0,0.0,0.0,0.0,0.0,0.0,0.0,0.0,0,0,0,0,0.0,0.0,0.0,0.0,0.0,0.0,0.0,0.0,0,0,0,0,0,0
1778609622.614906,2026-05-12 21:13:42,0,0,0,0.0,0.0,0.0,0.0,0.0,0.0,0.0,0.0,0,0,0,0,0.0,0.0,0.0,0.0,0.0,0.0,0.0,0.0,0,0,0,0,0.0,0.0,0.0,0.0,0.0,0.0,0.0,0.0,0,0,0,0,0,0
1778609652.614906,2026-05-12 21:14:12,0,0,0,0.0,0.0,0.0,0.0,0.0,0.0,0.0,0.0,0,0,0,0,0.0,0.0,0.0,0.0,0.0,0.0,0.0,0.0,0,0,0,0,0.0,0.0,0.0,0.0,0.0,0.0,0.0,0.0,0,0,0,0,0,0
1778609682.614906,2026-05-12 21:14:42,1,1,1,0.0,0.0,0.0,0.0,3.73,0.0,0.0,0.0333,1,1,1,1,0.0,0.0,0.0,0.0,1.87,0.0,0.0,0.0167,1,1,1,1,0.0,0.0,0.0,0.0,0.37,0.0,0.0,0.0033,1,0,0,0,0,0
1778609712.614906,2026-05-12 21:15:12,0,0,0,0.0,0.0,0.0,0.0,0.0,0.0,0.0,0.0,0,1,1,1,0.0,0.0,0.0,0.0,1.87,0.0,0.0,0.0167,1,1,1,1,0.0,0.0,0.0,0.0,0.37,0.0,0.0,0.0033,1,0,0,0,0,0
1778609742.614906,2026-05-12 21:15:42,0,0,0,0.0,0.0,0.0,0.0,0.0,0.0,0.0,0.0,0,0,0,0,0.0,0.0,0.0,0.0,0.0,0.0,0.0,0.0,0,1,1,1,0.0,0.0,0.0,0.0,0.37,0.0,0.0,0.0033,1,0,0,0,0,0
1778609772.614906,2026-05-12 21:16:12,1,1,1,0.0,0.0,14.8502,1.0,2.67,0.0,0.0,0.0333,1,1,1,1,0.0,0.0,14.8502,1.0,1.33,0.0,0.0,0.0167,1,2,1,2,0.0,0.0,7.4251,0.5,0.64,0.0,0.0,0.0033,1,0,0,0,0,0
1778609802.614906,2026-05-12 21:16:42,0,0,0,0.0,0.0,0.0,0.0,0.0,0.0,0.0,0.0,0,1,1,1,0.0,0.0,14.8502,1.0,1.33,0.0,0.0,0.0167,1,2,1,2,0.0,0.0,7.4251,0.5,0.64,0.0,0.0,0.0033,1,0,0,0,0,0
1778609832.614906,2026-05-12 21:17:12,1,1,1,0.0,0.0,0.0,0.0,3.73,0.0,0.0,0.0333,1,1,1,1,0.0,0.0,0.0,0.0,1.87,0.0,0.0,0.0167,1,3,1,2,0.0,0.0,4.9501,0.3333,1.01,0.0,0.006,0.0067,1,0,0,0,0,0
1778609862.614906,2026-05-12 21:17:42,0,0,0,0.0,0.0,0.0,0.0,0.0,0.0,0.0,0.0,0,1,1,1,0.0,0.0,0.0,0.0,1.87,0.0,0.0,0.0167,1,3,1,2,0.0,0.0,4.9501,0.3333,1.01,0.0,0.006,0.0067,1,0,0,0,0,0
1778609892.614906,2026-05-12 21:18:12,1,1,1,0.0,0.0,0.0,0.0,3.73,0.0,0.0,0.0333,1,1,1,1,0.0,0.0,0.0,0.0,1.87,0.0,0.0,0.0167,1,4,1,2,0.0,0.0,3.7126,0.25,1.39,0.0,0.0114,0.01,1,0,0,0,0,0
1778609922.614906,2026-05-12 21:18:42,0,0,0,0.0,0.0,0.0,0.0,0.0,0.0,0.0,0.0,0,1,1,1,0.0,0.0,0.0,0.0,1.87,0.0,0.0,0.0167,1,4,1,2,0.0,0.0,3.7126,0.25,1.39,0.0,0.0114,0.01,1,0,0,0,0,0
1778609952.614906,2026-05-12 21:19:12,1,1,1,0.0,0.0,0.0,0.0,3.73,0.0,0.0,0.0333,1,1,1,1,0.0,0.0,0.0,0.0,1.87,0.0,0.0,0.0167,1,5,1,2,0.0,0.0,2.9701,0.2,1.76,0.0,0.0121,0.0133,1,0,0,0,0,0
1778609982.614906,2026-05-12 21:19:42,0,0,0,0.0,0.0,0.0,0.0,0.0,0.0,0.0,0.0,0,1,1,1,0.0,0.0,0.0,0.0,1.87,0.0,0.0,0.0167,1,4,1,2,0.0,0.0,3.7126,0.25,1.39,0.0,0.0078,0.01,1,0,0,0,0,0
1778610012.614906,2026-05-12 21:20:12,1,1,1,0.0,0.0,0.0,0.0,3.73,0.0,0.0,0.0333,1,1,1,1,0.0,0.0,0.0,0.0,1.87,0.0,0.0,0.0167,1,5,1,2,0.0,0.0,2.9701,0.2,1.76,0.0,0.0073,0.0133,1,0,0,0,0,0
1778610042.614906,2026-05-12 21:20:42,0,0,0,0.0,0.0,0.0,0.0,0.0,0.0,0.0,0.0,0,1,1,1,0.0,0.0,0.0,0.0,1.87,0.0,0.0,0.0167,1,5,1,2,0.0,0.0,2.9701,0.2,1.76,0.0,0.0073,0.0133,1,0,0,0,0,0
1778610072.614906,2026-05-12 21:21:12,1,1,1,0.0,0.0,0.0,0.0,3.73,0.0,0.0,0.0333,1,1,1,1,0.0,0.0,0.0,0.0,1.87,0.0,0.0,0.0167,1,5,1,1,0.0,0.0,0.0,0.0,1.87,0.0,0.0,0.0167,1,0,0,0,0,0
1778610102.614906,2026-05-12 21:21:42,0,0,0,0.0,0.0,0.0,0.0,0.0,0.0,0.0,0.0,0,1,1,1,0.0,0.0,0.0,0.0,1.87,0.0,0.0,0.0167,1,5,1,1,0.0,0.0,0.0,0.0,1.87,0.0,0.0,0.0167,1,0,0,0,0,0
1778610132.614906,2026-05-12 21:22:12,2,1,2,0.0,0.0,0.0,0.5,3.73,0.0,0.0,0.0333,1,2,1,2,0.0,0.0,0.0,0.5,1.87,0.0,0.0,0.0167,1,6,1,2,0.0,0.0,0.0,0.1667,1.87,0.0,0.0455,0.0167,1,0,0,0,0,0
1778610162.614906,2026-05-12 21:22:42,0,0,0,0.0,0.0,0.0,0.0,0.0,0.0,0.0,0.0,0,2,1,2,0.0,0.0,0.0,0.5,1.87,0.0,0.0,0.0167,1,6,1,2,0.0,0.0,0.0,0.1667,1.87,0.0,0.0455,0.0167,1,0,0,0,0,0
1778610192.614906,2026-05-12 21:23:12,1,1,1,0.0,0.0,0.0,0.0,3.73,0.0,0.0,0.0333,1,1,1,1,0.0,0.0,0.0,0.0,1.87,0.0,0.0,0.0167,1,6,1,2,0.0,0.0,0.0,0.1667,1.87,0.0,0.0455,0.0167,1,0,0,0,0,0
1778610222.614906,2026-05-12 21:23:42,0,0,0,0.0,0.0,0.0,0.0,0.0,0.0,0.0,0.0,0,1,1,1,0.0,0.0,0.0,0.0,1.87,0.0,0.0,0.0167,1,6,1,2,0.0,0.0,0.0,0.1667,1.87,0.0,0.0455,0.0167,1,0,0,0,0,0
1778610252.614906,2026-05-12 21:24:12,1,1,1,0.0,0.0,0.0,0.0,3.73,0.0,0.0,0.0333,1,1,1,1,0.0,0.0,0.0,0.0,1.87,0.0,0.0,0.0167,1,6,1,2,0.0,0.0,0.0,0.1667,1.87,0.0,0.0455,0.0167,1,0,0,0,0,0
1778610282.614906,2026-05-12 21:24:42,0,0,0,0.0,0.0,0.0,0.0,0.0,0.0,0.0,0.0,0,1,1,1,0.0,0.0,0.0,0.0,1.87,0.0,0.0,0.0167,1,6,1,2,0.0,0.0,0.0,0.1667,1.87,0.0,0.0455,0.0167,1,0,0,0,0,0
1778610312.614906,2026-05-12 21:25:12,1,1,1,0.0,0.0,0.0,0.0,3.73,0.0,0.0,0.0333,1,1,1,1,0.0,0.0,0.0,0.0,1.87,0.0,0.0,0.0167,1,6,1,2,0.0,0.0,0.0,0.1667,1.87,0.0,0.0455,0.0167,1,0,0,0,0,0
1778610342.614906,2026-05-12 21:25:42,0,0,0,0.0,0.0,0.0,0.0,0.0,0.0,0.0,0.0,0,1,1,1,0.0,0.0,0.0,0.0,1.87,0.0,0.0,0.0167,1,6,1,2,0.0,0.0,0.0,0.1667,1.87,0.0,0.0455,0.0167,1,0,0,0,0,0
1778610372.614906,2026-05-12 21:26:12,1,1,1,0.0,0.0,0.0,0.0,3.73,0.0,0.0,0.0333,1,1,1,1,0.0,0.0,0.0,0.0,1.87,0.0,0.0,0.0167,1,6,1,2,0.0,0.0,0.0,0.1667,1.87,0.0,0.0455,0.0167,1,0,0,0,0,0
1778610402.614906,2026-05-12 21:26:42,1,1,1,0.0,0.0,0.0868,1.0,1.6,0.0,0.0,0.0333,1,2,2,2,0.0,0.0,0.0434,0.5,2.67,0.0625,0.0,0.0167,1,7,2,3,0.0,0.0,0.0124,0.2857,2.03,0.037,0.0525,0.0167,1,0,0,0,0,0
1778610432.614906,2026-05-12 21:27:12,4,2,3,0.0,0.0,0.2401,0.75,5.73,0.0507,0.1341,0.0667,2,5,3,4,0.0,0.0,0.2095,0.8,3.67,0.0857,0.0966,0.0333,2,9,3,4,0.0,0.0,0.1164,0.4444,2.23,0.0617,0.0814,0.0167,2,0,0,0,0,0
1778610462.614906,2026-05-12 21:27:42,0,0,0,0.0,0.0,0.0,0.0,0.0,0.0,0.0,0.0,0,4,2,3,0.0,0.0,0.2401,0.75,2.87,0.0507,0.1341,0.0333,2,9,3,4,0.0,0.0,0.1164,0.4444,2.23,0.0617,0.0814,0.0167,2,0,0,0,0,0
1778610492.614906,2026-05-12 21:28:12,1,1,1,0.0,0.0,0.0,0.0,3.73,0.0,0.0,0.0333,1,1,1,1,0.0,0.0,0.0,0.0,1.87,0.0,0.0,0.0167,1,9,3,4,0.0,0.0,0.1164,0.4444,2.23,0.0617,0.0814,0.0167,2,0,0,0,0,0
1778610522.614906,2026-05-12 21:28:42,0,0,0,0.0,0.0,0.0,0.0,0.0,0.0,0.0,0.0,0,1,1,1,0.0,0.0,0.0,0.0,1.87,0.0,0.0,0.0167,1,9,3,4,0.0,0.0,0.1164,0.4444,2.23,0.0617,0.0814,0.0167,2,0,0,0,0,0
1778610552.614906,2026-05-12 21:29:12,1,1,1,0.0,0.0,0.0,0.0,3.73,0.0,0.0,0.0333,1,1,1,1,0.0,0.0,0.0,0.0,1.87,0.0,0.0,0.0167,1,9,3,4,0.0,0.0,0.1164,0.4444,2.23,0.0617,0.0814,0.0167,2,0,0,0,0,0
1778610582.614906,2026-05-12 21:29:42,0,0,0,0.0,0.0,0.0,0.0,0.0,0.0,0.0,0.0,0,1,1,1,0.0,0.0,0.0,0.0,1.87,0.0,0.0,0.0167,1,9,3,4,0.0,0.0,0.1164,0.4444,2.23,0.0617,0.0814,0.0167,2,0,0,0,0,0
1778610612.614906,2026-05-12 21:30:12,2,1,2,0.0,0.0,3.1702,0.5,6.4,0.0,0.0,0.0333,1,2,1,2,0.0,0.0,3.1702,0.5,3.2,0.0,0.0,0.0167,1,10,3,4,0.0,0.0,0.7388,0.5,2.49,0.0576,0.0794,0.0167,2,0,0,0,0,0
1778610642.614906,2026-05-12 21:30:42,0,0,0,0.0,0.0,0.0,0.0,0.0,0.0,0.0,0.0,0,2,1,2,0.0,0.0,3.1702,0.5,3.2,0.0,0.0,0.0167,1,10,3,4,0.0,0.0,0.7388,0.5,2.49,0.0576,0.0794,0.0167,2,0,0,0,0,0
1778610672.614906,2026-05-12 21:31:12,1,1,1,0.0,0.0,0.0,0.0,3.73,0.0,0.0,0.0333,1,1,1,1,0.0,0.0,0.0,0.0,1.87,0.0,0.0,0.0167,1,10,3,4,0.0,0.0,0.7388,0.5,2.49,0.0576,0.0748,0.0167,2,0,0,0,0,0
1778610702.614906,2026-05-12 21:31:42,0,0,0,0.0,0.0,0.0,0.0,0.0,0.0,0.0,0.0,0,1,1,1,0.0,0.0,0.0,0.0,1.87,0.0,0.0,0.0167,1,9,2,3,0.0,0.0,0.8112,0.4444,2.33,0.0315,0.0743,0.0167,2,0,0,0,0,0
1778610732.614906,2026-05-12 21:32:12,1,1,1,0.0,0.0,0.0,0.0,3.73,0.0,0.0,0.0333,1,1,1,1,0.0,0.0,0.0,0.0,1.87,0.0,0.0,0.0167,1,6,1,2,0.0,0.0,1.0568,0.1667,2.13,0.0,0.0342,0.0167,1,0,0,0,0,0
1778610762.614906,2026-05-12 21:32:42,0,0,0,0.0,0.0,0.0,0.0,0.0,0.0,0.0,0.0,0,1,1,1,0.0,0.0,0.0,0.0,1.87,0.0,0.0,0.0167,1,6,1,2,0.0,0.0,1.0568,0.1667,2.13,0.0,0.0342,0.0167,1,0,0,0,0,0
1778610792.614906,2026-05-12 21:33:12,1,1,1,0.0,0.0,0.0,0.0,3.73,0.0,0.0,0.0333,1,1,1,1,0.0,0.0,0.0,0.0,1.87,0.0,0.0,0.0167,1,6,1,2,0.0,0.0,1.0568,0.1667,2.13,0.0,0.0342,0.0167,1,0,0,0,0,0
1778610822.614906,2026-05-12 21:33:42,0,0,0,0.0,0.0,0.0,0.0,0.0,0.0,0.0,0.0,0,1,1,1,0.0,0.0,0.0,0.0,1.87,0.0,0.0,0.0167,1,6,1,2,0.0,0.0,1.0568,0.1667,2.13,0.0,0.0342,0.0167,1,0,0,0,0,0
1778610852.614906,2026-05-12 21:34:12,1,1,1,0.0,0.0,0.0,0.0,3.73,0.0,0.0,0.0333,1,1,1,1,0.0,0.0,0.0,0.0,1.87,0.0,0.0,0.0167,1,6,1,2,0.0,0.0,1.0568,0.1667,2.13,0.0,0.0322,0.0167,1,0,0,0,0,0
1778610882.614906,2026-05-12 21:34:42,0,0,0,0.0,0.0,0.0,0.0,0.0,0.0,0.0,0.0,0,1,1,1,0.0,0.0,0.0,0.0,1.87,0.0,0.0,0.0167,1,6,1,2,0.0,0.0,1.0568,0.1667,2.13,0.0,0.0322,0.0167,1,0,0,0,0,0
1778610912.614906,2026-05-12 21:35:12,1,1,1,0.0,0.0,0.0,0.0,3.73,0.0,0.0,0.0333,1,1,1,1,0.0,0.0,0.0,0.0,1.87,0.0,0.0,0.0167,1,5,1,1,0.0,0.0,0.0,0.0,1.87,0.0,0.0001,0.0167,1,0,0,0,0,0
1778610942.614906,2026-05-12 21:35:42,0,0,0,0.0,0.0,0.0,0.0,0.0,0.0,0.0,0.0,0,1,1,1,0.0,0.0,0.0,0.0,1.87,0.0,0.0,0.0167,1,5,1,1,0.0,0.0,0.0,0.0,1.87,0.0,0.0001,0.0167,1,0,0,0,0,0
1778610972.614906,2026-05-12 21:36:12,1,1,1,0.0,0.0,0.0,0.0,3.73,0.0,0.0,0.0333,1,1,1,1,0.0,0.0,0.0,0.0,1.87,0.0,0.0,0.0167,1,5,1,1,0.0,0.0,0.0,0.0,1.87,0.0,0.0001,0.0167,1,0,0,0,0,0
1778611002.614906,2026-05-12 21:36:42,0,0,0,0.0,0.0,0.0,0.0,0.0,0.0,0.0,0.0,0,1,1,1,0.0,0.0,0.0,0.0,1.87,0.0,0.0,0.0167,1,5,1,1,0.0,0.0,0.0,0.0,1.87,0.0,0.0001,0.0167,1,0,0,0,0,0
1778611032.614906,2026-05-12 21:37:12,1,1,1,0.0,0.0,0.0,0.0,3.73,0.0,0.0,0.0333,1,1,1,1,0.0,0.0,0.0,0.0,1.87,0.0,0.0,0.0167,1,5,1,1,0.0,0.0,0.0,0.0,1.87,0.0,0.0001,0.0167,1,0,0,0,0,0
1778611062.614906,2026-05-12 21:37:42,3,2,2,0.0,0.0,0.4214,1.0,4.0,0.0574,0.0979,0.0667,2,4,2,3,0.0,0.0,0.316,0.75,3.87,0.0507,0.1338,0.0333,2,8,2,3,0.0,0.0,0.158,0.375,2.27,0.034,0.0722,0.0167,2,0,0,0,0,0
1778611092.614906,2026-05-12 21:38:12,1,1,1,0.0,0.0,0.0,0.0,3.73,0.0,0.0,0.0333,1,4,2,3,0.0,0.0,0.316,0.75,3.87,0.0507,0.1373,0.0333,2,8,2,3,0.0,0.0,0.158,0.375,2.27,0.034,0.0739,0.0167,2,0,0,0,0,0
1778611122.614906,2026-05-12 21:38:42,0,0,0,0.0,0.0,0.0,0.0,0.0,0.0,0.0,0.0,0,1,1,1,0.0,0.0,0.0,0.0,1.87,0.0,0.0,0.0167,1,8,2,3,0.0,0.0,0.158,0.375,2.27,0.034,0.0739,0.0167,2,0,0,0,0,0
1778611152.614906,2026-05-12 21:39:12,0,0,0,0.0,0.0,0.0,0.0,0.0,0.0,0.0,0.0,0,0,0,0,0.0,0.0,0.0,0.0,0.0,0.0,0.0,0.0,0,7,2,3,0.0,0.0,0.1806,0.4286,1.89,0.037,0.0831,0.0133,2,0,0,0,0,0
1778611182.614906,2026-05-12 21:39:42,0,0,0,0.0,0.0,0.0,0.0,0.0,0.0,0.0,0.0,0,0,0,0,0.0,0.0,0.0,0.0,0.0,0.0,0.0,0.0,0,7,2,3,0.0,0.0,0.1806,0.4286,1.89,0.037,0.0831,0.0133,2,0,0,0,0,0
1778611212.614906,2026-05-12 21:40:12,0,0,0,0.0,0.0,0.0,0.0,0.0,0.0,0.0,0.0,0,0,0,0,0.0,0.0,0.0,0.0,0.0,0.0,0.0,0.0,0,6,2,3,0.0,0.0,0.2107,0.5,1.52,0.0406,0.0959,0.01,2,0,0,0,0,0
1778611242.614906,2026-05-12 21:40:42,0,0,0,0.0,0.0,0.0,0.0,0.0,0.0,0.0,0.0,0,0,0,0,0.0,0.0,0.0,0.0,0.0,0.0,0.0,0.0,0,6,2,3,0.0,0.0,0.2107,0.5,1.52,0.0406,0.0959,0.01,2,0,0,0,0,0
1778611272.614906,2026-05-12 21:41:12,0,0,0,0.0,0.0,0.0,0.0,0.0,0.0,0.0,0.0,0,0,0,0,0.0,0.0,0.0,0.0,0.0,0.0,0.0,0.0,0,5,2,3,0.0,0.0,0.2528,0.6,1.15,0.0451,0.1067,0.0067,2,0,0,0,0,0
1778611302.614906,2026-05-12 21:41:42,0,0,0,0.0,0.0,0.0,0.0,0.0,0.0,0.0,0.0,0,0,0,0,0.0,0.0,0.0,0.0,0.0,0.0,0.0,0.0,0,5,2,3,0.0,0.0,0.2528,0.6,1.15,0.0451,0.1067,0.0067,2,0,0,0,0,0
1778611332.614906,2026-05-12 21:42:12,0,0,0,0.0,0.0,0.0,0.0,0.0,0.0,0.0,0.0,0,0,0,0,0.0,0.0,0.0,0.0,0.0,0.0,0.0,0.0,0,4,2,3,0.0,0.0,0.316,0.75,0.77,0.0507,0.1373,0.0067,2,0,0,0,0,0
1778611362.614906,2026-05-12 21:42:42,0,0,0,0.0,0.0,0.0,0.0,0.0,0.0,0.0,0.0,0,0,0,0,0.0,0.0,0.0,0.0,0.0,0.0,0.0,0.0,0,1,1,1,0.0,0.0,0.0,0.0,0.37,0.0,0.0,0.0033,1,0,0,0,0,0
1778611392.614906,2026-05-12 21:43:12,3,1,3,0.0,0.0,0.0221,0.6667,5.07,0.0,0.0999,0.0333,1,3,1,3,0.0,0.0,0.0221,0.6667,2.53,0.0,0.0999,0.0167,1,3,1,3,0.0,0.0,0.0221,0.6667,0.51,0.0,0.0999,0.0033,1,0,0,0,0,0
1778611422.614906,2026-05-12 21:43:42,0,0,0,0.0,0.0,0.0,0.0,0.0,0.0,0.0,0.0,0,3,1,3,0.0,0.0,0.0221,0.6667,2.53,0.0,0.0999,0.0167,1,3,1,3,0.0,0.0,0.0221,0.6667,0.51,0.0,0.0999,0.0033,1,0,0,0,0,0
1778611452.614906,2026-05-12 21:44:12,1,1,1,0.0,0.0,0.0,0.0,3.73,0.0,0.0,0.0333,1,1,1,1,0.0,0.0,0.0,0.0,1.87,0.0,0.0,0.0167,1,4,1,3,0.0,0.0,0.0166,0.5,0.88,0.0,0.0909,0.0067,1,0,0,0,0,0
1778611482.614906,2026-05-12 21:44:42,0,0,0,0.0,0.0,0.0,0.0,0.0,0.0,0.0,0.0,0,1,1,1,0.0,0.0,0.0,0.0,1.87,0.0,0.0,0.0167,1,4,1,3,0.0,0.0,0.0166,0.5,0.88,0.0,0.0909,0.0067,1,0,0,0,0,0
1778611512.614906,2026-05-12 21:45:12,2,1,2,0.0,0.0,1.8336,0.5,6.4,0.0,0.0,0.0333,1,2,1,2,0.0,0.0,1.8336,0.5,3.2,0.0,0.0,0.0167,1,6,1,3,0.0,0.0,0.6223,0.5,1.52,0.0,0.0728,0.01,1,0,0,0,0,0
1778611542.614906,2026-05-12 21:45:42,0,0,0,0.0,0.0,0.0,0.0,0.0,0.0,0.0,0.0,0,2,1,2,0.0,0.0,1.8336,0.5,3.2,0.0,0.0,0.0167,1,6,1,3,0.0,0.0,0.6223,0.5,1.52,0.0,0.0728,0.01,1,0,0,0,0,0
1778611572.614906,2026-05-12 21:46:12,1,1,1,0.0,0.0,0.0,0.0,3.73,0.0,0.0,0.0333,1,1,1,1,0.0,0.0,0.0,0.0,1.87,0.0,0.0,0.0167,1,7,1,3,0.0,0.0,0.5334,0.4286,1.89,0.0,0.0661,0.0133,1,0,0,0,0,0
1778611602.614906,2026-05-12 21:46:42,0,0,0,0.0,0.0,0.0,0.0,0.0,0.0,0.0,0.0,0,1,1,1,0.0,0.0,0.0,0.0,1.87,0.0,0.0,0.0167,1,7,1,3,0.0,0.0,0.5334,0.4286,1.89,0.0,0.0661,0.0133,1,0,0,0,0,0
1778611632.614906,2026-05-12 21:47:12,1,1,1,0.0,0.0,0.0,0.0,3.73,0.0,0.0,0.0333,1,1,1,1,0.0,0.0,0.0,0.0,1.87,0.0,0.0,0.0167,1,8,1,3,0.0,0.0,0.4667,0.375,2.27,0.0,0.0603,0.0167,1,0,0,0,0,0
1778611662.614906,2026-05-12 21:47:42,0,0,0,0.0,0.0,0.0,0.0,0.0,0.0,0.0,0.0,0,1,1,1,0.0,0.0,0.0,0.0,1.87,0.0,0.0,0.0167,1,8,1,3,0.0,0.0,0.4667,0.375,2.27,0.0,0.0603,0.0167,1,0,0,0,0,0
1778611692.614906,2026-05-12 21:48:12,0,0,0,0.0,0.0,0.0,0.0,0.0,0.0,0.0,0.0,0,0,0,0,0.0,0.0,0.0,0.0,0.0,0.0,0.0,0.0,0,5,1,2,0.0,0.0,0.7334,0.2,1.76,0.0,0.0381,0.0133,1,0,0,0,0,0
1778611722.614906,2026-05-12 21:48:42,1,1,1,0.0,0.0,0.0,0.0,3.73,0.0,0.0,0.0333,1,1,1,1,0.0,0.0,0.0,0.0,1.87,0.0,0.0,0.0167,1,6,1,2,0.0,0.0,0.6112,0.1667,2.13,0.0,0.0343,0.0167,1,0,0,0,0,0
1778611752.614906,2026-05-12 21:49:12,0,0,0,0.0,0.0,0.0,0.0,0.0,0.0,0.0,0.0,0,1,1,1,0.0,0.0,0.0,0.0,1.87,0.0,0.0,0.0167,1,5,1,2,0.0,0.0,0.7334,0.2,1.76,0.0,0.0365,0.0133,1,0,0,0,0,0
1778611782.614906,2026-05-12 21:49:42,1,1,1,0.0,0.0,0.0,0.0,3.73,0.0,0.0,0.0333,1,1,1,1,0.0,0.0,0.0,0.0,1.87,0.0,0.0,0.0167,1,6,1,2,0.0,0.0,0.6112,0.1667,2.13,0.0,0.0324,0.0167,1,0,0,0,0,0
1778611812.614906,2026-05-12 21:50:12,0,0,0,0.0,0.0,0.0,0.0,0.0,0.0,0.0,0.0,0,1,1,1,0.0,0.0,0.0,0.0,1.87,0.0,0.0,0.0167,1,4,1,1,0.0,0.0,0.0,0.0,1.49,0.0,0.0,0.0133,1,0,0,0,0,0
1778611842.614906,2026-05-12 21:50:42,2,1,2,0.0,0.0,4.6253,0.5,3.73,0.0,0.0,0.0333,1,2,1,2,0.0,0.0,4.6253,0.5,1.87,0.0,0.0,0.0167,1,6,1,2,0.0,0.0,1.5418,0.1667,1.87,0.0,0.0238,0.0167,1,0,0,0,0,0
1778611872.614906,2026-05-12 21:51:12,0,0,0,0.0,0.0,0.0,0.0,0.0,0.0,0.0,0.0,0,2,1,2,0.0,0.0,4.6253,0.5,1.87,0.0,0.0,0.0167,1,5,1,2,0.0,0.0,1.8501,0.2,1.49,0.0,0.0266,0.0133,1,0,0,0,0,0
1778611902.614906,2026-05-12 21:51:42,2,2,2,0.0,0.0,0.0022,0.0,14.03,0.0625,0.0,0.0333,1,2,2,2,0.0,0.0,0.0022,0.0,7.02,0.0625,0.0,0.0167,1,7,2,3,0.0,0.0,1.3222,0.1429,2.9,0.037,0.0505,0.0167,1,0,0,0,0,0
1778611932.614906,2026-05-12 21:52:12,0,0,0,0.0,0.0,0.0,0.0,0.0,0.0,0.0,0.0,0,2,2,2,0.0,0.0,0.0022,0.0,7.02,0.0625,0.0,0.0167,1,6,2,3,0.0,0.0,1.5425,0.1667,2.52,0.0406,0.0556,0.0133,1,0,0,0,0,0
1778611962.614906,2026-05-12 21:52:42,1,1,1,0.0,0.0,0.0,0.0,3.73,0.0,0.0,0.0333,1,1,1,1,0.0,0.0,0.0,0.0,1.87,0.0,0.0,0.0167,1,7,2,3,0.0,0.0,1.3222,0.1429,2.9,0.037,0.0497,0.0167,1,0,0,0,0,0
1778611992.614906,2026-05-12 21:53:12,0,0,0,0.0,0.0,0.0,0.0,0.0,0.0,0.0,0.0,0,1,1,1,0.0,0.0,0.0,0.0,1.87,0.0,0.0,0.0167,1,7,2,3,0.0,0.0,1.3222,0.1429,2.9,0.037,0.0497,0.0167,1,0,0,0,0,0
1778612022.614906,2026-05-12 21:53:42,1,1,1,0.0,0.0,0.0,0.0,3.73,0.0,0.0,0.0333,1,1,1,1,0.0,0.0,0.0,0.0,1.87,0.0,0.0,0.0167,1,7,2,3,0.0,0.0,1.3222,0.1429,2.9,0.037,0.0497,0.0167,1,0,0,0,0,0
1778612052.614906,2026-05-12 21:54:12,0,0,0,0.0,0.0,0.0,0.0,0.0,0.0,0.0,0.0,0,1,1,1,0.0,0.0,0.0,0.0,1.87,0.0,0.0,0.0167,1,7,2,3,0.0,0.0,1.3222,0.1429,2.9,0.037,0.0497,0.0167,1,0,0,0,0,0
1778612082.614906,2026-05-12 21:54:42,1,1,1,0.0,0.0,0.0,0.0,3.73,0.0,0.0,0.0333,1,1,1,1,0.0,0.0,0.0,0.0,1.87,0.0,0.0,0.0167,1,7,2,3,0.0,0.0,1.3222,0.1429,2.9,0.037,0.0497,0.0167,1,0,0,0,0,0
1778612112.614906,2026-05-12 21:55:12,0,0,0,0.0,0.0,0.0,0.0,0.0,0.0,0.0,0.0,0,1,1,1,0.0,0.0,0.0,0.0,1.87,0.0,0.0,0.0167,1,7,2,3,0.0,0.0,1.3222,0.1429,2.9,0.037,0.0497,0.0167,1,0,0,0,0,0
1778612142.614906,2026-05-12 21:55:42,2,1,2,0.0,0.0,12.4034,1.0,5.33,0.0,0.0,0.0333,1,2,1,2,0.0,0.0,12.4034,1.0,2.67,0.0,0.0,0.0167,1,7,2,4,0.0,0.0,3.5445,0.2857,3.06,0.037,0.0659,0.0133,1,0,0,0,0,0
1778612172.614906,2026-05-12 21:56:12,0,0,0,0.0,0.0,0.0,0.0,0.0,0.0,0.0,0.0,0,2,1,2,0.0,0.0,12.4034,1.0,2.67,0.0,0.0,0.0167,1,7,2,4,0.0,0.0,3.5445,0.2857,3.06,0.037,0.0659,0.0133,1,0,0,0,0,0
1778612202.614906,2026-05-12 21:56:42,1,1,1,0.0,0.0,0.0,0.0,3.73,0.0,0.0,0.0333,1,1,1,1,0.0,0.0,0.0,0.0,1.87,0.0,0.0,0.0167,1,6,1,3,0.0,0.0,4.1345,0.3333,2.03,0.0,0.0512,0.0133,1,0,0,0,0,0
1778612232.614906,2026-05-12 21:57:12,0,0,0,0.0,0.0,0.0,0.0,0.0,0.0,0.0,0.0,0,1,1,1,0.0,0.0,0.0,0.0,1.87,0.0,0.0,0.0167,1,6,1,3,0.0,0.0,4.1345,0.3333,2.03,0.0,0.0512,0.0133,1,0,0,0,0,0
1778612262.614906,2026-05-12 21:57:42,0,0,0,0.0,0.0,0.0,0.0,0.0,0.0,0.0,0.0,0,0,0,0,0.0,0.0,0.0,0.0,0.0,0.0,0.0,0.0,0,5,1,3,0.0,0.0,4.9614,0.4,1.65,0.0,0.0593,0.01,1,0,0,0,0,0
1778612292.614906,2026-05-12 21:58:12,0,0,0,0.0,0.0,0.0,0.0,0.0,0.0,0.0,0.0,0,0,0,0,0.0,0.0,0.0,0.0,0.0,0.0,0.0,0.0,0,5,1,3,0.0,0.0,4.9614,0.4,1.65,0.0,0.0593,0.01,1,0,0,0,0,0
1778612322.614906,2026-05-12 21:58:42,0,0,0,0.0,0.0,0.0,0.0,0.0,0.0,0.0,0.0,0,0,0,0,0.0,0.0,0.0,0.0,0.0,0.0,0.0,0.0,0,4,1,3,0.0,0.0,6.2017,0.5,1.28,0.0,0.0728,0.0067,1,0,0,0,0,0
1778612352.614906,2026-05-12 21:59:12,0,0,0,0.0,0.0,0.0,0.0,0.0,0.0,0.0,0.0,0,0,0,0,0.0,0.0,0.0,0.0,0.0,0.0,0.0,0.0,0,4,1,3,0.0,0.0,6.2017,0.5,1.28,0.0,0.0728,0.0067,1,0,0,0,0,0
1778612382.614906,2026-05-12 21:59:42,1,1,1,0.0,0.0,0.0,0.0,3.73,0.0,0.0,0.0333,1,1,1,1,0.0,0.0,0.0,0.0,1.87,0.0,0.0,0.0167,1,4,1,3,0.0,0.0,6.2017,0.5,1.28,0.0,0.0995,0.0067,1,0,0,0,0,0
1778612412.614906,2026-05-12 22:00:12,11,1,1,0.0,0.3667,0.0544,0.0,54.73,0.0,0.116,0.3667,1,12,2,2,0.0,0.1833,0.0499,0.0,29.23,0.0259,0.312,0.1833,1,15,2,4,0.0,0.0367,1.6937,0.1333,6.75,0.0523,0.2416,0.0367,1,0,0,0,0,0
1778612442.614906,2026-05-12 22:00:42,1,1,1,0.0,0.0,0.0,0.0,3.73,0.0,0.0,0.0333,1,12,2,2,0.0,0.1833,0.0499,0.0,29.23,0.0259,0.3035,0.1833,1,14,2,2,0.0,0.0367,0.0428,0.0,6.59,0.0468,0.2611,0.0367,1,0,0,0,0,0
1778612472.614906,2026-05-12 22:01:12,0,0,0,0.0,0.0,0.0,0.0,0.0,0.0,0.0,0.0,0,1,1,1,0.0,0.0,0.0,0.0,1.87,0.0,0.0,0.0167,1,14,2,2,0.0,0.0367,0.0428,0.0,6.59,0.0468,0.2611,0.0367,1,0,0,0,0,0
1778612502.614906,2026-05-12 22:01:42,0,0,0,0.0,0.0,0.0,0.0,0.0,0.0,0.0,0.0,0,0,0,0,0.0,0.0,0.0,0.0,0.0,0.0,0.0,0.0,0,13,2,2,0.0,0.0367,0.046,0.0,6.22,0.0387,0.2536,0.0367,1,0,0,0,0,0
1778612532.614906,2026-05-12 22:02:12,0,0,0,0.0,0.0,0.0,0.0,0.0,0.0,0.0,0.0,0,0,0,0,0.0,0.0,0.0,0.0,0.0,0.0,0.0,0.0,0,13,2,2,0.0,0.0367,0.046,0.0,6.22,0.0387,0.2536,0.0367,1,0,0,0,0,0
1778612562.614906,2026-05-12 22:02:42,1,1,1,0.0,0.0,0.0,0.0,3.73,0.0,0.0,0.0333,1,1,1,1,0.0,0.0,0.0,0.0,1.87,0.0,0.0,0.0167,1,14,2,2,0.0,0.0367,0.0428,0.0,6.59,0.0468,0.2382,0.0367,1,0,0,0,0,0
1778612592.614906,2026-05-12 22:03:12,0,0,0,0.0,0.0,0.0,0.0,0.0,0.0,0.0,0.0,0,1,1,1,0.0,0.0,0.0,0.0,1.87,0.0,0.0,0.0167,1,14,2,2,0.0,0.0367,0.0428,0.0,6.59,0.0468,0.2382,0.0367,1,0,0,0,0,0
1778612622.614906,2026-05-12 22:03:42,0,0,0,0.0,0.0,0.0,0.0,0.0,0.0,0.0,0.0,0,0,0,0,0.0,0.0,0.0,0.0,0.0,0.0,0.0,0.0,0,14,2,2,0.0,0.0367,0.0428,0.0,6.59,0.0468,0.2382,0.0367,1,0,0,0,0,0
1778612652.614906,2026-05-12 22:04:12,0,0,0,0.0,0.0,0.0,0.0,0.0,0.0,0.0,0.0,0,0,0,0,0.0,0.0,0.0,0.0,0.0,0.0,0.0,0.0,0,14,2,2,0.0,0.0367,0.0428,0.0,6.59,0.0468,0.2382,0.0367,1,0,0,0,0,0
1778612682.614906,2026-05-12 22:04:42,0,0,0,0.0,0.0,0.0,0.0,0.0,0.0,0.0,0.0,0,0,0,0,0.0,0.0,0.0,0.0,0.0,0.0,0.0,0.0,0,13,2,2,0.0,0.0367,0.046,0.0,6.22,0.0387,0.2934,0.0367,1,0,0,0,0,0
1778612712.614906,2026-05-12 22:05:12,0,0,0,0.0,0.0,0.0,0.0,0.0,0.0,0.0,0.0,0,0,0,0,0.0,0.0,0.0,0.0,0.0,0.0,0.0,0.0,0,2,1,1,0.0,0.0,0.0,0.0,0.75,0.0,0.0,0.0067,1,0,0,0,0,0
1778612742.614906,2026-05-12 22:05:42,0,0,0,0.0,0.0,0.0,0.0,0.0,0.0,0.0,0.0,0,0,0,0,0.0,0.0,0.0,0.0,0.0,0.0,0.0,0.0,0,1,1,1,0.0,0.0,0.0,0.0,0.37,0.0,0.0,0.0033,1,0,0,0,0,0
1778612772.614906,2026-05-12 22:06:12,0,0,0,0.0,0.0,0.0,0.0,0.0,0.0,0.0,0.0,0,0,0,0,0.0,0.0,0.0,0.0,0.0,0.0,0.0,0.0,0,1,1,1,0.0,0.0,0.0,0.0,0.37,0.0,0.0,0.0033,1,0,0,0,0,0
1778612802.614906,2026-05-12 22:06:42,0,0,0,0.0,0.0,0.0,0.0,0.0,0.0,0.0,0.0,0,0,0,0,0.0,0.0,0.0,0.0,0.0,0.0,0.0,0.0,0,1,1,1,0.0,0.0,0.0,0.0,0.37,0.0,0.0,0.0033,1,0,0,0,0,0
1778612832.614906,2026-05-12 22:07:12,0,0,0,0.0,0.0,0.0,0.0,0.0,0.0,0.0,0.0,0,0,0,0,0.0,0.0,0.0,0.0,0.0,0.0,0.0,0.0,0,1,1,1,0.0,0.0,0.0,0.0,0.37,0.0,0.0,0.0033,1,0,0,0,0,0
1778612862.614906,2026-05-12 22:07:42,0,0,0,0.0,0.0,0.0,0.0,0.0,0.0,0.0,0.0,0,0,0,0,0.0,0.0,0.0,0.0,0.0,0.0,0.0,0.0,0,0,0,0,0.0,0.0,0.0,0.0,0.0,0.0,0.0,0.0,0,0,0,0,0,0
1778612892.614906,2026-05-12 22:08:12,0,0,0,0.0,0.0,0.0,0.0,0.0,0.0,0.0,0.0,0,0,0,0,0.0,0.0,0.0,0.0,0.0,0.0,0.0,0.0,0,0,0,0,0.0,0.0,0.0,0.0,0.0,0.0,0.0,0.0,0,0,0,0,0,0
1778612922.614906,2026-05-12 22:08:42,0,0,0,0.0,0.0,0.0,0.0,0.0,0.0,0.0,0.0,0,0,0,0,0.0,0.0,0.0,0.0,0.0,0.0,0.0,0.0,0,0,0,0,0.0,0.0,0.0,0.0,0.0,0.0,0.0,0.0,0,0,0,0,0,0
1778612952.614906,2026-05-12 22:09:12,0,0,0,0.0,0.0,0.0,0.0,0.0,0.0,0.0,0.0,0,0,0,0,0.0,0.0,0.0,0.0,0.0,0.0,0.0,0.0,0,0,0,0,0.0,0.0,0.0,0.0,0.0,0.0,0.0,0.0,0,0,0,0,0,0
1778612982.614906,2026-05-12 22:09:42,0,0,0,0.0,0.0,0.0,0.0,0.0,0.0,0.0,0.0,0,0,0,0,0.0,0.0,0.0,0.0,0.0,0.0,0.0,0.0,0,0,0,0,0.0,0.0,0.0,0.0,0.0,0.0,0.0,0.0,0,0,0,0,0,0
1778613012.614906,2026-05-12 22:10:12,0,0,0,0.0,0.0,0.0,0.0,0.0,0.0,0.0,0.0,0,0,0,0,0.0,0.0,0.0,0.0,0.0,0.0,0.0,0.0,0,0,0,0,0.0,0.0,0.0,0.0,0.0,0.0,0.0,0.0,0,0,0,0,0,0
1778613042.614906,2026-05-12 22:10:42,0,0,0,0.0,0.0,0.0,0.0,0.0,0.0,0.0,0.0,0,0,0,0,0.0,0.0,0.0,0.0,0.0,0.0,0.0,0.0,0,0,0,0,0.0,0.0,0.0,0.0,0.0,0.0,0.0,0.0,0,0,0,0,0,0
1778613072.614906,2026-05-12 22:11:12,0,0,0,0.0,0.0,0.0,0.0,0.0,0.0,0.0,0.0,0,0,0,0,0.0,0.0,0.0,0.0,0.0,0.0,0.0,0.0,0,0,0,0,0.0,0.0,0.0,0.0,0.0,0.0,0.0,0.0,0,0,0,0,0,0
1778613102.614906,2026-05-12 22:11:42,1,1,1,0.0,0.0,0.0,1.0,0.0,0.0,0.0,0.0333,1,1,1,1,0.0,0.0,0.0,1.0,0.0,0.0,0.0,0.0167,1,1,1,1,0.0,0.0,0.0,1.0,0.0,0.0,0.0,0.0033,1,0,0,0,0,0
1778613132.614906,2026-05-12 22:12:12,0,0,0,0.0,0.0,0.0,0.0,0.0,0.0,0.0,0.0,0,1,1,1,0.0,0.0,0.0,1.0,0.0,0.0,0.0,0.0167,1,1,1,1,0.0,0.0,0.0,1.0,0.0,0.0,0.0,0.0033,1,0,0,0,0,0
1778613162.614906,2026-05-12 22:12:42,0,0,0,0.0,0.0,0.0,0.0,0.0,0.0,0.0,0.0,0,0,0,0,0.0,0.0,0.0,0.0,0.0,0.0,0.0,0.0,0,1,1,1,0.0,0.0,0.0,1.0,0.0,0.0,0.0,0.0033,1,0,0,0,0,0
1778613192.614906,2026-05-12 22:13:12,0,0,0,0.0,0.0,0.0,0.0,0.0,0.0,0.0,0.0,0,0,0,0,0.0,0.0,0.0,0.0,0.0,0.0,0.0,0.0,0,1,1,1,0.0,0.0,0.0,1.0,0.0,0.0,0.0,0.0033,1,0,0,0,0,0
1778613222.614906,2026-05-12 22:13:42,0,0,0,0.0,0.0,0.0,0.0,0.0,0.0,0.0,0.0,0,0,0,0,0.0,0.0,0.0,0.0,0.0,0.0,0.0,0.0,0,1,1,1,0.0,0.0,0.0,1.0,0.0,0.0,0.0,0.0033,1,0,0,0,0,0
1778613252.614906,2026-05-12 22:14:12,0,0,0,0.0,0.0,0.0,0.0,0.0,0.0,0.0,0.0,0,0,0,0,0.0,0.0,0.0,0.0,0.0,0.0,0.0,0.0,0,1,1,1,0.0,0.0,0.0,1.0,0.0,0.0,0.0,0.0033,1,0,0,0,0,0
1778613282.614906,2026-05-12 22:14:42,0,0,0,0.0,0.0,0.0,0.0,0.0,0.0,0.0,0.0,0,0,0,0,0.0,0.0,0.0,0.0,0.0,0.0,0.0,0.0,0,1,1,1,0.0,0.0,0.0,1.0,0.0,0.0,0.0,0.0033,1,0,0,0,0,0
1778613312.614906,2026-05-12 22:15:12,0,0,0,0.0,0.0,0.0,0.0,0.0,0.0,0.0,0.0,0,0,0,0,0.0,0.0,0.0,0.0,0.0,0.0,0.0,0.0,0,1,1,1,0.0,0.0,0.0,1.0,0.0,0.0,0.0,0.0033,1,0,0,0,0,0
1778613342.614906,2026-05-12 22:15:42,0,0,0,0.0,0.0,0.0,0.0,0.0,0.0,0.0,0.0,0,0,0,0,0.0,0.0,0.0,0.0,0.0,0.0,0.0,0.0,0,1,1,1,0.0,0.0,0.0,1.0,0.0,0.0,0.0,0.0033,1,0,0,0,0,0
1778613372.614906,2026-05-12 22:16:12,0,0,0,0.0,0.0,0.0,0.0,0.0,0.0,0.0,0.0,0,0,0,0,0.0,0.0,0.0,0.0,0.0,0.0,0.0,0.0,0,1,1,1,0.0,0.0,0.0,1.0,0.0,0.0,0.0,0.0033,1,0,0,0,0,0
1778613402.614906,2026-05-12 22:16:42,0,0,0,0.0,0.0,0.0,0.0,0.0,0.0,0.0,0.0,0,0,0,0,0.0,0.0,0.0,0.0,0.0,0.0,0.0,0.0,0,0,0,0,0.0,0.0,0.0,0.0,0.0,0.0,0.0,0.0,0,0,0,0,0,0
1778613432.614906,2026-05-12 22:17:12,0,0,0,0.0,0.0,0.0,0.0,0.0,0.0,0.0,0.0,0,0,0,0,0.0,0.0,0.0,0.0,0.0,0.0,0.0,0.0,0,0,0,0,0.0,0.0,0.0,0.0,0.0,0.0,0.0,0.0,0,0,0,0,0,0
1778613462.614906,2026-05-12 22:17:42,0,0,0,0.0,0.0,0.0,0.0,0.0,0.0,0.0,0.0,0,0,0,0,0.0,0.0,0.0,0.0,0.0,0.0,0.0,0.0,0,0,0,0,0.0,0.0,0.0,0.0,0.0,0.0,0.0,0.0,0,0,0,0,0,0
1778613492.614906,2026-05-12 22:18:12,0,0,0,0.0,0.0,0.0,0.0,0.0,0.0,0.0,0.0,0,0,0,0,0.0,0.0,0.0,0.0,0.0,0.0,0.0,0.0,0,0,0,0,0.0,0.0,0.0,0.0,0.0,0.0,0.0,0.0,0,0,0,0,0,0
1778613522.614906,2026-05-12 22:18:42,0,0,0,0.0,0.0,0.0,0.0,0.0,0.0,0.0,0.0,0,0,0,0,0.0,0.0,0.0,0.0,0.0,0.0,0.0,0.0,0,0,0,0,0.0,0.0,0.0,0.0,0.0,0.0,0.0,0.0,0,0,0,0,0,0
1778613552.614906,2026-05-12 22:19:12,0,0,0,0.0,0.0,0.0,0.0,0.0,0.0,0.0,0.0,0,0,0,0,0.0,0.0,0.0,0.0,0.0,0.0,0.0,0.0,0,0,0,0,0.0,0.0,0.0,0.0,0.0,0.0,0.0,0.0,0,0,0,0,0,0
1778613582.614906,2026-05-12 22:19:42,0,0,0,0.0,0.0,0.0,0.0,0.0,0.0,0.0,0.0,0,0,0,0,0.0,0.0,0.0,0.0,0.0,0.0,0.0,0.0,0,0,0,0,0.0,0.0,0.0,0.0,0.0,0.0,0.0,0.0,0,0,0,0,0,0
1778613612.614906,2026-05-12 22:20:12,0,0,0,0.0,0.0,0.0,0.0,0.0,0.0,0.0,0.0,0,0,0,0,0.0,0.0,0.0,0.0,0.0,0.0,0.0,0.0,0,0,0,0,0.0,0.0,0.0,0.0,0.0,0.0,0.0,0.0,0,0,0,0,0,0
1778613642.614906,2026-05-12 22:20:42,0,0,0,0.0,0.0,0.0,0.0,0.0,0.0,0.0,0.0,0,0,0,0,0.0,0.0,0.0,0.0,0.0,0.0,0.0,0.0,0,0,0,0,0.0,0.0,0.0,0.0,0.0,0.0,0.0,0.0,0,0,0,0,0,0
1778613672.614906,2026-05-12 22:21:12,0,0,0,0.0,0.0,0.0,0.0,0.0,0.0,0.0,0.0,0,0,0,0,0.0,0.0,0.0,0.0,0.0,0.0,0.0,0.0,0,0,0,0,0.0,0.0,0.0,0.0,0.0,0.0,0.0,0.0,0,0,0,0,0,0
1778613702.614906,2026-05-12 22:21:42,0,0,0,0.0,0.0,0.0,0.0,0.0,0.0,0.0,0.0,0,0,0,0,0.0,0.0,0.0,0.0,0.0,0.0,0.0,0.0,0,0,0,0,0.0,0.0,0.0,0.0,0.0,0.0,0.0,0.0,0,0,0,0,0,0
1778613732.614906,2026-05-12 22:22:12,1,1,1,0.0,0.0,0.0,0.0,3.73,0.0,0.0,0.0333,1,1,1,1,0.0,0.0,0.0,0.0,1.87,0.0,0.0,0.0167,1,1,1,1,0.0,0.0,0.0,0.0,0.37,0.0,0.0,0.0033,1,0,0,0,0,0
1778613762.614906,2026-05-12 22:22:42,0,0,0,0.0,0.0,0.0,0.0,0.0,0.0,0.0,0.0,0,1,1,1,0.0,0.0,0.0,0.0,1.87,0.0,0.0,0.0167,1,1,1,1,0.0,0.0,0.0,0.0,0.37,0.0,0.0,0.0033,1,0,0,0,0,0
1778613792.614906,2026-05-12 22:23:12,0,0,0,0.0,0.0,0.0,0.0,0.0,0.0,0.0,0.0,0,0,0,0,0.0,0.0,0.0,0.0,0.0,0.0,0.0,0.0,0,1,1,1,0.0,0.0,0.0,0.0,0.37,0.0,0.0,0.0033,1,0,0,0,0,0
1778613822.614906,2026-05-12 22:23:42,0,0,0,0.0,0.0,0.0,0.0,0.0,0.0,0.0,0.0,0,0,0,0,0.0,0.0,0.0,0.0,0.0,0.0,0.0,0.0,0,1,1,1,0.0,0.0,0.0,0.0,0.37,0.0,0.0,0.0033,1,0,0,0,0,0
1778613852.614906,2026-05-12 22:24:12,0,0,0,0.0,0.0,0.0,0.0,0.0,0.0,0.0,0.0,0,0,0,0,0.0,0.0,0.0,0.0,0.0,0.0,0.0,0.0,0,1,1,1,0.0,0.0,0.0,0.0,0.37,0.0,0.0,0.0033,1,0,0,0,0,0
1778613882.614906,2026-05-12 22:24:42,0,0,0,0.0,0.0,0.0,0.0,0.0,0.0,0.0,0.0,0,0,0,0,0.0,0.0,0.0,0.0,0.0,0.0,0.0,0.0,0,1,1,1,0.0,0.0,0.0,0.0,0.37,0.0,0.0,0.0033,1,0,0,0,0,0
1778613912.614906,2026-05-12 22:25:12,0,0,0,0.0,0.0,0.0,0.0,0.0,0.0,0.0,0.0,0,0,0,0,0.0,0.0,0.0,0.0,0.0,0.0,0.0,0.0,0,1,1,1,0.0,0.0,0.0,0.0,0.37,0.0,0.0,0.0033,1,0,0,0,0,0
1778613942.614906,2026-05-12 22:25:42,0,0,0,0.0,0.0,0.0,0.0,0.0,0.0,0.0,0.0,0,0,0,0,0.0,0.0,0.0,0.0,0.0,0.0,0.0,0.0,0,1,1,1,0.0,0.0,0.0,0.0,0.37,0.0,0.0,0.0033,1,0,0,0,0,0
1778613972.614906,2026-05-12 22:26:12,0,0,0,0.0,0.0,0.0,0.0,0.0,0.0,0.0,0.0,0,0,0,0,0.0,0.0,0.0,0.0,0.0,0.0,0.0,0.0,0,1,1,1,0.0,0.0,0.0,0.0,0.37,0.0,0.0,0.0033,1,0,0,0,0,0
1778614002.614906,2026-05-12 22:26:42,0,0,0,0.0,0.0,0.0,0.0,0.0,0.0,0.0,0.0,0,0,0,0,0.0,0.0,0.0,0.0,0.0,0.0,0.0,0.0,0,1,1,1,0.0,0.0,0.0,0.0,0.37,0.0,0.0,0.0033,1,0,0,0,0,0
1778614032.614906,2026-05-12 22:27:12,0,0,0,0.0,0.0,0.0,0.0,0.0,0.0,0.0,0.0,0,0,0,0,0.0,0.0,0.0,0.0,0.0,0.0,0.0,0.0,0,0,0,0,0.0,0.0,0.0,0.0,0.0,0.0,0.0,0.0,0,0,0,0,0,0
1778614062.614906,2026-05-12 22:27:42,0,0,0,0.0,0.0,0.0,0.0,0.0,0.0,0.0,0.0,0,0,0,0,0.0,0.0,0.0,0.0,0.0,0.0,0.0,0.0,0,0,0,0,0.0,0.0,0.0,0.0,0.0,0.0,0.0,0.0,0,0,0,0,0,0
1778614092.614906,2026-05-12 22:28:12,0,0,0,0.0,0.0,0.0,0.0,0.0,0.0,0.0,0.0,0,0,0,0,0.0,0.0,0.0,0.0,0.0,0.0,0.0,0.0,0,0,0,0,0.0,0.0,0.0,0.0,0.0,0.0,0.0,0.0,0,0,0,0,0,0
1778614122.614906,2026-05-12 22:28:42,0,0,0,0.0,0.0,0.0,0.0,0.0,0.0,0.0,0.0,0,0,0,0,0.0,0.0,0.0,0.0,0.0,0.0,0.0,0.0,0,0,0,0,0.0,0.0,0.0,0.0,0.0,0.0,0.0,0.0,0,0,0,0,0,0
1778614152.614906,2026-05-12 22:29:12,0,0,0,0.0,0.0,0.0,0.0,0.0,0.0,0.0,0.0,0,0,0,0,0.0,0.0,0.0,0.0,0.0,0.0,0.0,0.0,0,0,0,0,0.0,0.0,0.0,0.0,0.0,0.0,0.0,0.0,0,0,0,0,0,0
1778614182.614906,2026-05-12 22:29:42,0,0,0,0.0,0.0,0.0,0.0,0.0,0.0,0.0,0.0,0,0,0,0,0.0,0.0,0.0,0.0,0.0,0.0,0.0,0.0,0,0,0,0,0.0,0.0,0.0,0.0,0.0,0.0,0.0,0.0,0,0,0,0,0,0
1778614212.614906,2026-05-12 22:30:12,1,1,1,0.0,0.0,0.0,0.0,3.73,0.0,0.0,0.0333,1,1,1,1,0.0,0.0,0.0,0.0,1.87,0.0,0.0,0.0167,1,1,1,1,0.0,0.0,0.0,0.0,0.37,0.0,0.0,0.0033,1,0,0,0,0,0
1778614242.614906,2026-05-12 22:30:42,0,0,0,0.0,0.0,0.0,0.0,0.0,0.0,0.0,0.0,0,1,1,1,0.0,0.0,0.0,0.0,1.87,0.0,0.0,0.0167,1,1,1,1,0.0,0.0,0.0,0.0,0.37,0.0,0.0,0.0033,1,0,0,0,0,0
1778614272.614906,2026-05-12 22:31:12,1,1,1,0.0,0.0,0.0,0.0,3.73,0.0,0.0,0.0333,1,1,1,1,0.0,0.0,0.0,0.0,1.87,0.0,0.0,0.0167,1,2,1,1,0.0,0.0,0.0,0.0,0.75,0.0,0.0,0.0067,1,0,0,0,0,0
1778614302.614906,2026-05-12 22:31:42,0,0,0,0.0,0.0,0.0,0.0,0.0,0.0,0.0,0.0,0,1,1,1,0.0,0.0,0.0,0.0,1.87,0.0,0.0,0.0167,1,2,1,1,0.0,0.0,0.0,0.0,0.75,0.0,0.0,0.0067,1,0,0,0,0,0
1778614332.614906,2026-05-12 22:32:12,0,0,0,0.0,0.0,0.0,0.0,0.0,0.0,0.0,0.0,0,0,0,0,0.0,0.0,0.0,0.0,0.0,0.0,0.0,0.0,0,2,1,1,0.0,0.0,0.0,0.0,0.75,0.0,0.0,0.0067,1,0,0,0,0,0
1778614362.614906,2026-05-12 22:32:42,0,0,0,0.0,0.0,0.0,0.0,0.0,0.0,0.0,0.0,0,0,0,0,0.0,0.0,0.0,0.0,0.0,0.0,0.0,0.0,0,2,1,1,0.0,0.0,0.0,0.0,0.75,0.0,0.0,0.0067,1,0,0,0,0,0
1778614392.614906,2026-05-12 22:33:12,0,0,0,0.0,0.0,0.0,0.0,0.0,0.0,0.0,0.0,0,0,0,0,0.0,0.0,0.0,0.0,0.0,0.0,0.0,0.0,0,2,1,1,0.0,0.0,0.0,0.0,0.75,0.0,0.0,0.0067,1,0,0,0,0,0
1778614422.614906,2026-05-12 22:33:42,0,0,0,0.0,0.0,0.0,0.0,0.0,0.0,0.0,0.0,0,0,0,0,0.0,0.0,0.0,0.0,0.0,0.0,0.0,0.0,0,2,1,1,0.0,0.0,0.0,0.0,0.75,0.0,0.0,0.0067,1,0,0,0,0,0
1778614452.614906,2026-05-12 22:34:12,0,0,0,0.0,0.0,0.0,0.0,0.0,0.0,0.0,0.0,0,0,0,0,0.0,0.0,0.0,0.0,0.0,0.0,0.0,0.0,0,2,1,1,0.0,0.0,0.0,0.0,0.75,0.0,0.0,0.0067,1,0,0,0,0,0
1778614482.614906,2026-05-12 22:34:42,0,0,0,0.0,0.0,0.0,0.0,0.0,0.0,0.0,0.0,0,0,0,0,0.0,0.0,0.0,0.0,0.0,0.0,0.0,0.0,0,2,1,1,0.0,0.0,0.0,0.0,0.75,0.0,0.0,0.0067,1,0,0,0,0,0
1778614512.614906,2026-05-12 22:35:12,0,0,0,0.0,0.0,0.0,0.0,0.0,0.0,0.0,0.0,0,0,0,0,0.0,0.0,0.0,0.0,0.0,0.0,0.0,0.0,0,1,1,1,0.0,0.0,0.0,0.0,0.37,0.0,0.0,0.0033,1,0,0,0,0,0
1778614542.614906,2026-05-12 22:35:42,0,0,0,0.0,0.0,0.0,0.0,0.0,0.0,0.0,0.0,0,0,0,0,0.0,0.0,0.0,0.0,0.0,0.0,0.0,0.0,0,1,1,1,0.0,0.0,0.0,0.0,0.37,0.0,0.0,0.0033,1,0,0,0,0,0
1778614572.614906,2026-05-12 22:36:12,0,0,0,0.0,0.0,0.0,0.0,0.0,0.0,0.0,0.0,0,0,0,0,0.0,0.0,0.0,0.0,0.0,0.0,0.0,0.0,0,0,0,0,0.0,0.0,0.0,0.0,0.0,0.0,0.0,0.0,0,0,0,0,0,0
1778614602.614906,2026-05-12 22:36:42,0,0,0,0.0,0.0,0.0,0.0,0.0,0.0,0.0,0.0,0,0,0,0,0.0,0.0,0.0,0.0,0.0,0.0,0.0,0.0,0,0,0,0,0.0,0.0,0.0,0.0,0.0,0.0,0.0,0.0,0,0,0,0,0,0
1778614632.614906,2026-05-12 22:37:12,0,0,0,0.0,0.0,0.0,0.0,0.0,0.0,0.0,0.0,0,0,0,0,0.0,0.0,0.0,0.0,0.0,0.0,0.0,0.0,0,0,0,0,0.0,0.0,0.0,0.0,0.0,0.0,0.0,0.0,0,0,0,0,0,0
1778614662.614906,2026-05-12 22:37:42,0,0,0,0.0,0.0,0.0,0.0,0.0,0.0,0.0,0.0,0,0,0,0,0.0,0.0,0.0,0.0,0.0,0.0,0.0,0.0,0,0,0,0,0.0,0.0,0.0,0.0,0.0,0.0,0.0,0.0,0,0,0,0,0,0
1778614692.614906,2026-05-12 22:38:12,0,0,0,0.0,0.0,0.0,0.0,0.0,0.0,0.0,0.0,0,0,0,0,0.0,0.0,0.0,0.0,0.0,0.0,0.0,0.0,0,0,0,0,0.0,0.0,0.0,0.0,0.0,0.0,0.0,0.0,0,0,0,0,0,0
1778614722.614906,2026-05-12 22:38:42,0,0,0,0.0,0.0,0.0,0.0,0.0,0.0,0.0,0.0,0,0,0,0,0.0,0.0,0.0,0.0,0.0,0.0,0.0,0.0,0,0,0,0,0.0,0.0,0.0,0.0,0.0,0.0,0.0,0.0,0,0,0,0,0,0
1778614752.614906,2026-05-12 22:39:12,0,0,0,0.0,0.0,0.0,0.0,0.0,0.0,0.0,0.0,0,0,0,0,0.0,0.0,0.0,0.0,0.0,0.0,0.0,0.0,0,0,0,0,0.0,0.0,0.0,0.0,0.0,0.0,0.0,0.0,0,0,0,0,0,0
1778614782.614906,2026-05-12 22:39:42,3,1,3,0.0,0.0,0.2376,0.6667,5.07,0.0,0.0998,0.0333,1,3,1,3,0.0,0.0,0.2376,0.6667,2.53,0.0,0.0998,0.0167,1,3,1,3,0.0,0.0,0.2376,0.6667,0.51,0.0,0.0998,0.0033,1,0,0,0,0,0
1778614812.614906,2026-05-12 22:40:12,0,0,0,0.0,0.0,0.0,0.0,0.0,0.0,0.0,0.0,0,3,1,3,0.0,0.0,0.2376,0.6667,2.53,0.0,0.0998,0.0167,1,3,1,3,0.0,0.0,0.2376,0.6667,0.51,0.0,0.0998,0.0033,1,0,0,0,0,0
1778614842.614906,2026-05-12 22:40:42,1,1,1,0.0,0.0,0.0002,0.0,3.73,0.0,0.0,0.0333,1,1,1,1,0.0,0.0,0.0002,0.0,1.87,0.0,0.0,0.0167,1,4,1,3,0.0,0.0,0.1783,0.5,0.88,0.0,0.1286,0.0067,1,0,0,0,0,0
1778614872.614906,2026-05-12 22:41:12,0,0,0,0.0,0.0,0.0,0.0,0.0,0.0,0.0,0.0,0,1,1,1,0.0,0.0,0.0002,0.0,1.87,0.0,0.0,0.0167,1,4,1,3,0.0,0.0,0.1783,0.5,0.88,0.0,0.1286,0.0067,1,0,0,0,0,0
1778614902.614906,2026-05-12 22:41:42,1,1,1,0.0,0.0,0.0,0.0,3.73,0.0,0.0,0.0333,1,1,1,1,0.0,0.0,0.0,0.0,1.87,0.0,0.0,0.0167,1,5,1,3,0.0,0.0,0.1426,0.4,1.25,0.0,0.0937,0.01,1,0,0,0,0,0
1778614932.614906,2026-05-12 22:42:12,0,0,0,0.0,0.0,0.0,0.0,0.0,0.0,0.0,0.0,0,1,1,1,0.0,0.0,0.0,0.0,1.87,0.0,0.0,0.0167,1,5,1,3,0.0,0.0,0.1426,0.4,1.25,0.0,0.0937,0.01,1,0,0,0,0,0
1778614962.614906,2026-05-12 22:42:42,1,1,1,0.0,0.0,0.0,0.0,3.73,0.0,0.0,0.0333,1,1,1,1,0.0,0.0,0.0,0.0,1.87,0.0,0.0,0.0167,1,6,1,3,0.0,0.0,0.1189,0.3333,1.63,0.0,0.0773,0.0133,1,0,0,0,0,0
1778614992.614906,2026-05-12 22:43:12,0,0,0,0.0,0.0,0.0,0.0,0.0,0.0,0.0,0.0,0,1,1,1,0.0,0.0,0.0,0.0,1.87,0.0,0.0,0.0167,1,6,1,3,0.0,0.0,0.1189,0.3333,1.63,0.0,0.0773,0.0133,1,0,0,0,0,0
1778615022.614906,2026-05-12 22:43:42,1,1,1,0.0,0.0,0.0,0.0,3.73,0.0,0.0,0.0333,1,1,1,1,0.0,0.0,0.0,0.0,1.87,0.0,0.0,0.0167,1,7,1,3,0.0,0.0,0.1019,0.2857,2.0,0.0,0.0673,0.0167,1,0,0,0,0,0
1778615052.614906,2026-05-12 22:44:12,0,0,0,0.0,0.0,0.0,0.0,0.0,0.0,0.0,0.0,0,1,1,1,0.0,0.0,0.0,0.0,1.87,0.0,0.0,0.0167,1,7,1,3,0.0,0.0,0.1019,0.2857,2.0,0.0,0.0673,0.0167,1,0,0,0,0,0
1778615082.614906,2026-05-12 22:44:42,1,1,1,0.0,0.0,0.0001,0.0,3.73,0.0,0.0,0.0333,1,1,1,1,0.0,0.0,0.0001,0.0,1.87,0.0,0.0,0.0167,1,5,1,1,0.0,0.0,0.0001,0.0,1.87,0.0,0.0001,0.0167,1,0,0,0,0,0
1778615112.614906,2026-05-12 22:45:12,0,0,0,0.0,0.0,0.0,0.0,0.0,0.0,0.0,0.0,0,1,1,1,0.0,0.0,0.0001,0.0,1.87,0.0,0.0,0.0167,1,5,1,1,0.0,0.0,0.0001,0.0,1.87,0.0,0.0001,0.0167,1,0,0,0,0,0
1778615142.614906,2026-05-12 22:45:42,1,1,1,0.0,0.0,0.0001,0.0,3.73,0.0,0.0,0.0333,1,1,1,1,0.0,0.0,0.0001,0.0,1.87,0.0,0.0,0.0167,1,5,1,1,0.0,0.0,0.0,0.0,1.87,0.0,0.0001,0.0167,1,0,0,0,0,0
1778615172.614906,2026-05-12 22:46:12,0,0,0,0.0,0.0,0.0,0.0,0.0,0.0,0.0,0.0,0,1,1,1,0.0,0.0,0.0001,0.0,1.87,0.0,0.0,0.0167,1,5,1,1,0.0,0.0,0.0,0.0,1.87,0.0,0.0001,0.0167,1,0,0,0,0,0
1778615202.614906,2026-05-12 22:46:42,1,1,1,0.0,0.0,0.0001,0.0,3.73,0.0,0.0,0.0333,1,1,1,1,0.0,0.0,0.0001,0.0,1.87,0.0,0.0,0.0167,1,5,1,1,0.0,0.0,0.0001,0.0,1.87,0.0,0.0,0.0167,1,0,0,0,0,0
1778615232.614906,2026-05-12 22:47:12,0,0,0,0.0,0.0,0.0,0.0,0.0,0.0,0.0,0.0,0,1,1,1,0.0,0.0,0.0001,0.0,1.87,0.0,0.0,0.0167,1,5,1,1,0.0,0.0,0.0001,0.0,1.87,0.0,0.0,0.0167,1,0,0,0,0,0
1778615262.614906,2026-05-12 22:47:42,0,0,0,0.0,0.0,0.0,0.0,0.0,0.0,0.0,0.0,0,0,0,0,0.0,0.0,0.0,0.0,0.0,0.0,0.0,0.0,0,4,1,1,0.0,0.0,0.0001,0.0,1.49,0.0,0.0,0.0133,1,0,0,0,0,0
1778615292.614906,2026-05-12 22:48:12,0,0,0,0.0,0.0,0.0,0.0,0.0,0.0,0.0,0.0,0,0,0,0,0.0,0.0,0.0,0.0,0.0,0.0,0.0,0.0,0,4,1,1,0.0,0.0,0.0001,0.0,1.49,0.0,0.0,0.0133,1,0,0,0,0,0
1778615322.614906,2026-05-12 22:48:42,0,0,0,0.0,0.0,0.0,0.0,0.0,0.0,0.0,0.0,0,0,0,0,0.0,0.0,0.0,0.0,0.0,0.0,0.0,0.0,0,3,1,1,0.0,0.0,0.0001,0.0,1.12,0.0,0.0,0.01,1,0,0,0,0,0
1778615352.614906,2026-05-12 22:49:12,0,0,0,0.0,0.0,0.0,0.0,0.0,0.0,0.0,0.0,0,0,0,0,0.0,0.0,0.0,0.0,0.0,0.0,0.0,0.0,0,3,1,1,0.0,0.0,0.0001,0.0,1.12,0.0,0.0,0.01,1,0,0,0,0,0
1778615382.614906,2026-05-12 22:49:42,0,0,0,0.0,0.0,0.0,0.0,0.0,0.0,0.0,0.0,0,0,0,0,0.0,0.0,0.0,0.0,0.0,0.0,0.0,0.0,0,2,1,1,0.0,0.0,0.0001,0.0,0.75,0.0,0.0,0.0067,1,0,0,0,0,0
1778615412.614906,2026-05-12 22:50:12,0,0,0,0.0,0.0,0.0,0.0,0.0,0.0,0.0,0.0,0,0,0,0,0.0,0.0,0.0,0.0,0.0,0.0,0.0,0.0,0,2,1,1,0.0,0.0,0.0001,0.0,0.75,0.0,0.0,0.0067,1,0,0,0,0,0
1778615442.614906,2026-05-12 22:50:42,0,0,0,0.0,0.0,0.0,0.0,0.0,0.0,0.0,0.0,0,0,0,0,0.0,0.0,0.0,0.0,0.0,0.0,0.0,0.0,0,1,1,1,0.0,0.0,0.0001,0.0,0.37,0.0,0.0,0.0033,1,0,0,0,0,0
1778615472.614906,2026-05-12 22:51:12,0,0,0,0.0,0.0,0.0,0.0,0.0,0.0,0.0,0.0,0,0,0,0,0.0,0.0,0.0,0.0,0.0,0.0,0.0,0.0,0,1,1,1,0.0,0.0,0.0001,0.0,0.37,0.0,0.0,0.0033,1,0,0,0,0,0
1778615502.614906,2026-05-12 22:51:42,0,0,0,0.0,0.0,0.0,0.0,0.0,0.0,0.0,0.0,0,0,0,0,0.0,0.0,0.0,0.0,0.0,0.0,0.0,0.0,0,0,0,0,0.0,0.0,0.0,0.0,0.0,0.0,0.0,0.0,0,0,0,0,0,0
1778615532.614906,2026-05-12 22:52:12,0,0,0,0.0,0.0,0.0,0.0,0.0,0.0,0.0,0.0,0,0,0,0,0.0,0.0,0.0,0.0,0.0,0.0,0.0,0.0,0,0,0,0,0.0,0.0,0.0,0.0,0.0,0.0,0.0,0.0,0,0,0,0,0,0
1778615562.614906,2026-05-12 22:52:42,0,0,0,0.0,0.0,0.0,0.0,0.0,0.0,0.0,0.0,0,0,0,0,0.0,0.0,0.0,0.0,0.0,0.0,0.0,0.0,0,0,0,0,0.0,0.0,0.0,0.0,0.0,0.0,0.0,0.0,0,0,0,0,0,0
1778615592.614906,2026-05-12 22:53:12,2,1,2,0.0,0.0,0.1004,1.0,1.33,0.0,0.0,0.0333,1,2,1,2,0.0,0.0,0.1004,1.0,0.67,0.0,0.0,0.0167,1,2,1,2,0.0,0.0,0.1004,1.0,0.13,0.0,0.0,0.0033,1,0,0,0,0,0
1778615622.614906,2026-05-12 22:53:42,1,1,1,0.0,0.0,0.0,0.0,3.73,0.0,0.0,0.0333,1,3,1,3,0.0,0.0,0.0669,0.6667,2.53,0.0,0.1,0.0167,1,3,1,3,0.0,0.0,0.0669,0.6667,0.51,0.0,0.1,0.0033,1,0,0,0,0,0
1778615652.614906,2026-05-12 22:54:12,0,0,0,0.0,0.0,0.0,0.0,0.0,0.0,0.0,0.0,0,1,1,1,0.0,0.0,0.0,0.0,1.87,0.0,0.0,0.0167,1,3,1,3,0.0,0.0,0.0669,0.6667,0.51,0.0,0.1,0.0033,1,0,0,0,0,0
1778615682.614906,2026-05-12 22:54:42,1,1,1,0.0,0.0,0.0,0.0,3.73,0.0,0.0,0.0333,1,1,1,1,0.0,0.0,0.0,0.0,1.87,0.0,0.0,0.0167,1,4,1,3,0.0,0.0,0.0502,0.5,0.88,0.0,0.0735,0.0067,1,0,0,0,0,0
1778615712.614906,2026-05-12 22:55:12,0,0,0,0.0,0.0,0.0,0.0,0.0,0.0,0.0,0.0,0,1,1,1,0.0,0.0,0.0,0.0,1.87,0.0,0.0,0.0167,1,4,1,3,0.0,0.0,0.0502,0.5,0.88,0.0,0.0735,0.0067,1,0,0,0,0,0
1778615742.614906,2026-05-12 22:55:42,1,1,1,0.0,0.0,0.0,0.0,3.73,0.0,0.0,0.0333,1,1,1,1,0.0,0.0,0.0,0.0,1.87,0.0,0.0,0.0167,1,5,1,3,0.0,0.0,0.0402,0.4,1.25,0.0,0.0602,0.01,1,0,0,0,0,0
1778615772.614906,2026-05-12 22:56:12,0,0,0,0.0,0.0,0.0,0.0,0.0,0.0,0.0,0.0,0,1,1,1,0.0,0.0,0.0,0.0,1.87,0.0,0.0,0.0167,1,5,1,3,0.0,0.0,0.0402,0.4,1.25,0.0,0.0602,0.01,1,0,0,0,0,0
1778615802.614906,2026-05-12 22:56:42,1,1,1,0.0,0.0,0.0,0.0,3.73,0.0,0.0,0.0333,1,1,1,1,0.0,0.0,0.0,0.0,1.87,0.0,0.0,0.0167,1,6,1,3,0.0,0.0,0.0335,0.3333,1.63,0.0,0.0521,0.0133,1,0,0,0,0,0
1778615832.614906,2026-05-12 22:57:12,0,0,0,0.0,0.0,0.0,0.0,0.0,0.0,0.0,0.0,0,1,1,1,0.0,0.0,0.0,0.0,1.87,0.0,0.0,0.0167,1,6,1,3,0.0,0.0,0.0335,0.3333,1.63,0.0,0.0521,0.0133,1,0,0,0,0,0
1778615862.614906,2026-05-12 22:57:42,1,1,1,0.0,0.0,0.0,0.0,3.73,0.0,0.0,0.0333,1,1,1,1,0.0,0.0,0.0,0.0,1.87,0.0,0.0,0.0167,1,7,1,3,0.0,0.0,0.0287,0.2857,2.0,0.0,0.0466,0.0167,1,0,0,0,0,0
1778615892.614906,2026-05-12 22:58:12,0,0,0,0.0,0.0,0.0,0.0,0.0,0.0,0.0,0.0,0,1,1,1,0.0,0.0,0.0,0.0,1.87,0.0,0.0,0.0167,1,5,1,1,0.0,0.0,0.0,0.0,1.87,0.0,0.0001,0.0167,1,0,0,0,0,0
1778615922.614906,2026-05-12 22:58:42,1,1,1,0.0,0.0,0.0,0.0,3.73,0.0,0.0,0.0333,1,1,1,1,0.0,0.0,0.0,0.0,1.87,0.0,0.0,0.0167,1,5,1,1,0.0,0.0,0.0,0.0,1.87,0.0,0.0001,0.0167,1,0,0,0,0,0
1778615952.614906,2026-05-12 22:59:12,0,0,0,0.0,0.0,0.0,0.0,0.0,0.0,0.0,0.0,0,1,1,1,0.0,0.0,0.0,0.0,1.87,0.0,0.0,0.0167,1,5,1,1,0.0,0.0,0.0,0.0,1.87,0.0,0.0001,0.0167,1,0,0,0,0,0
1778615982.614906,2026-05-12 22:59:42,0,0,0,0.0,0.0,0.0,0.0,0.0,0.0,0.0,0.0,0,0,0,0,0.0,0.0,0.0,0.0,0.0,0.0,0.0,0.0,0,4,1,1,0.0,0.0,0.0,0.0,1.49,0.0,0.0001,0.0133,1,0,0,0,0,0
1778616012.614906,2026-05-12 23:00:12,10,1,1,0.0,0.3333,0.0518,0.0,49.2,0.0,0.1092,0.3333,1,10,1,1,0.0,0.1667,0.0518,0.0,24.6,0.0,0.1092,0.1667,1,14,2,2,0.0,0.0333,0.037,0.0,6.41,0.0539,0.1534,0.0333,1,0,0,0,0,0
1778616042.614906,2026-05-12 23:00:42,1,1,1,0.0,0.0,0.0,0.0,3.73,0.0,0.0,0.0333,1,11,2,2,0.0,0.1667,0.0471,0.0,26.47,0.0275,0.2934,0.1667,1,14,2,2,0.0,0.0333,0.037,0.0,6.41,0.0539,0.1625,0.0333,1,0,0,0,0,0
1778616072.614906,2026-05-12 23:01:12,0,0,0,0.0,0.0,0.0,0.0,0.0,0.0,0.0,0.0,0,1,1,1,0.0,0.0,0.0,0.0,1.87,0.0,0.0,0.0167,1,14,2,2,0.0,0.0333,0.037,0.0,6.41,0.0539,0.1625,0.0333,1,0,0,0,0,0
1778616102.614906,2026-05-12 23:01:42,1,1,1,0.0,0.0,0.0001,0.0,3.73,0.0,0.0,0.0333,1,1,1,1,0.0,0.0,0.0001,0.0,1.87,0.0,0.0,0.0167,1,14,2,2,0.0,0.0333,0.037,0.0,6.41,0.0539,0.1625,0.0333,1,0,0,0,0,0
1778616132.614906,2026-05-12 23:02:12,0,0,0,0.0,0.0,0.0,0.0,0.0,0.0,0.0,0.0,0,1,1,1,0.0,0.0,0.0001,0.0,1.87,0.0,0.0,0.0167,1,14,2,2,0.0,0.0333,0.037,0.0,6.41,0.0539,0.1625,0.0333,1,0,0,0,0,0
1778616162.614906,2026-05-12 23:02:42,1,1,1,0.0,0.0,0.0,0.0,3.73,0.0,0.0,0.0333,1,1,1,1,0.0,0.0,0.0,0.0,1.87,0.0,0.0,0.0167,1,14,2,2,0.0,0.0333,0.037,0.0,6.41,0.0539,0.1625,0.0333,1,0,0,0,0,0
1778616192.614906,2026-05-12 23:03:12,0,0,0,0.0,0.0,0.0,0.0,0.0,0.0,0.0,0.0,0,1,1,1,0.0,0.0,0.0,0.0,1.87,0.0,0.0,0.0167,1,14,2,2,0.0,0.0333,0.037,0.0,6.41,0.0539,0.1625,0.0333,1,0,0,0,0,0
1778616222.614906,2026-05-12 23:03:42,1,1,1,0.0,0.0,0.0,0.0,3.73,0.0,0.0,0.0333,1,1,1,1,0.0,0.0,0.0,0.0,1.87,0.0,0.0,0.0167,1,14,2,2,0.0,0.0333,0.037,0.0,6.41,0.0539,0.156,0.0333,1,0,0,0,0,0
1778616252.614906,2026-05-12 23:04:12,0,0,0,0.0,0.0,0.0,0.0,0.0,0.0,0.0,0.0,0,1,1,1,0.0,0.0,0.0,0.0,1.87,0.0,0.0,0.0167,1,14,2,2,0.0,0.0333,0.037,0.0,6.41,0.0539,0.156,0.0333,1,0,0,0,0,0
1778616282.614906,2026-05-12 23:04:42,1,1,1,0.0,0.0,0.0,1.0,0.0,0.0,0.0,0.0333,1,1,1,1,0.0,0.0,0.0,1.0,0.0,0.0,0.0,0.0167,1,15,2,3,0.0,0.0333,0.0345,0.0667,6.41,0.0574,0.1398,0.0333,1,0,0,0,0,0
1778616312.614906,2026-05-12 23:05:12,0,0,0,0.0,0.0,0.0,0.0,0.0,0.0,0.0,0.0,0,1,1,1,0.0,0.0,0.0,1.0,0.0,0.0,0.0,0.0167,1,5,1,2,0.0,0.0,0.0,0.2,1.49,0.0,0.0071,0.0133,1,0,0,0,0,0
1778616342.614906,2026-05-12 23:05:42,0,0,0,0.0,0.0,0.0,0.0,0.0,0.0,0.0,0.0,0,0,0,0,0.0,0.0,0.0,0.0,0.0,0.0,0.0,0.0,0,4,1,2,0.0,0.0,0.0,0.25,1.12,0.0,0.0076,0.01,1,0,0,0,0,0
1778616372.614906,2026-05-12 23:06:12,0,0,0,0.0,0.0,0.0,0.0,0.0,0.0,0.0,0.0,0,0,0,0,0.0,0.0,0.0,0.0,0.0,0.0,0.0,0.0,0,4,1,2,0.0,0.0,0.0,0.25,1.12,0.0,0.0076,0.01,1,0,0,0,0,0
1778616402.614906,2026-05-12 23:06:42,0,0,0,0.0,0.0,0.0,0.0,0.0,0.0,0.0,0.0,0,0,0,0,0.0,0.0,0.0,0.0,0.0,0.0,0.0,0.0,0,3,1,2,0.0,0.0,0.0,0.3333,0.75,0.0,0.0078,0.0067,1,0,0,0,0,0
1778616432.614906,2026-05-12 23:07:12,0,0,0,0.0,0.0,0.0,0.0,0.0,0.0,0.0,0.0,0,0,0,0,0.0,0.0,0.0,0.0,0.0,0.0,0.0,0.0,0,3,1,2,0.0,0.0,0.0,0.3333,0.75,0.0,0.0078,0.0067,1,0,0,0,0,0
1778616462.614906,2026-05-12 23:07:42,0,0,0,0.0,0.0,0.0,0.0,0.0,0.0,0.0,0.0,0,0,0,0,0.0,0.0,0.0,0.0,0.0,0.0,0.0,0.0,0,2,1,2,0.0,0.0,0.0,0.5,0.37,0.0,0.0,0.0033,1,0,0,0,0,0
1778616492.614906,2026-05-12 23:08:12,0,0,0,0.0,0.0,0.0,0.0,0.0,0.0,0.0,0.0,0,0,0,0,0.0,0.0,0.0,0.0,0.0,0.0,0.0,0.0,0,2,1,2,0.0,0.0,0.0,0.5,0.37,0.0,0.0,0.0033,1,0,0,0,0,0
1778616522.614906,2026-05-12 23:08:42,0,0,0,0.0,0.0,0.0,0.0,0.0,0.0,0.0,0.0,0,0,0,0,0.0,0.0,0.0,0.0,0.0,0.0,0.0,0.0,0,1,1,1,0.0,0.0,0.0,1.0,0.0,0.0,0.0,0.0033,1,0,0,0,0,0
1778616552.614906,2026-05-12 23:09:12,1,1,1,0.0,0.0,0.0719,1.0,1.6,0.0,0.0,0.0333,1,1,1,1,0.0,0.0,0.0719,1.0,0.8,0.0,0.0,0.0167,1,2,2,2,0.0,0.0,0.0359,1.0,0.16,0.0625,0.0,0.0033,1,0,0,0,0,0
1778616582.614906,2026-05-12 23:09:42,0,0,0,0.0,0.0,0.0,0.0,0.0,0.0,0.0,0.0,0,1,1,1,0.0,0.0,0.0719,1.0,0.8,0.0,0.0,0.0167,1,1,1,1,0.0,0.0,0.0719,1.0,0.16,0.0,0.0,0.0033,1,0,0,0,0,0
1778616612.614906,2026-05-12 23:10:12,0,0,0,0.0,0.0,0.0,0.0,0.0,0.0,0.0,0.0,0,0,0,0,0.0,0.0,0.0,0.0,0.0,0.0,0.0,0.0,0,1,1,1,0.0,0.0,0.0719,1.0,0.16,0.0,0.0,0.0033,1,0,0,0,0,0
1778616642.614906,2026-05-12 23:10:42,0,0,0,0.0,0.0,0.0,0.0,0.0,0.0,0.0,0.0,0,0,0,0,0.0,0.0,0.0,0.0,0.0,0.0,0.0,0.0,0,1,1,1,0.0,0.0,0.0719,1.0,0.16,0.0,0.0,0.0033,1,0,0,0,0,0
1778616672.614906,2026-05-12 23:11:12,0,0,0,0.0,0.0,0.0,0.0,0.0,0.0,0.0,0.0,0,0,0,0,0.0,0.0,0.0,0.0,0.0,0.0,0.0,0.0,0,1,1,1,0.0,0.0,0.0719,1.0,0.16,0.0,0.0,0.0033,1,0,0,0,0,0
1778616702.614906,2026-05-12 23:11:42,0,0,0,0.0,0.0,0.0,0.0,0.0,0.0,0.0,0.0,0,0,0,0,0.0,0.0,0.0,0.0,0.0,0.0,0.0,0.0,0,1,1,1,0.0,0.0,0.0719,1.0,0.16,0.0,0.0,0.0033,1,0,0,0,0,0
1778616732.614906,2026-05-12 23:12:12,0,0,0,0.0,0.0,0.0,0.0,0.0,0.0,0.0,0.0,0,0,0,0,0.0,0.0,0.0,0.0,0.0,0.0,0.0,0.0,0,1,1,1,0.0,0.0,0.0719,1.0,0.16,0.0,0.0,0.0033,1,0,0,0,0,0
1778616762.614906,2026-05-12 23:12:42,0,0,0,0.0,0.0,0.0,0.0,0.0,0.0,0.0,0.0,0,0,0,0,0.0,0.0,0.0,0.0,0.0,0.0,0.0,0.0,0,1,1,1,0.0,0.0,0.0719,1.0,0.16,0.0,0.0,0.0033,1,0,0,0,0,0
1778616792.614906,2026-05-12 23:13:12,0,0,0,0.0,0.0,0.0,0.0,0.0,0.0,0.0,0.0,0,0,0,0,0.0,0.0,0.0,0.0,0.0,0.0,0.0,0.0,0,1,1,1,0.0,0.0,0.0719,1.0,0.16,0.0,0.0,0.0033,1,0,0,0,0,0
1778616822.614906,2026-05-12 23:13:42,0,0,0,0.0,0.0,0.0,0.0,0.0,0.0,0.0,0.0,0,0,0,0,0.0,0.0,0.0,0.0,0.0,0.0,0.0,0.0,0,1,1,1,0.0,0.0,0.0719,1.0,0.16,0.0,0.0,0.0033,1,0,0,0,0,0
1778616852.614906,2026-05-12 23:14:12,0,0,0,0.0,0.0,0.0,0.0,0.0,0.0,0.0,0.0,0,0,0,0,0.0,0.0,0.0,0.0,0.0,0.0,0.0,0.0,0,0,0,0,0.0,0.0,0.0,0.0,0.0,0.0,0.0,0.0,0,0,0,0,0,0
1778616882.614906,2026-05-12 23:14:42,0,0,0,0.0,0.0,0.0,0.0,0.0,0.0,0.0,0.0,0,0,0,0,0.0,0.0,0.0,0.0,0.0,0.0,0.0,0.0,0,0,0,0,0.0,0.0,0.0,0.0,0.0,0.0,0.0,0.0,0,0,0,0,0,0
1778616912.614906,2026-05-12 23:15:12,2,1,2,0.0,0.0,0.0,1.0,0.0,0.0,0.0,0.0333,1,2,1,2,0.0,0.0,0.0,1.0,0.0,0.0,0.0,0.0167,1,2,1,2,0.0,0.0,0.0,1.0,0.0,0.0,0.0,0.0033,1,0,0,0,0,0
1778616942.614906,2026-05-12 23:15:42,0,0,0,0.0,0.0,0.0,0.0,0.0,0.0,0.0,0.0,0,2,1,2,0.0,0.0,0.0,1.0,0.0,0.0,0.0,0.0167,1,2,1,2,0.0,0.0,0.0,1.0,0.0,0.0,0.0,0.0033,1,0,0,0,0,0
1778616972.614906,2026-05-12 23:16:12,0,0,0,0.0,0.0,0.0,0.0,0.0,0.0,0.0,0.0,0,0,0,0,0.0,0.0,0.0,0.0,0.0,0.0,0.0,0.0,0,2,1,2,0.0,0.0,0.0,1.0,0.0,0.0,0.0,0.0033,1,0,0,0,0,0
1778617002.614906,2026-05-12 23:16:42,0,0,0,0.0,0.0,0.0,0.0,0.0,0.0,0.0,0.0,0,0,0,0,0.0,0.0,0.0,0.0,0.0,0.0,0.0,0.0,0,2,1,2,0.0,0.0,0.0,1.0,0.0,0.0,0.0,0.0033,1,0,0,0,0,0
1778617032.614906,2026-05-12 23:17:12,0,0,0,0.0,0.0,0.0,0.0,0.0,0.0,0.0,0.0,0,0,0,0,0.0,0.0,0.0,0.0,0.0,0.0,0.0,0.0,0,2,1,2,0.0,0.0,0.0,1.0,0.0,0.0,0.0,0.0033,1,0,0,0,0,0
1778617062.614906,2026-05-12 23:17:42,0,0,0,0.0,0.0,0.0,0.0,0.0,0.0,0.0,0.0,0,0,0,0,0.0,0.0,0.0,0.0,0.0,0.0,0.0,0.0,0,2,1,2,0.0,0.0,0.0,1.0,0.0,0.0,0.0,0.0033,1,0,0,0,0,0
1778617092.614906,2026-05-12 23:18:12,0,0,0,0.0,0.0,0.0,0.0,0.0,0.0,0.0,0.0,0,0,0,0,0.0,0.0,0.0,0.0,0.0,0.0,0.0,0.0,0,2,1,2,0.0,0.0,0.0,1.0,0.0,0.0,0.0,0.0033,1,0,0,0,0,0
1778617122.614906,2026-05-12 23:18:42,0,0,0,0.0,0.0,0.0,0.0,0.0,0.0,0.0,0.0,0,0,0,0,0.0,0.0,0.0,0.0,0.0,0.0,0.0,0.0,0,2,1,2,0.0,0.0,0.0,1.0,0.0,0.0,0.0,0.0033,1,0,0,0,0,0
1778617152.614906,2026-05-12 23:19:12,0,0,0,0.0,0.0,0.0,0.0,0.0,0.0,0.0,0.0,0,0,0,0,0.0,0.0,0.0,0.0,0.0,0.0,0.0,0.0,0,2,1,2,0.0,0.0,0.0,1.0,0.0,0.0,0.0,0.0033,1,0,0,0,0,0
1778617182.614906,2026-05-12 23:19:42,0,0,0,0.0,0.0,0.0,0.0,0.0,0.0,0.0,0.0,0,0,0,0,0.0,0.0,0.0,0.0,0.0,0.0,0.0,0.0,0,2,1,2,0.0,0.0,0.0,1.0,0.0,0.0,0.0,0.0033,1,0,0,0,0,0
1778617212.614906,2026-05-12 23:20:12,0,0,0,0.0,0.0,0.0,0.0,0.0,0.0,0.0,0.0,0,0,0,0,0.0,0.0,0.0,0.0,0.0,0.0,0.0,0.0,0,0,0,0,0.0,0.0,0.0,0.0,0.0,0.0,0.0,0.0,0,0,0,0,0,0
1778617242.614906,2026-05-12 23:20:42,0,0,0,0.0,0.0,0.0,0.0,0.0,0.0,0.0,0.0,0,0,0,0,0.0,0.0,0.0,0.0,0.0,0.0,0.0,0.0,0,0,0,0,0.0,0.0,0.0,0.0,0.0,0.0,0.0,0.0,0,0,0,0,0,0
1778617272.614906,2026-05-12 23:21:12,1,1,1,0.0,0.0,12.0286,1.0,4.0,0.0,0.0,0.0333,1,1,1,1,0.0,0.0,12.0286,1.0,2.0,0.0,0.0,0.0167,1,1,1,1,0.0,0.0,12.0286,1.0,0.4,0.0,0.0,0.0033,1,0,0,0,0,0
1778617302.614906,2026-05-12 23:21:42,1,1,1,0.0,0.0,6.2326,1.0,0.0,0.0,0.0,0.0333,1,2,1,2,0.0,0.0,9.1306,1.0,2.0,0.0,0.0,0.0167,1,2,1,2,0.0,0.0,9.1306,1.0,0.4,0.0,0.0,0.0033,1,0,0,0,0,0
1778617332.614906,2026-05-12 23:22:12,0,0,0,0.0,0.0,0.0,0.0,0.0,0.0,0.0,0.0,0,1,1,1,0.0,0.0,6.2326,1.0,0.0,0.0,0.0,0.0167,1,2,1,2,0.0,0.0,9.1306,1.0,0.4,0.0,0.0,0.0033,1,0,0,0,0,0
1778617362.614906,2026-05-12 23:22:42,0,0,0,0.0,0.0,0.0,0.0,0.0,0.0,0.0,0.0,0,0,0,0,0.0,0.0,0.0,0.0,0.0,0.0,0.0,0.0,0,2,1,2,0.0,0.0,9.1306,1.0,0.4,0.0,0.0,0.0033,1,0,0,0,0,0
1778617392.614906,2026-05-12 23:23:12,1,1,1,0.0,0.0,0.0045,0.0,10.3,0.0,0.0,0.0333,1,1,1,1,0.0,0.0,0.0045,0.0,5.15,0.0,0.0,0.0167,1,3,2,3,0.0,0.0,6.0886,0.6667,1.43,0.0574,0.0888,0.0033,1,0,0,0,0,0
1778617422.614906,2026-05-12 23:23:42,0,0,0,0.0,0.0,0.0,0.0,0.0,0.0,0.0,0.0,0,1,1,1,0.0,0.0,0.0045,0.0,5.15,0.0,0.0,0.0167,1,3,2,3,0.0,0.0,6.0886,0.6667,1.43,0.0574,0.0888,0.0033,1,0,0,0,0,0
1778617452.614906,2026-05-12 23:24:12,0,0,0,0.0,0.0,0.0,0.0,0.0,0.0,0.0,0.0,0,0,0,0,0.0,0.0,0.0,0.0,0.0,0.0,0.0,0.0,0,3,2,3,0.0,0.0,6.0886,0.6667,1.43,0.0574,0.0888,0.0033,1,0,0,0,0,0
1778617482.614906,2026-05-12 23:24:42,0,0,0,0.0,0.0,0.0,0.0,0.0,0.0,0.0,0.0,0,0,0,0,0.0,0.0,0.0,0.0,0.0,0.0,0.0,0.0,0,3,2,3,0.0,0.0,6.0886,0.6667,1.43,0.0574,0.0888,0.0033,1,0,0,0,0,0
1778617512.614906,2026-05-12 23:25:12,0,0,0,0.0,0.0,0.0,0.0,0.0,0.0,0.0,0.0,0,0,0,0,0.0,0.0,0.0,0.0,0.0,0.0,0.0,0.0,0,3,2,3,0.0,0.0,6.0886,0.6667,1.43,0.0574,0.0888,0.0033,1,0,0,0,0,0
1778617542.614906,2026-05-12 23:25:42,0,0,0,0.0,0.0,0.0,0.0,0.0,0.0,0.0,0.0,0,0,0,0,0.0,0.0,0.0,0.0,0.0,0.0,0.0,0.0,0,3,2,3,0.0,0.0,6.0886,0.6667,1.43,0.0574,0.0888,0.0033,1,0,0,0,0,0
1778617572.614906,2026-05-12 23:26:12,0,0,0,0.0,0.0,0.0,0.0,0.0,0.0,0.0,0.0,0,0,0,0,0.0,0.0,0.0,0.0,0.0,0.0,0.0,0.0,0,2,2,2,0.0,0.0,3.1185,0.5,1.03,0.0625,0.0,0.0033,1,0,0,0,0,0
1778617602.614906,2026-05-12 23:26:42,0,0,0,0.0,0.0,0.0,0.0,0.0,0.0,0.0,0.0,0,0,0,0,0.0,0.0,0.0,0.0,0.0,0.0,0.0,0.0,0,1,1,1,0.0,0.0,0.0045,0.0,1.03,0.0,0.0,0.0033,1,0,0,0,0,0
1778617632.614906,2026-05-12 23:27:12,0,0,0,0.0,0.0,0.0,0.0,0.0,0.0,0.0,0.0,0,0,0,0,0.0,0.0,0.0,0.0,0.0,0.0,0.0,0.0,0,1,1,1,0.0,0.0,0.0045,0.0,1.03,0.0,0.0,0.0033,1,0,0,0,0,0
1778617662.614906,2026-05-12 23:27:42,0,0,0,0.0,0.0,0.0,0.0,0.0,0.0,0.0,0.0,0,0,0,0,0.0,0.0,0.0,0.0,0.0,0.0,0.0,0.0,0,1,1,1,0.0,0.0,0.0045,0.0,1.03,0.0,0.0,0.0033,1,0,0,0,0,0
1778617692.614906,2026-05-12 23:28:12,0,0,0,0.0,0.0,0.0,0.0,0.0,0.0,0.0,0.0,0,0,0,0,0.0,0.0,0.0,0.0,0.0,0.0,0.0,0.0,0,0,0,0,0.0,0.0,0.0,0.0,0.0,0.0,0.0,0.0,0,0,0,0,0,0
1778617722.614906,2026-05-12 23:28:42,0,0,0,0.0,0.0,0.0,0.0,0.0,0.0,0.0,0.0,0,0,0,0,0.0,0.0,0.0,0.0,0.0,0.0,0.0,0.0,0,0,0,0,0.0,0.0,0.0,0.0,0.0,0.0,0.0,0.0,0,0,0,0,0,0
1778617752.614906,2026-05-12 23:29:12,0,0,0,0.0,0.0,0.0,0.0,0.0,0.0,0.0,0.0,0,0,0,0,0.0,0.0,0.0,0.0,0.0,0.0,0.0,0.0,0,0,0,0,0.0,0.0,0.0,0.0,0.0,0.0,0.0,0.0,0,0,0,0,0,0
1778617782.614906,2026-05-12 23:29:42,0,0,0,0.0,0.0,0.0,0.0,0.0,0.0,0.0,0.0,0,0,0,0,0.0,0.0,0.0,0.0,0.0,0.0,0.0,0.0,0,0,0,0,0.0,0.0,0.0,0.0,0.0,0.0,0.0,0.0,0,0,0,0,0,0
1778617812.614906,2026-05-12 23:30:12,0,0,0,0.0,0.0,0.0,0.0,0.0,0.0,0.0,0.0,0,0,0,0,0.0,0.0,0.0,0.0,0.0,0.0,0.0,0.0,0,0,0,0,0.0,0.0,0.0,0.0,0.0,0.0,0.0,0.0,0,0,0,0,0,0
1778617842.614906,2026-05-12 23:30:42,0,0,0,0.0,0.0,0.0,0.0,0.0,0.0,0.0,0.0,0,0,0,0,0.0,0.0,0.0,0.0,0.0,0.0,0.0,0.0,0,0,0,0,0.0,0.0,0.0,0.0,0.0,0.0,0.0,0.0,0,0,0,0,0,0
1778617872.614906,2026-05-12 23:31:12,0,0,0,0.0,0.0,0.0,0.0,0.0,0.0,0.0,0.0,0,0,0,0,0.0,0.0,0.0,0.0,0.0,0.0,0.0,0.0,0,0,0,0,0.0,0.0,0.0,0.0,0.0,0.0,0.0,0.0,0,0,0,0,0,0
1778617902.614906,2026-05-12 23:31:42,0,0,0,0.0,0.0,0.0,0.0,0.0,0.0,0.0,0.0,0,0,0,0,0.0,0.0,0.0,0.0,0.0,0.0,0.0,0.0,0,0,0,0,0.0,0.0,0.0,0.0,0.0,0.0,0.0,0.0,0,0,0,0,0,0
1778617932.614906,2026-05-12 23:32:12,0,0,0,0.0,0.0,0.0,0.0,0.0,0.0,0.0,0.0,0,0,0,0,0.0,0.0,0.0,0.0,0.0,0.0,0.0,0.0,0,0,0,0,0.0,0.0,0.0,0.0,0.0,0.0,0.0,0.0,0,0,0,0,0,0
1778617962.614906,2026-05-12 23:32:42,0,0,0,0.0,0.0,0.0,0.0,0.0,0.0,0.0,0.0,0,0,0,0,0.0,0.0,0.0,0.0,0.0,0.0,0.0,0.0,0,0,0,0,0.0,0.0,0.0,0.0,0.0,0.0,0.0,0.0,0,0,0,0,0,0
1778617992.614906,2026-05-12 23:33:12,0,0,0,0.0,0.0,0.0,0.0,0.0,0.0,0.0,0.0,0,0,0,0,0.0,0.0,0.0,0.0,0.0,0.0,0.0,0.0,0,0,0,0,0.0,0.0,0.0,0.0,0.0,0.0,0.0,0.0,0,0,0,0,0,0
1778618022.614906,2026-05-12 23:33:42,0,0,0,0.0,0.0,0.0,0.0,0.0,0.0,0.0,0.0,0,0,0,0,0.0,0.0,0.0,0.0,0.0,0.0,0.0,0.0,0,0,0,0,0.0,0.0,0.0,0.0,0.0,0.0,0.0,0.0,0,0,0,0,0,0
1778618052.614906,2026-05-12 23:34:12,0,0,0,0.0,0.0,0.0,0.0,0.0,0.0,0.0,0.0,0,0,0,0,0.0,0.0,0.0,0.0,0.0,0.0,0.0,0.0,0,0,0,0,0.0,0.0,0.0,0.0,0.0,0.0,0.0,0.0,0,0,0,0,0,0
1778618082.614906,2026-05-12 23:34:42,0,0,0,0.0,0.0,0.0,0.0,0.0,0.0,0.0,0.0,0,0,0,0,0.0,0.0,0.0,0.0,0.0,0.0,0.0,0.0,0,0,0,0,0.0,0.0,0.0,0.0,0.0,0.0,0.0,0.0,0,0,0,0,0,0
1778618112.614906,2026-05-12 23:35:12,0,0,0,0.0,0.0,0.0,0.0,0.0,0.0,0.0,0.0,0,0,0,0,0.0,0.0,0.0,0.0,0.0,0.0,0.0,0.0,0,0,0,0,0.0,0.0,0.0,0.0,0.0,0.0,0.0,0.0,0,0,0,0,0,0
1778618142.614906,2026-05-12 23:35:42,0,0,0,0.0,0.0,0.0,0.0,0.0,0.0,0.0,0.0,0,0,0,0,0.0,0.0,0.0,0.0,0.0,0.0,0.0,0.0,0,0,0,0,0.0,0.0,0.0,0.0,0.0,0.0,0.0,0.0,0,0,0,0,0,0
1778618172.614906,2026-05-12 23:36:12,0,0,0,0.0,0.0,0.0,0.0,0.0,0.0,0.0,0.0,0,0,0,0,0.0,0.0,0.0,0.0,0.0,0.0,0.0,0.0,0,0,0,0,0.0,0.0,0.0,0.0,0.0,0.0,0.0,0.0,0,0,0,0,0,0
1778618202.614906,2026-05-12 23:36:42,0,0,0,0.0,0.0,0.0,0.0,0.0,0.0,0.0,0.0,0,0,0,0,0.0,0.0,0.0,0.0,0.0,0.0,0.0,0.0,0,0,0,0,0.0,0.0,0.0,0.0,0.0,0.0,0.0,0.0,0,0,0,0,0,0
1778618232.614906,2026-05-12 23:37:12,2,1,2,0.0,0.0,0.352,1.0,1.33,0.0,0.0,0.0333,1,2,1,2,0.0,0.0,0.352,1.0,0.67,0.0,0.0,0.0167,1,2,1,2,0.0,0.0,0.352,1.0,0.13,0.0,0.0,0.0033,1,0,0,0,0,0
1778618262.614906,2026-05-12 23:37:42,1,1,1,0.0,0.0,0.0,0.0,3.73,0.0,0.0,0.0333,1,3,1,3,0.0,0.0,0.2347,0.6667,2.53,0.0,0.0999,0.0167,1,3,1,3,0.0,0.0,0.2347,0.6667,0.51,0.0,0.0999,0.0033,1,0,0,0,0,0
1778618292.614906,2026-05-12 23:38:12,0,0,0,0.0,0.0,0.0,0.0,0.0,0.0,0.0,0.0,0,1,1,1,0.0,0.0,0.0,0.0,1.87,0.0,0.0,0.0167,1,3,1,3,0.0,0.0,0.2347,0.6667,0.51,0.0,0.0999,0.0033,1,0,0,0,0,0
1778618322.614906,2026-05-12 23:38:42,1,1,1,0.0,0.0,0.0,0.0,3.73,0.0,0.0,0.0333,1,1,1,1,0.0,0.0,0.0,0.0,1.87,0.0,0.0,0.0167,1,4,1,3,0.0,0.0,0.176,0.5,0.88,0.0,0.0796,0.0067,1,0,0,0,0,0
1778618352.614906,2026-05-12 23:39:12,0,0,0,0.0,0.0,0.0,0.0,0.0,0.0,0.0,0.0,0,1,1,1,0.0,0.0,0.0,0.0,1.87,0.0,0.0,0.0167,1,4,1,3,0.0,0.0,0.176,0.5,0.88,0.0,0.0796,0.0067,1,0,0,0,0,0
1778618382.614906,2026-05-12 23:39:42,1,1,1,0.0,0.0,0.0,0.0,3.73,0.0,0.0,0.0333,1,1,1,1,0.0,0.0,0.0,0.0,1.87,0.0,0.0,0.0167,1,5,1,3,0.0,0.0,0.1408,0.4,1.25,0.0,0.0649,0.01,1,0,0,0,0,0
1778618412.614906,2026-05-12 23:40:12,0,0,0,0.0,0.0,0.0,0.0,0.0,0.0,0.0,0.0,0,1,1,1,0.0,0.0,0.0,0.0,1.87,0.0,0.0,0.0167,1,5,1,3,0.0,0.0,0.1408,0.4,1.25,0.0,0.0649,0.01,1,0,0,0,0,0
1778618442.614906,2026-05-12 23:40:42,1,1,1,0.0,0.0,0.0,0.0,3.73,0.0,0.0,0.0333,1,1,1,1,0.0,0.0,0.0,0.0,1.87,0.0,0.0,0.0167,1,6,1,3,0.0,0.0,0.1173,0.3333,1.63,0.0,0.056,0.0133,1,0,0,0,0,0
1778618472.614906,2026-05-12 23:41:12,1,1,1,0.0,0.0,0.0,1.0,0.0,0.0,0.0,0.0333,1,2,1,2,0.0,0.0,0.0,0.5,1.87,0.0,0.0,0.0167,1,7,1,3,0.0,0.0,0.1006,0.4286,1.63,0.0,0.0602,0.0133,1,0,0,0,0,0
1778618502.614906,2026-05-12 23:41:42,1,1,1,0.0,0.0,0.0,0.0,3.73,0.0,0.0,0.0333,1,2,1,2,0.0,0.0,0.0,0.5,1.87,0.0,0.0,0.0167,1,8,1,3,0.0,0.0,0.088,0.375,2.0,0.0,0.0554,0.0167,1,0,0,0,0,0
1778618532.614906,2026-05-12 23:42:12,0,0,0,0.0,0.0,0.0,0.0,0.0,0.0,0.0,0.0,0,1,1,1,0.0,0.0,0.0,0.0,1.87,0.0,0.0,0.0167,1,6,1,2,0.0,0.0,0.0,0.1667,1.87,0.0,0.0334,0.0167,1,0,0,0,0,0
1778618562.614906,2026-05-12 23:42:42,1,1,1,0.0,0.0,0.0,0.0,3.73,0.0,0.0,0.0333,1,1,1,1,0.0,0.0,0.0,0.0,1.87,0.0,0.0,0.0167,1,6,1,2,0.0,0.0,0.0,0.1667,1.87,0.0,0.0334,0.0167,1,0,0,0,0,0
1778618592.614906,2026-05-12 23:43:12,1,1,1,0.0,0.0,0.1338,1.0,1.6,0.0,0.0,0.0333,1,2,2,2,0.0,0.0,0.0669,0.5,2.67,0.0625,0.0,0.0167,1,7,2,3,0.0,0.0,0.0191,0.2857,2.03,0.037,0.0436,0.0167,1,0,0,0,0,0
1778618622.614906,2026-05-12 23:43:42,1,1,1,0.0,0.0,0.0,0.0,3.73,0.0,0.0,0.0333,1,2,2,2,0.0,0.0,0.0669,0.5,2.67,0.0625,0.0,0.0167,1,7,2,3,0.0,0.0,0.0191,0.2857,2.03,0.037,0.0426,0.0167,1,0,0,0,0,0
1778618652.614906,2026-05-12 23:44:12,0,0,0,0.0,0.0,0.0,0.0,0.0,0.0,0.0,0.0,0,1,1,1,0.0,0.0,0.0,0.0,1.87,0.0,0.0,0.0167,1,7,2,3,0.0,0.0,0.0191,0.2857,2.03,0.037,0.0426,0.0167,1,0,0,0,0,0
1778618682.614906,2026-05-12 23:44:42,0,0,0,0.0,0.0,0.0,0.0,0.0,0.0,0.0,0.0,0,0,0,0,0.0,0.0,0.0,0.0,0.0,0.0,0.0,0.0,0,6,2,3,0.0,0.0,0.0223,0.3333,1.65,0.0406,0.0442,0.0133,1,0,0,0,0,0
1778618712.614906,2026-05-12 23:45:12,0,0,0,0.0,0.0,0.0,0.0,0.0,0.0,0.0,0.0,0,0,0,0,0.0,0.0,0.0,0.0,0.0,0.0,0.0,0.0,0,6,2,3,0.0,0.0,0.0223,0.3333,1.65,0.0406,0.0442,0.0133,1,0,0,0,0,0
1778618742.614906,2026-05-12 23:45:42,0,0,0,0.0,0.0,0.0,0.0,0.0,0.0,0.0,0.0,0,0,0,0,0.0,0.0,0.0,0.0,0.0,0.0,0.0,0.0,0,5,2,3,0.0,0.0,0.0268,0.4,1.28,0.0451,0.0383,0.01,1,0,0,0,0,0
1778618772.614906,2026-05-12 23:46:12,4,2,2,0.0,0.0667,1.4609,0.5,2119.4,0.0625,0.0727,0.1333,2,4,2,2,0.0,0.0333,1.4609,0.5,1059.7,0.0625,0.0727,0.0667,2,8,4,4,0.0,0.0067,0.7472,0.375,213.22,0.1191,0.1254,0.0167,3,0,0,0,0,0
1778618802.614906,2026-05-12 23:46:42,0,0,0,0.0,0.0,0.0,0.0,0.0,0.0,0.0,0.0,0,4,2,2,0.0,0.0333,1.4609,0.5,1059.7,0.0625,0.0727,0.0667,2,7,4,4,0.0,0.0067,0.854,0.4286,212.85,0.1219,0.1484,0.0167,3,0,0,0,0,0
1778618832.614906,2026-05-12 23:47:12,1,1,1,0.0,0.0,0.0,0.0,3.73,0.0,0.0,0.0333,1,1,1,1,0.0,0.0,0.0,0.0,1.87,0.0,0.0,0.0167,1,8,4,4,0.0,0.0067,0.7472,0.375,213.22,0.1191,0.1307,0.0167,3,0,0,0,0,0
1778618862.614906,2026-05-12 23:47:42,0,0,0,0.0,0.0,0.0,0.0,0.0,0.0,0.0,0.0,0,1,1,1,0.0,0.0,0.0,0.0,1.87,0.0,0.0,0.0167,1,7,4,4,0.0,0.0067,0.854,0.4286,212.85,0.1219,0.1286,0.0167,3,0,0,0,0,0
1778618892.614906,2026-05-12 23:48:12,0,0,0,0.0,0.0,0.0,0.0,0.0,0.0,0.0,0.0,0,0,0,0,0.0,0.0,0.0,0.0,0.0,0.0,0.0,0.0,0,6,3,3,0.0,0.0067,0.974,0.3333,212.69,0.0991,0.1452,0.0133,2,0,0,0,0,0
1778618922.614906,2026-05-12 23:48:42,0,0,0,0.0,0.0,0.0,0.0,0.0,0.0,0.0,0.0,0,0,0,0,0.0,0.0,0.0,0.0,0.0,0.0,0.0,0.0,0,5,3,3,0.0,0.0067,1.1688,0.4,212.31,0.0951,0.1723,0.0133,2,0,0,0,0,0
1778618952.614906,2026-05-12 23:49:12,0,0,0,0.0,0.0,0.0,0.0,0.0,0.0,0.0,0.0,0,0,0,0,0.0,0.0,0.0,0.0,0.0,0.0,0.0,0.0,0,5,3,3,0.0,0.0067,1.1688,0.4,212.31,0.0951,0.1723,0.0133,2,0,0,0,0,0
1778618982.614906,2026-05-12 23:49:42,0,0,0,0.0,0.0,0.0,0.0,0.0,0.0,0.0,0.0,0,0,0,0,0.0,0.0,0.0,0.0,0.0,0.0,0.0,0.0,0,5,3,3,0.0,0.0067,1.1688,0.4,212.31,0.0951,0.1723,0.0133,2,0,0,0,0,0
1778619012.614906,2026-05-12 23:50:12,0,0,0,0.0,0.0,0.0,0.0,0.0,0.0,0.0,0.0,0,0,0,0,0.0,0.0,0.0,0.0,0.0,0.0,0.0,0.0,0,5,3,3,0.0,0.0067,1.1688,0.4,212.31,0.0951,0.1723,0.0133,2,0,0,0,0,0
1778619042.614906,2026-05-12 23:50:42,0,0,0,0.0,0.0,0.0,0.0,0.0,0.0,0.0,0.0,0,0,0,0,0.0,0.0,0.0,0.0,0.0,0.0,0.0,0.0,0,5,3,3,0.0,0.0067,1.1688,0.4,212.31,0.0951,0.1723,0.0133,2,0,0,0,0,0
1778619072.614906,2026-05-12 23:51:12,1,1,1,0.0,0.0,0.0,1.0,0.0,0.0,0.0,0.0333,1,1,1,1,0.0,0.0,0.0,1.0,0.0,0.0,0.0,0.0167,1,2,1,2,0.0,0.0,0.0,0.5,0.37,0.0,0.0,0.0033,1,0,0,0,0,0
1778619102.614906,2026-05-12 23:51:42,0,0,0,0.0,0.0,0.0,0.0,0.0,0.0,0.0,0.0,0,1,1,1,0.0,0.0,0.0,1.0,0.0,0.0,0.0,0.0167,1,2,1,2,0.0,0.0,0.0,0.5,0.37,0.0,0.0,0.0033,1,0,0,0,0,0
1778619132.614906,2026-05-12 23:52:12,0,0,0,0.0,0.0,0.0,0.0,0.0,0.0,0.0,0.0,0,0,0,0,0.0,0.0,0.0,0.0,0.0,0.0,0.0,0.0,0,1,1,1,0.0,0.0,0.0,1.0,0.0,0.0,0.0,0.0033,1,0,0,0,0,0
1778619162.614906,2026-05-12 23:52:42,0,0,0,0.0,0.0,0.0,0.0,0.0,0.0,0.0,0.0,0,0,0,0,0.0,0.0,0.0,0.0,0.0,0.0,0.0,0.0,0,1,1,1,0.0,0.0,0.0,1.0,0.0,0.0,0.0,0.0033,1,0,0,0,0,0
1778619192.614906,2026-05-12 23:53:12,0,0,0,0.0,0.0,0.0,0.0,0.0,0.0,0.0,0.0,0,0,0,0,0.0,0.0,0.0,0.0,0.0,0.0,0.0,0.0,0,1,1,1,0.0,0.0,0.0,1.0,0.0,0.0,0.0,0.0033,1,0,0,0,0,0
1778619222.614906,2026-05-12 23:53:42,0,0,0,0.0,0.0,0.0,0.0,0.0,0.0,0.0,0.0,0,0,0,0,0.0,0.0,0.0,0.0,0.0,0.0,0.0,0.0,0,1,1,1,0.0,0.0,0.0,1.0,0.0,0.0,0.0,0.0033,1,0,0,0,0,0
1778619252.614906,2026-05-12 23:54:12,0,0,0,0.0,0.0,0.0,0.0,0.0,0.0,0.0,0.0,0,0,0,0,0.0,0.0,0.0,0.0,0.0,0.0,0.0,0.0,0,1,1,1,0.0,0.0,0.0,1.0,0.0,0.0,0.0,0.0033,1,0,0,0,0,0
1778619282.614906,2026-05-12 23:54:42,0,0,0,0.0,0.0,0.0,0.0,0.0,0.0,0.0,0.0,0,0,0,0,0.0,0.0,0.0,0.0,0.0,0.0,0.0,0.0,0,1,1,1,0.0,0.0,0.0,1.0,0.0,0.0,0.0,0.0033,1,0,0,0,0,0
1778619312.614906,2026-05-12 23:55:12,0,0,0,0.0,0.0,0.0,0.0,0.0,0.0,0.0,0.0,0,0,0,0,0.0,0.0,0.0,0.0,0.0,0.0,0.0,0.0,0,1,1,1,0.0,0.0,0.0,1.0,0.0,0.0,0.0,0.0033,1,0,0,0,0,0
1778619342.614906,2026-05-12 23:55:42,0,0,0,0.0,0.0,0.0,0.0,0.0,0.0,0.0,0.0,0,0,0,0,0.0,0.0,0.0,0.0,0.0,0.0,0.0,0.0,0,1,1,1,0.0,0.0,0.0,1.0,0.0,0.0,0.0,0.0033,1,0,0,0,0,0
1778619372.614906,2026-05-12 23:56:12,2,1,2,0.0,0.0,0.3481,1.0,1.33,0.0,0.0,0.0333,1,2,1,2,0.0,0.0,0.3481,1.0,0.67,0.0,0.0,0.0167,1,2,1,2,0.0,0.0,0.3481,1.0,0.13,0.0,0.0,0.0033,1,0,0,0,0,0
1778619402.614906,2026-05-12 23:56:42,0,0,0,0.0,0.0,0.0,0.0,0.0,0.0,0.0,0.0,0,2,1,2,0.0,0.0,0.3481,1.0,0.67,0.0,0.0,0.0167,1,2,1,2,0.0,0.0,0.3481,1.0,0.13,0.0,0.0,0.0033,1,0,0,0,0,0
1778619432.614906,2026-05-12 23:57:12,1,1,1,0.0,0.0,0.0,0.0,3.73,0.0,0.0,0.0333,1,1,1,1,0.0,0.0,0.0,0.0,1.87,0.0,0.0,0.0167,1,3,1,3,0.0,0.0,0.2321,0.6667,0.51,0.0,0.1,0.0033,1,0,0,0,0,0
1778619462.614906,2026-05-12 23:57:42,0,0,0,0.0,0.0,0.0,0.0,0.0,0.0,0.0,0.0,0,1,1,1,0.0,0.0,0.0,0.0,1.87,0.0,0.0,0.0167,1,3,1,3,0.0,0.0,0.2321,0.6667,0.51,0.0,0.1,0.0033,1,0,0,0,0,0
1778619492.614906,2026-05-12 23:58:12,1,1,1,0.0,0.0,0.0,0.0,3.73,0.0,0.0,0.0333,1,1,1,1,0.0,0.0,0.0,0.0,1.87,0.0,0.0,0.0167,1,4,1,3,0.0,0.0,0.1741,0.5,0.88,0.0,0.0772,0.0067,1,0,0,0,0,0
1778619522.614906,2026-05-12 23:58:42,0,0,0,0.0,0.0,0.0,0.0,0.0,0.0,0.0,0.0,0,1,1,1,0.0,0.0,0.0,0.0,1.87,0.0,0.0,0.0167,1,4,1,3,0.0,0.0,0.1741,0.5,0.88,0.0,0.0772,0.0067,1,0,0,0,0,0
1778619552.614906,2026-05-12 23:59:12,0,0,0,0.0,0.0,0.0,0.0,0.0,0.0,0.0,0.0,0,0,0,0,0.0,0.0,0.0,0.0,0.0,0.0,0.0,0.0,0,4,1,3,0.0,0.0,0.1741,0.5,0.88,0.0,0.0772,0.0067,1,0,0,0,0,0
1778619582.614906,2026-05-12 23:59:42,0,0,0,0.0,0.0,0.0,0.0,0.0,0.0,0.0,0.0,0,0,0,0,0.0,0.0,0.0,0.0,0.0,0.0,0.0,0.0,0,4,1,3,0.0,0.0,0.1741,0.5,0.88,0.0,0.0772,0.0067,1,0,0,0,0,0
